t,wp_idx,des_q1,des_q2,leader_q1,leader_q2,leader_dq1,leader_dq2,foll_q1,foll_q2,foll_dq1,foll_dq2
0.0,0,0.0,0.0,1.348216538980657e-12,2.4688437730724228e-12,-6.938893903907228e-18,-6.938893903907228e-17,1.3482269972076266e-12,2.468784992869604e-12,2.905661822261152e-17,4.163336342344337e-17
0.02,0,0.0,0.0,2.3974849650323707e-12,4.390255996843379e-12,2.333476294136272e-11,4.273034703849987e-11,2.3973577313181583e-12,4.389999735720057e-12,2.3331682506150253e-11,4.2726003290916026e-11
0.04,0,0.0,0.0,3.392583383628723e-12,6.2124729713774875e-12,2.166302250430907e-11,3.9669156848276543e-11,3.3922123752959633e-12,6.211911468311332e-12,2.165765483619353e-11,3.966245387676537e-11
0.06,0,0.0,0.0,4.315513088511669e-12,7.902535103286852e-12,2.2388159034991695e-11,4.0997011341303846e-11,4.314810362886386e-12,7.901580775559008e-12,2.23800240492511e-11,4.0987421789928646e-11
0.08,0,0.0,0.0,5.164229675105025e-12,9.456698567876772e-12,2.3869462829895216e-11,4.3709591501794876e-11,5.163126172845641e-12,9.455283455960345e-12,2.3858149397065764e-11,4.3696574136831146e-11
0.1,0,0.0,0.0,6.010560736761071e-12,1.1006493651809486e-11,1.7913878713748943e-11,3.280370419744827e-11,6.008965463815017e-12,1.1004523331236235e-11,1.790337669782538e-11,3.279188032223601e-11
0.12,0,0.0,0.0,6.788918635728368e-12,1.2431816927881408e-11,1.926329842166785e-11,3.5274769216719903e-11,6.7867809659257185e-12,1.2429242146382398e-11,1.924980314038649e-11,3.525979508367527e-11
0.14,0,0.0,0.0,7.544636242710739e-12,1.3815681520245021e-11,1.6073857522780344e-11,2.943434385116461e-11,7.541887563401211e-12,1.3812432500303156e-11,1.6060809800155784e-11,2.941989707405668e-11
0.16,0,0.0,0.0,8.223029267625917e-12,1.5057949808482395e-11,1.9126474275904526e-11,3.502423351342543e-11,8.219653702186578e-12,1.5054013907432977e-11,1.910878573430086e-11,3.5004832366070104e-11
0.18,0,0.0,0.0,8.89729943206794e-12,1.6292668080551948e-11,1.4612306156736032e-11,2.6757943083488556e-11,8.893227214691071e-12,1.628797342533193e-11,1.4597171995450742e-11,2.6741497904936296e-11
0.2,0,0.0,0.0,9.49015646549892e-12,1.7378303606473395e-11,1.8716111993555273e-11,3.4272890081510354e-11,9.485403983683525e-12,1.737287073620873e-11,1.869459751932534e-11,3.4249464375690764e-11
0.22,0,0.0,0.0,1.0097246620989323e-11,1.8490002589343055e-11,1.2789372425686674e-11,2.341982163756029e-11,1.009173291866022e-11,1.8483746738505818e-11,1.2773232558466185e-11,2.3402391136073675e-11
0.24,0,0.0,0.0,1.0628343650191497e-11,1.94625433733597e-11,1.6783366363348762e-11,3.0733554590156587e-11,1.0635056851379827e-11,1.9479239163110547e-11,1.5320989702610754e-11,2.8071489577286002e-11
0.26,0,0.0,0.0,1.1172323021288291e-11,2.0458674037425712e-11,1.145931526752575e-11,2.0984200488349813e-11,1.1177109458606639e-11,2.0472449371632494e-11,1.1472094108011532e-11,2.1020532536830672e-11
0.28,0,0.0,0.0,1.1672201523594937e-11,2.137404793910333e-11,1.2372347504147063e-11,2.2656099218920644e-11,1.1665137522314122e-11,2.136671420048707e-11,1.3494050928736234e-11,2.47265541375441e-11
0.3,0,0.0,0.0,1.2147224838548854e-11,2.224390719317456e-11,1.1470161626059294e-11,2.100410123606622e-11,1.2139671844741013e-11,2.2236294288978764e-11,1.1409317067501146e-11,2.090751183292383e-11
0.32,0,0.0,0.0,1.258366394952856e-11,2.3043111215580417e-11,1.2275637971403963e-11,2.2478949257553893e-11,1.256511503626797e-11,2.3015953376269815e-11,1.3378953760828649e-11,2.4518054253519495e-11
0.34,0,0.0,0.0,1.2997389946566546e-11,2.3800723424659526e-11,1.160037127120872e-11,2.124260489733132e-11,1.2969641782136107e-11,2.3757315375837575e-11,1.2578590512929422e-11,2.3052323938621555e-11
0.36,0,0.0,0.0,1.3409678419459672e-11,2.4555702795346894e-11,8.72775896693101e-12,1.598221555099144e-11,1.3382341175892544e-11,2.4513690491155913e-11,8.699688105323622e-12,1.59443153124883e-11
0.38,0,0.0,0.0,1.3788861688878412e-11,2.525006024188701e-11,9.38425335703097e-12,1.7184351164267753e-11,1.3752196886186899e-11,2.5191577793003505e-11,1.0429298917535856e-11,1.9115264926483633e-11
0.4,0,0.0,0.0,1.4155747785468518e-11,2.592189942339672e-11,7.971374428594746e-12,1.4597156816620327e-11,1.4121186320680157e-11,2.5867909020137565e-11,7.80935255698112e-12,1.4314036067553104e-11
0.42,0,0.0,0.0,1.4487654136396105e-11,2.6529683704633584e-11,9.168907820489292e-12,1.6790083212647744e-11,1.4453399844297807e-11,2.6476863296031143e-11,9.185738975014957e-12,1.683767014704074e-11
0.44,0,0.0,0.0,1.4808978493275313e-11,2.7118090291976524e-11,7.912050355163291e-12,1.4488396593570485e-11,1.477504896309576e-11,2.7066481108938363e-11,7.919827987867833e-12,1.4517942403813322e-11
0.46,0,0.0,0.0,1.510664527599096e-11,2.766317553280938e-11,8.185476602085018e-12,1.4989204322191085e-11,1.5079166887081896e-11,2.762398960663889e-11,7.505574287081096e-12,1.3759174355421067e-11
0.48,0,0.0,0.0,1.540092041930672e-11,2.8202050033386814e-11,6.38059613825015e-12,1.1684112011245418e-11,1.5373229063167e-11,2.81630899682129e-11,6.389421977615051e-12,1.171368557706387e-11
0.5,0,0.0,0.0,1.5679611934484565e-11,2.8712387902573006e-11,5.95516734883117e-12,1.0905068514865945e-11,1.5651792108193656e-11,2.8673801621735916e-11,5.951975457635372e-12,1.0912312720101625e-11
0.52,0,0.0,0.0,1.5929989567607514e-11,2.917087731567513e-11,7.0584831382558555e-12,1.2925480130654421e-11,1.5902022250356173e-11,2.913259125302168e-11,7.05430722516831e-12,1.2933890070065956e-11
0.54,0,0.0,0.0,1.6167455886785385e-11,2.960572383557846e-11,6.657978422058841e-12,1.2192011289435811e-11,1.613932296025428e-11,2.956769577487815e-11,6.653282091928503e-12,1.2199213861308067e-11
0.56,0,0.0,0.0,1.639351896563209e-11,3.001968879511208e-11,6.184490419780531e-12,1.1325038129506027e-11,1.636520386234467e-11,2.998188065571516e-11,6.179449747040211e-12,1.1330880678173116e-11
0.58,0,0.0,0.0,1.6607573340118023e-11,3.04116635810747e-11,5.8618374911001414e-12,1.0734219069163942e-11,1.657906214629096e-11,3.0374039155832794e-11,5.856424720174225e-12,1.0739104050472292e-11
0.6,0,0.0,0.0,1.6804749787162885e-11,3.0772731659288714e-11,6.168275959450575e-12,1.1295311908021688e-11,1.6776036358405632e-11,3.0735253880630576e-11,6.1619077895702645e-12,1.1299863822422651e-11
0.62,0,0.0,0.0,1.7001974366278992e-11,3.113388770879964e-11,4.7176858773700925e-12,8.639006177091346e-12,1.6973037536363056e-11,3.1096535274321e-11,4.712315173488468e-12,8.642017657045642e-12
0.64,0,0.0,0.0,1.7178638165320076e-11,3.145739311182115e-11,5.556707004250594e-12,1.0175332798567638e-11,1.7154476054218906e-11,3.1429292221317853e-11,4.994757211995715e-12,9.160394665030935e-12
0.66,0,0.0,0.0,1.7355575469537995e-11,3.1781399378082434e-11,4.231468474225064e-12,7.74860731134197e-12,1.732997962856588e-11,3.1751179821225664e-11,4.321766035320085e-12,7.926423406523497e-12
0.68,0,0.0,0.0,1.7522583779063506e-11,3.208722402146977e-11,4.0377970064731095e-12,7.393918810549849e-12,1.7496569191456802e-11,3.205673320937253e-11,4.023296452937419e-12,7.379416522290683e-12
0.7000000000000001,0,0.0,0.0,1.766778242427143e-11,3.235311068138122e-11,5.23702262111847e-12,9.590009342197447e-12,1.764135631341869e-11,3.232231031134914e-11,5.22236680983168e-12,9.579170789919544e-12
0.72,0,0.0,0.0,1.782155131859044e-11,3.263469110702406e-11,3.220544057130903e-12,5.89732429556733e-12,1.7794675420828594e-11,3.2603549856890073e-11,3.211050349227751e-12,5.890191112634113e-12
0.74,0,0.0,0.0,1.7959756492458136e-11,3.288777124720196e-11,3.822781067391867e-12,7.0002198482299605e-12,1.7932460222625808e-11,3.285630674175655e-11,3.811142807591539e-12,6.991254797306112e-12
0.76,0,0.0,0.0,1.808734336147934e-11,3.3121407107860005e-11,3.9896246029069715e-12,7.305725469031188e-12,1.8059645059073115e-11,3.3089630185655485e-11,3.97700882642793e-12,7.295927750838871e-12
0.78,0,0.0,0.0,1.8214948602523196e-11,3.3355076955220406e-11,3.0524432807765844e-12,5.589584350929044e-12,1.8186834577972758e-11,3.332297315560185e-11,3.0424720902366698e-12,5.581771156393245e-12
0.8,0,0.0,0.0,1.8334940995714938e-11,3.357480631492766e-11,2.9630508116551546e-12,5.4259235993114885e-12,1.8309080069913743e-11,3.354725670566727e-11,2.657719530563263e-12,4.876196668668342e-12
0.8200000000000001,0,0.0,0.0,1.844891460621222e-11,3.3783513935557956e-11,2.7522710673022477e-12,5.040023953739592e-12,1.8422020996056332e-11,3.3754479597291165e-11,2.7937973115510495e-12,5.1260662381480415e-12
0.84,0,0.0,0.0,1.856115072678326e-11,3.3989039754144194e-11,2.1099628121079572e-12,3.8638259258760854e-12,1.8533752943101526e-11,3.395949414429678e-11,2.098691446322798e-12,3.8508085609123555e-12
0.86,0,0.0,0.0,1.8660221827932466e-11,3.417045827324044e-11,2.7501226122772504e-12,5.036041028638749e-12,1.8632354105926364e-11,3.414042470649592e-11,2.7371195587821973e-12,5.0225518188895535e-12
0.88,0,0.0,0.0,1.875664662186318e-11,3.434703084924545e-11,2.317992152389703e-12,4.2447573234127844e-12,1.8728311435248386e-11,3.431651255912837e-11,2.3067494095418972e-12,4.233072226078605e-12
0.9,0,0.0,0.0,1.884310334732255e-11,3.450534973502445e-11,2.7188646299636243e-12,4.978739642780283e-12,1.881433926073666e-11,3.447438664793033e-11,2.705348098319682e-12,4.964681443730967e-12
0.92,0,0.0,0.0,1.8931186293207606e-11,3.466664655814462e-11,1.9044653007393997e-12,3.4874325649525417e-12,1.8901975783341423e-11,3.4635220605193734e-11,1.8947751354025932e-12,3.477398924367492e-12
0.9400000000000001,0,0.0,0.0,1.90124951976954e-11,3.48155388038995e-11,2.0115315663149502e-12,3.683539584464768e-12,1.8982863402426816e-11,3.478367606145515e-11,2.0010937351599978e-12,3.67272878776248e-12
0.96,0,0.0,0.0,1.9085443051616023e-11,3.494912029698868e-11,2.3445858969572964e-12,4.293385091891366e-12,1.9057524094552036e-11,3.492070943221691e-11,2.098976808334596e-12,3.85243226208587e-12
0.98,0,0.0,0.0,1.9157132534958763e-11,3.5080397411167933e-11,1.9497363792919664e-12,3.5704078582554644e-12,1.912828419719044e-11,3.5050589636030994e-11,1.9840405360294078e-12,3.641767443163246e-12
1.0,0,0.0,0.0,1.922630621519747e-11,3.5207067876951114e-11,1.703834989763564e-12,3.120087521679693e-12,1.919700051324789e-11,3.517672457186046e-11,1.6914646766563735e-12,3.104919099605752e-12
1.02,0,0.0,0.0,1.9293174290510447e-11,3.5329516261716166e-11,1.452973592136475e-12,2.6607466230288424e-12,1.9261967800006532e-11,3.5295983771598345e-11,1.6033663112480223e-12,2.9433261383715603e-12
1.04,0,0.0,0.0,1.935632934331244e-11,3.5445165377000455e-11,1.3753815794603774e-12,2.5186797092402458e-12,1.932500366516267e-11,3.5411702983588844e-11,1.3408493065858451e-12,2.4615726124110893e-12
1.06,0,0.0,0.0,1.9414701907473216e-11,3.5552056942044186e-11,1.4439079272510202e-12,2.6440655220838494e-12,1.9383019834288436e-11,3.551821260415654e-11,1.4356593171227505e-12,2.6357666049747763e-12
1.08,0,0.0,0.0,1.947228034428331e-11,3.565749387900327e-11,1.1043162911894555e-12,2.0221879726278758e-12,1.9440244699759657e-11,3.5623274757578074e-11,1.0974936237584387e-12,2.014999278543428e-12
1.1,0,0.0,0.0,1.9525687971996005e-11,3.575529346687585e-11,1.1457419214766507e-12,2.098099471936621e-12,1.949316972219716e-11,3.572044769394221e-11,1.1550439424357073e-12,2.120664754912127e-12
1.12,0,0.0,0.0,1.9572348983422227e-11,3.584073892314183e-11,1.5039033386676781e-12,2.7539914793095477e-12,1.9539758454201353e-11,3.580599104412339e-11,1.4703637613022735e-12,2.6998542290712635e-12
1.1400000000000001,0,0.0,0.0,1.9620370147290513e-11,3.5928674970474534e-11,1.0107643888535023e-12,1.8508528043525985e-12,1.9587457614361222e-11,3.5893577412836695e-11,1.004875870014299e-12,1.8451767891392024e-12
1.16,0,0.0,0.0,1.9662373848155224e-11,3.600559169346535e-11,1.3274268836904746e-12,2.4307361679021255e-12,1.962918124238602e-11,3.597019494460016e-11,1.3185273185778446e-12,2.421188249890349e-12
1.18,0,0.0,0.0,1.9704291111652253e-11,3.608235011253063e-11,1.0291494219327735e-12,1.884534195362164e-12,1.9670012045967964e-11,3.604517659049242e-11,1.1112985531802622e-12,2.0408258416537706e-12
1.2,0,0.0,0.0,1.974292821558518e-11,3.615310208625483e-11,1.0863861893417592e-12,1.989325371098971e-12,1.9708441508704988e-11,3.611575176119995e-11,1.0782637803463668e-12,1.980221542297045e-12
1.22,0,0.0,0.0,1.9780476219353886e-11,3.622185943329297e-11,9.242008200405216e-13,1.6923684675873574e-12,1.974576665341609e-11,3.618430232919977e-11,9.187663650711553e-13,1.687386341764352e-12
1.24,0,0.0,0.0,1.9816117867840627e-11,3.628712630853064e-11,8.607923401848794e-13,1.5762946503627973e-12,1.978119320573279e-11,3.624936925327071e-11,8.55587302395211e-13,1.5714096690544466e-12
1.26,0,0.0,0.0,1.9850557166042064e-11,3.6350191333954736e-11,7.331548562694579e-13,1.3425233147401627e-12,1.981542074233639e-11,3.631223701981891e-11,7.286627898284159e-13,1.3382905894587793e-12
1.28,0,0.0,0.0,1.9882372001530374e-11,3.6408450370438656e-11,7.723452953578569e-13,1.4143269888577947e-12,1.9846268688495675e-11,3.636890040213849e-11,8.527770503641285e-13,1.5664691765948646e-12
1.3,0,0.0,0.0,1.9911632952831222e-11,3.646203263406472e-11,8.229411076199344e-13,1.5069612224749562e-12,1.9875541278056315e-11,3.642267209756814e-11,8.013095395553727e-13,1.471892052684609e-12
1.32,0,0.0,0.0,1.9940070494649117e-11,3.6514107159312185e-11,6.999964843878992e-13,1.2817247263541276e-12,1.990382216870647e-11,3.6474624706449716e-11,6.964507096030026e-13,1.2794626469414538e-12
1.34,0,0.0,0.0,1.9966412275835996e-11,3.656234414316389e-11,7.243654460975524e-13,1.3264805920343292e-12,1.993001890749512e-11,3.652275125086605e-11,7.203894598906135e-13,1.3233997231409944e-12
1.36,0,0.0,0.0,1.9992453929912213e-11,3.661003159437398e-11,5.646598640052236e-13,1.0339229472577927e-12,1.9956419624611065e-11,3.657125492416605e-11,5.05316708615533e-13,9.284101265549793e-13
1.3800000000000001,0,0.0,0.0,2.001535338438028e-11,3.66519648012808e-11,7.229191203994567e-13,1.3237466678361898e-12,1.997970419246129e-11,3.661403553655199e-11,6.576674968505891e-13,1.2083112288507891e-12
1.4000000000000001,0,0.0,0.0,2.0039247157624966e-11,3.669571874619242e-11,4.4458837653027494e-13,8.141404217454351e-13,2.0003305419770583e-11,3.6657400042982163e-11,4.514947443690076e-13,8.29628032938956e-13
1.42,0,0.0,0.0,2.0060763352266904e-11,3.673511903477973e-11,5.336182884452256e-13,9.772460618506784e-13,2.0024648188035098e-11,3.669661710313702e-11,5.290910938537952e-13,9.72263936027673e-13
1.44,0,0.0,0.0,2.0081590569387972e-11,3.6773257610410675e-11,4.52437566578201e-13,8.28656587792409e-13,2.0044933997525636e-11,3.673389382651173e-11,4.898030765698724e-13,8.999884171245753e-13
1.46,0,0.0,0.0,2.0100431813924743e-11,3.680775978930235e-11,5.20500743200758e-13,9.53112588852889e-13,2.0063651358520092e-11,3.6768290006860127e-11,5.150957785304833e-13,9.465622730076007e-13
1.48,0,0.0,0.0,2.0118750528091845e-11,3.684130503921352e-11,4.404571325722362e-13,8.065631496023684e-13,2.008139523303215e-11,3.6800898589360984e-11,4.858041052768769e-13,8.928136008279353e-13
1.5,0,0.0,0.0,2.0135567591458712e-11,3.687210016954819e-11,4.730504182814954e-13,8.662931483272018e-13,2.0098197474487963e-11,3.683177815215667e-11,4.601184884489573e-13,8.455736111301349e-13
1.52,0,0.0,0.0,2.0151150392567208e-11,3.690063531601614e-11,4.869108588545501e-13,8.91633988864271e-13,2.011367316075863e-11,3.686022098358013e-11,4.841387707399392e-13,8.897743652980239e-13
1.54,0,0.0,0.0,2.016673291828835e-11,3.692916976859469e-11,3.727656204544072e-13,6.826067489029697e-13,2.0129150956886726e-11,3.688866942162985e-11,3.70238995711647e-13,6.805250807317975e-13
1.56,0,0.0,0.0,2.018062181396426e-11,3.695460320173201e-11,4.467073412561806e-13,8.18040080119431e-13,2.0142501325006756e-11,3.691320901421005e-11,4.929568038491983e-13,9.060807659722059e-13
1.58,0,0.0,0.0,2.0194847962435302e-11,3.698065425193793e-11,3.074537152647494e-13,5.629385846361856e-13,2.0156727242759585e-11,3.6939359151820926e-11,2.9762824149681677e-13,5.471595398987006e-13
1.6,0,0.0,0.0,2.0207350145751692e-11,3.700354821643988e-11,3.947272196602736e-13,7.227829446065925e-13,2.016915573892584e-11,3.6962206403689104e-11,3.928337689862449e-13,7.221584441552409e-13
1.62,0,0.0,0.0,2.0220347560528088e-11,3.7027348872330464e-11,2.4807890117162223e-13,4.5430326167661406e-13,2.0182078586613623e-11,3.698596371924836e-11,2.4666293313435617e-13,4.5333181653006704e-13
1.6400000000000001,0,0.0,0.0,2.0232360483736356e-11,3.704934666480693e-11,2.6219868290433546e-13,4.800743136357255e-13,2.0194021170254386e-11,3.700791946202778e-11,2.6065781477679906e-13,4.791445018526019e-13
1.6600000000000001,0,0.0,0.0,2.024371515571332e-11,3.707013931019017e-11,2.472813620535419e-13,4.5274894944213884e-13,2.0205308253067917e-11,3.7028671237325926e-11,2.458445773345641e-13,4.519579155370934e-13
1.68,0,0.0,0.0,2.0254443520090754e-11,3.7089785317233565e-11,2.3366291540538597e-13,4.2781056475149626e-13,2.021573931012769e-11,3.7047849923742675e-11,2.5800932570985147e-13,4.744676873613685e-13
1.7,0,0.0,0.0,2.0264114114710984e-11,3.710749430428812e-11,2.725168181394455e-13,4.990591273568157e-13,2.0225410190109935e-11,3.706563168591649e-11,2.658442042891007e-13,4.889005866814955e-13
1.72,0,0.0,0.0,2.027394566521525e-11,3.7125497819633323e-11,1.8379091651365975e-13,3.365363543395006e-13,2.023518829551863e-11,3.7083611664533575e-11,1.8293005998870626e-13,3.363698208858068e-13
1.74,0,0.0,0.0,2.028283283269288e-11,3.7141771746284024e-11,2.1666089061733729e-13,3.967659534254153e-13,2.024402739337506e-11,3.7099865773703295e-11,2.1549559012234987e-13,3.962524752765262e-13
1.76,0,0.0,0.0,2.0290783152782645e-11,3.7156330267339377e-11,2.556340555903702e-13,4.680422716063504e-13,2.0251933615493018e-11,3.71144055875007e-11,2.5418122467923965e-13,4.674316489428065e-13
1.78,0,0.0,0.0,2.0298960156995275e-11,3.717130406731711e-11,1.721192632864188e-13,3.152339500545054e-13,2.0260064602262318e-11,3.712935923693052e-11,1.7114391501205084e-13,3.148453719958866e-13
1.8,0,0.0,0.0,2.0306287338391618e-11,3.7184721792581295e-11,2.066224795427285e-13,3.783223734288299e-13,2.026734970924179e-11,3.714275771370304e-11,2.0544460230254025e-13,3.7779501749213296e-13
1.82,0,0.0,0.0,2.0313570401866842e-11,3.7198058596464794e-11,1.5782080503567997e-13,2.890326866733517e-13,2.027459001568646e-11,3.715607447806094e-11,1.569131109768751e-13,2.885469641000782e-13
1.84,0,0.0,0.0,2.0320156091325894e-11,3.721011810263623e-11,1.8193866552218552e-13,3.331779296900095e-13,2.028095538615676e-11,3.7167782557011726e-11,2.0094386224411842e-13,3.6960712268552243e-13
1.86,0,0.0,0.0,2.032667302632101e-11,3.722205208421697e-11,1.4128975767135898e-13,2.5873747588889273e-13,2.0287473028485383e-11,3.7179771300343146e-11,1.3730639888964724e-13,2.5253410473879967e-13
1.8800000000000001,0,0.0,0.0,2.0332403622440183e-11,3.7232546092656966e-11,1.8090607137311032e-13,3.312905505481467e-13,2.0293174029788362e-11,3.719025861968942e-11,1.8018616113057995e-13,3.3141545063841704e-13
1.9000000000000001,0,0.0,0.0,2.0338120937950095e-11,3.7243015953746175e-11,1.4036471637779435e-13,2.570582635641472e-13,2.0298862630420578e-11,3.720072369294185e-11,1.3966649017871369e-13,2.569611190494925e-13
1.92,0,0.0,0.0,2.0343414404136314e-11,3.725270950526322e-11,1.4556845312485578e-13,2.6660618157592353e-13,2.030412871529777e-11,3.7210412192944116e-11,1.4483726717973155e-13,2.663980147588063e-13
1.94,0,0.0,0.0,2.0348556075513172e-11,3.7262125043057104e-11,1.2365672721892373e-13,2.2647161923572412e-13,2.03092433158811e-11,3.7219822221256224e-11,1.2302919100148912e-13,2.2630508578203035e-13
1.96,0,0.0,0.0,2.0353414376774458e-11,3.72710214128091e-11,1.1740738589671729e-13,2.15036322082085e-13,2.0314075579810382e-11,3.722871319254876e-11,1.167863548923176e-13,2.1489754420400686e-13
1.98,0,0.0,0.0,2.0358009618062635e-11,3.727943611230184e-11,1.1104398650596536e-13,2.0336510253571305e-13,2.031864566066927e-11,3.7237122118881776e-11,1.1042425654417265e-13,2.0324020244544272e-13
2.0,0,0.0,0.0,2.036245043166489e-11,3.728756791309013e-11,9.454459784508096e-14,1.7313928069029316e-13,2.0323061616985162e-11,3.7245247771810063e-11,9.400509884405217e-14,1.7294499166098376e-13
2.02,0,0.0,0.0,2.036643750926006e-11,3.729486864255553e-11,1.1238883088071638e-13,2.0579371540208058e-13,2.0327126555908825e-11,3.725272780229396e-11,1.0060919111709588e-13,1.8511581156843704e-13
2.04,0,0.0,0.0,2.0370415567594192e-11,3.730215305174249e-11,8.420261016217623e-14,1.5420997812043424e-13,2.03310592095907e-11,3.725996480495777e-11,8.54316617449058e-14,1.5726309143815342e-13
2.06,0,0.0,0.0,2.0373997381692988e-11,3.73087119995718e-11,9.90665882660835e-14,1.8131329770909588e-13,2.0334704813374833e-11,3.726667403535124e-11,8.847002991307917e-14,1.628142065612792e-13
2.08,0,0.0,0.0,2.0377480577195847e-11,3.731509038350394e-11,8.37858428470728e-14,1.5333567748854193e-13,2.033821819566826e-11,3.727314036282472e-11,7.633520551775241e-14,1.4056811270535263e-13
2.1,0,0.0,0.0,2.038069225855074e-11,3.732097147078777e-11,8.840020729317111e-14,1.6189827256596345e-13,2.0341383651413002e-11,3.727896668835786e-11,8.921119051819026e-14,1.6422974091767628e-13
2.12,0,0.0,0.0,2.038387987929102e-11,3.7326808468339744e-11,6.754189221802598e-14,1.2360945600420337e-13,2.0344541380265705e-11,3.728477905283648e-11,6.684279865720733e-14,1.2298495555285172e-13
2.14,0,0.0,0.0,2.038681194707403e-11,3.733217760403135e-11,7.258299863921458e-14,1.3292145162324687e-13,2.0347445168152937e-11,3.729012376362154e-11,7.185051165148337e-14,1.322830733840874e-13
2.16,0,0.0,0.0,2.03895186677723e-11,3.733713438901382e-11,7.609364527372264e-14,1.393746229538806e-13,2.0350125573963435e-11,3.729505794168767e-11,7.535248466861155e-14,1.3869461135129768e-13
2.18,0,0.0,0.0,2.0392096994647216e-11,3.734185558467046e-11,7.054253015059686e-14,1.2909118218829008e-13,2.0352678595993335e-11,3.7299757640651e-11,6.980440531156873e-14,1.2857770403940094e-13
2.2,0,0.0,0.0,2.039459852184441e-11,3.7346436239969965e-11,6.016628167904159e-14,1.1017575740623897e-13,2.0355155092431814e-11,3.730431706293518e-11,5.957213888851953e-14,1.0967615704515765e-13
2.22,0,0.0,0.0,2.0397005701334868e-11,3.735084400578898e-11,5.233747463195826e-14,9.586775817638227e-14,2.035753783227058e-11,3.7308704095339196e-11,5.1823996483069124e-14,9.538203560310876e-14
2.24,0,0.0,0.0,2.0399183539973463e-11,3.735483209342687e-11,6.0135490337343e-14,1.1014800183062334e-13,2.0359633848773302e-11,3.731256336935067e-11,6.613719988335376e-14,1.2179146580137967e-13
2.2600000000000002,0,0.0,0.0,2.0401291816200673e-11,3.7358692949506164e-11,5.191333474208193e-14,9.50350909079134e-14,2.0361734690843057e-11,3.731643173331315e-11,5.021547413996963e-14,9.245382237565991e-14
2.2800000000000002,0,0.0,0.0,2.0403244925749768e-11,3.736226968563566e-11,5.365759919717661e-14,9.836575998178887e-14,2.0363669459594518e-11,3.7319994466754745e-11,5.326338328726088e-14,9.81020820134404e-14
2.3000000000000003,0,0.0,0.0,2.040514206141014e-11,3.736574360123529e-11,4.562799790774896e-14,8.353040481523522e-14,2.0365548962224438e-11,3.7323455448256145e-11,4.5182173974422923e-14,8.321121569565548e-14
2.32,0,0.0,0.0,2.040684318849656e-11,3.736885866499779e-11,5.351925499996746e-14,9.797718192317006e-14,2.0367234117278135e-11,3.7326558577121114e-11,5.3005776851078323e-14,9.757472607674345e-14
2.34,0,0.0,0.0,2.0408583596227688e-11,3.737204540753431e-11,3.666771747345976e-14,6.70991040507829e-14,2.0368957811815925e-11,3.7329733093326565e-11,3.629171616004179e-14,6.689093723366568e-14
2.36,0,0.0,0.0,2.0410149276972467e-11,3.737491282217336e-11,4.330043268385708e-14,7.926992395823618e-14,2.037050835839942e-11,3.733258886450164e-11,4.2882798007015666e-14,7.899236820207989e-14
2.38,0,0.0,0.0,2.041170491280095e-11,3.737776151567667e-11,3.292721997838477e-14,6.031286581276163e-14,2.0372048751646408e-11,3.733542612270779e-11,3.262190864661285e-14,6.00908212078366e-14
2.4,0,0.0,0.0,2.0413172194392313e-11,3.738044819988512e-11,3.135946363697073e-14,5.741240816092841e-14,2.0373501518806454e-11,3.73381019267306e-11,3.1078004752993493e-14,5.725975249504245e-14
2.42,0,0.0,0.0,2.041445928982255e-11,3.738280489805506e-11,4.067666342644216e-14,7.446820937673237e-14,2.037477571136348e-11,3.734044910473811e-11,4.0226069003557186e-14,7.42045314083839e-14
2.44,0,0.0,0.0,2.0415749521632826e-11,3.738516771632943e-11,3.080131635857519e-14,5.6440963014381396e-14,2.03760530186165e-11,3.7342802180805435e-11,3.0542408879785654e-14,5.6343818499726694e-14
2.46,0,0.0,0.0,2.0416932708861575e-11,3.738733449697323e-11,3.3323170611776476e-14,6.096512183972891e-14,2.0377191254389486e-11,3.73448991145432e-11,3.6613507364835485e-14,6.743217095817045e-14
2.48,0,0.0,0.0,2.0418108133636452e-11,3.73894872055402e-11,2.5472679521243435e-14,4.6657122609872204e-14,2.037836195030816e-11,3.734705580603528e-11,2.462049661366983e-14,4.543587728278453e-14
2.5,0,0.0,0.0,2.0419239617432e-11,3.7391559256404413e-11,2.175950392091508e-14,3.985700658404312e-14,2.0379482956807598e-11,3.734912112617242e-11,2.1566949615081654e-14,3.970435091815716e-14
2.52,0,0.0,0.0,2.0420242108057237e-11,3.7393394774253236e-11,2.781412253294313e-14,5.08759701034478e-14,2.03804485112669e-11,3.735090003652476e-11,3.0625241925763547e-14,5.639932965095795e-14
2.54,0,0.0,0.0,2.0421234826985137e-11,3.739521261180039e-11,2.1494958590828617e-14,3.938516179857743e-14,2.038143808904426e-11,3.735272346682041e-11,2.0886070650760757e-14,3.8344327712991344e-14
2.56,0,0.0,0.0,2.0422151601453974e-11,3.739689164371389e-11,2.2665029575374973e-14,4.15639744844043e-14,2.0382347288843042e-11,3.735439890438687e-11,2.2519746484261915e-14,4.143907439413397e-14
2.58,0,0.0,0.0,2.0423038624547837e-11,3.739851606653238e-11,1.9306604925883875e-14,3.5291214395272164e-14,2.038322702306254e-11,3.735601998265849e-11,1.9084994001827837e-14,3.518019209280965e-14
2.6,0,0.0,0.0,2.0423818907504144e-11,3.7399945020709587e-11,2.4645650104071493e-14,4.5047299224165727e-14,2.0383976350312097e-11,3.73574008919343e-11,2.7144952952085077e-14,5.00155472593633e-14
2.62,0,0.0,0.0,2.0424597471783163e-11,3.7401370755240014e-11,1.9135300982631165e-14,3.5013658639115874e-14,2.038475423848264e-11,3.735883432863695e-11,1.8489983849567793e-14,3.4139358007223564e-14
2.64,0,0.0,0.0,2.0425314977698956e-11,3.7402684607045136e-11,2.0157053109981504e-14,3.690103778097864e-14,2.0385466443517168e-11,3.7360146848174445e-11,2.003171933884218e-14,3.690103778097864e-14
2.66,0,0.0,0.0,2.0425998470891554e-11,3.740393603656069e-11,1.8697716985816015e-14,3.4208746946262636e-14,2.0386144876955066e-11,3.7361397000933544e-11,1.8565444320772784e-14,3.418099137064701e-14
2.68,0,0.0,0.0,2.0426642516472305e-11,3.7405115370968605e-11,1.808189015184425e-14,3.3084646133829665e-14,2.038678416375564e-11,3.7362575100218335e-11,1.7954387976359953e-14,3.3056890558214036e-14
2.7,0,0.0,0.0,2.0427294543949453e-11,3.7406309179909203e-11,1.2466590260107324e-14,2.2842838731662596e-14,2.0387431235995175e-11,3.736376747974679e-11,1.238982874629535e-14,2.2801205368239152e-14
2.72,0,0.0,0.0,2.0427884262761435e-11,3.7407389010578537e-11,1.460073381642779e-14,2.6742497105658458e-14,2.0388016333503812e-11,3.7364845881003975e-11,1.4491012556572258e-14,2.6728619317850644e-14
2.74,0,0.0,0.0,2.042845492129923e-11,3.740843416065612e-11,1.2408477023662101e-14,2.275957200481571e-14,2.0388570320047952e-11,3.7365866980875295e-11,1.3673524118518188e-14,2.5202062658991053e-14
2.7600000000000002,0,0.0,0.0,2.0428993864755057e-11,3.7409421065658293e-11,1.1749715783659909e-14,2.1468937738688965e-14,2.0389107820213854e-11,3.736685777165805e-11,1.1446139175363967e-14,2.1121993043493603e-14
2.7800000000000002,0,0.0,0.0,2.0429504749926033e-11,3.7410356567334414e-11,1.0943503048199688e-14,2.0011770018868447e-14,2.0389604118962477e-11,3.736777280359716e-11,1.2065869137156682e-14,2.2218338280310945e-14
2.8000000000000003,0,0.0,0.0,2.0429950807613346e-11,3.741117328902469e-11,1.4349198912411154e-14,2.6298407895808396e-14,2.0390049972386097e-11,3.736859510415815e-11,1.404215285716326e-14,2.5882074261573962e-14
2.82,0,0.0,0.0,2.0430409940345174e-11,3.741201393602114e-11,9.65980767597685e-15,1.7680301667155618e-14,2.0390506007769166e-11,3.7369435903810275e-11,9.639858356003117e-15,1.772193503057906e-14
2.84,0,0.0,0.0,2.043082126670009e-11,3.7412767055809906e-11,1.1595759075166967e-14,2.1246893133763933e-14,2.0390925017214363e-11,3.737020867454657e-11,1.0353263385498579e-14,1.9095836023552692e-14
2.86,0,0.0,0.0,2.0431215018137794e-11,3.741348818729776e-11,1.0511556902681463e-14,1.9234613901630837e-14,2.0391321668242356e-11,3.737094004784182e-11,9.832412661836543e-15,1.8041124150158794e-14
2.88,0,0.0,0.0,2.04315953246012e-11,3.7414184311011995e-11,9.169314613144408e-15,1.675048988403205e-14,2.0391698477069547e-11,3.7371634589488237e-11,9.090384694987463e-15,1.6778245459647678e-14
2.9,0,0.0,0.0,2.0431953349842592e-11,3.7414839758930165e-11,8.866171685717461e-15,1.6167622796103842e-14,2.039204609093432e-11,3.7372275465729204e-11,9.54835169264534e-15,1.7680301667155618e-14
2.92,0,0.0,0.0,2.0432293408552954e-11,3.7415462552413614e-11,8.20654308397728e-15,1.504352198367087e-14,2.0392383626923065e-11,3.737289803716806e-11,8.09508710064577e-15,1.49741330446318e-14
2.94,0,0.0,0.0,2.043261364197607e-11,3.7416049208137614e-11,7.912941135668206e-15,1.444677710793485e-14,2.039270119711196e-11,3.73734840683916e-11,7.833577536642267e-15,1.444677710793485e-14
2.96,0,0.0,0.0,2.0432910402422147e-11,3.741659298149729e-11,8.172282295326738e-15,1.4960255256823984e-14,2.03929875578908e-11,3.73740124374068e-11,9.017526308996437e-15,1.662558979376172e-14
2.98,0,0.0,0.0,2.0433203892914483e-11,3.741713057924138e-11,6.372073008131807e-15,1.164346397075633e-14,2.0393280432989976e-11,3.7374552449885983e-11,6.187324957940277e-15,1.1324274851176597e-14
3.0,0,0.0,0.0,2.0433481907938686e-11,3.741763944996471e-11,5.942295266958553e-15,1.0880185641326534e-14,2.03935563685144e-11,3.737506127897596e-11,5.909335520914993e-15,1.099120794378905e-14
3.02,0,0.0,0.0,2.0433725884652513e-11,3.7418085912276273e-11,7.726024681131705e-15,1.4016565685892601e-14,2.0393804411420058e-11,3.737551841330634e-11,7.010451247291272e-15,1.2836953722228372e-14
3.04,0,0.0,0.0,2.043397437598419e-11,3.7418541270249816e-11,5.33817781644963e-15,9.783840404509192e-15,2.0394050835828717e-11,3.737597295249042e-11,5.307386474751041e-15,9.825473767932635e-15
3.06,0,0.0,0.0,2.0434203776684015e-11,3.741896161456472e-11,5.679918341217061e-15,1.0283440765590512e-14,2.039427356564941e-11,3.737638394317635e-11,6.1417884666958855e-15,1.1407541578023483e-14
3.08,0,0.0,0.0,2.0434416541819387e-11,3.7419351635913267e-11,5.800481622797449e-15,1.071365218763276e-14,2.0394484858438227e-11,3.737677393676933e-11,5.766654515015901e-15,1.0699774399824946e-14
3.1,0,0.0,0.0,2.043461837949791e-11,3.741972086833568e-11,5.5355026118419914e-15,1.0061396160665481e-14,2.039468980604226e-11,3.7377152370165064e-11,4.943094544795912e-15,9.103828801926284e-15
3.12,0,0.0,0.0,2.0434818430844926e-11,3.742008711703371e-11,4.2674197509029455e-15,7.743805596760467e-15,2.0394887041933075e-11,3.737751653719494e-11,4.269154474378922e-15,7.896461262646426e-15
3.14,0,0.0,0.0,2.043499266603717e-11,3.7420406417175605e-11,5.604891550881064e-15,1.033895191682177e-14,2.0395059828631215e-11,3.7377835476514344e-11,5.581039103086383e-15,1.0255685189974884e-14
3.16,0,0.0,0.0,2.043517209455783e-11,3.742073508482425e-11,3.817259008886964e-15,6.938893903907228e-15,2.0395237689829206e-11,3.737816354741812e-11,3.725318664660193e-15,6.925016116099414e-15
3.18,0,0.0,0.0,2.0435329125196326e-11,3.7421022674221e-11,4.947431353485854e-15,9.076073226310655e-15,2.0395397645645155e-11,3.737845863082027e-11,4.420509097657899e-15,8.257283745649602e-15
3.2,0,0.0,0.0,2.043548661119973e-11,3.7421310943629346e-11,3.776059326332515e-15,6.869504964868156e-15,2.0395552483593176e-11,3.737874438834902e-11,3.769554113297602e-15,6.980527267330672e-15
3.22,0,0.0,0.0,2.043562691346606e-11,3.742156775209272e-11,4.515051527098635e-15,8.18789480661053e-15,2.0395691124428094e-11,3.7379000475167436e-11,4.4716834401992145e-15,8.31279489688086e-15
3.24,0,0.0,0.0,2.0435764724669483e-11,3.742182020293073e-11,3.722716579446228e-15,6.841749389252527e-15,2.0395830721963014e-11,3.737925836609826e-11,3.3193933712816204e-15,6.231126725708691e-15
3.2600000000000002,0,0.0,0.0,2.043589507265883e-11,3.7422058887003236e-11,3.5561831257524545e-15,6.522560269672795e-15,2.0395958747157624e-11,3.7379494843602497e-11,3.616031085673654e-15,6.675215935558754e-15
3.2800000000000002,0,0.0,0.0,2.043601859884811e-11,3.742228509494451e-11,3.391818076403652e-15,6.189493362285248e-15,2.0396083828960178e-11,3.7379725728358257e-11,3.0084441882127777e-15,5.467848396278896e-15
3.3000000000000003,0,0.0,0.0,2.0436135565180567e-11,3.742249943737719e-11,3.2448002618146177e-15,5.9396931817445875e-15,2.0396198525406957e-11,3.737993762830029e-11,3.2205141331509424e-15,5.981326545168031e-15
3.3200000000000003,0,0.0,0.0,2.043624905469349e-11,3.742270745153864e-11,2.7226484955455987e-15,5.023759186428833e-15,2.039631052869554e-11,3.738014439346085e-11,2.710071750344767e-15,4.9960036108132044e-15
3.34,0,0.0,0.0,2.043635084783338e-11,3.742289345552862e-11,3.221815175757925e-15,5.828670879282072e-15,2.039641096961848e-11,3.73803295231502e-11,3.1281401080551774e-15,5.856426454897701e-15
3.36,0,0.0,0.0,2.0436450233610767e-11,3.742307544883794e-11,2.6810151321221554e-15,4.926614671774132e-15,2.039650898973481e-11,3.7380510531136576e-11,2.6389480878297178e-15,4.85722573273506e-15
3.38,0,0.0,0.0,2.043653883938279e-11,3.7423237638544064e-11,3.1996974514392207e-15,5.800915303666443e-15,2.039659636385316e-11,3.7380672054708884e-11,3.150691513242876e-15,5.842548667089886e-15
3.4,0,0.0,0.0,2.0436632632845365e-11,3.742340919575695e-11,1.990161507814392e-15,3.58046925441613e-15,2.039668686004009e-11,3.738083904612958e-11,2.1380466841414147e-15,3.913536161803677e-15
3.42,0,0.0,0.0,2.0436716648972754e-11,3.7423562795112416e-11,2.3327693943198113e-15,4.343747583845925e-15,2.0396772149888196e-11,3.73809966422879e-11,2.0968470015869656e-15,3.8441472227646045e-15
3.44,0,0.0,0.0,2.0436798559145843e-11,3.742371304992103e-11,1.9606712087227862e-15,3.677613769070831e-15,2.039685253307095e-11,3.738114531502867e-11,1.9801868478275253e-15,3.6914915568786455e-15
3.46,0,0.0,0.0,2.0436877744502023e-11,3.742385760095882e-11,1.7069679003611782e-15,3.066991105526995e-15,2.0396928917282407e-11,3.738128652151962e-11,1.8132197132647576e-15,3.4555691641457997e-15
3.48,0,0.0,0.0,2.0436950538703248e-11,3.7423990772210623e-11,1.8049797767538678e-15,3.3029134982598407e-15,2.0397001220123204e-11,3.7381419914816026e-11,1.755973838557523e-15,3.164135620181696e-15
3.5,0,0.0,0.0,2.0437015914359528e-11,3.742411050976383e-11,2.1011838102769076e-15,3.858025010572419e-15,2.0397065767449022e-11,3.738153898623542e-11,2.058683085115476e-15,3.802513859341161e-15
3.52,0,0.0,0.0,2.0437081799590822e-11,3.7424230871817486e-11,1.577731001400906e-15,2.8449465006019636e-15,2.0397130512966996e-11,3.73816587515442e-11,1.577731001400906e-15,2.8171909249863347e-15
3.54,0,0.0,0.0,2.0437143848481154e-11,3.7424344683555283e-11,1.510944147575799e-15,2.789435349370706e-15,2.0397191784701207e-11,3.7381772035926056e-11,1.4667086989383904e-15,2.67841304690819e-15
3.56,0,0.0,0.0,2.0437203575010432e-11,3.742445412378993e-11,1.302343649589588e-15,2.345346139520643e-15,2.039724943173072e-11,3.7381878603458626e-11,1.4268100589909238e-15,2.609024107869118e-15
3.58,0,0.0,0.0,2.0437258863683382e-11,3.742455518184074e-11,1.3973197598993181e-15,2.4980018054066022e-15,2.0397302989149645e-11,3.738197749657454e-11,1.472346550235315e-15,2.706168622523819e-15
3.6,0,0.0,0.0,2.0437309926569943e-11,3.74246485654749e-11,1.4419888894057209e-15,2.67841304690819e-15,2.0397353605344904e-11,3.7382071268786754e-11,1.401222887720266e-15,2.609024107869118e-15
3.62,0,0.0,0.0,2.043736079169803e-11,3.742474187972012e-11,1.0430024899310553e-15,1.970645868709653e-15,2.0397403937045522e-11,3.738216448588745e-11,1.0525434690489277e-15,1.970645868709653e-15
3.64,0,0.0,0.0,2.0437406597505092e-11,3.7424825895847504e-11,1.25507243486922e-15,2.3592239273284576e-15,2.039744905893786e-11,3.73822481967035e-11,1.2091022627558345e-15,2.2343238370581275e-15
3.66,0,0.0,0.0,2.0437451906747566e-11,3.742490905155204e-11,9.753482743679598e-16,1.762479051592436e-15,2.039749363135653e-11,3.738233081117432e-11,9.462916561453483e-16,1.790234627208065e-15
3.68,0,0.0,0.0,2.0437492939029305e-11,3.74249841165063e-11,1.1102230246251565e-15,2.040034807748725e-15,2.0397533032130845e-11,3.738240336424898e-11,1.2698175844150228e-15,2.3592239273284576e-15
3.7,0,0.0,0.0,2.043753436119015e-11,3.742506005576119e-11,7.849623728795052e-16,1.457167719820518e-15,2.0397574071351482e-11,3.738247906758147e-11,7.637120102987893e-16,1.4155343563970746e-15
3.72,0,0.0,0.0,2.0437571104368098e-11,3.742512716874302e-11,1.007874339542525e-15,1.8457457784393227e-15,2.039761127336378e-11,3.7382547401808645e-11,9.319801874685396e-16,1.6514567491299204e-15
3.74,0,0.0,0.0,2.0437605793199758e-11,3.742519099268915e-11,9.43689570931383e-16,1.6930901125533637e-15,2.039764535113911e-11,3.738261036533194e-11,9.536642309182497e-16,1.7763568394002505e-15
3.7600000000000002,0,0.0,0.0,2.0437639510586284e-11,3.742525301252287e-11,8.547849927875717e-16,1.5126788710517758e-15,2.0397678782729945e-11,3.738267196883202e-11,7.958043946043603e-16,1.5681900222830336e-15
3.7800000000000002,0,0.0,0.0,2.0437670575580622e-11,3.7425310230642e-11,8.595554823465079e-16,1.5959455978986625e-15,2.0397709568867472e-11,3.73827285624507e-11,8.205242041370298e-16,1.4849232954361469e-15
3.8000000000000003,0,0.0,0.0,2.0437700133533934e-11,3.742536431238109e-11,8.213915658750182e-16,1.5126788710517758e-15,2.039773858255129e-11,3.7382782380511814e-11,7.598088824778415e-16,1.429412144204889e-15
3.8200000000000003,0,0.0,0.0,2.0437728076459683e-11,3.742541536876242e-11,7.541710311809169e-16,1.3322676295501878e-15,2.0397765372753295e-11,3.7382831951969865e-11,8.053453737222327e-16,1.5126788710517758e-15
3.84,0,0.0,0.0,2.043775556532156e-11,3.7425465870032245e-11,5.733261088103347e-16,1.1102230246251565e-15,2.039779213476604e-11,3.7382881287505524e-11,6.284035791725984e-16,1.1934897514720433e-15
3.86,0,0.0,0.0,2.0437780376637758e-11,3.742551145856519e-11,7.138387103644561e-16,1.3322676295501878e-15,2.0397816897943657e-11,3.7382926862160685e-11,6.85649453879833e-16,1.2490009027033011e-15
3.88,0,0.0,0.0,2.043780511639661e-11,3.7425556769542384e-11,5.026361271642799e-16,8.881784197001252e-16,2.0397841331957496e-11,3.7382972034360004e-11,5.381979584218044e-16,9.992007221626409e-16
3.9,0,0.0,0.0,2.043782737506721e-11,3.7425597639627475e-11,5.993469609499869e-16,1.1102230246251565e-15,2.0397862912784896e-11,3.738301155829968e-11,7.251144129583054e-16,1.27675647831893e-15
3.92,0,0.0,0.0,2.0437849533557537e-11,3.742563781582319e-11,4.605690828718423e-16,8.465450562766819e-16,2.039788499754947e-11,3.738305213695123e-11,4.636048489548017e-16,8.881784197001252e-16
3.94,0,0.0,0.0,2.043786942953477e-11,3.742567412011609e-11,6.101889826748419e-16,1.0547118733938987e-15,2.0397904741304712e-11,3.738308874655546e-11,5.906733435701028e-16,1.0547118733938987e-15
3.96,0,0.0,0.0,2.04378892981901e-11,3.742571025787554e-11,4.575333167888829e-16,7.632783294297951e-16,2.0397924249571243e-11,3.7383124981459424e-11,4.211041237933699e-16,8.187894806610529e-16
3.98,0,0.0,0.0,2.043790760039013e-11,3.742574373109974e-11,4.579669976578771e-16,8.465450562766819e-16,2.039794237136003e-11,3.7383158579583695e-11,4.40619762898109e-16,8.743006318923108e-16
4.0,0,0.0,0.0,2.0437923551606173e-11,3.74257730271098e-11,5.494736610156536e-16,1.0130785099704553e-15,2.039795818032875e-11,3.738318776457146e-11,5.86770215749155e-16,1.0130785099704553e-15
4.0200000000000005,0,0.0,0.0,2.0437939655044197e-11,3.742580257292003e-11,4.649058915617843e-16,8.743006318923108e-16,2.0397974409967913e-11,3.7383217685081976e-11,3.95516952522712e-16,7.771561172376096e-16
4.04,0,0.0,0.0,2.0437955537738663e-11,3.742583159137434e-11,3.382710778154774e-16,6.522560269672795e-16,2.0397990205926205e-11,3.73832466896585e-11,3.3306690738754696e-16,6.38378239159465e-16
4.0600000000000005,0,0.0,0.0,2.0437970229545464e-11,3.7425858417138175e-11,3.5041414214731503e-16,5.828670879282072e-16,2.0398004507420214e-11,3.738327296031082e-11,3.8207284558389176e-16,6.661338147750939e-16
4.08,0,0.0,0.0,2.0437983913911606e-11,3.74258833138895e-11,3.677613769070831e-16,6.38378239159465e-16,2.039801755731124e-11,3.7383297301950626e-11,3.5041414214731503e-16,7.077671781985373e-16
4.1,0,0.0,0.0,2.0437996418665782e-11,3.7425906281628324e-11,4.0245584642661925e-16,6.800116025829084e-16,2.0398029912879198e-11,3.738332028356725e-11,4.0505793164058446e-16,7.216449660063518e-16
4.12,0,0.0,0.0,2.0438009216154547e-11,3.74259297767231e-11,2.467644144577008e-16,4.85722573273506e-16,2.0398042504803224e-11,3.738334376478421e-11,2.7668839441830073e-16,4.996003610813204e-16
4.14,0,0.0,0.0,2.0438021008371062e-11,3.7425951537094384e-11,3.0487765090292385e-16,5.412337245047638e-16,2.039805379655201e-11,3.7383365039432916e-11,3.382710778154774e-16,6.245004513516506e-16
4.16,0,0.0,0.0,2.043803153207103e-11,3.742597074395271e-11,3.3219954564955856e-16,5.967448757360216e-16,2.0398064711865796e-11,3.738338523161417e-11,3.0444397003392965e-16,6.661338147750939e-16
4.18,0,0.0,0.0,2.0438042491186588e-11,3.7425990575311495e-11,1.97758476261356e-16,4.163336342344337e-16,2.0398075508784706e-11,3.7383405062972955e-11,2.5457067009959644e-16,4.3021142204224816e-16
4.2,0,0.0,0.0,2.043805184134612e-11,3.742600736743475e-11,3.3566899260151217e-16,6.38378239159465e-16,2.0398084687206613e-11,3.738342193836292e-11,3.148523108897905e-16,5.828670879282072e-16
4.22,0,0.0,0.0,2.043806166855461e-11,3.7426025269781015e-11,1.9949319973733282e-16,3.469446951953614e-16,2.0398094404693847e-11,3.738343986846478e-11,1.704365815147213e-16,4.0245584642661925e-16
4.24,0,0.0,0.0,2.0438070123596836e-11,3.742604097943681e-11,2.896988204881268e-16,4.996003610813204e-16,2.039810278254088e-11,3.738345539770935e-11,2.5804011705155006e-16,4.440892098500626e-16
4.26,0,0.0,0.0,2.043807862851236e-11,3.7426056855626047e-11,1.8518173106052416e-16,3.608224830031759e-16,2.0398111224138992e-11,3.7383471135120727e-11,2.0903417885520525e-16,3.469446951953614e-16
4.28,0,0.0,0.0,2.0438086489845476e-11,3.7426071024847395e-11,2.5110122314764283e-16,3.7470027081099033e-16,2.039811902822623e-11,3.738348559577563e-11,1.8691645453650096e-16,4.440892098500626e-16
4.3,0,0.0,0.0,2.0438094277886523e-11,3.742608501365749e-11,1.960237527853792e-16,3.7470027081099033e-16,2.0398126611136226e-11,3.738349988989706e-11,1.726049858596923e-16,3.3306690738754696e-16
4.32,0,0.0,0.0,2.0438101162136636e-11,3.742609776734449e-11,1.8084492237058214e-16,4.3021142204224816e-16,2.0398133386098765e-11,3.738351253256177e-11,1.960237527853792e-16,4.0245584642661925e-16
4.34,0,0.0,0.0,2.0438107956614812e-11,3.742611045164255e-11,1.5308934675495323e-16,2.498001805406602e-16,2.0398140272950956e-11,3.738352517522647e-11,1.3834419720915037e-16,2.636779683484747e-16
4.36,0,0.0,0.0,2.0438114763669733e-11,3.7426122913895996e-11,1.3053794156725473e-16,1.5265566588595902e-16,2.0398147015821107e-11,3.738353748482426e-11,1.5308934675495323e-16,2.636779683484747e-16
4.38,0,0.0,0.0,2.043812090285611e-11,3.742613426592642e-11,1.2750217548429532e-16,2.636779683484747e-16,2.0398152972427843e-11,3.738354875358796e-11,1.470178145890344e-16,2.914335439641036e-16
4.4,0,0.0,0.0,2.0438126816094754e-11,3.742614525713437e-11,1.491862189340054e-16,2.220446049250313e-16,2.0398158811940745e-11,3.7383559717040335e-11,1.0798653637955624e-16,2.0816681711721685e-16
4.42,0,0.0,0.0,2.043813203067352e-11,3.7426155027096987e-11,1.2923689896027213e-16,1.942890293094024e-16,2.0398163997896572e-11,3.738356938985844e-11,1.9081958235744878e-16,3.3306690738754696e-16
4.44,0,0.0,0.0,2.0438136762565486e-11,3.7426163770103304e-11,1.713039432527097e-16,2.7755575615628914e-16,2.0398168717211788e-11,3.7383578327153786e-11,2.0513105103425744e-16,3.0531133177191805e-16
4.46,0,0.0,0.0,2.04381413391997e-11,3.7426172457598474e-11,1.4137996329210978e-16,2.914335439641036e-16,2.0398173412674553e-11,3.738358693138222e-11,1.496198998029996e-16,2.498001805406602e-16
4.48,0,0.0,0.0,2.043814624543137e-11,3.742618160306063e-11,9.497611030973019e-17,1.5265566588595902e-16,2.039817821265441e-11,3.7383596146233324e-11,6.505213034913027e-17,1.6653345369377348e-16
4.5,0,0.0,0.0,2.0438150649026912e-11,3.7426189457888533e-11,1.1188966420050406e-16,1.5265566588595902e-16,2.0398182506962372e-11,3.738360409820573e-11,1.3877787807814457e-16,2.220446049250313e-16
4.5200000000000005,0,0.0,0.0,2.0438154985401927e-11,3.7426197312716434e-11,9.80118763926896e-17,1.5265566588595902e-16,2.039818668851331e-11,3.738361199466698e-11,7.719519468096792e-17,1.249000902703301e-16
4.54,0,0.0,0.0,2.0438158717225806e-11,3.742620434875486e-11,8.890457814381136e-17,1.942890293094024e-16,2.0398190333601018e-11,3.738361890580531e-11,1.0972125985553305e-16,1.942890293094024e-16
4.5600000000000005,0,0.0,0.0,2.0438162429534052e-11,3.742621135703772e-11,1.0278236595162582e-16,1.5265566588595902e-16,2.0398194020322083e-11,3.7383625844699215e-11,4.7271214720367993e-17,9.71445146547012e-17
4.58,0,0.0,0.0,2.043816596359946e-11,3.742621806000924e-11,1.1362438767648086e-16,2.220446049250313e-16,2.0398197408237034e-11,3.7383632214603816e-11,7.936359902593892e-17,1.3877787807814457e-16
4.6000000000000005,0,0.0,0.0,2.0438169148551763e-11,3.742622408296914e-11,1.1232334506949826e-16,2.498001805406602e-16,2.039820043879895e-11,3.738363793225239e-11,9.497611030973019e-17,1.8041124150158794e-16
4.62,0,0.0,0.0,2.0438172373402703e-11,3.742622984225106e-11,3.859759734048396e-17,1.1102230246251565e-16,2.039820371005375e-11,3.738364385806778e-11,1.218643241873707e-16,1.6653345369377348e-16
4.64,0,0.0,0.0,2.0438175204037743e-11,3.742623494927698e-11,9.80118763926896e-17,8.326672684688674e-17,2.0398206681635063e-11,3.7383649270405017e-11,1.1319070680748666e-16,1.8041124150158794e-16
4.66,0,0.0,0.0,2.0438177991738373e-11,3.7426239820380484e-11,9.237402509576498e-17,1.5265566588595902e-16,2.039820951747426e-11,3.738365436355314e-11,7.589415207398531e-17,1.3877787807814457e-16
4.68,0,0.0,0.0,2.0438180826276532e-11,3.742624483026188e-11,7.676151381197371e-17,9.71445146547012e-17,2.0398212145146636e-11,3.7383659595479126e-11,6.635317295611287e-17,2.0816681711721685e-16
4.7,0,0.0,0.0,2.0438183480403452e-11,3.74262497013654e-11,1.7780915628762273e-17,8.326672684688674e-17,2.0398214759808592e-11,3.7383664133515746e-11,6.852157730108388e-17,8.326672684688674e-17
4.72,0,0.0,0.0,2.0438185929399323e-11,3.742625412837971e-11,3.209238430557093e-17,1.3877787807814457e-16,2.0398217054414064e-11,3.738366818582979e-11,6.678685382510707e-17,5.551115123125783e-17
4.74,0,0.0,0.0,2.0438188085660608e-11,3.7426258222327096e-11,7.19910242530375e-17,1.942890293094024e-16,2.03982194088675e-11,3.738367211324376e-11,5.637851296924623e-17,6.938893903907228e-17
4.76,0,0.0,0.0,2.0438190289193103e-11,3.7426262080352106e-11,3.859759734048396e-17,9.71445146547012e-17,2.039822157727185e-11,3.7383675901879817e-11,5.0306980803327406e-17,1.3877787807814457e-16
4.78,0,0.0,0.0,2.043819236652446e-11,3.742626567469916e-11,8.803721640582296e-17,6.938893903907228e-17,2.0398223575673297e-11,3.738367952398243e-11,1.5612511283791264e-17,2.7755575615628914e-17
4.8,0,0.0,0.0,2.0438194416967604e-11,3.742626919965725e-11,4.0332320816460765e-17,8.326672684688674e-17,2.039822559619246e-11,3.738368299342938e-11,4.2500725161431774e-17,6.938893903907228e-17
4.82,0,0.0,0.0,2.0438196223682105e-11,3.742627268298199e-11,5.2909066017292616e-17,6.938893903907228e-17,2.0398227285813125e-11,3.7383686310220666e-11,6.678685382510707e-17,4.163336342344337e-17
4.84,0,0.0,0.0,2.0438197876006214e-11,3.742627587487318e-11,5.160802341031001e-17,1.3877787807814457e-17,2.039822892816258e-11,3.7383689446600714e-11,4.206704429243757e-17,8.326672684688674e-17
4.86,0,0.0,0.0,2.0438199472819172e-11,3.742627849777507e-11,4.8138576458356397e-17,9.71445146547012e-17,2.0398230475102243e-11,3.738369234705836e-11,6.722053469410127e-17,8.326672684688674e-17
4.88,0,0.0,0.0,2.0438201073101577e-11,3.742628139823272e-11,5.117434254131581e-17,8.326672684688674e-17,2.039823212265587e-11,3.738369508098257e-11,4.206704429243757e-17,2.7755575615628914e-17
4.9,0,0.0,0.0,2.0438202477360234e-11,3.742628375745665e-11,3.686287386450715e-17,2.7755575615628914e-17,2.0398233490919e-11,3.7383697495717657e-11,2.8189256484623115e-17,5.551115123125783e-17
4.92,0,0.0,0.0,2.0438203771897624e-11,3.742628628321403e-11,1.6046192152785466e-17,2.7755575615628914e-17,2.039823500706732e-11,3.7383699979841694e-11,9.974659986866641e-18,6.938893903907228e-17
4.94,0,0.0,0.0,2.0438205039113126e-11,3.742628883672699e-11,4.5102810375396984e-17,8.326672684688674e-17,2.039823628208908e-11,3.7383702269676676e-11,2.6020852139652106e-17,1.1102230246251565e-16
4.96,0,0.0,0.0,2.04382062230619e-11,3.742629104329525e-11,2.8189256484623115e-17,4.163336342344337e-17,2.0398237467338892e-11,3.7383704587267245e-11,2.3852447794681098e-17,2.7755575615628914e-17
4.98,0,0.0,0.0,2.043820747509857e-11,3.742629300006333e-11,2.7321894746634712e-17,8.326672684688674e-17,2.0398238462636494e-11,3.738370662730205e-11,2.905661822261152e-17,0.0
5.0,1,0.6,-0.4,2.0438208786549516e-11,3.742629504009815e-11,9.107298248878237e-18,5.551115123125783e-17,2.0398239600181424e-11,3.73837088338703e-11,7.37257477290143e-17,6.938893903907228e-17
5.0200000000000005,1,0.6,-0.4,0.03297855492425378,-0.02198570323036285,0.7334116786400073,-0.4889411190173841,0.03222392221592751,-0.021453238623867076,0.814365565600124,-0.5421679809155471
5.04,1,0.6,-0.4,0.0628171590487922,-0.041878105978449875,0.8405790246557506,-0.560386016337388,0.06223329552327658,-0.04143367053265523,0.8243967649531024,-0.5488906766448097
5.0600000000000005,1,0.6,-0.4,0.09195273975132172,-0.061301826445141386,0.6999909102269688,-0.46666060675993526,0.09137610349469513,-0.0608386250056994,0.7008728788820501,-0.4666831251242575
5.08,1,0.6,-0.4,0.11807330205214132,-0.07871553464426738,0.8214439319104896,-0.5476292878067056,0.117509313336828,-0.07824098163446087,0.8218110690841236,-0.5472538878740526
5.1000000000000005,1,0.6,-0.4,0.14479630472224242,-0.09653086975600615,0.5630556450935824,-0.3753704300375532,0.1442459611836085,-0.0960464991274418,0.563345139062006,-0.3751663715375837
5.12,1,0.6,-0.4,0.16935372045496946,-0.11290248024297185,0.6078103657627875,-0.4052069104461577,0.168208730865607,-0.11200601522963888,0.6757165843791083,-0.45003677590914476
5.14,1,0.6,-0.4,0.19259883770128225,-0.12839922507232596,0.573627911944826,-0.38241860790854315,0.1916128490374164,-0.12759464247765925,0.562269498944225,-0.3745085919635798
5.16,1,0.6,-0.4,0.21354963184331788,-0.14236642116573994,0.6581777866280923,-0.43878519096514323,0.21318956689111399,-0.14196723412346937,0.5938864525838106,-0.39559849937503544
5.18,1,0.6,-0.4,0.2345267654230239,-0.1563511768840968,0.5016924918919183,-0.3344616612181232,0.23406285026705567,-0.15587232476416416,0.5140034323486912,-0.3424127367308394
5.2,1,0.6,-0.4,0.25384825151375656,-0.16923216760999582,0.5319015787913803,-0.35460105244692114,0.253400347477653,-0.1687553274582872,0.5317563688610452,-0.35426732837066527
5.22,1,0.6,-0.4,0.2721682418148649,-0.18144549447614708,0.5015621995315045,-0.33437479961580824,0.27173179086661164,-0.18096901143881272,0.501899294906704,-0.33440152729705624
5.24,1,0.6,-0.4,0.289517880886233,-0.1930119205225274,0.4751027695919151,-0.3167351796583229,0.28909308444517967,-0.19253719904584424,0.4754219082042914,-0.3167846102722073
5.26,1,0.6,-0.4,0.3067187899573372,-0.2044791932353893,0.3644642740578025,-0.24297618268494162,0.3063061757085548,-0.20400751560663902,0.3647230579715414,-0.2430419951808623
5.28,1,0.6,-0.4,0.32221027365746757,-0.2148068490344542,0.4283264907601468,-0.28555099376684073,0.3221950113526847,-0.21459623564292948,0.3857823371782544,-0.257095865784884
5.3,1,0.6,-0.4,0.33691273978705416,-0.2246084931197987,0.40245039464934246,-0.26830026303865867,0.33639836231315673,-0.2240624487490457,0.45667792266911705,-0.3043661108806183
5.32,1,0.6,-0.4,0.3507688081383099,-0.2338458720196013,0.38873297562532005,-0.2591553170260045,0.35035848643101586,-0.23336723901191675,0.3796682630474781,-0.2530599644368823
5.34,1,0.6,-0.4,0.3636004294845849,-0.24240028624956772,0.40100247026343555,-0.2673349800933854,0.3635606951730709,-0.242167533142154,0.36162777995139883,-0.241053812133417
5.36,1,0.6,-0.4,0.37670831431945284,-0.25113887613851804,0.27625725341644136,-0.18417150226669665,0.3766021199700975,-0.25086132042193116,0.28279084530595366,-0.18851682942688744
5.38,1,0.6,-0.4,0.3885024298965957,-0.2590016198558394,0.3261574705812093,-0.2174383136616734,0.38839638579291963,-0.2587243408728269,0.3258399416991873,-0.21723222674829487
5.4,1,0.6,-0.4,0.40022025046923826,-0.2668135002367673,0.24818981049974165,-0.16545987365429285,0.399864119213998,-0.2663702511161692,0.2757322284563112,-0.18384031471962828
5.42,1,0.6,-0.4,0.4104350769992316,-0.2736233845894263,0.3293034694937403,-0.2195356462533149,0.4104381514628171,-0.27342085411144085,0.29103501370714113,-0.1940583721195062
5.44,1,0.6,-0.4,0.4207270023777032,-0.28048466817431633,0.2458674353428909,-0.16391162354059513,0.4208940918419245,-0.28039324979308644,0.2267050565545202,-0.15117533884222817
5.46,1,0.6,-0.4,0.4302045551783737,-0.28680303670747487,0.26091868648536953,-0.17394579094465984,0.4303121515311234,-0.2866740503639634,0.26543884509607896,-0.17701855578374506
5.48,1,0.6,-0.4,0.43919093751074345,-0.29279395826177596,0.2460275298950159,-0.16401835322395872,0.4392886280380139,-0.2926608155270698,0.2455194899533973,-0.16374724511388125
5.5,1,0.6,-0.4,0.4480998504234972,-0.29873323353634595,0.18876962041193046,-0.12584641359958715,0.4481862017485207,-0.29859541158231234,0.1885367674798712,-0.12575266212319344
5.5200000000000005,1,0.6,-0.4,0.45612340854280525,-0.3040822722820663,0.22184456403546715,-0.14789637598237187,0.45619991001824123,-0.30394090565544385,0.2215722790550744,-0.1477988789656735
5.54,1,0.6,-0.4,0.46409474425272107,-0.3093964960881546,0.16883844413447965,-0.1125589627496871,0.4641617504686911,-0.30925220631439226,0.16863763326330605,-0.11249766243085008
5.5600000000000005,1,0.6,-0.4,0.47124525534296474,-0.31416350348120625,0.2016153336145134,-0.1344102223738841,0.4713040209527792,-0.31401715896431476,0.2013831436385099,-0.13435261841712956
5.58,1,0.6,-0.4,0.47835242575133385,-0.31890161708630954,0.15402134683603935,-0.10268089788665138,0.4784032604937966,-0.3187537626414613,0.15384961920887197,-0.10264847147721003
5.6000000000000005,1,0.6,-0.4,0.4847533205856508,-0.32316888030880775,0.18040445775606198,-0.12026963847252935,0.4847972586000434,-0.32302017005627115,0.1802102283457517,-0.12024582498222136
5.62,1,0.6,-0.4,0.49111484656993315,-0.32740989763125744,0.13786346312661413,-0.0919089754147358,0.49115216292516617,-0.3272608134890208,0.13772009125761653,-0.09190113709402027
5.64,1,0.6,-0.4,0.4968671957782343,-0.3312447971031629,0.15892301398770528,-0.10594867596281778,0.49689874483390195,-0.3310958261282063,0.15876393163643457,-0.10595232223131057
5.66,1,0.6,-0.4,0.502436253065656,-0.3349575019611051,0.13712698204489623,-0.09141798801857999,0.5023519066295538,-0.33473529979377675,0.1492743868665732,-0.09962702168900003
5.68,1,0.6,-0.4,0.5074534184692647,-0.33830227889660835,0.15762993833188946,-0.1050866255180927,0.507374836846646,-0.3380878894514614,0.15713532180711323,-0.10488146785957281
5.7,1,0.6,-0.4,0.5125638320797474,-0.3417092213032958,0.11049574976961135,-0.07366383317980038,0.5125856083306501,-0.3415661144151527,0.09947279951092441,-0.06639889274097771
5.72,1,0.6,-0.4,0.5172978307407404,-0.3448652204104115,0.11486289433685576,-0.07657526287818704,0.5172969129543369,-0.3447111976124026,0.11680197498146155,-0.07797256232662225
5.74,1,0.6,-0.4,0.5218607344296909,-0.34790715620281987,0.09917563865350254,-0.06611709243331268,0.5218571576726058,-0.3477556755594975,0.09907769469820063,-0.06614566038551721
5.76,1,0.6,-0.4,0.5259888782068095,-0.35065925205407017,0.11403852673351461,-0.07602568446909877,0.5259827521871641,-0.350510193596963,0.11396991214895982,-0.07609405581568722
5.78,1,0.6,-0.4,0.5299853953252982,-0.35332359679953484,0.0984065117776583,-0.06560434117814747,0.5299769610326392,-0.3531771934457382,0.0983497375455437,-0.06566988606598159
5.8,1,0.6,-0.4,0.5336876682247801,-0.35579177873238443,0.10180787126852572,-0.06787191416287398,0.5336772340043162,-0.35564811861332485,0.10175305389271974,-0.06794771276311892
5.82,1,0.6,-0.4,0.5372836787852826,-0.35818911910591206,0.08647901601750017,-0.05765267733848027,0.5373492265810199,-0.3581003458485766,0.07779207686561418,-0.051951232040858955
5.84,1,0.6,-0.4,0.5405994409744791,-0.3603996272319361,0.09126079117057254,-0.06084052743273511,0.5406433560156862,-0.3603004050639253,0.09288077303450709,-0.06203263840201058
5.86,1,0.6,-0.4,0.5438206576820408,-0.36254710503686655,0.07746299027041573,-0.05164199350813132,0.5438606193610389,-0.3624492892344206,0.07729307264658969,-0.051626017909164296
5.88,1,0.6,-0.4,0.5467778955466907,-0.36451859694653777,0.08318408881620773,-0.055456059198890635,0.5468137901697788,-0.36442193456399125,0.08307133004425026,-0.0554897012751336
5.9,1,0.6,-0.4,0.549664511097248,-0.3664430073134909,0.0693559595706774,-0.046237306376039906,0.5496965530279029,-0.36634769412887125,0.06926346691563834,-0.04626994956406315
5.92,1,0.6,-0.4,0.5523916127577728,-0.36826107508711053,0.06592229782847735,-0.04394819854705845,0.5524201176484869,-0.3681672473301317,0.06583690656327307,-0.04398432771063456
5.94,1,0.6,-0.4,0.5549087274456699,-0.36993915154565926,0.06926591225302234,-0.04617727482528817,0.5549963234999612,-0.36988848754624215,0.06226092353330348,-0.04159852774449416
5.96,1,0.6,-0.4,0.5572951634624416,-0.371530108890125,0.06533659113513314,-0.043557727415107196,0.5573637637852796,-0.37147036890062285,0.06658727158717365,-0.04449250733715726
5.98,1,0.6,-0.4,0.5595552056347259,-0.37303680367160863,0.06188898652097995,-0.04125932433951674,0.5596191770797901,-0.37297750909683036,0.061694026301802936,-0.04122610686635289
6.0,1,0.6,-0.4,0.5615719054066566,-0.3743812701862175,0.07236206864470199,-0.04824137907744399,0.5616313321349546,-0.37432219821391105,0.07220259104536284,-0.04825195974546588
6.0200000000000005,1,0.6,-0.4,0.563660033544068,-0.3757733556111161,0.049644197539139054,-0.03309613169209097,0.5637148534249908,-0.3757146798740873,0.04953466478564222,-0.03310568813574619
6.04,1,0.6,-0.4,0.5655811351636582,-0.377054090024166,0.0528977798017829,-0.03526518652728138,0.5656317886573546,-0.376995927115962,0.05278314976395366,-0.03527948939875529
6.0600000000000005,1,0.6,-0.4,0.5674476320746835,-0.37829842129816843,0.04488426954566021,-0.029922846361777052,0.5674495176344407,-0.37821095867046134,0.04976517638887601,-0.03326485360010233
6.08,1,0.6,-0.4,0.5692045437847028,-0.3794696957715036,0.043379927703794285,-0.02891995180040194,0.5692134552285355,-0.3793901239204537,0.04242775846621452,-0.028362410241269627
6.1000000000000005,1,0.6,-0.4,0.5708732959244509,-0.3805821971980041,0.040298164143268755,-0.026865442760039902,0.5708803330424158,-0.38050449307000506,0.04029194426800024,-0.026936738310259757
6.12,1,0.6,-0.4,0.572480272147332,-0.3816535146799253,0.03493104845431133,-0.023287365637205015,0.5724570120294221,-0.38155864301794223,0.03810473198872987,-0.025476484561781372
6.140000000000001,1,0.6,-0.4,0.5739981165389473,-0.38266541094101075,0.033056264936254715,-0.02203750995815975,0.5739756103591924,-0.38257404022796765,0.03300951007160358,-0.022071552201780947
6.16,1,0.6,-0.4,0.5754059817229303,-0.383603987730351,0.03415114766839623,-0.022767431776954387,0.5753837455017218,-0.383515651592928,0.03415999060614937,-0.02284265067288664
6.18,1,0.6,-0.4,0.5767334065769726,-0.38448893763305747,0.032770024666107206,-0.02184668310967591,0.5767114920606266,-0.3844035768472494,0.032777953685897546,-0.021920165591887267
6.2,1,0.6,-0.4,0.5779892627577238,-0.38532617508690636,0.030992748838487537,-0.020661832558129575,0.5779676996208896,-0.38524372573446636,0.031001448585339465,-0.02073373918776072
6.22,1,0.6,-0.4,0.579177330434925,-0.3861182202050584,0.029320016211662872,-0.01954667747371725,0.5791561445034872,-0.3860386166414762,0.02932935110227631,-0.019616960972537033
6.24,1,0.6,-0.4,0.5801704210608352,-0.38678028062237063,0.042276199785667795,-0.028184133177419638,0.5801495877558509,-0.38670313207017787,0.04229125356423821,-0.028288730354955834
6.26,1,0.6,-0.4,0.5812240528268714,-0.38748270179973837,0.028270556044650057,-0.01884703736253513,0.5812036283335378,-0.3874082287810796,0.028281591566545562,-0.0189189618274641
6.28,1,0.6,-0.4,0.5822805335181936,-0.3881870222606468,0.02023142256122131,-0.013487615043606155,0.582278774534214,-0.38812749930811224,0.0182160425590831,-0.012186515111498573
6.3,1,0.6,-0.4,0.5832158683218888,-0.3888105787964809,0.02594860934143116,-0.017299072891101178,0.5832098398531291,-0.3887504312810109,0.026349958737287175,-0.01762954234876099
6.32,1,0.6,-0.4,0.5840799062022373,-0.3893866040500778,0.027014960196961688,-0.01800997346066275,0.5840737762774275,-0.3893284936252283,0.02698899668697654,-0.018058487983507624
6.34,1,0.6,-0.4,0.5849399877127317,-0.3899599917237642,0.021121597599896805,-0.014081065067101023,0.5849336165574138,-0.38990385788621185,0.02111609173973121,-0.014129914084336627
6.36,1,0.6,-0.4,0.5857528639572829,-0.3905019092201621,0.020062666087174226,-0.013375110724693738,0.5857462984792177,-0.39044770814030827,0.020057880377093884,-0.013422844468747076
6.38,1,0.6,-0.4,0.5865389585216043,-0.39102597226307556,0.01708043791926793,-0.011386958614092372,0.5865322347186187,-0.39097370076191734,0.017077012710368766,-0.011428915210361884
6.4,1,0.6,-0.4,0.5872472632009353,-0.39149817538266396,0.01996208418743741,-0.013308056123303758,0.5872404240565561,-0.39144769827685966,0.019958850223900378,-0.013358661478082094
6.42,1,0.6,-0.4,0.5879539007041816,-0.3919692670515301,0.01495581207099874,-0.009970541381958032,0.5879469723450784,-0.39192063289412016,0.014953951004095911,-0.010009602340963885
6.44,1,0.6,-0.4,0.588590185936824,-0.3923934572066635,0.017593436681269656,-0.011728957785951627,0.5885832019112874,-0.3923465328601057,0.017591924715068936,-0.011776290024090056
6.46,1,0.6,-0.4,0.5891940688106894,-0.3927960457892746,0.016530050866744563,-0.011020033910275201,0.5891870541874922,-0.39275078955918474,0.016529243887646997,-0.011065757552165306
6.48,1,0.6,-0.4,0.5897775568908241,-0.39318503784272946,0.014369984006394887,-0.009579989338020999,0.5897834672080037,-0.39315009635828163,0.01293282283881108,-0.008658720505201159
6.5,1,0.6,-0.4,0.5902867257240301,-0.393524483731573,0.018351006549103058,-0.012234004362222798,0.5902887250381423,-0.39348840019750403,0.018692662472848155,-0.012516007858105364
6.5200000000000005,1,0.6,-0.4,0.5908145504114435,-0.3938763668565458,0.012546184664829228,-0.008364123110743494,0.5908162049536967,-0.393841607988542,0.012522706813594152,-0.008385413324732848
6.54,1,0.6,-0.4,0.5912867650019473,-0.39419117658358527,0.014856397184990183,-0.009904264787987794,0.5912880167828489,-0.3941575642540286,0.014844445961232314,-0.009940853088019343
6.5600000000000005,1,0.6,-0.4,0.591767911367515,-0.3945119408273281,0.010402884387648074,-0.006935256259840433,0.5917687754255684,-0.39447953565828614,0.010394501005928411,-0.00696137004086945
6.58,1,0.6,-0.4,0.5922010665993499,-0.3948007109819186,0.012208673857792847,-0.008139115904515989,0.5922015982588859,-0.3947694266389407,0.012199315436289132,-0.008170727748520262
6.6000000000000005,1,0.6,-0.4,0.592631561646802,-0.39508770768025214,0.009329441835268522,-0.00621962789136056,0.5926317787625391,-0.3950575695296708,0.009322633990662542,-0.0062444854039517845
6.62,1,0.6,-0.4,0.5930083492798243,-0.39533889943563394,0.012141622066504869,-0.00809441470953205,0.5930083056315766,-0.39530979413031025,0.01213322961345143,-0.008127718408036364
6.640000000000001,1,0.6,-0.4,0.5933665469738246,-0.395577697898329,0.011445508680616216,-0.0076303391196377995,0.5933662681727436,-0.39554960047029575,0.011438007336594648,-0.007662569374877042
6.66,1,0.6,-0.4,0.5937161529011262,-0.39581076851655816,0.00977474207881316,-0.006516494719281295,0.5937156570839893,-0.39578368027089117,0.009768684741552444,-0.006544731733222498
6.68,1,0.6,-0.4,0.5940643274565417,-0.396042884886868,0.007371349343463812,-0.004914232896589071,0.594063628296912,-0.3960168277581567,0.007367057553026017,-0.004936090137480273
6.7,1,0.6,-0.4,0.5943916836967353,-0.3962611223803627,0.007132552653728572,-0.004755035103268832,0.5943908061088976,-0.3962360607199017,0.007128670480975374,-0.004776735894050491
6.72,1,0.6,-0.4,0.5947010112019265,-0.3964673407171882,0.006736390293457538,-0.004490926863094808,0.5946999769538228,-0.39644324404232095,0.006732984020480184,-0.0045119528799826055
6.74,1,0.6,-0.4,0.5949646383857264,-0.3966430921730871,0.009546990124080328,-0.006364660080971913,0.5949720690102167,-0.3966255942108586,0.008588283561426574,-0.005755700059798424
6.76,1,0.6,-0.4,0.5952441259123834,-0.39682941719088644,0.005852476313797476,-0.0039016508769443518,0.5952435327902391,-0.3968075367061182,0.006665115167544512,-0.004467152776533648
6.78,1,0.6,-0.4,0.5954943408408078,-0.39699622714319777,0.007056485472248311,-0.004704323647979033,0.5954948757663738,-0.39697600662584964,0.006912385167715994,-0.004633243097756083
6.8,1,0.6,-0.4,0.5957328485048101,-0.39715523225255983,0.00652334416517944,-0.004348896110153287,0.5957390195311336,-0.3971396634169924,0.005871300441288439,-0.00393572085303515
6.82,1,0.6,-0.4,0.5959586745412977,-0.3973057829435782,0.006184273731951656,-0.004122849154659051,0.5959579485545908,-0.3972864293673798,0.006884672998066159,-0.004615373221372969
6.84,1,0.6,-0.4,0.5961778226626144,-0.39745188169114903,0.005271074044101785,-0.0035140493631686757,0.5961772135988528,-0.3974334313519819,0.005243760995059285,-0.0035155914877659043
6.86,1,0.6,-0.4,0.5963798983989252,-0.3975865988487156,0.0055617611793209246,-0.0037078407861830566,0.5963791788423038,-0.39756884551896515,0.005559923579315777,-0.003727844356913942
6.88,1,0.6,-0.4,0.5965797093905488,-0.3977198061764893,0.004332286864636818,-0.0028881912438376064,0.596582794371299,-0.397705376517477,0.0038972359054082195,-0.0026132313294835695
6.9,1,0.6,-0.4,0.5967604022763588,-0.3978402681003877,0.004992007660875181,-0.003328005107179873,0.5967624038213737,-0.3978258203243801,0.0050731677282526005,-0.003402006911324938
6.92,1,0.6,-0.4,0.596936086232481,-0.3979573907378258,0.004224168235285201,-0.00281611215727115,0.5969336748521458,-0.39794068104454083,0.004684084422417072,-0.0031413333568780857
6.94,1,0.6,-0.4,0.5970973682300775,-0.39806491206957895,0.004536711594056386,-0.0030244743961191922,0.5970958430223825,-0.3980494452547547,0.004441015006402163,-0.002978545574172894
6.96,1,0.6,-0.4,0.5972510161847058,-0.3981673440393529,0.004202823383431323,-0.0028018822557558613,0.5972494362662399,-0.39815246613278604,0.00420596146450819,-0.002821110143323098
6.98,1,0.6,-0.4,0.5974000835485674,-0.3982667222819489,0.00358561636724878,-0.0023904109118677713,0.5973949062954869,-0.39825004581434276,0.003983526017330624,-0.0026721150105418565
7.0,1,0.6,-0.4,0.5975369413084887,-0.3983579607885832,0.0038496508879495087,-0.0025664339254117315,0.5975326827954915,-0.3983424717272451,0.0037728474112118868,-0.0025309843509641744
7.0200000000000005,1,0.6,-0.4,0.597670530602888,-0.39844702031820295,0.0032097157856416925,-0.0021398105241399804,0.5976663886349425,-0.3984321736474377,0.0032159802037099172,-0.0021575770331122863
7.04,1,0.6,-0.4,0.5977967377801027,-0.3985311584363661,0.0030508092843537504,-0.0020338728565378016,0.5977950514448975,-0.39851849895345914,0.00279697015211592,-0.0018766084445869542
7.0600000000000005,1,0.6,-0.4,0.5979206744221759,-0.39861378286443466,0.0023780563957315065,-0.0015853709311120581,0.5979189663054747,-0.3986016452058618,0.0023821118298826757,-0.0015983876905380917
7.08,1,0.6,-0.4,0.5980300379241171,-0.3986866918657471,0.0030889014882579183,-0.002059267658894793,0.5980311280688559,-0.39867691122751686,0.0027803803170036376,-0.0018657738563393027
7.1000000000000005,1,0.6,-0.4,0.598136886210895,-0.39875792405694993,0.0025667908619751156,-0.001711193908315263,0.5981373324600479,-0.3987481850310189,0.002620766559557265,-0.0017588005323425967
7.12,1,0.6,-0.4,0.5982353867729158,-0.39882359109831433,0.002711172108399877,-0.001807448072366543,0.5982357638824392,-0.3988142474443304,0.0027065213792134488,-0.0018164928063482515
7.140000000000001,1,0.6,-0.4,0.598331079531524,-0.39888738627073633,0.002301191125327,-0.0015341274171852496,0.5983313719609894,-0.3988784197954928,0.0022992520665304564,-0.0015432686382881727
7.16,1,0.6,-0.4,0.5984193140112636,-0.3989462092572454,0.0024285094119203335,-0.0016190062747164068,0.5984195324102007,-0.3989375978492113,0.0024264722524737076,-0.0016287847835256518
7.18,1,0.6,-0.4,0.5985006808886464,-0.3990004538421821,0.002544862374703201,-0.0016965749164549269,0.5985008339954629,-0.39899217595640757,0.002542825256201482,-0.0017070162049675885
7.2,1,0.6,-0.4,0.5985801168060089,-0.399053411120438,0.0021630355627206763,-0.0014420237086684197,0.5985802090311394,-0.3990454646593083,0.0021613820274736448,-0.0014510570755723474
7.22,1,0.6,-0.4,0.5986600138669996,-0.39910667582778003,0.0015295724135092129,-0.001019714942797222,0.5986600478408431,-0.3990990687837858,0.001528458585209086,-0.0010262155903754486
7.24,1,0.6,-0.4,0.5987325119471942,-0.3991550078812573,0.001766076474139719,-0.0011773843162910594,0.5987324959196505,-0.3991477146290066,0.0017648609694164777,-0.0011850335594218928
7.26,1,0.6,-0.4,0.59879923496576,-0.3991994898936473,0.0018763758466101982,-0.0012509172312222122,0.5987991754552221,-0.39919249059248524,0.0018751546976018066,-0.0012591870884079374
7.28,1,0.6,-0.4,0.598865515761149,-0.3992436770905859,0.0014364658845351513,-0.0009576439233817801,0.5988654154992472,-0.3992369747602778,0.0014355840544560475,-0.0009640827501938426
7.3,1,0.6,-0.4,0.5989252104655829,-0.39928347356022054,0.0016824491695828087,-0.0011216327798507873,0.5989250758129744,-0.3992770433908006,0.0016814813010825463,-0.001129306284912342
7.32,1,0.6,-0.4,0.5989821043047073,-0.39932140278631506,0.0015561245320867487,-0.001037416354876296,0.5989819389585483,-0.39931523624353804,0.0015552879873053857,-0.0010446329343119388
7.34,1,0.6,-0.4,0.5990344981473547,-0.3993563320147578,0.001639121168171817,-0.0010927474454693348,0.5990357809467378,-0.3993514026171342,0.0014744706119289783,-0.000990425027838639
7.36,1,0.6,-0.4,0.5990869054411154,-0.39939127021060916,0.001253606318184268,-0.0008357375456978927,0.5990878113886419,-0.39938635479087486,0.001281380885671514,-0.0008607870678145769
7.38,1,0.6,-0.4,0.5991351781090458,-0.3994234519892401,0.0013288903167590974,-0.0008859268779430017,0.5991346891054061,-0.3994178479509934,0.0014728021812466865,-0.0009894544197060328
7.4,1,0.6,-0.4,0.5991818769087756,-0.3994545845224031,0.0011499503991080004,-0.0007666335996267051,0.5991816283426816,-0.3994493847429741,0.0011226046708024823,-0.0007542408270126925
7.42,1,0.6,-0.4,0.5992237354078295,-0.39948249018844845,0.001345483078617045,-0.0008969887191150952,0.5992246772401227,-0.39947830999582407,0.001211052157258384,-0.0008137270372213842
7.44,1,0.6,-0.4,0.5992650747081569,-0.39951004972200943,0.00109637026707593,-0.0007309135115271346,0.5992656909308947,-0.39950586980605357,0.0011218690493468436,-0.0007538608854219739
7.46,1,0.6,-0.4,0.5993049183986526,-0.39953661218234904,0.0009595530416067546,-0.0006397020279179447,0.5993054833536445,-0.3995326109766463,0.0009571554625243534,-0.0006432267311854215
7.48,1,0.6,-0.4,0.5993424334367515,-0.39956162220775676,0.0009262581623936741,-0.0006175054417803319,0.5993429428190772,-0.39955778630797734,0.0009249082581364518,-0.0006216028975087728
7.5,1,0.6,-0.4,0.5993760776210957,-0.39958405166399413,0.0010813868301825652,-0.0007209245535024517,0.5993765385885093,-0.39958036669744257,0.0010798311886755507,-0.0007257775460370753
7.5200000000000005,1,0.6,-0.4,0.5994099510557993,-0.3996066339538046,0.0008093197679086631,-0.0005395465121149443,0.5994095562953288,-0.399602560157316,0.0008979838893406408,-0.0006035989197422983
7.54,1,0.6,-0.4,0.5994431411107178,-0.39962876065709174,0.0006369757662702397,-0.0004246505110642694,0.5994428676234208,-0.39962495266964576,0.0006235169302404447,-0.00041914145892976186
7.5600000000000005,1,0.6,-0.4,0.5994716022659037,-0.39964773476055615,0.0009191428083039493,-0.000612761872237657,0.599471321073801,-0.39964408116238487,0.0009192880942631779,-0.0006180137254595455
7.58,1,0.6,-0.4,0.5995002906144974,-0.39966686032629245,0.0006852932700552941,-0.00045686218018782705,0.5995000056860476,-0.39966336644539036,0.0006851925662086644,-0.0004606716077190827
7.6000000000000005,1,0.6,-0.4,0.5995273630975021,-0.3996849086483026,0.0006545628524838101,-0.00043637523511384085,0.5995270755792423,-0.3996815675224398,0.0006545017545447548,-0.00044007104741647894
7.62,1,0.6,-0.4,0.5995534394826989,-0.39970229290510717,0.0005668128229807876,-0.0003778752154701692,0.5995531504696497,-0.39969910093872874,0.0005667808031483632,-0.00038111840825829496
7.640000000000001,1,0.6,-0.4,0.599576937024322,-0.3997179579328621,0.000662224325687473,-0.0004414828838728499,0.5995759853623672,-0.39971445689919033,0.0007357917626337335,-0.0004948045561442554
7.66,1,0.6,-0.4,0.5996002897653525,-0.3997335264268884,0.0005060882230536815,-0.0003373921488557582,0.5995994853441137,-0.3997302612555021,0.0004946359736660161,-0.00033265703491073585
7.68,1,0.6,-0.4,0.5996214062630179,-0.39974760409200444,0.0005833959656618912,-0.0003889306438504374,0.599620625990614,-0.3997444800163145,0.0005846558080915415,-0.0003932286079248379
7.7,1,0.6,-0.4,0.5996423817617622,-0.3997615877578396,0.00044428929912852105,-0.00029619286622880117,0.5996416308623664,-0.3997586085146926,0.0004448946166239129,-0.0002992503578558101
7.72,1,0.6,-0.4,0.599662491424056,-0.3997749941993744,0.00038675358646172303,-0.00025783572443983244,0.5996613820282264,-0.39977189478207276,0.00043034250386379813,-0.0002894844044325721
7.74,1,0.6,-0.4,0.5996806942796529,-0.39978712943644396,0.00045122737640826416,-0.00030081825104021596,0.599679704256789,-0.3997842207880542,0.0004444434783502302,-0.0002989936758584621
7.76,1,0.6,-0.4,0.5996971153679926,-0.3997980768286752,0.0005157838208266,-0.00034385588059106936,0.5996966278574491,-0.3997956067599601,0.00046564317612614314,-0.0003132795746255256
7.78,1,0.6,-0.4,0.5997139102903266,-0.39980927344356926,0.0003538884649036886,-0.000235925643389822,0.5997133612771759,-0.39980686562702905,0.0003628154161401595,-0.0002441161540058332
7.8,1,0.6,-0.4,0.5997290213349001,-0.39981934747328945,0.0004178877350036955,-0.0002785918233921339,0.5997284942299645,-0.3998170484334806,0.00041807911111793605,-0.00028132199759024756
7.82,1,0.6,-0.4,0.5997437166613293,-0.3998291443575798,0.0003533223506105576,-0.000235548233833505,0.5997432082319912,-0.39982695007191915,0.0003537860514655211,-0.00023807760394099244
7.84,1,0.6,-0.4,0.5997568932077748,-0.3998379287218808,0.0004143663959329455,-0.00027624426398894196,0.5997564021291052,-0.3998358294517945,0.0004149121143251361,-0.0002792332826382308
7.86,1,0.6,-0.4,0.5997697739392628,-0.39984651587620984,0.00035065732492649965,-0.00023377155002719807,0.5997693002818367,-0.3998445104280473,0.00035113231527318656,-0.00023632713956144025
7.88,1,0.6,-0.4,0.599781957499621,-0.39985463824978573,0.0003337115577335195,-0.0002224743718768473,0.5997815007751285,-0.39985272246698517,0.00033417596497914426,-0.0002249315701823868
7.9,1,0.6,-0.4,0.5997931808848862,-0.3998621205066326,0.00035109836378201253,-0.00023406557589085789,0.5997930566160373,-0.399860501178072,0.00031644003662695264,-0.0002130095720477461
7.92,1,0.6,-0.4,0.599804138457272,-0.39986942555489313,0.000298371408940179,-0.00019891427269142122,0.5998039485036942,-0.3998678335057753,0.00030557048717599206,-0.00020570789153319738
7.94,1,0.6,-0.4,0.5998147589757044,-0.39987650590051804,0.0002555084025488777,-0.00017033893509391454,0.5998143191593871,-0.3998748154611129,0.00028370622574663135,-0.00019100352291669814
7.96,1,0.6,-0.4,0.5998245099407611,-0.3998830065438923,0.00027428243309945977,-0.0001828549554475714,0.5998243812544776,-0.3998815901879781,0.00024202964239334462,-0.00016295717819002353
7.98,1,0.6,-0.4,0.5998342338435884,-0.3998894891457803,0.00020581972127615283,-0.0001372131475849258,0.5998340639085411,-0.3998881099425973,0.00021048875430468295,-0.0001417315272133398
8.0,1,0.6,-0.4,0.599842989759831,-0.3998953264232782,0.00024210251249673354,-0.00016140167504836989,0.5998428245802305,-0.3998940093444616,0.00024200950257454584,-0.00016296877796135797
8.02,1,0.6,-0.4,0.5998516887560483,-0.3999011257540926,0.0001842505364672148,-0.00012283369104703137,0.5998513425463295,-0.3998997457371136,0.00020480822441568125,-0.00013792784080049296
8.040000000000001,1,0.6,-0.4,0.5998598682306611,-0.39990657873717045,0.00017821593085162735,-0.0001188106206258567,0.5998595663585424,-0.39990528445814444,0.0001751011523930604,-0.00011793065855602268
8.06,1,0.6,-0.4,0.5998670671053001,-0.39991137798693227,0.00022722008489528545,-0.00015148005663209382,0.5998667746120141,-0.39991013958167426,0.00022770474316436556,-0.0001533711664603865
8.08,1,0.6,-0.4,0.5998744384639172,-0.3999162922260128,0.00015529110007935637,-0.00010352740010334018,0.5998741573061391,-0.3999151125601493,0.00015552476001517296,-0.00010476179175742707
8.1,1,0.6,-0.4,0.5998812122803336,-0.3999208081036262,0.0001676563595352093,-0.00011177090639616014,0.5998809417646107,-0.39991968292740154,0.00016791999185131884,-0.00011311989687505172
8.120000000000001,1,0.6,-0.4,0.5998876492854461,-0.39992509944037014,0.00015543120048035902,-0.00010362080036491542,0.5998873891270533,-0.399924026538427,0.00015568155881456186,-0.0001048835832636319
8.14,1,0.6,-0.4,0.5998937364798962,-0.3999291575700057,0.00014711907057207707,-9.807938041019905e-05,0.5998934863485984,-0.39992813457271753,0.0001473616568121658,-9.928600339883034e-05
8.16,1,0.6,-0.4,0.5998995992593259,-0.39993306608962753,0.00012743802617180833,-8.495868416542006e-05,0.5998993590103818,-0.3999320916126576,0.00012765294489920642,-8.60135791346927e-05
8.18,1,0.6,-0.4,0.5999048822416979,-0.3999365880778774,0.0001488887230665717,-9.925914875058388e-05,0.5999045256120913,-0.3999355731742103,0.00016308908369261355,-0.00010989942971609962
8.2,1,0.6,-0.4,0.5999100412311522,-0.39994002740418205,0.00012394413375305807,-8.262942254148517e-05,0.5999097048464693,-0.3999390635008874,0.00012384209284400927,-8.345848558541195e-05
8.22,1,0.6,-0.4,0.5999146663407915,-0.39994311081061,0.00014545133820187406,-9.696755882039783e-05,0.5999143439669092,-0.399942190079859,0.00014591886419777073,-9.834373623487415e-05
8.24,1,0.6,-0.4,0.5999193981239448,-0.39994626533271393,9.969901867494524e-05,-6.646601248279545e-05,0.5999190904632581,-0.39994538925773804,0.00010000844669169617,-6.740678008897334e-05
8.26,1,0.6,-0.4,0.599923761415662,-0.3999491741938602,0.00010596094200258921,-7.064062804335372e-05,0.5999235631529382,-0.3999484041241892,9.566516378002599e-05,-6.44843637972025e-05
8.28,1,0.6,-0.4,0.5999278762957927,-0.39995191744728237,0.00010158151504750107,-6.772101004671321e-05,0.5999275822592387,-0.39995111345970014,0.0001133026004988269,-7.637898625377504e-05
8.3,1,0.6,-0.4,0.5999319335905332,-0.39995462231044415,7.781990829058838e-05,-5.187993890071185e-05,0.5999316549145072,-0.3999538590968175,7.791432248952651e-05,-5.252712047358783e-05
8.32,1,0.6,-0.4,0.599935513585511,-0.39995700897376407,0.00010111530350196546,-6.741020236531586e-05,0.5999352471371292,-0.3999562810360394,0.00010146511118513946,-6.840965549990106e-05
8.34,1,0.6,-0.4,0.5999390112503906,-0.39995934075035183,8.40235455096261e-05,-5.6015697037772524e-05,0.5999387569110217,-0.39995864756117633,8.431444846718206e-05,-5.685067355652024e-05
8.36,1,0.6,-0.4,0.5999420482925847,-0.3999613654451491,0.00010956773509462198,-7.304515674070276e-05,0.5999418045826372,-0.3999607026626172,0.00010995141947921921,-7.414254630096553e-05
8.38,1,0.6,-0.4,0.5999452500128151,-0.3999634999253039,6.901019720749468e-05,-4.600679817126467e-05,0.5999450799506273,-0.39996291145953317,6.232881620121117e-05,-4.203252403417977e-05
8.4,1,0.6,-0.4,0.5999479735952785,-0.39996531564694726,9.866963105038817e-05,-6.57797540473317e-05,0.599947884960056,-0.39996480321293587,9.06000865373846e-05,-6.110257270633412e-05
8.42,1,0.6,-0.4,0.599950861328699,-0.3999672408025621,6.046815831824148e-05,-4.031210557258434e-05,0.5999507611139202,-0.399966743086772,6.214955124406174e-05,-4.19179713708126e-05
8.44,1,0.6,-0.4,0.599953446602731,-0.39996896431858436,7.290913632691104e-05,-4.86060909095868e-05,0.5999533502279398,-0.3999684894973643,7.297616517636801e-05,-4.9224004899399085e-05
8.46,1,0.6,-0.4,0.5999560163210407,-0.39997067746412523,5.5688803028260125e-05,-3.7125868709826995e-05,0.5999559235423166,-0.3999702253792124,5.576743453002131e-05,-3.761913490728935e-05
8.48,1,0.6,-0.4,0.5999584422120101,-0.3999722947247725,5.283488730184471e-05,-3.522325821885865e-05,0.5999583529276977,-0.399971864298375,5.291102586429258e-05,-3.569505019407164e-05
8.5,1,0.6,-0.4,0.5999606289565945,-0.39997375255449635,6.162615796158344e-05,-4.108410532781617e-05,0.5999605517313279,-0.3999733477764949,6.0736925573928735e-05,-4.0977826162769473e-05
8.52,1,0.6,-0.4,0.5999626560546342,-0.3999751039531902,6.333693470511603e-05,-4.22246231568061e-05,0.599962569815973,-0.39997470942939933,6.471143970473991e-05,-4.3662536508620384e-05
8.540000000000001,1,0.6,-0.4,0.5999647267013966,-0.39997648438436595,4.364058765601864e-05,-2.9093725128964687e-05,0.5999646442213421,-0.3999761091835819,4.367190476088634e-05,-2.9468768339455803e-05
8.56,1,0.6,-0.4,0.5999666720243989,-0.39997778126636835,4.2388659772359116e-05,-2.82591065325008e-05,0.5999665927850897,-0.39997742412638604,4.246010404557882e-05,-2.8653255037935227e-05
8.58,1,0.6,-0.4,0.5999684257249601,-0.3999789504000765,4.942181159191261e-05,-3.294787440843647e-05,0.5999683078429782,-0.3999785815825111,5.4132737543406695e-05,-3.653315639741937e-05
8.6,1,0.6,-0.4,0.5999701752777609,-0.39998011676861117,3.7028938570958514e-05,-2.4685959061269622e-05,0.59997006405538,-0.3999797668984996,3.699789102905998e-05,-2.4970988536385588e-05
8.620000000000001,1,0.6,-0.4,0.599971744471657,-0.39998116289787594,4.424548256982963e-05,-2.949698839384632e-05,0.5999716380225631,-0.39998082929544715,4.438379703017997e-05,-2.9958239889171095e-05
8.64,1,0.6,-0.4,0.5999732703585337,-0.39998218015579434,3.755597858352833e-05,-2.5037319067857527e-05,0.5999731686353365,-0.39998186250528633,3.7672265863743226e-05,-2.5429966185631925e-05
8.66,1,0.6,-0.4,0.5999747187626726,-0.39998314575855415,3.4981195107551544e-05,-2.3320796755382442e-05,0.5999745864891126,-0.39998281967170896,3.898991004722824e-05,-2.6321447312578627e-05
8.68,1,0.6,-0.4,0.599976113579711,-0.39998407563658034,3.0319249965091166e-05,-2.0212833331348726e-05,0.5999759935120959,-0.39998376959710363,2.98081137985462e-05,-2.0124464488915916e-05
8.700000000000001,1,0.6,-0.4,0.5999773406557961,-0.39998489368730433,3.873383252153001e-05,-2.5822555020427185e-05,0.5999772256807752,-0.39998460153760357,3.893048395052501e-05,-2.628532169265778e-05
8.72,1,0.6,-0.4,0.5999786381842324,-0.39998575870626246,2.1911948407518644e-05,-1.4607965619953603e-05,0.5999785289249002,-0.3999854815308298,2.2008065333666005e-05,-1.486059679400159e-05
8.74,1,0.6,-0.4,0.5999797612582646,-0.3999865074222845,3.178554601768885e-05,-2.1190364025133746e-05,0.5999796857228218,-0.3999862627018041,2.8734119905227118e-05,-1.9403813599293274e-05
8.76,1,0.6,-0.4,0.5999808827323794,-0.3999872550716949,2.3731751816753743e-05,-1.58211678850384e-05,0.5999808058508769,-0.39998701916730955,2.433546448614432e-05,-1.643470287124478e-05
8.78,1,0.6,-0.4,0.5999819140906009,-0.3999879426438431,2.5524792633471738e-05,-1.7016528433451417e-05,0.5999818444048677,-0.3999877205969194,2.5194757001613388e-05,-1.7016355852038714e-05
8.8,1,0.6,-0.4,0.5999829346191952,-0.3999886229962397,1.9168752104087305e-05,-1.2779168078678668e-05,0.5999828454304954,-0.3999883967318208,2.1757580712586377e-05,-1.469601198631973e-05
8.82,1,0.6,-0.4,0.5999838549441299,-0.3999892365461966,2.2822535281658007e-05,-1.5215023533108468e-05,0.5999837736298904,-0.3999890237252393,2.2517270646303655e-05,-1.5210336385249393e-05
8.84,1,0.6,-0.4,0.5999847298439371,-0.3999898198127352,2.1124256874366365e-05,-1.4082837921588348e-05,0.5999846713277348,-0.3999896301611446,1.9107641643804907e-05,-1.290812701885101e-05
8.86,1,0.6,-0.4,0.5999855571868343,-0.39999037137466703,1.9995786334978116e-05,-1.3330524232796695e-05,0.5999854977577933,-0.39999018849596757,2.0451006352839585e-05,-1.3816689054717626e-05
8.88,1,0.6,-0.4,0.5999863540286994,-0.39999090260257747,1.7320786268266997e-05,-1.154719085268846e-05,0.5999862974015948,-0.3999907287749211,1.737398737894358e-05,-1.1738746770795228e-05
8.9,1,0.6,-0.4,0.5999870902798634,-0.3999913934366872,1.8212639826438448e-05,-1.214175989061421e-05,0.599987036212555,-0.39999122799086345,1.827612115816446e-05,-1.2349229329269157e-05
8.92,1,0.6,-0.4,0.5999878025887667,-0.3999918683092897,1.54765435649018e-05,-1.0317695724992512e-05,0.5999877510263436,-0.3999917110284183,1.5530979254760324e-05,-1.0495123955357386e-05
8.94,1,0.6,-0.4,0.5999884606839849,-0.39999230703943556,1.627942351672268e-05,-1.0852949016360719e-05,0.599988411461534,-0.39999215735403304,1.6337321359437273e-05,-1.1040866744789143e-05
8.96,1,0.6,-0.4,0.5999890859892641,-0.399992723909622,1.5099246049615767e-05,-1.0066164040504685e-05,0.5999890238604625,-0.39999257124761967,1.6837261138200055e-05,-1.1379606624950522e-05
8.98,1,0.6,-0.4,0.5999896881381769,-0.3999931253422308,1.3089005241898044e-05,-8.726003497681878e-06,0.5999896315561046,-0.3999929819929288,1.287427242180339e-05,-8.701832335120813e-06
9.0,1,0.6,-0.4,0.5999902307394341,-0.39999348707640264,1.529196541251443e-05,-1.0194643611653384e-05,0.5999901767182879,-0.3999933505002208,1.537130834546041e-05,-1.0390391232231386e-05
9.02,1,0.6,-0.4,0.599990772062647,-0.3999938479585448,1.1456978461131528e-05,-7.637985638849626e-06,0.5999907206722136,-0.3999937182177509,1.1512465676537242e-05,-7.782554126268756e-06
9.040000000000001,1,0.6,-0.4,0.5999912575814734,-0.39999417163776274,1.3689841345428111e-05,-9.126560895134084e-06,0.5999911969445855,-0.39999404020696255,1.5048395016127591e-05,-1.0173666554928046e-05
9.06,1,0.6,-0.4,0.5999917401588872,-0.39999449335603887,1.045805832545349e-05,-6.9720388912956205e-06,0.5999916722327596,-0.3999943615539624,1.1669247319982812e-05,-7.889708588997013e-06
9.08,1,0.6,-0.4,0.5999921747801144,-0.3999947831035239,1.2249475929426712e-05,-8.166317294356143e-06,0.5999921122908876,-0.39999465910399673,1.2102402931681022e-05,-8.18319836018433e-06
9.1,1,0.6,-0.4,0.5999926083829169,-0.39999507217205904,9.177081167467682e-06,-6.118054119642197e-06,0.5999925397446683,-0.39999494815285996,1.0279638014247527e-05,-6.9512272022446975e-06
9.120000000000001,1,0.6,-0.4,0.5999930071550278,-0.39999533802013315,9.869069478911363e-06,-6.579379658097975e-06,0.5999929436640438,-0.3999952213082625,9.76364589842793e-06,-6.60280632697012e-06
9.14,1,0.6,-0.4,0.5999933943281167,-0.399995596135526,8.235052456652403e-06,-5.490034977566338e-06,0.5999933415164624,-0.3999954903812562,7.479206349074452e-06,-5.0583049398846e-06
9.16,1,0.6,-0.4,0.5999937597545354,-0.3999958397531386,7.813566876881117e-06,-5.2090445855825646e-06,0.5999937083748187,-0.3999957385122426,8.008883351687257e-06,-5.416954316495026e-06
9.18,1,0.6,-0.4,0.5999940880917685,-0.39999605864462756,9.256197259319143e-06,-6.170798172912967e-06,0.5999940298957575,-0.3999959559952438,1.035928556984006e-05,-7.0072339123580796e-06
9.200000000000001,1,0.6,-0.4,0.5999944073547008,-0.39999627148658246,7.857907585881452e-06,-5.238605072758681e-06,0.5999943538103294,-0.3999961751129022,7.73831603864683e-06,-5.234739750592174e-06
9.22,1,0.6,-0.4,0.599994703086912,-0.3999964686413901,8.132396850719925e-06,-5.421597904646178e-06,0.5999946521072966,-0.3999963769164271,8.212173991786753e-06,-5.5557091737396674e-06
9.24,1,0.6,-0.4,0.5999950021444483,-0.3999966680130811,5.595349233389335e-06,-3.730232835445768e-06,0.5999949538427235,-0.3999965810612462,5.645219031194526e-06,-3.8193930392161485e-06
9.26,1,0.6,-0.4,0.5999952716739216,-0.39999684769939675,6.684305126035406e-06,-4.4562034240257925e-06,0.5999952257947707,-0.3999967650701629,6.744394315673363e-06,-4.563416609258339e-06
9.28,1,0.6,-0.4,0.5999955268999747,-0.39999701785009895,6.2980597569164964e-06,-4.1987065115978855e-06,0.5999954833246796,-0.3999969393338588,6.3549162657855485e-06,-4.300211868089529e-06
9.3,1,0.6,-0.4,0.5999957569331043,-0.39999717120551875,7.226596016415843e-06,-4.8177306819618265e-06,0.5999957154430569,-0.39999709641401804,7.292118293471261e-06,-4.934771788920808e-06
9.32,1,0.6,-0.4,0.5999959882317222,-0.39999732540459754,5.399960073024235e-06,-3.5999733874851614e-06,0.5999959433977157,-0.39999725068749925,6.054581386708002e-06,-4.097598658603374e-06
9.34,1,0.6,-0.4,0.599996193442803,-0.39999746221198484,6.603273811203736e-06,-4.40218254704923e-06,0.5999961520081972,-0.3999973918799149,6.53425972842181e-06,-4.4225545485412215e-06
9.36,1,0.6,-0.4,0.5999964045526089,-0.39999760295185566,4.443766803891025e-06,-2.9625111991268827e-06,0.5999963652340811,-0.39999753620651984,4.493450861391135e-06,-3.0415020265319587e-06
9.38,1,0.6,-0.4,0.5999966034430733,-0.3999977355454987,4.254143675580524e-06,-2.836095782297876e-06,0.5999965661660034,-0.39999767222225746,4.297654326745892e-06,-2.9091959884257335e-06
9.4,1,0.6,-0.4,0.5999967821577096,-0.3999978546885896,5.038136157903272e-06,-3.3587574457660113e-06,0.5999967467209132,-0.39999779445377037,5.090022886754253e-06,-3.4458338110908426e-06
9.42,1,0.6,-0.4,0.5999969604628919,-0.3999979735587113,3.7737434447904228e-06,-2.515828963912947e-06,0.5999969230560998,-0.39999791383734606,4.236390421775982e-06,-2.8681587758185023e-06
9.44,1,0.6,-0.4,0.5999971244448082,-0.39999808287998895,4.058330920667097e-06,-2.705553954743603e-06,0.5999970896505497,-0.39999802663473905,4.02711168294434e-06,-2.7266766109527996e-06
9.46,1,0.6,-0.4,0.5999972862113703,-0.39999819072436377,3.1025771664652813e-06,-2.0683847766454766e-06,0.599997250115101,-0.3999981352899675,3.487975691364442e-06,-2.3618140655209258e-06
9.48,1,0.6,-0.4,0.5999974325750111,-0.3999982883001244,3.6283460285307934e-06,-2.41889735655941e-06,0.5999973989073897,-0.3999982360493047,3.6095569697705554e-06,-2.444331713600048e-06
9.5,1,0.6,-0.4,0.5999975747284453,-0.39999838306908064,3.0233755545644447e-06,-2.0155836963492435e-06,0.5999975455668614,-0.39999833537185425,2.756694422401118e-06,-1.866928793999717e-06
9.52,1,0.6,-0.4,0.5999977028396755,-0.39999846847656756,3.5417078984786854e-06,-2.3611385975928073e-06,0.5999976745658792,-0.39999842274108066,3.6447469319716985e-06,-2.468539687982066e-06
9.540000000000001,1,0.6,-0.4,0.5999978274177432,-0.3999985515286128,2.995291175339476e-06,-1.9968607896016927e-06,0.599997800612315,-0.3999985081167875,3.0279470316918466e-06,-2.05094318067936e-06
9.56,1,0.6,-0.4,0.5999979417827461,-0.3999986277719481,3.2169821410701904e-06,-2.14465476654907e-06,0.5999979163103049,-0.399998586489081,3.2545363124261706e-06,-2.2045838585886546e-06
9.58,1,0.6,-0.4,0.5999980534166635,-0.3999987021945597,2.6821986566921696e-06,-1.788132438625134e-06,0.5999980292499861,-0.39999866299851683,2.7135751253723472e-06,-1.8382809875618772e-06
9.6,1,0.6,-0.4,0.5999981534996203,-0.399998768916531,3.147418741564212e-06,-2.098279157708091e-06,0.5999981305074673,-0.39999873159918903,3.1843609471227108e-06,-2.1573720131364688e-06
9.620000000000001,1,0.6,-0.4,0.5999982480896586,-0.3999988319765568,3.0241857177301656e-06,-2.016123802892067e-06,0.599998226211057,-0.39999879644182407,3.059790892726011e-06,-2.073123105210059e-06
9.64,1,0.6,-0.4,0.5999983409279982,-0.39999889386878335,2.5255219295791664e-06,-1.683681274181753e-06,0.5999983201457075,-0.39999886009044916,2.555350603061779e-06,-1.7314719536320328e-06
9.66,1,0.6,-0.4,0.5999984308919886,-0.39999895384477696,2.164436157039984e-06,-1.4429574334857281e-06,0.5999984111754865,-0.3999989217753414,2.1900817876938095e-06,-1.4840795804719337e-06
9.68,1,0.6,-0.4,0.5999985134907971,-0.3999990089106494,2.323399277595617e-06,-1.548932856311816e-06,0.5999984928108608,-0.3999989770984376,2.567149198433316e-06,-1.739725379187873e-06
9.700000000000001,1,0.6,-0.4,0.5999985958603525,-0.39999906382368633,1.7434644993680193e-06,-1.1623096730188631e-06,0.5999985763310212,-0.39999903370287887,1.7597833684365738e-06,-1.1926692902591851e-06
9.72,1,0.6,-0.4,0.5999986733016245,-0.39999911545120104,1.687324506741139e-06,-1.1248830002179994e-06,0.5999986547956676,-0.39999908688515984,1.7097567411861192e-06,-1.158851874594538e-06
9.74,1,0.6,-0.4,0.5999987448843679,-0.39999916317302997,1.7706668953981763e-06,-1.1804445941808461e-06,0.5999987273281989,-0.3999991360505109,1.7941597923870622e-06,-1.2161527775840508e-06
9.76,1,0.6,-0.4,0.599998812899785,-0.39999920851664145,1.6423712877813856e-06,-1.0949141893805414e-06,0.5999987962486746,-0.39999918277096574,1.6642287709520143e-06,-1.1281667536000572e-06
9.78,1,0.6,-0.4,0.5999988783964719,-0.3999992521810995,1.4237116974097352e-06,-9.491411292455315e-07,0.5999988639179069,-0.3999992286466947,1.2984421031494997e-06,-8.802682296554787e-07
9.8,1,0.6,-0.4,0.5999989341977188,-0.39999928938193074,2.020925342821611e-06,-1.3472835589060234e-06,0.5999989200721758,-0.3999992667189421,2.0822336240788886e-06,-1.411743820916092e-06
9.82,1,0.6,-0.4,0.5999989930841737,-0.39999932863956744,1.269129616857101e-06,-8.460864090575199e-07,0.5999989797043993,-0.3999993071519929,1.2844876988576948e-06,-8.709363278278093e-07
9.84,1,0.6,-0.4,0.5999990474114505,-0.39999936485775195,1.3440971379577449e-06,-8.960647580758679e-07,0.5999990347164916,-0.3999993444552823,1.361054518478344e-06,-9.229224153545906e-07
9.86,1,0.6,-0.4,0.5999990990333202,-0.3999993992723318,1.2465065467107128e-06,-8.310043621822388e-07,0.5999990879433527,-0.39999938055072876,1.156473033406269e-06,-7.842559593528725e-07
9.88,1,0.6,-0.4,0.5999991466701778,-0.3999994310302369,1.3109235518157791e-06,-8.739490377131925e-07,0.5999991347671177,-0.39999941230638353,1.478063698649723e-06,-1.00241907480432e-06
9.9,1,0.6,-0.4,0.5999991937716743,-0.3999994624312345,1.0212541299015054e-06,-6.808360899380334e-07,0.5999991827156826,-0.39999944482719363,1.0101215246541284e-06,-6.851111061020182e-07
9.92,1,0.6,-0.4,0.5999992351897098,-0.39999949004325824,1.3075197302439556e-06,-8.716798140205595e-07,0.599999223338296,-0.3999994723813461,1.4729130410617852e-06,-9.990741502881317e-07
9.94,1,0.6,-0.4,0.5999992765121761,-0.39999951759156915,1.014565336042439e-06,-6.763768901334871e-07,0.5999992655183143,-0.3999995009938518,1.0023244948753618e-06,-6.799223123271636e-07
9.96,1,0.6,-0.4,0.5999993147703677,-0.39999954309703034,1.0521675906233208e-06,-7.014450544209211e-07,0.5999993043222603,-0.3999995273182155,1.068492754711936e-06,-7.248614589741575e-07
9.98,1,0.6,-0.4,0.5999993519313571,-0.39999956787102325,8.93665823425982e-07,-5.957772132442196e-07,0.5999993420248166,-0.39999955289728073,9.066468514076775e-07,-6.151111336966802e-07
10.0,2,-0.4,0.6,0.5999993861962449,-0.39999959071428176,9.430836932014519e-07,-6.28722465473644e-07,0.5999993767900678,-0.39999957648532697,9.568587526348482e-07,-6.49225988958585e-07
10.02,2,-0.4,0.6,0.5508015117176337,-0.35080170597686544,-1.8630575982153088,1.8630579571322314,0.5508511060049114,-0.350863544728313,-1.861179174156312,1.8607156696298146
10.040000000000001,2,-0.4,0.6,0.5003390428856365,-0.3003392268418434,-1.3619516576917112,1.3619519367856785,0.5004369207735216,-0.300461271478793,-1.3606532321368308,1.3603329032799039
10.06,2,-0.4,0.6,0.4515215504485235,-0.2515217244289199,-1.174862521020417,1.1748627610565543,0.4516633708811508,-0.25169856091084447,-1.1738081132745373,1.1735480240738667
10.08,2,-0.4,0.6,0.4065020323389933,-0.20650219711963522,-1.2390522192452447,1.2390524723883405,0.40668177772740244,-0.20672632110755,-1.2380116142767832,1.2377549741590117
10.1,2,-0.4,0.6,0.3629524374433724,-0.1629525933246093,-1.072406796158548,1.0724070153095384,0.3631664088245225,-0.16321939171134653,-1.0715655025319735,1.0713580558862985
10.120000000000001,2,-0.4,0.6,0.32085636019245567,-0.12085650747107175,-0.9147123233664871,0.9147125103141859,0.3218542036569426,-0.12191461257170472,-0.9977374073525234,0.9975587010250633
10.14,2,-0.4,0.6,0.2827731649394808,-0.08277330443532291,-1.0520452144801253,1.052045429440252,0.2827833506874823,-0.08285022413007749,-0.9442842736845378,0.9441286244463948
10.16,2,-0.4,0.6,0.24494502237830076,-0.04494515414347554,-0.801253904826532,0.8012540685878528,0.24515078005865987,-0.045223340047486106,-0.8180125742551595,0.8178892262340686
10.18,2,-0.4,0.6,0.21087829231504174,-0.010878417118130918,-0.9419275360835007,0.9419277285542769,0.2111014491883208,-0.011178660815461252,-0.9406007338797985,0.9404728052053148
10.200000000000001,2,-0.4,0.6,0.17716044187531718,0.02283944021233224,-0.7310000929441447,0.7310002423482863,0.1774054021728004,0.022513253748514896,-0.7305417616746385,0.7304524204085031
10.22,2,-0.4,0.6,0.1484476213247991,0.05155226663088193,-1.0399797900380925,1.0399800025233188,0.14870937469047457,0.05120617699592542,-1.0393735384999567,1.0392617705632137
10.24,2,-0.4,0.6,0.11800602343740009,0.08199387073950938,-0.6374430136125546,0.6374431438973327,0.11828397537421377,0.0816286832951805,-0.637105827807014,0.6370457402704118
10.26,2,-0.4,0.6,0.09075281339032665,0.10924708635625606,-0.7685868629504065,0.7685870200127068,0.0910436457877692,0.10886682349660912,-0.7682245432743109,0.7681630290805238
10.28,2,-0.4,0.6,0.06425064350402977,0.1357492616587071,-0.652283568471139,0.6522837017777101,0.06455251853596769,0.13535618806744437,-0.6520127390348046,0.6519695915529446
10.3,2,-0.4,0.6,0.03909424257144981,0.16090566773243917,-0.6075659942942665,0.607566118459389,0.03940515686395213,0.16050223296315247,-0.6073492573348909,0.6073178442856006
10.32,2,-0.4,0.6,0.015878937776114672,0.18412097727222035,-0.6388596885459961,0.6388598191011707,0.015622052154894747,0.18428443195620398,-0.5748017890222217,0.5747802572156673
10.34,2,-0.4,0.6,-0.006131280321957552,0.20613119986843711,-0.6026018058854408,0.6026019290324092,-0.006234339108049375,0.2061403037979656,-0.6147387182924026,0.6147243129960862
10.36,2,-0.4,0.6,-0.026404950458970556,0.22640487414869326,-0.6342278487912845,0.6342279783971766,-0.026487311275517587,0.22639307305273584,-0.6328616497719555,0.6328557739324787
10.38,2,-0.4,0.6,-0.046683625787329194,0.2466835536212918,-0.48507600126821804,0.48507610040118454,-0.04709144383459983,0.24699727991864123,-0.4455494844044588,0.4455512545267937
10.4,2,-0.4,0.6,-0.0648482339249764,0.2648481654711352,-0.5713399551618559,0.5713400719162567,-0.06520173480950026,0.2651078983780006,-0.5717774194041233,0.5717881130332763
10.42,2,-0.4,0.6,-0.08304096688728929,0.2830409021513601,-0.4350776138003158,0.43507770271436036,-0.0833574623444765,0.2832641992111932,-0.43412350452026705,0.43413753083142154
10.44,2,-0.4,0.6,-0.09972508583308456,0.29972502450674626,-0.46935789190020005,0.4693579878167381,-0.10000809656876622,0.29991559826185016,-0.46841799714458987,0.4684396666961936
10.46,2,-0.4,0.6,-0.1163633251301904,0.3163632672040495,-0.352169504371517,0.3521695763421195,-0.11661388232897822,0.3165223757435519,-0.3514835116379295,0.3515047425147012
10.48,2,-0.4,0.6,-0.13166523241910255,0.3316651776200448,-0.3787009869081192,0.3787010642986145,-0.13188684944067847,0.3317964788446459,-0.37798521122855067,0.37801343715026714
10.5,2,-0.4,0.6,-0.1464708948466857,0.3464708430732772,-0.32168408867304354,0.32168415441232534,-0.1466653601472426,0.34657629847877114,-0.3210945865881982,0.3211231309464002
10.52,2,-0.4,0.6,-0.15949494199398861,0.3594948928821289,-0.4111233489320902,0.41112343294523374,-0.15998208956313914,0.3598944007085039,-0.37530496671685704,0.37534377483811965
10.540000000000001,2,-0.4,0.6,-0.17255041325968742,0.3725503668157738,-0.3121721230945507,0.31217218688842907,-0.17298702070283936,0.3729008514336213,-0.31244276958212924,0.31247949556444776
10.56,2,-0.4,0.6,-0.1845749799097353,0.38457493592308173,-0.33102710043421757,0.3310271680798127,-0.1849768170069952,0.38489221977053967,-0.3300120991863982,0.3300555773197828
10.58,2,-0.4,0.6,-0.19625722233688575,0.39625718073751776,-0.2809291529829868,0.2809292103911647,-0.19662548658515386,0.39654257848345265,-0.28012456077141923,0.2801653698024883
10.6,2,-0.4,0.6,-0.20668040730562792,0.40668036783623834,-0.3351995167913376,0.3351995852884375,-0.2070193342937189,0.40693808206824544,-0.3342564708191124,0.33430983552328086
10.620000000000001,2,-0.4,0.6,-0.2171256723949827,0.4171256350600655,-0.25634951300943387,0.2563495653940344,-0.2174357663451488,0.4173563133092847,-0.25564229160578733,0.2556865470975601
10.64,2,-0.4,0.6,-0.226529623454948,0.4265295880416989,-0.2954925787171418,0.2954926390995003,-0.22681429616036375,0.42673659549636045,-0.2946945907518535,0.29474985211530624
10.66,2,-0.4,0.6,-0.23547046421944814,0.4354704306332165,-0.2780230885598765,0.27802314537217926,-0.23573145462416067,0.43565554016119823,-0.2772875291123464,0.2773432851548625
10.68,2,-0.4,0.6,-0.2441870205746022,0.444186988769542,-0.2374117523120962,0.2374118008254489,-0.24442540028280133,0.44435134498321727,-0.23679661545951924,0.23684742783302745
10.700000000000001,2,-0.4,0.6,-0.25278679963196127,0.45278676958419467,-0.1864990723637297,0.18649911047315856,-0.2530033588783764,0.4529312580086754,-0.1860261181104568,0.1860685657541528
10.72,2,-0.4,0.6,-0.2609314497520802,0.46093142136859067,-0.1740369373642935,0.17403697292682757,-0.26112782081240477,0.4610576886718517,-0.17360595718657773,0.17364812561743057
10.74,2,-0.4,0.6,-0.268460405086273,0.4684603782412356,-0.18275131639626555,0.1827513537391846,-0.26863855752495436,0.46857035462149915,-0.18230951883761107,0.18235645235368775
10.76,2,-0.4,0.6,-0.27558750130970394,0.47558747592099054,-0.17221890633712167,0.1722189415275544,-0.27574881787828975,0.4756825423999844,-0.1718125212632197,0.1718592030632094
10.78,2,-0.4,0.6,-0.2823023873009647,0.48230236328433346,-0.16578204425566984,0.16578207813051848,-0.2824482303844269,0.48238386666194916,-0.1654002402660872,0.16544749254212604
10.8,2,-0.4,0.6,-0.2885261954448321,0.48852617269992726,-0.17112954237767236,0.17112957734499334,-0.2886580522237037,0.4885955480883925,-0.17074543147160218,0.1707966749655916
10.82,2,-0.4,0.6,-0.2944258599826543,0.49442583844323207,-0.16152814290499867,0.1615281759101473,-0.29454479037566383,0.4944841306813305,-0.1611746799198318,0.16122529046542078
10.84,2,-0.4,0.6,-0.3000130976516658,0.5000130772538773,-0.15300069189973886,0.1530007231622023,-0.3002575076398812,0.5001987172470054,-0.1374070469078458,0.13745210089742094
10.86,2,-0.4,0.6,-0.3053046526475128,0.5053046333309318,-0.14490270513283196,0.14490273474038687,-0.30550258262371915,0.5054455834639529,-0.1475382120874187,0.1475886460367613
10.88,2,-0.4,0.6,-0.3104396758497746,0.5104396575824076,-0.12351071348553498,0.12351073872176413,-0.31049966064635215,0.5104444365791003,-0.13668846601046186,0.13673711863616778
10.9,2,-0.4,0.6,-0.31538083092317326,0.5153808136653986,-0.10741450215826247,0.10741452410530997,-0.3154529981569029,0.5153996025576768,-0.10495941801618673,0.10499823120523724
10.92,2,-0.4,0.6,-0.32006249322495506,0.5200624769237426,-0.10003087281935288,0.10003089325758519,-0.32012530526711036,0.5200737024812007,-0.09991618609815646,0.09995458054216362
10.94,2,-0.4,0.6,-0.3242684543663784,0.5242684389245247,-0.11857234813573125,0.11857237236242407,-0.3243237333805074,0.52427380270089,-0.11835830919509407,0.11840548398766582
10.96,2,-0.4,0.6,-0.32837598352433395,0.5283759689217193,-0.09868167414758618,0.09868169430986244,-0.32842412060429693,0.5283758792284475,-0.09851043235833161,0.09855108590873299
10.98,2,-0.4,0.6,-0.332162660300878,0.5321626464719392,-0.10422583420537242,0.10422585550039111,-0.33220443253362886,0.5321578023807823,-0.10405091054844465,0.10409532420090972
11.0,2,-0.4,0.6,-0.3357529287560631,0.5357529156606644,-0.0982945616317189,0.09829458171464424,-0.33578886800682683,0.5357438151906506,-0.0981351413937853,0.09817839361451505
11.02,2,-0.4,0.6,-0.3391366445292368,0.5391366321251704,-0.09493001357880458,0.09493003297413069,-0.33916727779644895,0.539123758707395,-0.0947812914476997,0.09482435384582893
11.040000000000001,2,-0.4,0.6,-0.34242338886994594,0.542423377137393,-0.08090369748380329,0.08090371401309467,-0.3424490523861293,0.54240706841832,-0.08078148420017375,0.0808193004594405
11.06,2,-0.4,0.6,-0.34536923662736607,0.5453692254966721,-0.09469092732392416,0.09469094667022267,-0.3454055840795264,0.5453650246921564,-0.09289010497504593,0.09293492573229237
11.08,2,-0.4,0.6,-0.3483352023206579,0.5483351917959278,-0.07086403179148909,0.0708640462692769,-0.3483521229943521,0.5483130232213123,-0.07235239593233023,0.07238826398108304
11.1,2,-0.4,0.6,-0.35099135276021687,0.5509913427781475,-0.08354892529034708,0.08354894235994818,-0.3510053435324981,0.5509675954219303,-0.08336847732582177,0.08341100461498761
11.120000000000001,2,-0.4,0.6,-0.35358802416931534,0.5535880147177505,-0.070689471475186,0.07068948591718782,-0.3535280279645947,0.5534915988719694,-0.0784453462097584,0.07848642227540546
11.14,2,-0.4,0.6,-0.35609408119363883,0.556094072254061,-0.061725452586431896,0.061725465196846796,-0.3560478568608871,0.5560127793403028,-0.06029128359018966,0.060323665515176886
11.16,2,-0.4,0.6,-0.358202171709554,0.5582021632006534,-0.08757582712275684,0.08757584501491436,-0.3581553434073406,0.5581214261360363,-0.08765666464524038,0.08770498350418478
11.18,2,-0.4,0.6,-0.3605680182289567,0.560568010203389,-0.04348503735055986,0.043485046234079144,-0.3604779809576818,0.5604453715475327,-0.04831977351206486,0.04834702159247274
11.200000000000001,2,-0.4,0.6,-0.36269442014010767,0.5626944125489505,-0.0527495392807464,0.05274955005714188,-0.36261513715112276,0.5625837623749699,-0.051922232524414066,0.05195225676168956
11.22,2,-0.4,0.6,-0.36475281108503094,0.564752803914386,-0.04472086624494412,0.0447208753809127,-0.3646756880802224,0.5646455329913265,-0.04478546090110044,0.044811984645487524
11.24,2,-0.4,0.6,-0.3665634942650634,0.5665634874643221,-0.05715699004713112,0.057157001723927764,-0.3664885066057863,0.5664594506248559,-0.05722372735589808,0.05725845746146031
11.26,2,-0.4,0.6,-0.36837854692438365,0.5683785404944356,-0.043400103388396026,0.04340011225442837,-0.3683057929418693,0.568277863167357,-0.04345366897799732,0.043480629687045205
11.28,2,-0.4,0.6,-0.3700042553599529,0.5700042492621137,-0.05113493544790347,0.05113494589422629,-0.36993359645678375,0.5699066985795652,-0.05120096723095549,0.05123345754613755
11.3,2,-0.4,0.6,-0.3716606242912922,0.5716606185318225,-0.035812595755098944,0.035812603070885934,-0.37155633049187103,0.5715304831968117,-0.03984530617495799,0.03987111758400312
11.32,2,-0.4,0.6,-0.3731097538357464,0.5731097483723073,-0.04669885048335568,0.04669886002324468,-0.3730175192973079,0.5729926385368608,-0.045912958941428994,0.04594335977363184
11.34,2,-0.4,0.6,-0.3744960541847123,0.5744960490044665,-0.04305848793965085,0.043058496735749366,-0.37440681924768826,0.574382876087983,-0.04320164242517707,0.04323083098459435
11.36,2,-0.4,0.6,-0.37581040289254747,0.5758103979807939,-0.040892236590526695,0.04089224494401904,-0.37572444970227525,0.5757014135032302,-0.040992330015520925,0.04102057704610995
11.38,2,-0.4,0.6,-0.3771461038577762,0.5771460992188743,-0.028886254425155373,0.02888626032580116,-0.37706354343368675,0.577041447120362,-0.028959702932231667,0.02898003972775237
11.4,2,-0.4,0.6,-0.37834862899139277,0.5783486245981351,-0.03389355871641596,0.03389356564004507,-0.37826919438878276,0.5782479617268551,-0.03398170346890877,0.03400605637317171
11.42,2,-0.4,0.6,-0.3795483462952246,0.5795483421470351,-0.02539164074144037,0.025391645928147355,-0.37947209740958426,0.5794517429010569,-0.025459136018546942,0.025477739203383684
11.44,2,-0.4,0.6,-0.38067626741795757,0.5806762635001679,-0.024575675103106518,0.024575680123111746,-0.38060308085439265,0.5805835684768169,-0.024642427304295965,0.024660783149797597
11.46,2,-0.4,0.6,-0.38169307063796815,0.5816930669278783,-0.02865501922333069,0.028655025076674986,-0.3815985364472157,0.581579779563894,-0.031419907057470255,0.031443772502806194
11.48,2,-0.4,0.6,-0.3826859997171371,0.5826859962098683,-0.023855049867658032,0.023855054740394524,-0.38259642393788923,0.5825784377685216,-0.02386087390224454,0.02387932009614062
11.5,2,-0.4,0.6,-0.38357617549294587,0.5835761721675072,-0.027994417242344624,0.027994422960691212,-0.3834902654723031,0.5834729823328457,-0.02811490693844675,0.028137038145331916
11.52,2,-0.4,0.6,-0.3844831006345771,0.5844830974943884,-0.01960883983813794,0.01960884384338317,-0.3844010147598631,0.5843844602287808,-0.019691473585955917,0.019707234183520092
11.540000000000001,2,-0.4,0.6,-0.3852801884274119,0.5852801854500359,-0.025165688595804845,0.025165693736233494,-0.3851762366189729,0.5851603133966815,-0.02808148252650322,0.0281043687598639
11.56,2,-0.4,0.6,-0.38607545607510957,0.5860754532601731,-0.019525677869223584,0.01952568185745167,-0.38598098786732205,0.5859657304312101,-0.019124190057998144,0.019140026825583828
11.58,2,-0.4,0.6,-0.3868117501821521,0.5868117475176076,-0.02024938516337033,0.020249389299440826,-0.3867213479605064,0.5867067135649625,-0.02038629667977198,0.020403465164908888
11.6,2,-0.4,0.6,-0.38753967187346844,0.5875396693576044,-0.015782991372143083,0.01578299459580816,-0.38745352238322855,0.5874395142881307,-0.015874827768049642,0.01588841246422712
11.620000000000001,2,-0.4,0.6,-0.38819531502713095,0.5881953126451827,-0.018478643354897527,0.018478647129223605,-0.3881297608517628,0.5881163409682535,-0.016728882282518842,0.016743438631109428
11.64,2,-0.4,0.6,-0.3888494205149767,0.5888494182666288,-0.01384396347257862,0.013843966300133542,-0.3887840520667193,0.5887712105219526,-0.014215983015397306,0.01422855337122543
11.66,2,-0.4,0.6,-0.389464381748619,0.5894643796258752,-0.013399063721631344,0.013399066458317677,-0.38939071458931535,0.5893784180008517,-0.0147172769156504,0.014730505864188628
11.68,2,-0.4,0.6,-0.3900472853320085,0.5900472833283197,-0.012453671052984984,0.012453673596553777,-0.3899774545154607,0.5899656932862944,-0.01248885763517623,0.012500260435804322
11.700000000000001,2,-0.4,0.6,-0.390573030316849,0.5905730284205398,-0.014532238949891935,0.01453224191802896,-0.39051949877360526,0.5905082399636727,-0.01315887708421992,0.013171081488729156
11.72,2,-0.4,0.6,-0.39108425840795413,0.5910842566160586,-0.01229178316961091,0.012291785680076078,-0.39103067916920575,0.5910199014166413,-0.012619295278582902,0.012631175011621143
11.74,2,-0.4,0.6,-0.39157615046074024,0.5915761487693081,-0.010693189363813676,0.010693191547741565,-0.3915250676468969,0.5915147621140258,-0.010742152276212974,0.010752416218228228
11.76,2,-0.4,0.6,-0.39203225249797147,0.592032250899692,-0.011064538600757307,0.0110645408605244,-0.3919834706933424,0.5919736095907476,-0.011120573946657449,0.011131362065601988
11.78,2,-0.4,0.6,-0.3924718545560233,0.5924718530475258,-0.009554873116407903,0.009554875067797633,-0.3924253175955539,0.5924158911376192,-0.009603674758827094,0.009613124916682259
11.8,2,-0.4,0.6,-0.3928952060515222,0.5928952046294867,-0.008138431148776958,0.008138432810851734,-0.3928508560252979,0.592841854303568,-0.00818048219913282,0.008188649650843594
11.82,2,-0.4,0.6,-0.393259843712301,0.5932598423647355,-0.011559238911425856,0.011559241272230833,-0.39321739924071814,0.5932087687283223,-0.011619673191549499,0.011631447387503754
11.84,2,-0.4,0.6,-0.3936150602269239,0.5936150589519038,-0.009933423894308464,0.009933425922993719,-0.3935744916538059,0.5935662275631525,-0.009985898124601374,0.009996148776900013
11.86,2,-0.4,0.6,-0.393953024521911,0.593953023315912,-0.009246780373798419,0.009246782262250328,-0.39391425973700994,0.5939063489325634,-0.009296159160895089,0.009305831709665813
11.88,2,-0.4,0.6,-0.39427954260764975,0.5942795414683337,-0.00804147460403418,0.008041476246273715,-0.3942425391506928,0.5942349742375154,-0.008084863911934727,0.008093385303120287
11.9,2,-0.4,0.6,-0.39459517028623997,0.5945951692113821,-0.006858307951316002,0.006858309351903374,-0.39455299200052,0.5945457585656009,-0.007661900306004215,0.007670083633378774
11.92,2,-0.4,0.6,-0.39487155121410944,0.594871550195694,-0.00890566729882846,0.008905669117584503,-0.3948328241680592,0.5948258934283907,-0.008791033235592261,0.00880054841485138
11.94,2,-0.4,0.6,-0.39514998573011095,0.5951499847685569,-0.006651758875464428,0.006651760233856968,-0.3951130232526119,0.5951063993564151,-0.006701307135108681,0.0067086505071875385
11.96,2,-0.4,0.6,-0.3954063895049848,0.5954063885957923,-0.007058835277769355,0.0070588367193075985,-0.39537112223307286,0.5953647846318142,-0.007105230141102758,0.007113116014770507
11.98,2,-0.4,0.6,-0.3956495052132598,0.5956495043537151,-0.006655977552959409,0.006655978912200586,-0.39561585688283846,0.5956097941165969,-0.006700330732504139,0.006707859742591929
12.0,2,-0.4,0.6,-0.3958664335240255,0.5958664327087801,-0.007783773604087474,0.007783775193658485,-0.39584129458443035,0.5958354880838267,-0.0070524659576313604,0.00706048776282539
12.02,2,-0.4,0.6,-0.396091045678595,0.5960910449092177,-0.005340038733943813,0.00534003982441783,-0.3960602299821326,0.5960546753007183,-0.006124268133608972,0.006131314589960163
12.040000000000001,2,-0.4,0.6,-0.3963020108992429,0.5963020101729465,-0.005210071601711719,0.005210072665634752,-0.39627368751544234,0.5962683812682321,-0.005129854201505401,0.00513582813634357
12.06,2,-0.4,0.6,-0.3965016167721109,0.5965016160865751,-0.004925953332614336,0.004925954338516406,-0.39647459995433765,0.5964695303919202,-0.004960797509385092,0.0049666431502047165
12.08,2,-0.4,0.6,-0.396691187421296,0.5966911867744713,-0.0045779684192644625,0.00457796935409574,-0.3966654422708915,0.5966606002007766,-0.0046086002996622135,0.004614096882643304
12.1,2,-0.4,0.6,-0.39687045991784614,0.5968704593076292,-0.004332750931608822,0.004332751816351496,-0.39684592711181915,0.5968413027348441,-0.004362065632063707,0.004367329654422658
12.120000000000001,2,-0.4,0.6,-0.3970351997849986,0.5970351992084213,-0.004633511095563304,0.004633512041737453,-0.3970117906932536,0.5970073687208325,-0.004665123152468034,0.0046708175674402
12.14,2,-0.4,0.6,-0.3971767159241853,0.5971767153765052,-0.006006465677841874,0.006006466904400293,-0.39715428010191633,0.5971500339529895,-0.006047784838945713,0.006055249890475414
12.16,2,-0.4,0.6,-0.3973336085611645,0.5973336080455212,-0.003260724428696582,0.003260725094510031,-0.3973122597439152,0.5973082104788717,-0.0032833270689547906,0.003287421692374934
12.18,2,-0.4,0.6,-0.39747388832356734,0.5974738878365682,-0.003956655960862825,0.003956656768796057,-0.39745014394413253,0.5974462685165401,-0.004359412283894323,0.0043649109378098155
12.200000000000001,2,-0.4,0.6,-0.39761090010921757,0.5976108996501951,-0.0032915850092013164,0.00329158568130386,-0.3975884210360435,0.5975847217836746,-0.0033061567127652715,0.0033103714014927343
12.22,2,-0.4,0.6,-0.3977372089666242,0.5977372085333926,-0.0034765723902578814,0.003476573100139213,-0.39771578498973303,0.5977122498083215,-0.003506249912546969,0.003510768866624339
12.24,2,-0.4,0.6,-0.39786210341145745,0.5978621030037279,-0.0027079495078163648,0.0027079500607232743,-0.397841734653323,0.5978383634595353,-0.0027308225689438442,0.0027343790501080517
12.26,2,-0.4,0.6,-0.3979774496567123,0.5979774492725347,-0.002853447663633762,0.002853448246249779,-0.3979556399302532,0.5979524186717103,-0.0031468726422166126,0.0031510167974016096
12.280000000000001,2,-0.4,0.6,-0.39808704952714763,0.5980870491653484,-0.0026465043042900455,0.0026465048446553535,-0.3980687906103897,0.5980657198479307,-0.0023966917472126375,0.0023998810397447556
12.3,2,-0.4,0.6,-0.3981881887833019,0.5981881884421535,-0.002783261119065048,0.0027832616873438853,-0.39817029651730507,0.598167362231636,-0.0028620556949335322,0.0028659046464138277
12.32,2,-0.4,0.6,-0.3982864408917763,0.5982864405706888,-0.0023627558767001953,0.0023627563591278045,-0.39826943585006747,0.5982666362068917,-0.0023817727526676755,0.002385009115185757
12.34,2,-0.4,0.6,-0.3983809800333964,0.5983809797316115,-0.0020551696479293065,0.002055170067546047,-0.3983648164510362,0.5983621476975408,-0.0020735022776150174,0.0020763483632719043
12.36,2,-0.4,0.6,-0.3984683319950511,0.5984683317111014,-0.0021608212612740955,0.0021608217024563087,-0.3984532626007924,0.5984507164856154,-0.0021456113072018763,0.002148587638377067
12.38,2,-0.4,0.6,-0.39855313521272057,0.5985531349460852,-0.001803769481336816,0.0018037698496228688,-0.3985385140559926,0.5985360873536043,-0.001852966519876485,0.0018555625749434035
12.4,2,-0.4,0.6,-0.3986292616367601,0.5986292613856675,-0.0021462931065904644,0.0021462935448053333,-0.398615338184779,0.5986130201924288,-0.0021651171292139454,0.002168181553519416
12.42,2,-0.4,0.6,-0.3987032856688058,0.5987032854328266,-0.0018219241557590766,0.001821924527736704,-0.3986900384706739,0.5986878272023493,-0.0018385863476735832,0.0018412137859355748
12.44,2,-0.4,0.6,-0.39876749809491413,0.5987674978720449,-0.0023695439986227912,0.002369544482419522,-0.3987548413503467,0.5987527235729514,-0.002391335805687073,0.0023947866339750212
12.46,2,-0.4,0.6,-0.3988306890754686,0.5988306888655006,-0.0020123934473917585,0.002012393858263878,-0.3988186167430935,0.598816591790094,-0.002031008398238889,0.0020339653910654842
12.48,2,-0.4,0.6,-0.3988923148497899,0.5988923146524036,-0.0017231474270483658,0.0017231477788477445,-0.3988790766725663,0.5988771405214186,-0.001932423944719753,0.0019352630089692624
12.5,2,-0.4,0.6,-0.398952131332179,0.5989521311470047,-0.001472494207430155,0.0014724945080627494,-0.3989398687015493,0.5989380226437745,-0.0014528308690244102,0.0014549850251140556
12.52,2,-0.4,0.6,-0.39900754103354946,0.5990075408596878,-0.0015237120781472126,0.0015237123892101329,-0.39899431637899685,0.5989925517794683,-0.0017126340305945289,0.0017151973666564568
12.540000000000001,2,-0.4,0.6,-0.399062319504837,0.5990623193421587,-0.001187723758151204,0.0011877240006217815,-0.3990488518164419,0.5990471695331167,-0.0013042120600032557,0.0013061815865146875
12.56,2,-0.4,0.6,-0.3991102682206624,0.599110268067773,-0.0015450870765715769,0.001545087392014019,-0.3990977024754346,0.5990960946155339,-0.001536540669459032,0.0015388825538202588
12.58,2,-0.4,0.6,-0.3991571620021491,0.599157161858833,-0.001310862245525098,0.0013108625131458274,-0.39914520517032887,0.5991436703154543,-0.0013286254882848639,0.0013306679078667616
12.6,2,-0.4,0.6,-0.3992005538968964,0.5992005537624387,-0.0013562531480044776,0.0013562534248979102,-0.39919040505968456,0.5991889402851504,-0.0012366737211479501,0.0012385919913047994
12.620000000000001,2,-0.4,0.6,-0.399244881634335,0.5992448815089269,-0.0009342300554986025,0.0009342302462086449,-0.39923504451253927,0.5992336495655721,-0.0009679867504283259,0.0009695012546097198
12.64,2,-0.4,0.6,-0.39928476647255645,0.5992847663552907,-0.0011029857008156042,0.0011029859259872182,-0.3992754160626742,0.5992740848432582,-0.0011153440424041625,0.0011171053066920678
12.66,2,-0.4,0.6,-0.3993224374614761,0.5993224373519007,-0.00105663333019631,0.0010566335458993825,-0.39931450325496215,0.5993132342728683,-0.0009624463236088754,0.0009639791305094264
12.68,2,-0.4,0.6,-0.39935732157113224,0.5993573214686783,-0.0010901773473952362,0.0010901775699468513,-0.39934954059655225,0.5993483278934093,-0.001126229776888958,0.0011280391800034123
12.700000000000001,2,-0.4,0.6,-0.3993904440858273,0.599390443990135,-0.0010302272974582263,0.0010302275077664902,-0.3993839761844995,0.5993828192467306,-0.0009365447120481141,0.0009380620736208212
12.72,2,-0.4,0.6,-0.39942424167390816,0.5994242415851151,-0.0007124479172840089,0.0007124480627353491,-0.3994179418412447,0.5994168403773501,-0.0007366188073690003,0.0007378221233179522
12.74,2,-0.4,0.6,-0.3994554097736665,0.599455409691236,-0.0007568941149197535,0.0007568942694299724,-0.39945011198481695,0.5994490635218916,-0.0006874206706426285,0.0006885536011580623
12.76,2,-0.4,0.6,-0.3994849169238659,0.5994849168474587,-0.0007129977095474858,0.0007129978550962368,-0.39947901545290004,0.5994780150249758,-0.0008148319263481694,0.0008161863511051276
12.780000000000001,2,-0.4,0.6,-0.39950947953620736,0.5995094794648143,-0.0010461183660460385,0.0010461185795920952,-0.3995040447891228,0.5995030862947632,-0.0010336572296544121,0.0010353897969112014
12.8,2,-0.4,0.6,-0.39953554314084394,0.5995355430747712,-0.0006993099590747879,0.0006993101018252235,-0.3995303624521015,0.5995294483770572,-0.0007072427644315583,0.0007084370523486178
12.82,2,-0.4,0.6,-0.3995601193343404,0.5995601192732842,-0.0006735448663715221,0.0006735450038646285,-0.39955518796800815,0.599554316136067,-0.0006803365939792661,0.0006814947059445714
12.84,2,-0.4,0.6,-0.39958339906379964,0.5995833990074955,-0.0006374653978304303,0.0006374655279511865,-0.39957870487118674,0.5995778733776027,-0.0006439633560071881,0.0006450683778951583
12.86,2,-0.4,0.6,-0.39960544661142927,0.5996054465596256,-0.0006037458853366644,0.0006037460085794449,-0.399600978309334,0.5996001853262488,-0.000609933267209835,0.000610988247238084
12.88,2,-0.4,0.6,-0.39962632735439513,0.5996263273068536,-0.0005717935109010247,0.0005717936276103397,-0.3996220741789803,0.5996213179592687,-0.0005776861063178339,0.0005786932200907979
12.9,2,-0.4,0.6,-0.3996461030364474,0.5996461029929425,-0.0005415328059198915,0.0005415329164568383,-0.399642054730995,0.599641333604582,-0.0005471444462220015,0.0005481058062056926
12.92,2,-0.4,0.6,-0.3996642189197285,0.5996642188799213,-0.0005810091764592781,0.0005810092950588042,-0.39966088768307334,0.5996601998933544,-0.0005283561662962084,0.0005292916086683391
12.94,2,-0.4,0.6,-0.39968284056922104,0.5996828405332147,-0.0003920326983724992,0.00039203277838906203,-0.39967958721052804,0.5996789327761837,-0.0004052845715717835,0.0004060076403515772
12.96,2,-0.4,0.6,-0.3996991293067879,0.5996991292741064,-0.0005147578925262164,0.0005147579975884609,-0.3996960301754841,0.5996954053052798,-0.0005190941341528038,0.0005200277726319924
12.98,2,-0.4,0.6,-0.39971463736965607,0.59971463734014,-0.0004821113443436095,0.0004821114427458473,-0.3997116819767439,0.5997110854552655,-0.00048660436077445617,0.00048748607350243556
13.0,2,-0.4,0.6,-0.3997300537031536,0.5997300536767841,-0.000378637264681291,0.00037863734196702525,-0.3997272422319032,0.5997266741019753,-0.0003821722714627265,0.0003828697305780643
13.02,2,-0.4,0.6,-0.3997443278063174,0.5997443277828614,-0.00039255784401242937,0.0003925579241429583,-0.3997416504179681,0.5997411087780157,-0.00039624638065493753,0.0003969751492001877
13.040000000000001,2,-0.4,0.6,-0.3997581335841775,0.5997581335635391,-0.0003399720554356613,0.0003399721248316251,-0.39975558666975886,0.5997550708434853,-0.00034318550786168085,0.0003438212975058752
13.06,2,-0.4,0.6,-0.3997709231452695,0.5997709231272415,-0.000351695683079193,0.00035169575486505844,-0.3997684978419645,0.5997680061101305,-0.00035504077120757874,0.00035570356677436243
13.08,2,-0.4,0.6,-0.39978334561191864,0.5997833455964261,-0.00029874296119624093,0.00029874302217018645,-0.39978103913735236,0.599780570981187,-0.0003016014518345293,0.0003021686151729597
13.1,2,-0.4,0.6,-0.39979448469549766,0.5997944846822786,-0.0003502907027941992,0.00035029077429722666,-0.3997922854239044,0.5997918385665103,-0.00035366285099344436,0.0003543328618999114
13.120000000000001,2,-0.4,0.6,-0.3998058805870102,0.5998058805761171,-0.0002401126573482945,0.00024011270634775872,-0.39980354918415356,0.5998031238081614,-0.00026937502775494296,0.0002698889527905368
13.14,2,-0.4,0.6,-0.3998165862555862,0.5998165862468781,-0.0002332779922983438,0.0002332780399019463,-0.3998144128659613,0.5998140083612554,-0.00023135394378822217,0.00023179855739167976
13.16,2,-0.4,0.6,-0.39982600862333717,0.5998260086165519,-0.0002973998543144077,0.00029739991502895913,-0.39982420624234066,0.5998238206928087,-0.00027073193579904824,0.00027125609642021653
13.18,2,-0.4,0.6,-0.39983583967184594,0.5998358396670671,-0.00018292970656098428,0.00018292974389516603,-0.39983408862122255,0.5998337223345641,-0.00018913480700010962,0.00018950353402343023
13.200000000000001,2,-0.4,0.6,-0.3998444728997655,0.5998444728967486,-0.000243964285913798,0.00024396433570401943,-0.3998428059427159,0.5998424567749737,-0.00024622598302088093,0.00024670958690155287
13.22,2,-0.4,0.6,-0.39985290852600264,0.5998529085247074,-0.0002026428482949259,0.00020264288964474964,-0.399851323333837,0.5998509910074158,-0.0002046114772322966,0.00020501619336933674
13.24,2,-0.4,0.6,-0.3998604710264073,0.5998604710266554,-0.00023782796964890666,0.00023782801819198507,-0.3998589596065139,0.599858642486104,-0.0002401484436005052,0.0002406268016126173
13.26,2,-0.4,0.6,-0.3998680449384436,0.5998680449402373,-0.00018113071987173497,0.00018113075684335345,-0.3998666078202856,0.599866306031105,-0.00018290819945717633,0.00018327497913638024
13.280000000000001,2,-0.4,0.6,-0.39987502100833616,0.5998750210115535,-0.00019204469254365062,0.00019204473174548597,-0.399873652735844,0.5998733651674054,-0.00019394044547573278,0.0001943320502178214
13.3,2,-0.4,0.6,-0.39988176964455774,0.5998817696491523,-0.00016618404781640513,0.00016618408174266797,-0.3998804683594755,0.5998801946423107,-0.00016783384039090708,0.00016817498391231978
13.32,2,-0.4,0.6,-0.3998876585632685,0.599887658569065,-0.0002122441364811956,0.00021224417978292498,-0.39988641607248215,0.5998861545250554,-0.000214363764609456,0.0002148025253670971
13.34,2,-0.4,0.6,-0.3998937632586129,0.5998937632656554,-0.00014510616887920044,0.00014510619847800388,-0.3998927139508459,0.599892465370608,-0.00013190683083834538,0.0001321785232613476
13.36,2,-0.4,0.6,-0.3998992247805107,0.5998992247886678,-0.0001718255658606305,0.00017182560092662835,-0.3998983527569056,0.5998981158681194,-0.0001590234744221035,0.00015935323905259813
13.38,2,-0.4,0.6,-0.3999045642576992,0.5999045642669459,-0.00014535590480690367,0.0001453559344642974,-0.39990370150446697,0.5999034757781807,-0.0001499643693058392,0.0001502773901785326
13.4,2,-0.4,0.6,-0.399909590472583,0.5999095904828553,-0.00014102716904280162,0.00014102719782750628,-0.3999088965477222,0.5999086817337401,-0.0001278786324372845,0.00012814728945689802
13.42,2,-0.4,0.6,-0.39991437611278896,0.5999143761240379,-0.00013091808402894076,0.00013091811074730786,-0.39991368775901937,0.5999134830758325,-0.00013471029369187173,0.00013499517741387412
13.44,2,-0.4,0.6,-0.3999190191866176,0.599919019198814,-0.00011168247816958042,0.00011168250096188492,-0.3999183643395598,0.5999181696079662,-0.00011236538118120781,0.00011260456733366841
13.46,2,-0.4,0.6,-0.3999234066376936,0.5999234066507855,-0.00010605363099787986,0.00010605365261780186,-0.3999227827653589,0.5999225974979253,-0.0001068069148717505,0.00010703575739719196
13.48,2,-0.4,0.6,-0.3999276324525374,0.5999276324664917,-9.185542218287292e-05,9.1855440909408e-05,-0.39992703869409507,0.5999268626025005,-9.251004941277906e-05,9.270953101216117e-05
13.5,2,-0.4,0.6,-0.39993153694075645,0.5999315369555075,-9.658530188274336e-05,9.658532159668998e-05,-0.3999309712378723,0.5999308036809026,-9.727943480588707e-05,9.749058535360455e-05
13.52,2,-0.4,0.6,-0.3999351411884514,0.5999351412039379,-0.00010132744263591925,0.00010132746330944464,-0.39993469344821847,0.5999345340211625,-9.185539227406139e-05,9.205604953119173e-05
13.540000000000001,2,-0.4,0.6,-0.3999386589312671,0.5999386589474714,-8.452178909381346e-05,8.452180633002071e-05,-0.3999382149174567,0.599938063230872,-8.690561592963105e-05,8.709666981228381e-05
13.56,2,-0.4,0.6,-0.3999418878671009,0.5999418878839642,-9.08281838345312e-05,9.082820236909483e-05,-0.3999414642825754,0.5999413197835431,-9.13549071159354e-05,9.155701354014723e-05
13.58,2,-0.4,0.6,-0.399945026070865,0.5999450260883686,-7.724306362709606e-05,7.724307938510033e-05,-0.3999446221585256,0.5999444846874771,-7.772824045333519e-05,7.790125532512737e-05
13.6,2,-0.4,0.6,-0.3999480592652908,0.5999480592834134,-6.59093266330759e-05,6.590934008092464e-05,-0.39994767454969976,0.5999475439143954,-6.632653316322908e-05,6.647509069790392e-05
13.620000000000001,2,-0.4,0.6,-0.3999507275151519,0.5999507275338191,-8.422694663366703e-05,8.422696381164829e-05,-0.3999504250713704,0.5999503006349097,-7.751772003625028e-05,7.769244543293086e-05
13.64,2,-0.4,0.6,-0.3999534022004994,0.5999534022197123,-6.395497499188732e-05,6.395498804440125e-05,-0.3999531111914683,0.5999529928449165,-6.453389587509836e-05,6.468024972132447e-05
13.66,2,-0.4,0.6,-0.3999559730127027,0.5999559730324402,-5.589234901348921e-05,5.5892360399906194e-05,-0.3999556954803856,0.599955583029187,-5.6180471117172476e-05,5.6308648863120925e-05
13.68,2,-0.4,0.6,-0.39995823473479714,0.5999582347549962,-7.13929454382806e-05,7.139295999417095e-05,-0.3999580243802867,0.5999579172749497,-6.563464496213336e-05,6.57853259514729e-05
13.700000000000001,2,-0.4,0.6,-0.3999605506908655,0.5999605507115371,-4.878967298828363e-05,4.8789682941308143e-05,-0.39996034792383284,0.5999602461834034,-4.917739238353199e-05,4.929097261062443e-05
13.72,2,-0.4,0.6,-0.3999627329061297,0.5999627329272464,-4.667497949025368e-05,4.6674989009773404e-05,-0.3999625391913293,0.5999624425417542,-4.686154802837142e-05,4.697044447379839e-05
13.74,2,-0.4,0.6,-0.39996474349426875,0.5999647435157957,-4.9750129447695066e-05,4.9750139599596954e-05,-0.3999645581859274,0.5999644662558459,-4.9958334689364885e-05,5.007512928319191e-05
13.76,2,-0.4,0.6,-0.399966695529107,0.5999666955510323,-4.151946087819613e-05,4.151946933089734e-05,-0.399966518496087,0.5999664311754582,-4.169557836526151e-05,4.1793646660140404e-05
13.780000000000001,2,-0.4,0.6,-0.3999684547590702,0.5999684547813545,-4.8634799885980025e-05,4.863480980388246e-05,-0.3999683229898713,0.5999682399381537,-4.465495210064906e-05,4.476060583864794e-05
13.8,2,-0.4,0.6,-0.3999701162282069,0.5999701162508302,-4.660285095467627e-05,4.660286046137552e-05,-0.3999699889464958,0.5999699098590577,-4.6835313875529146e-05,4.694677802645486e-05
13.82,2,-0.4,0.6,-0.3999716980589015,0.5999716980818475,-4.3273841009073936e-05,4.327384983809912e-05,-0.39997157593713106,0.5999715006474263,-4.341103768501758e-05,4.351495234670988e-05
13.84,2,-0.4,0.6,-0.3999732262754345,0.5999732262986923,-3.763695370735502e-05,3.763696138131545e-05,-0.39997307143395916,0.5999729997434942,-4.1956937050729656e-05,4.2057930199040916e-05
13.86,2,-0.4,0.6,-0.3999746357567965,0.5999746357803418,-3.9628698732168365e-05,3.9628706816646764e-05,-0.39997449539804686,0.5999744271538355,-3.8954865648043596e-05,3.9049170668090105e-05
13.88,2,-0.4,0.6,-0.3999760460022602,0.5999760460260933,-2.9213015332265127e-05,2.9213021290136476e-05,-0.399975911666808,0.5999758468694842,-2.938351714468993e-05,2.945505744075816e-05
13.9,2,-0.4,0.6,-0.39997737094636104,0.5999773709704644,-2.8354560858198825e-05,2.835456664922187e-05,-0.3999772427045344,0.599977181165815,-2.8483593320418124e-05,2.8553340983464293e-05
13.92,2,-0.4,0.6,-0.3999785663230725,0.5999785663474198,-3.303976947980139e-05,3.303977622545751e-05,-0.399978443639141,0.5999783850575848,-3.3193525654028055e-05,3.327528010135805e-05
13.94,2,-0.4,0.6,-0.39997972371924767,0.599979723743831,-2.849832431515119e-05,2.8498330127885163e-05,-0.39997963225214417,0.599979576613612,-2.57692489212015e-05,2.5833062646987703e-05
13.96,2,-0.4,0.6,-0.3999807958995417,0.5999807959243438,-2.9483628858880187e-05,2.9483634865698494e-05,-0.3999807028866158,0.5999806499141963,-3.017485081058431e-05,3.025000200607142e-05
13.98,2,-0.4,0.6,-0.39998185984623563,0.5999818598712549,-2.2539935793397872e-05,2.2539940378707435e-05,-0.3999817710703703,0.5999817207723412,-2.2607877667495113e-05,2.266449564873596e-05
14.0,2,-0.4,0.6,-0.39998281803042557,0.5999828180556404,-2.6493135705754622e-05,2.6493141101369133e-05,-0.399982732963358,0.5999826850873184,-2.6596632289013072e-05,2.666361616163182e-05
14.02,2,-0.4,0.6,-0.3999837664005374,0.5999837664259456,-2.056058490469085e-05,2.0560589095441895e-05,-0.3999836850649992,0.5999836395992627,-2.0641499068712633e-05,2.069376122822153e-05
14.040000000000001,2,-0.4,0.6,-0.39998462058648715,0.5999846206120697,-2.4074420089066628e-05,2.4074424995745858e-05,-0.39998454266242167,0.5999844993799184,-2.4170600358097878e-05,2.4232140196131513e-05
14.06,2,-0.4,0.6,-0.39998547276950314,0.5999854727952596,-1.8036218694170332e-05,1.8036222368192356e-05,-0.3999853982968052,0.5999853572040506,-1.810931619418768e-05,1.815567384298722e-05
14.08,2,-0.4,0.6,-0.39998625649791836,0.5999862565238349,-1.9396216342204217e-05,1.939622028254706e-05,-0.39998618524620744,0.5999861461786863,-1.9475954791150357e-05,1.9526082263160438e-05
14.1,2,-0.4,0.6,-0.39998702963833477,0.5999870296644089,-1.4828329040148143e-05,1.4828332069810601e-05,-0.3999869493496441,0.5999869122591144,-1.6252286647410255e-05,1.629434677240249e-05
14.120000000000001,2,-0.4,0.6,-0.39998772916266695,0.5999877291888837,-1.7341166994832603e-05,1.7341170529608374e-05,-0.39998765271708053,0.5999876174564486,-1.740590249490071e-05,1.7451191159423285e-05
14.14,2,-0.4,0.6,-0.3999884194614469,0.5999884194878045,-1.323906994362637e-05,1.3239072634299576e-05,-0.3999883466104569,0.5999883131646923,-1.3308461308232135e-05,1.3343273530586064e-05
14.16,2,-0.4,0.6,-0.39998904601610674,0.599989046042592,-1.5262210160348587e-05,1.526221327839694e-05,-0.39998899027736745,0.5999889585243984,-1.38084351262854e-05,1.3844757418335352e-05
14.18,2,-0.4,0.6,-0.3999896251995774,0.5999896252261808,-1.5933347878086673e-05,1.593335112366756e-05,-0.39998955522804536,0.5999895249688582,-1.7841700997979493e-05,1.7888886716846408e-05
14.200000000000001,2,-0.4,0.6,-0.399990187809299,0.599990187836017,-1.3529754597961345e-05,1.3529757365987605e-05,-0.39999012163520875,0.5999900928811072,-1.354325388829708e-05,1.3579251389908564e-05
14.22,2,-0.4,0.6,-0.399990689786268,0.5999906898130883,-1.614308332393774e-05,1.6143086619277436e-05,-0.3999906264733059,0.59999059906775,-1.6236981407452035e-05,1.62803596827632e-05
14.24,2,-0.4,0.6,-0.39999119524953053,0.599991195276454,-1.2076480896601807e-05,1.2076483364611978e-05,-0.3999911348594322,0.5999911088185259,-1.2146289921600821e-05,1.2178902852516549e-05
14.26,2,-0.4,0.6,-0.39999166072651393,0.5999916607535322,-1.2814611558861592e-05,1.2814614187797724e-05,-0.39999160305480436,0.5999915782771946,-1.288948433884364e-05,1.2924270986466868e-05
14.280000000000001,2,-0.4,0.6,-0.399992122742386,0.5999921227694984,-9.787469388396891e-06,9.787471384276047e-06,-0.39999206779514657,0.5999920442778172,-9.845211682385675e-06,9.87191623931516e-06
14.3,2,-0.4,0.6,-0.39999253719565375,0.5999925372228507,-1.1685861282293743e-05,1.1685863672256103e-05,-0.3999924847172199,0.5999924623364509,-1.1755485849261442e-05,1.1787535658114301e-05
14.32,2,-0.4,0.6,-0.3999929419632718,0.5999929419905513,-9.724312431019441e-06,9.724314415676671e-06,-0.39999290072324545,0.5999928794821261,-8.80453143488509e-06,8.82865734874727e-06
14.34,2,-0.4,0.6,-0.399993332675625,0.599993332702984,-8.319267267377188e-06,8.319268968784432e-06,-0.3999932846553301,0.5999932644714617,-9.322272573796843e-06,9.347948902921344e-06
14.36,2,-0.4,0.6,-0.39999367512737893,0.5999936751548078,-1.0817832772172173e-05,1.0817834978679719e-05,-0.39999362959693463,0.5999936103677227,-1.0843366119552174e-05,1.0873383070944542e-05
14.38,2,-0.4,0.6,-0.3999939887721194,0.5999939887996122,-1.150861445412335e-05,1.1508616810429473e-05,-0.3999939555932412,0.5999939372705582,-1.0422708721802114e-05,1.0451696196511762e-05
14.4,2,-0.4,0.6,-0.3999943077140232,0.599994307741581,-8.621183942551618e-06,8.621185715873558e-06,-0.3999942738324001,0.5999942563988453,-8.897642553853773e-06,8.922505111461088e-06
14.42,2,-0.4,0.6,-0.3999946163595171,0.5999946163871378,-7.42754716968972e-06,7.427548693150765e-06,-0.39999459078547106,0.5999945742417186,-6.710368253140704e-06,6.729211131387136e-06
14.44,2,-0.4,0.6,-0.3999949009892116,0.5999949010168901,-7.83375446535093e-06,7.833756083139298e-06,-0.39999487509662973,0.5999948593550992,-8.01649130189458e-06,8.03911328492446e-06
14.46,2,-0.4,0.6,-0.39999517632565185,0.5999951763533866,-6.780147025126949e-06,6.780148404120223e-06,-0.39999515157648224,0.5999951366187979,-6.804887101514653e-06,6.824181984776967e-06
14.48,2,-0.4,0.6,-0.39999543668927523,0.5999954367170631,-6.425716950925718e-06,6.425718263244895e-06,-0.3999954076933963,0.599995393465355,-7.043027975260109e-06,7.063097128001683e-06
14.5,2,-0.4,0.6,-0.3999956839658181,0.5999956839936564,-5.971503756065956e-06,5.971504973972808e-06,-0.39999565647420227,0.5999956429582741,-5.982842358122353e-06,5.999971651279856e-06
14.52,2,-0.4,0.6,-0.3999959121576716,0.5999959121855565,-6.279613205193747e-06,6.279614489637653e-06,-0.3999958858800129,0.5999958730239257,-6.3140264882615565e-06,6.332191436336787e-06
14.540000000000001,2,-0.4,0.6,-0.39999613778485177,0.5999961378127826,-4.892046415859268e-06,4.892047417118239e-06,-0.3999961127279554,0.5999961005274361,-4.918506227732933e-06,4.9327218625688785e-06
14.56,2,-0.4,0.6,-0.3999963418239203,0.5999963418518928,-5.636992731685754e-06,5.63699388833605e-06,-0.39999631788293477,0.5999963062781833,-5.667836575587448e-06,5.684299262995185e-06
14.58,2,-0.4,0.6,-0.39999653543693636,0.5999965354649482,-5.29994016804352e-06,5.299941258002372e-06,-0.39999651256581764,0.599996501529051,-5.329241606826657e-06,5.3447932063105386e-06
14.6,2,-0.4,0.6,-0.39999672330796554,0.5999967233360157,-4.518853544806245e-06,4.518854473764544e-06,-0.39999670148568045,0.5999966910026462,-4.5440934825424426e-06,4.557415398800946e-06
14.620000000000001,2,-0.4,0.6,-0.39999690083494743,0.5999969008630339,-4.291192810124654e-06,4.291193683544914e-06,-0.3999968756986998,0.5999968657287097,-4.794900818590533e-06,4.809024421320585e-06
14.64,2,-0.4,0.6,-0.39999707182176325,0.5999970718498847,-3.716695232807918e-06,3.7166959784423748e-06,-0.3999970486167194,0.599997039158301,-3.663188011701797e-06,3.6740277800373367e-06
14.66,2,-0.4,0.6,-0.39999722651867875,0.5999972265468317,-4.273437557353148e-06,4.273438430651977e-06,-0.3999972000479213,0.5999971910396533,-4.784492638735226e-06,4.798718009998981e-06
14.68,2,-0.4,0.6,-0.39999738017914294,0.5999973802073273,-3.2547489182506092e-06,3.2547495750490096e-06,-0.3999973557350709,0.5999973471916413,-3.202818202720746e-06,3.2123841677555998e-06
14.700000000000001,2,-0.4,0.6,-0.3999975147343344,0.5999975147625461,-4.251303762557897e-06,4.251304635868869e-06,-0.39999749523849637,0.5999974871135829,-3.8610560559315665e-06,3.872641483285144e-06
14.72,2,-0.4,0.6,-0.39999764964377776,0.5999976496720171,-3.2257211658656693e-06,3.2257218170461677e-06,-0.39999763035632463,0.5999976226386,-3.3268894449574662e-06,3.3369164521984684e-06
14.74,2,-0.4,0.6,-0.39999777389935853,0.5999977739276233,-3.420665909597935e-06,3.4206665995573093e-06,-0.39999775553229483,0.5999977481935194,-3.442196858592997e-06,3.45261974359079e-06
14.76,2,-0.4,0.6,-0.39999789958166676,0.5999978996099571,-2.351410275474447e-06,2.351410760062511e-06,-0.3999978821225636,0.5999978751687337,-2.368504179312003e-06,2.3757080169911626e-06
14.780000000000001,2,-0.4,0.6,-0.39999801320666867,0.599998013234982,-2.7699234274296963e-06,2.7699240063433495e-06,-0.39999799657611845,0.5999979899719847,-2.790123962891078e-06,2.7986502094262677e-06
14.8,2,-0.4,0.6,-0.3999981204421086,0.5999981204704439,-2.6470611515106574e-06,2.64706168601192e-06,-0.3999981045997571,0.599998098327172,-2.6665211071471434e-06,2.674706109984104e-06
14.82,2,-0.4,0.6,-0.3999982222913314,0.5999982223196876,-2.459548351796924e-06,2.4595488473944105e-06,-0.39999820720348844,0.5999982012472276,-2.4777753991778867e-06,2.48541582650863e-06
14.84,2,-0.4,0.6,-0.3999983158695613,0.5999983158979366,-2.6320444414520625e-06,2.6320449758587827e-06,-0.39999830148043863,0.5999982958161414,-2.6517006844906793e-06,2.6599135094507176e-06
14.86,2,-0.4,0.6,-0.3999984068163264,0.5999984068447203,-2.238548472265761e-06,2.2385489289594718e-06,-0.3999983931114272,0.5999983877321304,-2.2553931532335453e-06,2.2624089135031555e-06
14.88,2,-0.4,0.6,-0.39999849106082297,0.599998491089234,-2.3166513464546734e-06,2.3166518197947905e-06,-0.39999847799460375,0.5999984728804857,-2.334220725521731e-06,2.341514435663661e-06
14.9,2,-0.4,0.6,-0.3999985728875941,0.5999985729160219,-1.967818084186619e-06,1.9678184797339293e-06,-0.39999856191563765,0.5999985570648316,-1.8196041760868906e-06,1.8253139865559431e-06
14.92,2,-0.4,0.6,-0.3999986439533483,0.5999986439817905,-2.5637379255094572e-06,2.563738448743691e-06,-0.39999863338518227,0.5999986287596222,-2.5886265775055747e-06,2.5967865946441293e-06
14.94,2,-0.4,0.6,-0.3999987158902124,0.5999987159186693,-1.9460720125574413e-06,1.9460724081654668e-06,-0.3999987058119764,0.5999987014155956,-1.9589599086159565e-06,1.9651601655956696e-06
14.96,2,-0.4,0.6,-0.39999878197961447,0.599998782008085,-2.0685293013501804e-06,2.0685297079936493e-06,-0.3999987723525282,0.5999987681676023,-2.082672171326884e-06,2.0892919815607147e-06
14.98,2,-0.4,0.6,-0.39999884923709933,0.5999988492655834,-1.4543405459236172e-06,1.454340852580227e-06,-0.3999988400730071,0.59999883610418,-1.4643540301563854e-06,1.4690273640316498e-06
15.0,3,0.3,0.3,-0.399998910029844,0.5999989100583405,-1.6796817749013815e-06,1.6796821204756451e-06,-0.3999989012878463,0.599998897515219,-1.6913482480509015e-06,1.6967701775283395e-06
15.02,3,0.3,0.3,-0.3633303527978506,0.5842838470664495,1.056352690522326,-0.452721679245306,-0.363345306259366,0.5843357534407911,1.0559216579751856,-0.4512259931008672
15.040000000000001,3,0.3,0.3,-0.3275055458872848,0.5689303902422458,0.8813408075350593,-0.37771670450158784,-0.3275343160890544,0.5690302311364583,0.881001433539326,-0.3765393186331037
15.06,3,0.3,0.3,-0.29363521940948695,0.5544145661577747,0.8359276431158467,-0.35825396082311317,-0.2945118907529676,0.5549141914976732,0.9284723573050255,-0.39689406726959264
15.08,3,0.3,0.3,-0.26024051001547915,0.5401025775432817,0.6405216786429604,-0.27450872124924075,-0.26095625654750054,0.5405679096009838,0.6272877829112353,-0.2681909563330669
15.1,3,0.3,0.3,-0.23002529657419285,0.5271532272239109,0.7490327315499883,-0.32101336169729566,-0.23071709423259434,0.5276372870236044,0.7499389726938199,-0.3206837694472648
15.120000000000001,3,0.3,0.3,-0.2013033838943914,0.5148438616172226,0.693492855220274,-0.2972106069489685,-0.20196936408757993,0.5153423921133243,0.6941061528422856,-0.29685914575422534
15.14,3,0.3,0.3,-0.1755284559926843,0.5037974868661411,0.8104185620819402,-0.34732152017756635,-0.17617074612549896,0.5043069473201525,0.8111647862485992,-0.3469810930942047
15.16,3,0.3,0.3,-0.1497158562522181,0.492734967074855,0.6173156590134647,-0.2645633048926257,-0.15033384678526907,0.49325338533951,0.6178975121921799,-0.2643516340225214
15.18,3,0.3,0.3,-0.12594071905052312,0.4825456437025602,0.654507126913378,-0.2805024723367104,-0.12653577144079814,0.4830703769516384,0.6551392687443681,-0.2803309767470579
15.200000000000001,3,0.3,0.3,-0.10294069988834126,0.4726885130865077,0.5663716614628654,-0.24273020838847278,-0.10351303595835408,0.47321752673057715,0.5669313721586118,-0.24262593454574313
15.22,3,0.3,0.3,-0.08232461865497821,0.4638530680342131,0.6626751834534482,-0.28400306072658904,-0.0828761134524145,0.46438425175520764,0.6633454781894516,-0.2839346312687871
15.24,3,0.3,0.3,-0.061567785641440394,0.45495730091560144,0.49593068201473245,-0.21254127984005414,-0.062097842059842145,0.45548908892536444,0.4964435075019308,-0.21252896540215874
15.26,3,0.3,0.3,-0.042979143490214214,0.44699075652408987,0.5847037239896402,-0.25058679029581443,-0.04348956563586507,0.44752157328402786,0.5853219379626349,-0.25061949527061916
15.280000000000001,3,0.3,0.3,-0.02444927871180256,0.439049402382994,0.4549892281825975,-0.1949949788929214,-0.02493971639421917,0.4395778187550387,0.4554802159541443,-0.19505489781922522
15.3,3,0.3,0.3,-0.007849354347578857,0.43193516384596514,0.5336125453291469,-0.22869061630711093,-0.008321502261776406,0.43246008656457485,0.534200784793699,-0.2288039845561305
15.32,3,0.3,0.3,0.009151449424405201,0.424649120204985,0.367401366187444,-0.15745740164785058,0.008698407751622023,0.4251691634270184,0.3678144971176311,-0.15756364792658492
15.34,3,0.3,0.3,0.02445526321312627,0.41809035647626785,0.43134854344029927,-0.18486327787541856,0.02401978591285154,0.41860473902669565,0.4318438288109709,-0.18502359656465578
15.36,3,0.3,0.3,0.03940024226769464,0.41168537874308475,0.35904987961491047,-0.15387820053770518,0.03898225505827134,0.4121930616066173,0.3594704867190145,-0.15404058735274462
15.38,3,0.3,0.3,0.053177843143406595,0.4057807049055526,0.3792194528559417,-0.16252228541253774,0.05277630269244861,0.40628109093178194,0.37967253332472667,-0.16272449417517962
15.4,3,0.3,0.3,0.06588318403159305,0.40033557010913373,0.3973766278876403,-0.17030391570361844,0.0654970995917386,0.4008282235382874,0.39786049976439486,-0.17054737427036815
15.42,3,0.3,0.3,0.07853133902531385,0.39491494350236805,0.3106069141971357,-0.1331169727259892,0.07816092351791615,0.39539891912090014,0.31099189512004033,-0.13333074162309688
15.44,3,0.3,0.3,0.09048528732737166,0.3897918334318059,0.29503643268754887,-0.12644392306683627,0.0903958280736893,0.3901526352388555,0.2658680871343362,-0.11400372722919608
15.46,3,0.3,0.3,0.10208524651962364,0.3848204326649177,0.24675218043739383,-0.10575071504414207,0.10170008052446444,0.3853045926395009,0.2796348455642865,-0.11992712404386924
15.48,3,0.3,0.3,0.11253963562486043,0.38033998948800873,0.2890159306756108,-0.12386371326770695,0.11244133657858085,0.3806972446996908,0.25936939889280924,-0.11125458779706829
15.5,3,0.3,0.3,0.12270569224227135,0.3759831171209129,0.24442750623390264,-0.10475442816477538,0.12259915138524662,0.37633943518754037,0.24550040105284265,-0.1053230183825441
15.52,3,0.3,0.3,0.13227458977365453,0.3718821695453579,0.23626647910031626,-0.10125685236477434,0.13217004595054194,0.3722327377348984,0.2362925454465641,-0.10138923121101362
15.540000000000001,3,0.3,0.3,0.14170992628439869,0.36783846228843425,0.18097142890183182,-0.07755902288671959,0.14142637956495605,0.36826035723478984,0.20112262201990636,-0.08631264218021778
15.56,3,0.3,0.3,0.15003528602610117,0.3642704583740157,0.2351459519478801,-0.10077662743455078,0.14980046231283992,0.3646659931935342,0.23133399113366548,-0.09929498575979714
15.58,3,0.3,0.3,0.15797378669049109,0.3608682508629968,0.21710963129616356,-0.09304679176810868,0.15774669524548673,0.36125472360627525,0.21752016794380888,-0.09338084173980701
15.6,3,0.3,0.3,0.1654900889184247,0.35764698516357407,0.20583538684837827,-0.08821498274510771,0.16527198148613356,0.3580236419975483,0.20607397564826188,-0.08848130481045446
15.620000000000001,3,0.3,0.3,0.17305910841706598,0.35440312639500937,0.14488723079692137,-0.062094398645029684,0.17270509980112655,0.3548316155750606,0.16118087774814768,-0.06921666408047333
15.64,3,0.3,0.3,0.17954701386861127,0.35162260125663797,0.2095339414589479,-0.08980007428492635,0.17924157997562662,0.3520241642421282,0.20634863120912697,-0.0886284210158277
15.66,3,0.3,0.3,0.18593056266584948,0.3488868003058956,0.17357607030394617,-0.07438959005821605,0.18563741109974197,0.3492766930312014,0.17408681563711784,-0.07478350631600689
15.68,3,0.3,0.3,0.19196705750507356,0.3462997364570941,0.16534944755793837,-0.07086390191068959,0.1916869832128219,0.34667754477842744,0.16570101909118432,-0.07119262594082262
15.700000000000001,3,0.3,0.3,0.1979521623721281,0.34373469683637414,0.1268150002381806,-0.05434917304598212,0.1976851384123257,0.3441000707419458,0.12709185737918421,-0.0546132016484623
15.72,3,0.3,0.3,0.20370595924995208,0.3412687890053307,0.10864810612748682,-0.046563377440346755,0.20345162157412672,0.3416217285725827,0.10888775169842677,-0.04679850968585937
15.74,3,0.3,0.3,0.20901499726515357,0.3389934917199043,0.115893345926205,-0.04966847376674405,0.20877249567915365,0.33933450687195804,0.11615177276017288,-0.0499289552078019
15.76,3,0.3,0.3,0.2139240324175958,0.3368896238770954,0.1214255536407372,-0.05203941500916994,0.21357089336672927,0.3372715293378572,0.13522136618787908,-0.05813600356332746
15.780000000000001,3,0.3,0.3,0.21867335944751948,0.33485420223048334,0.10319016378844674,-0.04422426414788776,0.21835801585611025,0.33521307079652596,0.10131874612118319,-0.04356731825785777
15.8,3,0.3,0.3,0.22295267403014052,0.33302021407188825,0.12060361175399259,-0.05168715492981912,0.22265174521515288,0.3333664575497004,0.121067395365621,-0.05206789297301459
15.82,3,0.3,0.3,0.22713155937144966,0.33122926692740257,0.10039721179798053,-0.04302728720582545,0.22684524163513392,0.3315626643233849,0.10074642163029085,-0.04333548073100917
15.84,3,0.3,0.3,0.23087799107527388,0.3296236566715523,0.11781850680487443,-0.05049354099819341,0.23060484644407228,0.32994523856090324,0.1182329915572347,-0.05086559297055174
15.860000000000001,3,0.3,0.3,0.23454034092957127,0.3280540814193059,0.09970149109805504,-0.04272912180922177,0.234280156061987,0.3283638306561578,0.1000544193604653,-0.04305167042620969
15.88,3,0.3,0.3,0.23800446469021075,0.3265694600309179,0.09488344647971121,-0.0406642498284299,0.23775661793432637,0.3268677413797409,0.09522149850204209,-0.040978728892251785
15.9,3,0.3,0.3,0.24136628826462495,0.3251286814885097,0.08085986438575848,-0.034654155689003166,0.24120352749274696,0.32538413062167737,0.07303483176471323,-0.031435720683759896
15.92,3,0.3,0.3,0.2444662097610565,0.32380014646090555,0.08531963428153394,-0.03656548167683688,0.2442957729353193,0.32405294811087093,0.08718821510621486,-0.037533836494037714
15.94,3,0.3,0.3,0.24739108704730722,0.32254663022486707,0.08204813931653214,-0.03516341531599297,0.2471464917960869,0.3228255446857297,0.0913692053644492,-0.03934003190007424
15.96,3,0.3,0.3,0.25008444049060075,0.32139233828706665,0.0863351443482118,-0.037000699373131295,0.2498700325153524,0.321652718059225,0.0846143562788074,-0.0364374486261194
15.98,3,0.3,0.3,0.2528526332312027,0.32020597243125154,0.05827875274718004,-0.02497655649726617,0.2526483853114259,0.3204560999311111,0.05857014217105565,-0.025225977011747926
16.0,3,0.3,0.3,0.2553961418093213,0.31911589958812514,0.06295421149882635,-0.02698032037456894,0.25520187164739433,0.319356143818705,0.06319974258608685,-0.02722441811655662
16.02,3,0.3,0.3,0.2577548230552739,0.31810503829442394,0.06484795445294353,-0.02779192281286936,0.25756984978451003,0.3183359320456244,0.06510368518439648,-0.028049267930015633
16.04,3,0.3,0.3,0.2600457074995168,0.3171232327125954,0.05509299569408307,-0.023611234877862115,0.2598698171050732,0.3173448625844901,0.055311487408807015,-0.023834231148564453
16.06,3,0.3,0.3,0.2621488714383063,0.3162218786090306,0.059159809065641,-0.025354151276830758,0.2619813695392583,0.3164348316490489,0.059395801037399894,-0.025598332892712985
16.080000000000002,3,0.3,0.3,0.2642462018247224,0.315323024594149,0.04439285703448891,-0.0190254706825495,0.26408711305452726,0.31552715975295087,0.04457098252916031,-0.019212286042512173
16.1,3,0.3,0.3,0.26607430417825634,0.3145395537825198,0.05893471537821094,-0.025257682752790257,0.2659225929171367,0.3147358501414887,0.059172583392315216,-0.02551049645737711
16.12,3,0.3,0.3,0.26794785066779586,0.3137366069530162,0.040486304267397605,-0.017351237256560365,0.2678037419776459,0.3139247260766172,0.04065061724869148,-0.017528031087075218
16.14,3,0.3,0.3,0.26963436417877706,0.313013816948001,0.04753560121068411,-0.020372358247514682,0.2694971397739145,0.3131944350569322,0.04772966440953776,-0.0205838646724042
16.16,3,0.3,0.3,0.2712813337441139,0.3123079743130972,0.039568084658314406,-0.0169577153826335,0.2711508697860589,0.3124811378491201,0.03973054872507131,-0.017136967646776156
16.18,3,0.3,0.3,0.2728313284309767,0.311643692254162,0.03827161992293401,-0.016402088791729434,0.2726688340761201,0.3118262917174803,0.04269960785447921,-0.01842057766545233
16.2,3,0.3,0.3,0.2742978072362674,0.31101520264163396,0.0361904877407805,-0.015510176850067517,0.27415058738580916,0.31118696540393137,0.03560171479685282,-0.015361056236351055
16.22,3,0.3,0.3,0.27569055960023137,0.3104183100098258,0.03363376901120947,-0.014414442525169591,0.2755504920994054,0.31058285447869527,0.03383996774385389,-0.014603308105756257
16.240000000000002,3,0.3,0.3,0.27694045136957546,0.30988264322010234,0.039299000277180425,-0.016842393742985632,0.2768070773055167,0.31004050234229363,0.039507984799994476,-0.01705208850849849
16.26,3,0.3,0.3,0.27821910963625496,0.3093346479571018,0.026941650325764337,-0.011546397611593446,0.2780655136568512,0.30949726667617855,0.030095957394558927,-0.012991785242207954
16.28,3,0.3,0.3,0.2793327520339079,0.3088573736340877,0.0359048305898363,-0.015387752609650474,0.27919273599004835,0.3090105928108577,0.03545538641857122,-0.015307839678091004
16.3,3,0.3,0.3,0.2804741011103852,0.3083682250447882,0.024663877011780716,-0.010570211074010464,0.2803412414620819,0.3085146524938117,0.024832024128553135,-0.010722852104857766
16.32,3,0.3,0.3,0.28150562414199687,0.3079261446627666,0.028501261282945126,-0.012214800919522921,0.281379358269425,0.3080663047239647,0.02868293239214502,-0.01238783326242852
16.34,3,0.3,0.3,0.28250857823394737,0.3074963080866248,0.024115047489962863,-0.010334998909309764,0.2823887425225513,0.3076302964498423,0.024269700078900024,-0.010483492922006003
16.36,3,0.3,0.3,0.2834333345253208,0.30709998478405054,0.02545254740939873,-0.010908211970638525,0.2833194497366157,0.3072282070638118,0.025616363890005232,-0.011067006961516822
16.38,3,0.3,0.3,0.28432790346229236,0.30671659889223496,0.022028703508594018,-0.009440853344051037,0.2842197961231233,0.3068391718521616,0.022170985695106164,-0.00958001163954636
16.4,3,0.3,0.3,0.2851566221548064,0.3063614344752005,0.022788660938708016,-0.009766548709266094,0.28505388649546864,0.30647870690542023,0.022936399904605248,-0.00991239186185714
16.42,3,0.3,0.3,0.28596155452562483,0.3060164641748842,0.01935749805127212,-0.008296053380490827,0.28586405501523804,0.3061285241360101,0.01948344185311037,-0.008421480671117497
16.44,3,0.3,0.3,0.2867037560112236,0.3056983784838795,0.02042785055837952,-0.008754774931357383,0.2866111022232675,0.30580557159344124,0.020561242534407623,-0.008888801042562247
16.46,3,0.3,0.3,0.2874217282883405,0.3053906767178229,0.01768002454137111,-0.007577137653692754,0.28731598285838494,0.30550079901449795,0.01977319594314019,-0.008549465668631979
16.48,3,0.3,0.3,0.2881006571073407,0.30509970782766854,0.01675581406607389,-0.007181048271780718,0.2880036297762037,0.3052034307423923,0.016523764704199265,-0.007145647634966251
16.5,3,0.3,0.3,0.2887298884240185,0.30483003782288787,0.017301555017731812,-0.007414936765462912,0.2886376022195272,0.30492922866307703,0.017449569209680257,-0.007547241266058005
16.52,3,0.3,0.3,0.2893410479773317,0.3045681128434794,0.014697582448651221,-0.006298950837421536,0.28925351578742486,0.3046627947543138,0.014811329817843347,-0.006407183291271181
16.54,3,0.3,0.3,0.2899021271946055,0.3043276508206987,0.015782574811064744,-0.006763946599115847,0.28981896850505745,0.30441814910867926,0.015905618018990486,-0.006881662777937867
16.56,3,0.3,0.3,0.290405781424303,0.30411179945581523,0.01805070301884381,-0.0077359995278697,0.29032656024052766,0.3041985026951374,0.018191843367652526,-0.00787209017079334
16.580000000000002,3,0.3,0.3,0.29093826822816593,0.303883591299071,0.011155553719005382,-0.00478094167465986,0.29086322163788203,0.30396624215756873,0.01124302531144663,-0.004865887407810337
16.6,3,0.3,0.3,0.29141688316901343,0.3036784710357144,0.013238458191220388,-0.00567361316716428,0.29135592133451504,0.3037529717377432,0.01219582536581839,-0.005279113293039175
16.62,3,0.3,0.3,0.29187115980751377,0.3034837814517225,0.012434709342924247,-0.005329150089873794,0.2918128368781211,0.3035551588412635,0.012562093346011376,-0.005438560700851799
16.64,3,0.3,0.3,0.29232150160760806,0.3032907782235477,0.00954229635198419,-0.004089547094630226,0.29226623439188937,0.3033588376458932,0.009605408258954583,-0.004159174776419489
16.66,3,0.3,0.3,0.2927254982450248,0.3031176371667389,0.01139098198338813,-0.004881839292429746,0.29267297008462567,0.3031826914407899,0.011468252725920024,-0.004966606739728069
16.68,3,0.3,0.3,0.2931086745945846,0.30295341907192724,0.010743256938609905,-0.0046042434207364605,0.2930684881459829,0.3030113761433831,0.009734720457454216,-0.004216529200821582
16.7,3,0.3,0.3,0.293473450383282,0.3027970869154082,0.0099792754845199,-0.004276823476872742,0.293433240099561,0.30285336119239886,0.010255426941316294,-0.004442792145844712
16.72,3,0.3,0.3,0.29383367517820624,0.3026427051807451,0.007811320016998233,-0.0033477016331477753,0.29379556694590064,0.30269637192038573,0.007852540429100094,-0.003402368895748877
16.740000000000002,3,0.3,0.3,0.2941748302795223,0.3024964961549563,0.007289909895556189,-0.003124240616092542,0.2941313550486471,0.3025508572110984,0.008146714503780544,-0.0035304252409587046
16.76,3,0.3,0.3,0.2944891017520278,0.3023618086604677,0.007776485974877914,-0.0033327727887716325,0.2944491979266941,0.3024130966359434,0.007680488526501876,-0.0033289281486042557
16.78,3,0.3,0.3,0.2947931713960188,0.30223149336912786,0.0066065720458998375,-0.0028313821453364585,0.29475531998533533,0.3022803943731365,0.006654137197343292,-0.0028845430703521753
16.8,3,0.3,0.3,0.29505942725650025,0.3021173839513825,0.008579427343583211,-0.0036768898039649042,0.29501613256713327,0.30216731484396053,0.009445731253692712,-0.00409538032267991
16.82,3,0.3,0.3,0.2953276615831604,0.30200242662132,0.006408077410117667,-0.002746313192165232,0.29528685707755137,0.3020499202915066,0.00643357198809371,-0.00278982169757927
16.84,3,0.3,0.3,0.29558543501731555,0.30189195252160034,0.0056043772885902635,-0.002401870997637185,0.29554208389854175,0.3019392278541703,0.0061720843690330485,-0.002676865355782921
16.86,3,0.3,0.3,0.2958244579911108,0.3017895143167904,0.005798413296411481,-0.0024850291140501163,0.295783517157793,0.3018345006302126,0.005834792617141635,-0.002530993438737642
16.88,3,0.3,0.3,0.29605483387192744,0.3016907820012826,0.005007284288667653,-0.002145974528595721,0.296016052634755,0.3017336164959102,0.00505458351453629,-0.002192908948357608
16.9,3,0.3,0.3,0.2962632593461127,0.3016014569833841,0.0057576800466238795,-0.0024675720431286303,0.2962264396727838,0.30164232622710063,0.005811858985237409,-0.002521875170324043
16.92,3,0.3,0.3,0.2964659033254704,0.30151460974384253,0.004872415391094349,-0.0020881736923524137,0.296430995415675,0.3015535521532648,0.004918388276775501,-0.0021345220806793727
16.94,3,0.3,0.3,0.29665274796227825,0.3014345336370593,0.005142620350699838,-0.002203975577529084,0.29661960724178077,0.30147168414041275,0.005191265059954993,-0.0022533138327991836
16.96,3,0.3,0.3,0.2968342651894976,0.301356740701077,0.0043650783674826985,-0.001870743990494514,0.29680284550732905,0.3013921359105657,0.004406470393527574,-0.0019129717534410243
16.98,3,0.3,0.3,0.29699702845530696,0.30128698516045177,0.0051184226849993325,-0.0021936051708199115,0.29696715589194606,0.3013207931204142,0.005167080596904808,-0.0022435386299925406
17.0,3,0.3,0.3,0.2971592674776333,0.30121745429513924,0.003983699809260818,-0.0017072963761255028,0.2971345602407641,0.30124809566790084,0.0036194935554339086,-0.0015718174171427332
17.02,3,0.3,0.3,0.29730075711933157,0.301156816003074,0.005100056833300774,-0.002185734107779752,0.2972810231784374,0.30118448172633777,0.0047198360611590134,-0.0020499963007903944
17.04,3,0.3,0.3,0.29744743561280007,0.3010939539220071,0.0034864704663764845,-0.001494198528456482,0.2974278726038703,0.3011206901466989,0.0036038384750537375,-0.0015655190503028604
17.06,3,0.3,0.3,0.2975823759668401,0.30103612246168615,0.0037156292490685694,-0.0015924092314517115,0.2975638230773025,0.30106162353827864,0.0037389471294259555,-0.0016244781552227465
17.080000000000002,3,0.3,0.3,0.29771292335217997,0.3009801736983309,0.003214692556705645,-0.0013777225230958909,0.29769823128261,0.30100321768569427,0.0029142750193512437,-0.0012663764188933675
17.1,3,0.3,0.3,0.29783685383827424,0.3009270607430542,0.002993057489889761,-0.0012827362629435173,0.2978223673203975,0.30094926655718635,0.0030708911632881947,-0.0013346537086182352
17.12,3,0.3,0.3,0.29795405383519435,0.30087683227715323,0.0028325420402745827,-0.0012139440701178505,0.2979428852813929,0.3008968794349544,0.0025634225451900416,-0.0011142845041657613
17.14,3,0.3,0.3,0.2980592487188268,0.3008317488491295,0.0033074270073060186,-0.0014174657764826001,0.2980480245588038,0.300851169543235,0.003389195758946313,-0.0014734771783371375
17.16,3,0.3,0.3,0.29816207698036723,0.30078767968561243,0.0027993598968726677,-0.0011997231809998676,0.2981514270470898,0.3008062078947212,0.00281187421187596,-0.0012226747775709972
17.18,3,0.3,0.3,0.2982621156417027,0.30074480606255966,0.0023556364936580323,-0.0010095564027638657,0.2982520023880157,0.3007624686107394,0.002368428138720742,-0.001030018751315219
17.2,3,0.3,0.3,0.2983539818754561,0.3007054349012041,0.0025304513754129537,-0.0010844769108893093,0.29834629901574444,0.3007214531274721,0.0023292023989471278,-0.0010131189619310907
17.22,3,0.3,0.3,0.2984432438419772,0.3006671798520611,0.0021464815211733254,-0.0009199187434024148,0.29843587312383624,0.30068248548288246,0.0021630670146502856,-0.0009410112652885674
17.240000000000002,3,0.3,0.3,0.29852554826598426,0.30063190660066613,0.002265296877960739,-0.0009708395048975034,0.2985185353929971,0.3006465188723748,0.002274788695106736,-0.000989774827393066
17.26,3,0.3,0.3,0.29860851849107856,0.3005963480065401,0.0015880693129996862,-0.0006805997221852496,0.29860186549952356,0.30061025591103696,0.0015949634228575246,-0.0006940866954689776
17.28,3,0.3,0.3,0.29867993087991546,0.30056574276053327,0.0022641436913644966,-0.0009703452830558158,0.2986735894403571,0.3005790383839007,0.0022740234347738905,-0.000989765042386296
17.3,3,0.3,0.3,0.29875313318899954,0.3005343704074408,0.00154184708862002,-0.0006607902385347038,0.2987471127615338,0.30054703277210465,0.0015486103775739224,-0.0006741347998747461
17.32,3,0.3,0.3,0.29881873443878276,0.300506255644433,0.001849873450905884,-0.0007928012627021787,0.29881300330315197,0.30051834501317126,0.0018580320541017464,-0.0008089622158180543
17.34,3,0.3,0.3,0.29888280406471046,0.30047879729028715,0.0015392300047682161,-0.0006596686334636864,0.29887735694402684,0.3004903220097211,0.0015460550773115297,-0.0006732400965398545
17.36,3,0.3,0.3,0.298938436805742,0.30045495473645206,0.002007063811233771,-0.0008601684201461207,0.2989332376276587,0.30046598464073476,0.0020160111045651533,-0.0008780275805703106
17.38,3,0.3,0.3,0.2989970860898297,0.3004298193811325,0.0012641325969982228,-0.000541769989058638,0.298990879796102,0.3004408763497284,0.0014108836226259663,-0.0006145681335936147
17.400000000000002,3,0.3,0.3,0.2990498567143011,0.30040720344613564,0.0014874475054764413,-0.0006374761797817985,0.29904421598739306,0.30041763995047527,0.0014670131824849816,-0.0006391224416943501
17.42,3,0.3,0.3,0.2991001524613593,0.3003856481706868,0.0013756519834356995,-0.0005895639126053502,0.299094779152299,0.300395608165292,0.001384362425545578,-0.0006032101695574478
17.44,3,0.3,0.3,0.29914777416902344,0.30036523890974337,0.001304125166050947,-0.0005589096258924071,0.29914266563122166,0.3003747393861317,0.0013113236382336496,-0.0005714752463641427
17.46,3,0.3,0.3,0.29919164103262635,0.30034643886434476,0.0013722871081078003,-0.0005881218261472171,0.29918801896501107,0.30035497141795586,0.001241946490635859,-0.0005413262618565243
17.48,3,0.3,0.3,0.29923551861658404,0.30032763422451797,0.001049574105600859,-0.0004498165406335089,0.29923184529646335,0.30033586598169787,0.001079334674945455,-0.0004705217319701631
17.5,3,0.3,0.3,0.29927769530525394,0.3003095585383021,0.0009169620442021909,-0.0003929829179484569,0.29927421074168664,0.30031739441363187,0.0009205641482536303,-0.0004013725361976181
17.52,3,0.3,0.3,0.2993166662603137,0.3002928567350688,0.0009640209402994801,-0.0004131509744208471,0.29931238501577584,0.3003007474731866,0.0010758617370522638,-0.000469160731027686
17.54,3,0.3,0.3,0.2993526404703357,0.30027743924847294,0.0010113552846718749,-0.0004334370799137649,0.29934876861086085,0.3002848789304096,0.0009951443828390347,-0.00043403131122306954
17.56,3,0.3,0.3,0.2993877512705602,0.30026239179387976,0.0008436170006354132,-0.00036154939305829,0.29938406774892595,0.3002694809321215,0.0008490772480708453,-0.0003703826817740598
17.580000000000002,3,0.3,0.3,0.29942012016264735,0.300248519440336,0.0008909291101268993,-0.00038182596932361673,0.2994166180519398,0.30025527971602445,0.0008958862377276555,-0.00039086474028738466
17.6,3,0.3,0.3,0.2994499698774804,0.300235726731947,0.0009335901390799956,-0.0004001092295103405,0.2994474804382529,0.30024181279090706,0.0008449546119866577,-0.0003687022042026533
17.62,3,0.3,0.3,0.29947911120370124,0.3002232376180477,0.0007935167210408253,-0.0003400778891958882,0.29947656796404115,0.30022911832008,0.000816049852264196,-0.0003561445217839833
17.64,3,0.3,0.3,0.29950723709740495,0.30021118368861,0.0006927514215358949,-0.0002968928504432193,0.29950482254586713,0.30021678542857955,0.0006954911249588691,-0.00030357736872488675
17.66,3,0.3,0.3,0.2995332937597076,0.30020001657079004,0.0007165174920483255,-0.00030707828808546403,0.2995309958207938,0.30020535917766533,0.0007197419208201591,-0.00031421413616842045
17.68,3,0.3,0.3,0.29955905346852263,0.3001889767184865,0.0005585302105906437,-0.00023936959366987684,0.299556871548201,0.30019406103457824,0.0005610458162623108,-0.00024497090988427617
17.7,3,0.3,0.3,0.2995834490501578,0.3001785214909042,0.0005212943022341807,-0.0002234113803341077,0.2995813775973359,0.3001833591761065,0.0005236553289061988,-0.00022868320543605394
17.72,3,0.3,0.3,0.2996064227086863,0.3001686756576748,0.000500478523603326,-0.00021449035086021362,0.29960445584967677,0.3001732791698943,0.0005027573341747985,-0.00021959261882158881
17.740000000000002,3,0.3,0.3,0.2996272159638956,0.3001597642810721,0.0005743602990386718,-0.0002461539031906393,0.2996247672875782,0.3001644061879763,0.000641099757352985,-0.0002800642117113533
17.76,3,0.3,0.3,0.2996468502154511,0.30015134961929063,0.0005507344727125399,-0.00023602857006570568,0.29964512772164453,0.3001555104427611,0.00048684524339086266,-0.00021271094467136334
17.78,3,0.3,0.3,0.29966503203456113,0.3001435574272659,0.0005682067541832453,-0.00024351667515637096,0.29966379969835744,0.30014735108072627,0.0005252821634796068,-0.00022954094768792843
17.8,3,0.3,0.3,0.2996836053424868,0.30013559745466817,0.00039144448833202533,-0.0001677615755499469,0.29968234981322084,0.30013924370015194,0.00040202330431603206,-0.00017570613395228446
17.82,3,0.3,0.3,0.2996998549439255,0.30012863335421314,0.0005135011751252749,-0.00022007147562454546,0.29969866066770073,0.30013211382754007,0.0005149237719467778,-0.00022508733077574936
17.84,3,0.3,0.3,0.2997161480235001,0.3001216506203099,0.00038956893770260986,-0.00016695776979038998,0.2997150116053455,0.3001249653422426,0.0003909696536270879,-0.000170929890941994
17.86,3,0.3,0.3,0.2997311544084662,0.3001152193258091,0.000413114999236526,-0.0001770489180782063,0.29973007176638006,0.3001183801079342,0.000414595185335917,-0.000181287962013707
17.88,3,0.3,0.3,0.2997457335861678,0.3001089711197562,0.000350593285580493,-0.00015025395354759802,0.29974502019743604,0.3001118426997909,0.000316672335633969,-0.0001384915773855397
17.900000000000002,3,0.3,0.3,0.29975880645374203,0.3001033684738473,0.00041110310253332505,-0.00017618667842740632,0.2997580519787152,0.3001061425579157,0.00042011472057897764,-0.00018376014163073995
17.92,3,0.3,0.3,0.2997721807174928,0.30009763665841627,0.00028179715237350994,-0.0001207699576258256,0.2997711824039103,0.3001003984018539,0.00031367780041554466,-0.00013722553417746391
17.94,3,0.3,0.3,0.29978447115671575,0.3000923693382478,0.00030419553279568967,-0.00013036924359618313,0.299783573743269,0.30009497669556207,0.00029959926241727997,-0.00013108756261459575
17.96,3,0.3,0.3,0.2997964042912262,0.30008725514835266,0.00025381337313161445,-0.00010877693424896431,0.2997955499105891,0.30008973579832177,0.0002549451723840232,-0.00011156746824415864
17.98,3,0.3,0.3,0.29980763287545303,0.3000824429079528,0.0002446329169576572,-0.00010484246120262553,0.2998068209178379,0.3000848026705917,0.00024555371147966937,-0.00010747502744785573
18.0,3,0.3,0.3,0.2998177551160663,0.3000781048138322,0.00028526016020238854,-0.000122254100746573,0.2998169816227548,0.30008035477411643,0.0002863443711770275,-0.00012534904601028615
18.02,3,0.3,0.3,0.29982740221756904,0.30007397035033656,0.00026386250708294867,-0.0001130836970177733,0.2998269039915228,0.3000760105350729,0.00023838445934338398,-0.00010437096875012472
18.04,3,0.3,0.3,0.29983628629295894,0.3000701628973537,0.00027793482727320185,-0.00011911467885869498,0.2998357555832573,0.3000721344796134,0.00028466413777007704,-0.000124653083390186
18.06,3,0.3,0.3,0.29984532641304695,0.3000662885682104,0.00019548076268764703,-8.377729592901409e-05,0.29984482209925983,0.30006816370796396,0.00019593309459652736,-8.58112335218944e-05
18.080000000000002,3,0.3,0.3,0.29985346501735965,0.3000628006021692,0.00022938968893382317,-9.830966273649197e-05,0.29985298379718206,0.30006458862347185,0.0002300432449190079,-0.00010076664795420631
18.1,3,0.3,0.3,0.2998615536352397,0.30005933405884044,0.0001752918969557815,-7.512494285270149e-05,0.2998610955746316,0.30006103485116403,0.00017579386271729391,-7.70156554302931e-05
18.12,3,0.3,0.3,0.29986866562071696,0.3000562860713874,0.0002245211435449035,-9.62231476045218e-05,0.2998682280963477,0.30005790958121287,0.00022516969701508877,-9.866370466328142e-05
18.14,3,0.3,0.3,0.2998757949247959,0.300053230661692,0.0001704696095697622,-7.305825254575252e-05,0.2998753781487524,0.3000547761530416,0.00017096593554272177,-7.492447245436087e-05
18.16,3,0.3,0.3,0.29988249837279785,0.3000503577613651,0.00016553276999888705,-7.09424685428374e-05,0.29988196376166915,0.30005188961867113,0.00018129709338546296,-7.946473866667081e-05
18.18,3,0.3,0.3,0.2998890039702757,0.3000475696539441,0.0001383832890751724,-5.9307000855893244e-05,0.29988850051692195,0.3000490240494939,0.00013847671046615662,-6.070558513408819e-05
18.2,3,0.3,0.3,0.2998948440007017,0.3000450667889536,0.00016465245518965804,-7.056519155038132e-05,0.299894199146425,0.3000465254839383,0.00018371073711064,-8.054830311069253e-05
18.22,3,0.3,0.3,0.29990052274493145,0.3000426330464752,0.00013976868390844915,-5.990074026377898e-05,0.2999000643625067,0.30004395349108287,0.00012345053042505522,-5.413552047668982e-05
18.240000000000002,3,0.3,0.3,0.29990603029876894,0.3000402726711557,0.0001171675248213544,-5.0214549333106595e-05,0.29990545342837616,0.30004158990689456,0.0001333850415021695,-5.8501385062567635e-05
18.26,3,0.3,0.3,0.2999110999508784,0.300038099967616,0.00012545569731611111,-5.37666158901863e-05,0.2999104510137093,0.3000393976731581,0.00013740029281807814,-6.027226746422448e-05
18.28,3,0.3,0.3,0.2999160051074582,0.3000359977620141,0.00010657500078999071,-4.567490559000825e-05,0.29991550467970907,0.3000371804911338,9.455467698842729e-05,-4.148403526987518e-05
18.3,3,0.3,0.3,0.2999204425970197,0.30003409598471853,0.00012258569399790226,-5.253661700461987e-05,0.29991994652317255,0.3000352314047864,0.00012550966008809117,-5.50739654376492e-05
18.32,3,0.3,0.3,0.299924833811213,0.30003221403968255,9.520285470258905e-05,-4.0801138806646764e-05,0.299924363593941,0.30003329288728475,9.571935673083343e-05,-4.200847122028464e-05
18.34,3,0.3,0.3,0.2999287889393031,0.300030518988303,0.00011147149425807384,-4.777339842509595e-05,0.2999282473990536,0.3000315881263439,0.00012260976881660335,-5.38188191069669e-05
18.36,3,0.3,0.3,0.2999326512800423,0.30002886370284854,9.279211785917507e-05,-3.976796801369656e-05,0.2999321407518917,0.30002987891509486,9.309451470385088e-05,-4.0869530634399936e-05
18.38,3,0.3,0.3,0.29993609672923527,0.30002738708482896,0.00011080440293742555,-4.7487502746058896e-05,0.29993561078509456,0.3000283552985099,0.00011160568533170184,-4.900383004494829e-05
18.400000000000002,3,0.3,0.3,0.2999395661240407,0.3000259002044254,8.289038497970996e-05,-3.55243770139152e-05,0.29993910509452915,0.30002682079215215,8.348540188044679e-05,-3.666245549708777e-05
18.42,3,0.3,0.3,0.2999426731039863,0.30002456864435373,9.772979920798924e-05,-4.188411276748183e-05,0.29994232304988444,0.30002540741786804,8.859063019951013e-05,-3.891060943206001e-05
18.44,3,0.3,0.3,0.29994585190596557,0.3000232063034744,6.697698673911734e-05,-2.8704363344934924e-05,0.2999455051854622,0.30002400955672176,6.899451293936043e-05,-3.0308300251979253e-05
18.46,3,0.3,0.3,0.299948773098662,0.3000219543663444,7.230123482161732e-05,-3.0986179214192305e-05,0.2999483714124988,0.30002275026345876,8.078180184787481e-05,-3.5492072606998354e-05
18.48,3,0.3,0.3,0.2999515996004212,0.3000207430109604,6.14115898284473e-05,-2.631919818570777e-05,0.29995123098407134,0.30002149369977654,6.052211781937267e-05,-2.659506058152669e-05
18.5,3,0.3,0.3,0.2999540745993214,0.3000196822993464,7.975063935001386e-05,-3.417877453518528e-05,0.29995365561534726,0.3000204280848938,8.789839962732027e-05,-3.863123220557846e-05
18.52,3,0.3,0.3,0.2999566312950901,0.3000185865748613,5.2532723396149505e-05,-2.2513977609103092e-05,0.2999562375823628,0.30001929315579956,5.2652788896420666e-05,-2.3144344885771967e-05
18.54,3,0.3,0.3,0.29995902290976456,0.3000175615992699,5.213578449779488e-05,-2.2343861288156436e-05,0.29995860515305967,0.30001825229403994,5.7558034101991284e-05,-2.5304553647347017e-05
18.56,3,0.3,0.3,0.29996111834053407,0.3000166635593744,6.751578522944113e-05,-2.893527650064953e-05,0.29996078332352116,0.30001729454537507,6.125669496932079e-05,-2.693486997350572e-05
18.580000000000002,3,0.3,0.3,0.299963274697343,0.30001573940837334,4.5387780979781744e-05,-1.945186578467678e-05,0.2999629471268061,0.30001634296618457,4.689486443080343e-05,-2.0623110381930154e-05
18.6,3,0.3,0.3,0.29996510123449965,0.3000149566083586,6.622940775275615e-05,-2.838397300913495e-05,0.2999647896670772,0.3000155325380104,6.673783243122539e-05,-2.9354369934699726e-05
18.62,3,0.3,0.3,0.2999669977476071,0.3000141438187129,4.506671154228675e-05,-1.931426488747598e-05,0.29996674319508954,0.3000146731666557,4.0906646147614856e-05,-1.7995290487429066e-05
18.64,3,0.3,0.3,0.29996874239673016,0.3000133961134968,4.8040008812505475e-05,-2.0588532489786843e-05,0.2999684428341927,0.3000139253597438,5.480416862762433e-05,-2.4112811720464894e-05
18.66,3,0.3,0.3,0.299970467659355,0.3000126567167628,3.7406671338939546e-05,-1.603139731594372e-05,0.29997015542847166,0.3000131717400187,4.091244470392358e-05,-1.800349720067554e-05
18.68,3,0.3,0.3,0.2999720216062602,0.3000119907408992,4.379645166732726e-05,-1.8769868920506805e-05,0.299971771621513,0.30001246042706875,3.9076519264255594e-05,-1.719833256032602e-05
18.7,3,0.3,0.3,0.29997360143943863,0.30001131367094147,2.953055674933397e-05,-1.2655926635896791e-05,0.29997335884061443,0.3000117617538539,3.0454948083534494e-05,-1.3405918927872351e-05
18.72,3,0.3,0.3,0.2999750250743237,0.3000107035429706,3.5306547097692376e-05,-1.5131345938446117e-05,0.29997482710705653,0.3000111153345934,3.2043288309926976e-05,-1.4107427823203261e-05
18.740000000000002,3,0.3,0.3,0.2999763784629532,0.30001012352047535,3.2677165257247176e-05,-1.4004470340268221e-05,0.29997618472082965,0.30001051753410424,3.3580904466964934e-05,-1.4786790611363843e-05
18.76,3,0.3,0.3,0.2999776861231829,0.3000095630958252,2.7838446641774428e-05,-1.1930738104803246e-05,0.29997747470126784,0.3000099494247705,3.114928241289977e-05,-1.3718290006979605e-05
18.78,3,0.3,0.3,0.29997888995718447,0.3000090471680376,2.979020823347389e-05,-1.2767205616617816e-05,0.29997869461434823,0.30000941208735726,2.9483617662119654e-05,-1.2986795070311224e-05
18.8,3,0.3,0.3,0.29998003389170225,0.30000855691140405,2.7622214032269055e-05,-1.1838067167205951e-05,0.299979848466752,0.3000089037666577,2.7886109030948736e-05,-1.2285094089788812e-05
18.82,3,0.3,0.3,0.2999810895171487,0.3000081045014369,2.904987349548055e-05,-1.2449919952309957e-05,0.299980913452929,0.3000084345204606,2.930653867742883e-05,-1.2912918876305246e-05
18.84,3,0.3,0.3,0.2999821150085358,0.30000766500603987,2.466090341848859e-05,-1.0568936689117625e-05,0.29998194805476797,0.30000797859103906,2.4880051638649647e-05,-1.0964250055926078e-05
18.86,3,0.3,0.3,0.29998308399734447,0.30000724972598325,2.3422636157358068e-05,-1.003825181547513e-05,0.2999829256759218,0.3000075477030631,2.3631322934716814e-05,-1.0415612848133082e-05
18.88,3,0.3,0.3,0.2999839744620663,0.30000686809903687,2.50453383969923e-05,-1.0733694185621062e-05,0.29998382409517205,0.30000715166007724,2.5269082812764965e-05,-1.1139209386244742e-05
18.900000000000002,3,0.3,0.3,0.2999848624373967,0.30000648753897036,1.8795282867169194e-05,-8.055104513876588e-06,0.29998472002368787,0.30000675665415283,1.896364541723039e-05,-8.360945412410475e-06
18.92,3,0.3,0.3,0.29998567909445395,0.30000613754381467,2.0211126826256975e-05,-8.661893527286968e-06,0.2999855440155988,0.3000063933048082,2.0392664453958154e-05,-8.992425358428369e-06
18.94,3,0.3,0.3,0.29998647199731016,0.30000579772900976,1.6864800648393186e-05,-7.2277567126563524e-06,0.29998634405910735,0.3000060404600134,1.7016698302341204e-05,-7.504961567695451e-06
18.96,3,0.3,0.3,0.2999872018316008,0.30000548494353396,1.806084342460129e-05,-7.740345406397064e-06,0.2999870804843157,0.3000057156197853,1.8223954736336367e-05,-8.038689090904272e-06
18.98,3,0.3,0.3,0.2999879104251219,0.30000518126122633,1.5071613904640846e-05,-6.459249704830056e-06,0.29998779549405546,0.3000054001761521,1.5208101568596477e-05,-6.709464749458244e-06
19.0,3,0.3,0.3,0.29998854902958627,0.3000049075741665,1.7654544802125915e-05,-7.5662177885932325e-06,0.2999884398968973,0.300005115836145,1.7814861565920714e-05,-7.860783223193057e-06
19.02,3,0.3,0.3,0.29998919340708413,0.3000046314129546,1.233244994187227e-05,-5.285324731239133e-06,0.29998909014055003,0.300004828874195,1.244472676142222e-05,-5.49205904010544e-06
19.04,3,0.3,0.3,0.29998976383977266,0.30000438694230946,1.582557976693988e-05,-6.7823772573576135e-06,0.29998966578063724,0.3000045747939518,1.5970064222985136e-05,-7.049027688332821e-06
19.06,3,0.3,0.3,0.2999903165908644,0.3000041500494759,1.3609219465665623e-05,-5.832510533369806e-06,0.2999902235908665,0.3000043285453187,1.3733788113874656e-05,-6.062886120084682e-06
19.080000000000002,3,0.3,0.3,0.2999908508760362,0.30000392107059154,1.1609603314893802e-05,-4.975533960553669e-06,0.29999075312436885,0.3000040947426726,1.2788904259264378e-05,-5.646670175118301e-06
19.1,3,0.3,0.3,0.29999133229365943,0.3000037147491811,1.3567736171109235e-05,-5.8147320214571585e-06,0.29999123967622193,0.30000387988322164,1.3685067630747616e-05,-6.0432962404322055e-06
19.12,3,0.3,0.3,0.29999181074525416,0.3000035096989229,1.0368747985080307e-05,-4.443739918567197e-06,0.2999917146109492,0.30000367012161977,1.1411185070316077e-05,-5.039949540420335e-06
19.14,3,0.3,0.3,0.299992241651409,0.3000033250252396,1.214476721712876e-05,-5.204889439607008e-06,0.29999215056249096,0.3000034775467024,1.226308778556201e-05,-5.4170511070150695e-06
19.16,3,0.3,0.3,0.2999926523395946,0.3000031490163823,1.1232884775225216e-05,-4.814083490983778e-06,0.299992565889893,0.3000032940540388,1.1360703223897706e-05,-5.019226472821603e-06
19.18,3,0.3,0.3,0.2999930305445523,0.3000029869288796,1.1831996307949677e-05,-5.070845047350919e-06,0.29999295915236773,0.30000312028274556,1.0769507092861508e-05,-4.758769561186149e-06
19.2,3,0.3,0.3,0.2999934088466069,0.3000028247997639,9.049157320473178e-06,-3.87820223529331e-06,0.2999933391778674,0.30000295233430985,9.359084069841817e-06,-4.136168834788234e-06
19.22,3,0.3,0.3,0.2999937573028646,0.3000026754616775,9.592594876615956e-06,-4.1111035613446145e-06,0.2999936912450072,0.30000279671727,9.681350050465276e-06,-4.279280551734016e-06
19.240000000000002,3,0.3,0.3,0.2999940786515236,0.3000025377411094,1.0050542723058498e-05,-4.30736652271696e-06,0.29999401585313085,0.3000026532151966,1.0152967673288105e-05,-4.4884380096671395e-06
19.26,3,0.3,0.3,0.29999440006182976,0.3000023999941211,7.688370425987245e-06,-3.2950090639201346e-06,0.29999434053457563,0.3000025096590594,7.766612576017018e-06,-3.4339932949919993e-06
19.28,3,0.3,0.3,0.29999469611543383,0.30000227311426825,8.150007304787155e-06,-3.492853027378673e-06,0.29999463137523025,0.30000238104499916,9.147955061128421e-06,-4.04539089410641e-06
19.3,3,0.3,0.3,0.29999498251656465,0.30000215037118105,7.0525816376273975e-06,-3.0225287201667006e-06,0.2999949226728598,0.3000022522094824,6.966365990221379e-06,-3.081118982006803e-06
19.32,3,0.3,0.3,0.29999525935847554,0.3000020317248939,6.015542216443459e-06,-2.578084177997514e-06,0.2999952026728263,0.30000212835090284,6.087499982328215e-06,-2.6928279049619197e-06
19.34,3,0.3,0.3,0.2999955028912504,0.30000192735392117,7.687446598382552e-06,-3.2946131362510123e-06,0.299995449014163,0.30000201936376875,7.775957140070122e-06,-3.4402880819094095e-06
19.36,3,0.3,0.3,0.2999957411742045,0.30000182523286695,6.485788336389742e-06,-2.7796178121708426e-06,0.29999569004949633,0.30000191270814613,6.560719051931785e-06,-2.903074031029851e-06
19.38,3,0.3,0.3,0.2999959721078229,0.30000172626152155,5.555888046133994e-06,-2.381089946060233e-06,0.29999592365618544,0.30000180932356757,5.620203952630409e-06,-2.487286332415045e-06
19.400000000000002,3,0.3,0.3,0.2999961895020655,0.3000016330927537,5.367636892544825e-06,-2.3004110379851173e-06,0.29999613907952166,0.30000171397105485,5.929081781604062e-06,-2.6243992367371016e-06
19.42,3,0.3,0.3,0.2999963959873857,0.30000154459922856,4.986349890552522e-06,-2.137002656769915e-06,0.2999963483645387,0.3000016213212152,5.032841066482385e-06,-2.2280401412930195e-06
19.44,3,0.3,0.3,0.29999658129194035,0.30000146518315557,5.8263356549903556e-06,-2.4969958197888775e-06,0.2999965360312645,0.3000015382285643,5.901569089500347e-06,-2.613039556915303e-06
19.46,3,0.3,0.3,0.29999676686707244,0.30000138565112106,4.438083136243387e-06,-1.9020316864154507e-06,0.2999967194887326,0.3000014569874527,4.994344271834483e-06,-2.2116812992308e-06
19.48,3,0.3,0.3,0.29999693226638585,0.300001314765848,5.319669212786038e-06,-2.2798534990361996e-06,0.2999968882675683,0.30000138223496675,5.28122206566034e-06,-2.339082127988945e-06
19.5,3,0.3,0.3,0.29999709881893694,0.3000012433863314,3.9792386515163924e-06,-1.7053844601523649e-06,0.299997057101537,0.3000013074468158,4.038556328439524e-06,-1.7889681570779081e-06
19.52,3,0.3,0.3,0.2999972472358408,0.3000011797792188,4.7735648731617175e-06,-2.0458092762389024e-06,0.29999720274939096,0.30000124291911556,5.377847612161868e-06,-2.382606201205978e-06
19.54,3,0.3,0.3,0.2999973959718046,0.3000011160353665,3.6502931750823087e-06,-1.5644081129626008e-06,0.2999973579676708,0.3000011741414689,3.247393892777395e-06,-1.438941826935325e-06
19.56,3,0.3,0.3,0.29999753048860367,0.3000010583854293,4.1400412173001055e-06,-1.7742996947442413e-06,0.2999974893074233,0.3000011159350237,4.7633739290037225e-06,-2.111020736040442e-06
19.580000000000002,3,0.3,0.3,0.2999976668459648,0.30000099994668145,2.949594442594461e-06,-1.264109282739928e-06,0.299997626333409,0.30000105519983217,3.1693240588395732e-06,-1.4047843001317728e-06
19.6,3,0.3,0.3,0.29999778961290424,0.30000094733238797,3.4602110250692153e-06,-1.4829445049019396e-06,0.29999775121044286,0.30000099984060596,3.5153019052949763e-06,-1.5583735636717777e-06
19.62,3,0.3,0.3,0.29999790898146084,0.30000089617454123,2.937989747646419e-06,-1.2591358499493277e-06,0.29999787260066035,0.30000094601886473,2.9878282848463944e-06,-1.3247423826315274e-06
19.64,3,0.3,0.3,0.2999980093793663,0.3000008531469567,4.170928920861627e-06,-1.7875372558713576e-06,0.29999797470192263,0.3000009007423505,4.241693707690564e-06,-1.8809820812731859e-06
19.66,3,0.3,0.3,0.2999981176818163,0.30000080673171725,2.5567804945031414e-06,-1.0957607976674888e-06,0.2999980848441673,0.30000085189325454,2.600217813279737e-06,-1.1532311718874533e-06
19.68,3,0.3,0.3,0.2999982192686577,0.30000076319458985,2.5091572169455567e-06,-1.0753508684450963e-06,0.29999818815925855,0.3000008060647394,2.551845712524259e-06,-1.1319518436088416e-06
19.7,3,0.3,0.3,0.29999831576469754,0.30000072183922993,2.330221839305646e-06,-9.986644277752699e-07,0.29999828843223625,0.30000076157866534,2.132932047600733e-06,-9.462812147649491e-07
19.72,3,0.3,0.3,0.29999841078950057,0.3000006811143988,1.7864255812266583e-06,-7.656093748108217e-07,0.29999838463865985,0.30000071888978624,1.8501328634817904e-06,-8.209467164468909e-07
19.740000000000002,3,0.3,0.3,0.29999849840851084,0.3000006435634723,1.912807852520737e-06,-8.19773092797238e-07,0.299998473666831,0.3000006793795637,1.942871136119406e-06,-8.622383865265759e-07
19.76,3,0.3,0.3,0.2999985727222415,0.30000061171479664,2.7489693705043394e-06,-1.1781272834937573e-06,0.2999985516865158,0.30000064474928767,2.5137816550974135e-06,-1.115785936131597e-06
19.78,3,0.3,0.3,0.2999986502990007,0.3000005784676831,1.8417287044464326e-06,-7.893106657580473e-07,0.29999862990883064,0.30000061002391126,1.919665015760741e-06,-8.522041020121718e-07
19.8,3,0.3,0.3,0.29999872165085506,0.3000005478883804,1.964786512841099e-06,-8.420496178801473e-07,0.29999870232569636,0.3000005778707184,1.991628217845598e-06,-8.842922064461467e-07
19.82,3,0.3,0.3,0.2999987909754256,0.3000005181779118,1.6670673856494789e-06,-7.14455971159017e-07,0.2999987726676609,0.30000054663397496,1.6916190891530514e-06,-7.512025838249392e-07
19.84,3,0.3,0.3,0.29999885461860976,0.300000490902318,1.7902186138021858e-06,-7.672349522959421e-07,0.29999883888195256,0.30000051722554066,1.6348972674759543e-06,-7.26126326060228e-07
19.86,3,0.3,0.3,0.2999989180852836,0.3000004637023714,1.3433586147290622e-06,-5.757239286627303e-07,0.29999890292126313,0.30000048877863195,1.3914506267753701e-06,-6.180986559731205e-07
19.88,3,0.3,0.3,0.29999897500999473,0.30000043930611725,1.6050648547691337e-06,-6.878835157805852e-07,0.2999989606247613,0.30000046314203604,1.6262533596503315e-06,-7.225167689833834e-07
19.900000000000002,3,0.3,0.3,0.29999903180664333,0.30000041496474683,1.202064771402278e-06,-5.151695393577904e-07,0.2999990181937945,0.30000043756128225,1.2184360962883e-06,-5.414151908432474e-07
19.92,3,0.3,0.3,0.29999908153440813,0.3000003936528919,1.571205689290811e-06,-6.733724734336866e-07,0.29999906859923503,0.3000004151600537,1.5926181983205723e-06,-7.077974154730271e-07
19.94,3,0.3,0.3,0.2999991324663655,0.3000003718249554,1.0729272318654726e-06,-4.598250049198116e-07,0.29999912022645947,0.30000039221241487,1.0875750242680948e-06,-4.834169790822462e-07
19.96,3,0.3,0.3,0.29999917702258355,0.30000035272947295,1.4080373049452088e-06,-6.034432998326678e-07,0.2999991666766014,0.3000003715625873,1.2845657758400741e-06,-5.71068898114202e-07
19.98,3,0.3,0.3,0.29999922265957185,0.3000003331708043,9.61377256983309e-07,-4.120179798970669e-07,0.2999992126539899,0.30000035111977724,9.967826007026281e-07,-4.4319861706651476e-07
20.0,4,0.0,0.0,0.2999992637190927,0.3000003155739033,1.1354887878220477e-06,-4.866370408584952e-07,0.299999254232524,0.3000003326298617,1.1486964544768496e-06,-5.108271032179534e-07
20.02,4,0.0,0.0,0.2842841820087838,0.28428517819189497,-0.45272219176003914,-0.4527237156679833,0.2838591091147621,0.28384852020960805,-0.40789510128813394,-0.408189886592965
20.04,4,0.0,0.0,0.2688627559253715,0.26886369808827787,-0.37016701970078825,-0.3701683190449537,0.2685192886739269,0.2684982349329242,-0.37839165954260984,-0.37864942286258635
20.06,4,0.0,0.0,0.25429626562781704,0.2542971567448921,-0.35212865651676484,-0.352129890399071,0.25430465743658703,0.2542744868524934,-0.39085666795633606,-0.3911066092624389
20.080000000000002,4,0.0,0.0,0.2405711746478824,0.24057201766840577,-0.33885248681920904,-0.33885367425293667,0.24049906192179468,0.2404605916578039,-0.3320051535889053,-0.33220410249029053
20.1,4,0.0,0.0,0.2278498567479268,0.22785065518945752,-0.3497848763503096,-0.3497861020990951,0.2277701708455716,0.22772457296071225,-0.3503403580812019,-0.35053589092344284
20.12,4,0.0,0.0,0.21549393621461269,0.21549469135764887,-0.2971437783947776,-0.2971448196657941,0.21540498625071502,0.2153529611650386,-0.29735389522022065,-0.2975078739553641
20.14,4,0.0,0.0,0.20410094228732226,0.20410165750628098,-0.3135729954710075,-0.3135740943210807,0.2037664774544667,0.2037088850767012,-0.28736605824224737,-0.2875032530702142
20.16,4,0.0,0.0,0.1933512667823079,0.1933519443315681,-0.30154795554610403,-0.30154901225370034,0.19302752042046972,0.19296523145147734,-0.30191865202698726,-0.3020503949547618
20.18,4,0.0,0.0,0.1833966237027246,0.18339726636835815,-0.31109522470434703,-0.3110963148746608,0.18307847754893417,0.18301223258195343,-0.3108897581035102,-0.3110127170006551
20.2,4,0.0,0.0,0.1732276462540266,0.17322825328499125,-0.21431781202807232,-0.21431856304550906,0.17291605559389098,0.1728461682556313,-0.21417983773008278,-0.21425616461943134
20.22,4,0.0,0.0,0.16411362151148565,0.16411419660465437,-0.2570013344964319,-0.2570022350997749,0.16380848668093043,0.16373572121674287,-0.2568189314143671,-0.25689986589917596
20.240000000000002,4,0.0,0.0,0.15487797671040843,0.15487851943963518,-0.17668681776692766,-0.17668743691124722,0.15457994466196612,0.1545046319456185,-0.17655066541365372,-0.1765992192855755
20.26,4,0.0,0.0,0.14718150616010459,0.14718202191911903,-0.280013588839102,-0.28001457009668723,0.14688989125248295,0.1468127838864771,-0.27977939692531895,-0.2798442137995465
20.28,4,0.0,0.0,0.13904975532046193,0.13905024258390283,-0.17523788829568904,-0.17523850236294838,0.13876538789071532,0.13868669228875144,-0.1750813986692356,-0.1751154221993646
20.3,4,0.0,0.0,0.13190709470261194,0.1319075569365722,-0.22553519429415586,-0.2255359846341708,0.1316295471232764,0.13154975550628775,-0.2253192418083746,-0.22535344730813653
20.32,4,0.0,0.0,0.124716225104234,0.1247166621397957,-0.1678265627721829,-0.16782715087323352,0.12444596718531305,0.12436535137079589,-0.16765564889514042,-0.16767436970292585
20.34,4,0.0,0.0,0.11796055892918687,0.11796097229144115,-0.16347707322760602,-0.1634776460879398,0.11769757728405304,0.11761646903707239,-0.16330057273582135,-0.16331220850582623
20.36,4,0.0,0.0,0.1114303239546172,0.11143071443356083,-0.13900937918000125,-0.13900986629552506,0.11117478435122234,0.11109346934277545,-0.13885058735068112,-0.13885474303253081
20.38,4,0.0,0.0,0.10528477429925398,0.10528514324293585,-0.13388888353722345,-0.13388935270897212,0.10503663288677213,0.10495538331618098,-0.13372753305270954,-0.13372599459820872
20.400000000000002,4,0.0,0.0,0.10004678793263627,0.10004713852140067,-0.1896854882939565,-0.18968615300717012,0.0998052832981285,0.09972430775105938,-0.18944461073100521,-0.18943433346956529
20.42,4,0.0,0.0,0.09449369598123077,0.09449402711087465,-0.11628197433098705,-0.1162823818010206,0.09437567325908816,0.09429518728963815,-0.129030645877845,-0.1290187173660705
20.44,4,0.0,0.0,0.08966242008171393,0.08966273428166936,-0.15578241156048447,-0.1557829574615388,0.0893810980048772,0.0893012694359447,-0.13752808389612328,-0.13750973304232145
20.46,4,0.0,0.0,0.0846897656787422,0.08469006245360758,-0.10466288800189993,-0.10466325475631355,0.0844423274369837,0.08436334856313471,-0.10708091334071003,-0.10706238422257078
20.48,4,0.0,0.0,0.08021655032182021,0.08021683142176451,-0.12370908172960852,-0.1237095152333921,0.07997639426603867,0.0798983709000737,-0.12338017902727412,-0.12335356541589741
20.5,4,0.0,0.0,0.07588492887742934,0.07588519479862708,-0.1066553398373627,-0.10665571357578058,0.0757389203422016,0.07566197376384054,-0.11599576219202583,-0.11596605299460716
20.52,4,0.0,0.0,0.0718722422733576,0.07187249413345037,-0.1103439570209917,-0.11034434368851839,0.07172626344040836,0.07165049820762621,-0.10988297436012509,-0.10985040553721123
20.54,4,0.0,0.0,0.0679052757585083,0.06790551371771997,-0.08601301017408607,-0.08601331157481756,0.06776308705243675,0.06768864919902483,-0.08593794799318759,-0.08590908020638648
20.56,4,0.0,0.0,0.06433220536378725,0.06433243080242247,-0.10070339405887291,-0.10070374694290385,0.06429420697060155,0.06422107685266774,-0.11177996297396887,-0.11173771826739254
20.580000000000002,4,0.0,0.0,0.06085807558345203,0.060858288848225396,-0.08550800265221353,-0.08550830228464404,0.06088320594369003,0.06081149349488387,-0.09275807127340975,-0.09271931193250482
20.6,4,0.0,0.0,0.05774433645863877,0.05774453881244047,-0.1000878003321547,-0.10008815106025302,0.05774612724259378,0.05767584522349565,-0.09816567587857523,-0.09812071549632073
20.62,4,0.0,0.0,0.054541918822873466,0.05454210995497803,-0.0674125045754336,-0.0674127407955631,0.05460824844087036,0.05453952027742895,-0.07505847160415541,-0.07502114541305172
20.64,4,0.0,0.0,0.05159948967758428,0.051599670499049254,-0.07282801828580013,-0.07282827348536541,0.0516465112695448,0.051579372524476745,-0.0716055898879114,-0.07156703504038628
20.66,4,0.0,0.0,0.04894589346251147,0.04894606498546634,-0.0833540534633651,-0.0833543455518469,0.048912911625026256,0.0488473526926678,-0.0752224694986994,-0.07517885733547823
20.68,4,0.0,0.0,0.046352577940260244,0.046352740375941275,-0.0706023944078021,-0.07060264180858611,0.04633393607583063,0.0462699718778604,-0.07234514909841909,-0.07230033852963706
20.7,4,0.0,0.0,0.043794245839716514,0.043794399310726595,-0.05548175434099426,-0.055481948753440175,0.04382908013798121,0.04376676536280007,-0.061657440455833004,-0.061616775320530476
20.72,4,0.0,0.0,0.04133145402656957,0.041331598867716014,-0.04734606564033602,-0.04734623154342979,0.04135332413326353,0.041292741417315586,-0.046511398417419164,-0.046478775749116644
20.740000000000002,4,0.0,0.0,0.03910232694684445,0.03910246397692618,-0.055257799446617885,-0.05525799307612804,0.03912073634902671,0.03906181216777457,-0.05536424305053304,-0.05532307042727687
20.76,4,0.0,0.0,0.03709139296186711,0.037091522945468774,-0.0631631062223152,-0.06316332755594167,0.037169913852700937,0.03711251844363436,-0.07028989700473465,-0.07023467061060167
20.78,4,0.0,0.0,0.03504321162073167,0.03504333442733728,-0.04428538533287584,-0.044285540510814486,0.03510462316816109,0.03504892471411228,-0.043257060967004976,-0.04322142249266722
20.8,4,0.0,0.0,0.03319931111828152,0.03319942746372748,-0.0519711263302727,-0.0519713084432805,0.03325569030154776,0.03320158980113189,-0.05214276103042473,-0.0520976509850825
20.82,4,0.0,0.0,0.03135971449606178,0.03135982439544071,-0.0389344801602872,-0.03893461658828286,0.03141095206071153,0.03135851957919787,-0.03904229780852959,-0.039006918134226354
20.84,4,0.0,0.0,0.029756283480601903,0.02975638776146788,-0.051691793321316404,-0.051691974456498424,0.02984694333877456,0.02979599109519124,-0.05669871244538223,-0.05664494885270743
20.86,4,0.0,0.0,0.028140744715316735,0.028140843335247454,-0.038594152024702975,-0.03859428726055934,0.028188469589185142,0.028139149830581123,-0.034726695530996915,-0.03469243518070936
20.88,4,0.0,0.0,0.026616178284627402,0.026616271562410324,-0.03686110978500858,-0.03686123894858857,0.0267038068326598,0.026656011756761244,-0.0418699894032358,-0.041826954424881685
20.900000000000002,4,0.0,0.0,0.025215093001615334,0.025215181369940495,-0.039406938942729834,-0.039407077027825144,0.025288694738767957,0.025242409340773327,-0.03870413945567491,-0.03866276844312022
20.92,4,0.0,0.0,0.023847499123582225,0.023847582699814764,-0.03285896195313944,-0.03285907709221261,0.023915885891665798,0.02387112056759097,-0.03302112673421093,-0.032984499162625386
20.94,4,0.0,0.0,0.022586709255000056,0.022586788413395897,-0.034702304914212626,-0.03470242651359788,0.02265009034832457,0.022606779015069148,-0.03483852050349802,-0.03479843809087327
20.96,4,0.0,0.0,0.021335351140669416,0.021335425914284434,-0.02650932759952834,-0.02650942048805073,0.021393852089178857,0.021352034512859868,-0.026612677264567168,-0.026580981816167512
20.98,4,0.0,0.0,0.020239552180137056,0.020239623114065717,-0.034621857994101245,-0.03462197931245466,0.020293849633957146,0.020253386573464028,-0.03475457421738331,-0.03471171772557227
21.0,4,0.0,0.0,0.01912190365471261,0.019121970672392404,-0.024162478189786042,-0.024162562854339126,0.019150152173550577,0.01911114245242607,-0.021828315964319438,-0.02180055481112983
21.02,4,0.0,0.0,0.01811171993413532,0.01811178341213732,-0.027911215473537348,-0.027911313275866795,0.018141857031924287,0.01810417203897582,-0.02848114904174038,-0.028443705872469832
21.04,4,0.0,0.0,0.017157788382282792,0.01715784851771556,-0.026757322343398386,-0.02675741610177,0.017185205004138393,0.017148815224134844,-0.026820917322049644,-0.026784575459473242
21.06,4,0.0,0.0,0.01627442448481766,0.016274481524959084,-0.027606338586514165,-0.027606435320678635,0.016299468197463435,0.01626431299729234,-0.027680961980481235,-0.027642320266488857
21.080000000000002,4,0.0,0.0,0.015391058382599118,0.01539111232744504,-0.021131484465749122,-0.021131558509998538,0.015413777544827154,0.015379891707918928,-0.02118700582250337,-0.021156596283284285
21.1,4,0.0,0.0,0.014629016345517701,0.014629067620194128,-0.028137310847177133,-0.02813740944255093,0.014649778350401814,0.014617019270313645,-0.028209533503033016,-0.028167901148541785
21.12,4,0.0,0.0,0.01381691912248554,0.013816967551601184,-0.01699024204579016,-0.01699030157824391,0.013835641556376172,0.01380411375070192,-0.017032853624855782,-0.017007054480272107
21.14,4,0.0,0.0,0.013087155465711505,0.013087201337770017,-0.020186155494107134,-0.0201862262266463,0.013104092076754004,0.013073701765189266,-0.020235502585490655,-0.020204004422120656
21.16,4,0.0,0.0,0.012377430480625631,0.012377473865843853,-0.017063877250878625,-0.01706393704197355,0.012392673583034261,0.012363418144162901,-0.01710454319062215,-0.017077223797666546
21.18,4,0.0,0.0,0.011725892465050743,0.011725933567317272,-0.018327172063901095,-0.01832723628206874,0.011739621926954472,0.01171143544466468,-0.018369722859405958,-0.01833963653736581
21.2,4,0.0,0.0,0.011089913396825333,0.011089952270662496,-0.015280500929827938,-0.01528055447182955,0.011102203849795761,0.011075086246344,-0.015315028836255568,-0.015289316232224445
21.22,4,0.0,0.0,0.010503602442082883,0.010503639261529923,-0.016137776335451312,-0.016137832881854525,0.01051460303951978,0.010488495156210817,-0.016173233752471105,-0.016145412254805397
21.240000000000002,4,0.0,0.0,0.009934005314673745,0.00993404013829753,-0.013697506459238552,-0.013697554454338165,0.009943787612536194,0.009918683672591664,-0.013726763123097365,-0.01370259369863347
21.26,4,0.0,0.0,0.009395792661848756,0.00939582559962264,-0.013009812374418022,-0.01300985795989544,0.009404457556363061,0.00938032457888288,-0.01303678714784156,-0.013013293394149958
21.28,4,0.0,0.0,0.008901195199842537,0.008901226404592847,-0.013911119035034152,-0.013911167778919653,0.008922803419861902,0.008899557586574269,-0.015487895815718718,-0.015459353755413505
21.3,4,0.0,0.0,0.008432339586570713,0.008432369148496911,-0.013146176014571461,-0.013146222077935199,0.008449431396072448,0.00842707582150345,-0.012874000127065924,-0.01284975947380157
21.32,4,0.0,0.0,0.007998204500355703,0.00799823254111987,-0.013567538609144362,-0.013567586149354285,0.008014064813099162,0.0079925456577689,-0.013623466478506346,-0.013597265529839461
21.34,4,0.0,0.0,0.0075640666541745005,0.007564093173768734,-0.010385242045096117,-0.010385278433810069,0.007569212558819436,0.007548565578511202,-0.009375007101681846,-0.009356607148815616
21.36,4,0.0,0.0,0.007175184714970917,0.007175209871971527,-0.012231666026222136,-0.012231708885516487,0.007194272687521178,0.007174376785374388,-0.013878952923051881,-0.013851137705692768
21.38,4,0.0,0.0,0.006778970103507275,0.006778993872221547,-0.008566617368477678,-0.00856664738449403,0.006794455973302015,0.006775375999042569,-0.008363743710581795,-0.008346656029063843
21.400000000000002,4,0.0,0.0,0.0064323285278846355,0.006432351082014757,-0.011170680402863278,-0.011170719544353377,0.006446691708643493,0.006428336297480465,-0.011213700329827936,-0.01119032667846924
21.42,4,0.0,0.0,0.006075594710646451,0.0060756160148318075,-0.007508613359892533,-0.007508639668747916,0.006088770106776428,0.006071174336951227,-0.007533392564712761,-0.007517387735287165
21.44,4,0.0,0.0,0.005755941003549886,0.005755961187716986,-0.009013947727076583,-0.009013979311069967,0.005768074143662412,0.005751172701800973,-0.009043330716850283,-0.009023743388555619
21.46,4,0.0,0.0,0.0054512497377920115,0.005451268854368774,-0.008333541729845132,-0.008333570929609443,0.005454883614315439,0.005438672790505954,-0.00752416649318104,-0.0075075596094974495
21.48,4,0.0,0.0,0.00514924928312345,0.005149267341540396,-0.006399288362747879,-0.006399310784653861,0.005153604025280066,0.005138070137407967,-0.006549574089255838,-0.0065348520672079
21.5,4,0.0,0.0,0.004878326570140678,0.00487834367929119,-0.007638860676978495,-0.007638887442634912,0.004882131263927599,0.0048672188136475066,-0.0076508100367283505,-0.007633289283986142
21.52,4,0.0,0.0,0.004613735507620319,0.004613751689690943,-0.006356651375854022,-0.006356673648475933,0.004617046140263318,0.004602751126336815,-0.006368620934339108,-0.006353774196842035
21.54,4,0.0,0.0,0.004376526613782143,0.004376541964717709,-0.007459796330096421,-0.0074598224684638975,0.004379408282244543,0.004365676638454532,-0.007473259756416233,-0.007455528666098096
21.56,4,0.0,0.0,0.004134854400780874,0.0041348689049428115,-0.00522525114668854,-0.005225269454772266,0.004137313475430832,0.00412416533883027,-0.005234379758525449,-0.005221758004023996
21.580000000000002,4,0.0,0.0,0.003917287032577919,0.0039173007744275345,-0.006132232540435891,-0.006132254026868608,0.003913851247862483,0.003901251178226162,-0.005528300170544842,-0.005514736458238148
21.6,4,0.0,0.0,0.0037048214658625036,0.003704834463276757,-0.005104440957789662,-0.005104458842734486,0.0037023623777657864,0.003690289747948324,-0.005219023330586823,-0.005206002333831117
21.62,4,0.0,0.0,0.003520333319874169,0.0035203456708826947,-0.00665577846386306,-0.006655801785067056,0.003511759178065018,0.0035001697350024756,-0.005987857835362526,-0.005972666572492805
21.64,4,0.0,0.0,0.0033290349078863185,0.003329046588626846,-0.0045468777407457455,-0.004546893671961011,0.003321826411694749,0.0033107259683348134,-0.004663803154667375,-0.004651790637990663
21.66,4,0.0,0.0,0.003157892688838663,0.0031579037699365764,-0.0053843344405868675,-0.005384353306525688,0.00315082114596249,0.003140168013124511,-0.005373230858638932,-0.005359165185840106
21.68,4,0.0,0.0,0.0029801200641330575,0.002980130522357185,-0.0033932370726076585,-0.0033932489614753314,0.002973254121087187,0.002963072494780032,-0.003389398801838229,-0.0033803951146038347
21.7,4,0.0,0.0,0.0028188875317369045,0.002818897425041966,-0.003928041971026794,-0.003928055734047559,0.002816141048715615,0.0028063833864120005,-0.004359165763287716,-0.004347395691711442
21.72,4,0.0,0.0,0.0026704957995429333,0.0026705051729203357,-0.004173044897013315,-0.00417305951850902,0.002666925684556269,0.0026575766946213284,-0.004083874981449967,-0.004072681710561493
21.740000000000002,4,0.0,0.0,0.0025291360347974474,0.002529144912886573,-0.003866738511157746,-0.0038667520593784754,0.0025256322182677974,0.002516675934544399,-0.0038692212563716855,-0.0038584595263256166
21.76,4,0.0,0.0,0.0023989544632203813,0.0023989628851878767,-0.004072664625585377,-0.004072678895441162,0.00239548803328375,0.002386898737702034,-0.004071292494113997,-0.0040598036338198445
21.78,4,0.0,0.0,0.0022664864267626,0.0022664943845975933,-0.0028644481066987335,-0.0028644581428458327,0.002263067382879167,0.0022548567471600326,-0.0028634217493767834,-0.0028552306654499038
21.8,4,0.0,0.0,0.002150059153329757,0.0021500667032365956,-0.0036758316177137895,-0.0036758444971373427,0.00214668910967159,0.0021388161694200674,-0.0036742744879339003,-0.003663606191310717
21.82,4,0.0,0.0,0.002036136860043827,0.0020361440107992583,-0.003100809906417391,-0.0031008207708763114,0.002030032099073105,0.002022502251058652,-0.002789380677626465,-0.002781171056092782
21.84,4,0.0,0.0,0.0019283846921485568,0.0019283914653719638,-0.0029513867892110614,-0.0029513971301379782,0.0019230587945155218,0.0019158480358964797,-0.0030093798329473343,-0.0030004003173881855
21.86,4,0.0,0.0,0.0018219494718660365,0.0018219558721721486,-0.002307945584762289,-0.0023079536710477883,0.0018167925432479904,0.0018099030532185165,-0.0023030271355582318,-0.002296062154070383
21.88,4,0.0,0.0,0.0017283555639900955,0.0017283616363723544,-0.0029546419159019463,-0.0029546522683270016,0.0017263118308614215,0.0017196996967352065,-0.0032772497473326874,-0.0032671976719659546
21.900000000000002,4,0.0,0.0,0.001637270343056108,0.0016372760963039522,-0.0025473890545688557,-0.002547397979898086,0.0016371086739475414,0.0016307733652288134,-0.002755300256452711,-0.0027467430297071077
21.92,4,0.0,0.0,0.0015510319710305127,0.0015510374221265955,-0.00241831936980273,-0.002418327842910281,0.0015502873959523569,0.0015442249625035973,-0.0023654274300510926,-0.002357987948850629
21.94,4,0.0,0.0,0.0014654176736948602,0.0014654228248264065,-0.0018555774925907904,-0.001855583993871035,0.0014629573691982629,0.001457172982657085,-0.0016718507567467433,-0.001666526191859391
21.96,4,0.0,0.0,0.0013880003225135485,0.0013880052024009492,-0.0021388399293813766,-0.0021388474232797716,0.0013859289951609634,0.0013803931894111252,-0.002175696899392152,-0.002168673803156315
21.98,4,0.0,0.0,0.0013148953503155736,0.0013148999740680506,-0.002050563247542816,-0.0020505704320923357,0.0013128466859979103,0.0013075496696377318,-0.002048954765469166,-0.0020422577795269764
22.0,4,0.0,0.0,0.0012516646528328073,0.0012516690550475752,-0.002611882530542681,-0.0026118916820396104,0.0012522567956915927,0.0012471601679338953,-0.00290076169496699,-0.002891161113949353
22.02,4,0.0,0.0,0.0011856137965590547,0.0011856179673545967,-0.0018350826243943713,-0.0018350890538925413,0.001185566240216,0.0011806925344597288,-0.0017783332269143107,-0.0017723842035679283
22.04,4,0.0,0.0,0.0011213151770668116,0.0011213191225834006,-0.0015456563380447934,-0.0015456617534788109,0.0011212188253114778,0.0011165628483052862,-0.0015493419395162084,-0.0015440965695528303
22.06,4,0.0,0.0,0.0010622900871344045,0.0010622938258489556,-0.0016603278115823327,-0.0016603336288321252,0.0010621341893045548,0.0010576806036089596,-0.0016619476649475523,-0.0016562531479703824
22.080000000000002,4,0.0,0.0,0.001004674492702497,0.0010046780295537912,-0.0013843144630523293,-0.0013843193131785614,0.0010044643500446047,0.001000210628214616,-0.0013856153403483977,-0.001380810454624029
22.1,4,0.0,0.0,0.0009517893745155495,0.0009517927260777581,-0.0014876298620628441,-0.001487635074213678,0.0009515327481142103,0.0009474646844159281,-0.001488935243583385,-0.0014837113576362526
22.12,4,0.0,0.0,0.0008990507367318955,0.0008990539035186512,-0.0011162843801167813,-0.0011162882911109756,0.0008987509400616599,0.0008948701340688058,-0.0011171948037589376,-0.0011132290285323088
22.14,4,0.0,0.0,0.0008530820058939208,0.0008530850116247609,-0.0014819488081017542,-0.0014819540003857962,0.0008540005723998989,0.0008502804332307792,-0.0016222919907677344,-0.00161646455927765
22.16,4,0.0,0.0,0.0008067661746903008,0.0008067690181492369,-0.0011064546283476658,-0.0011064585049138514,0.0008075409746071482,0.0008039894090690077,-0.0011040229423188342,-0.0011000145698466524
22.18,4,0.0,0.0,0.0007642997214960798,0.0007643024161701488,-0.0011946917542985623,-0.0011946959400596369,0.0007649883655029735,0.000761592984984687,-0.0011972367921541378,-0.0011928413200149868
22.2,4,0.0,0.0,0.0007228462415434581,0.0007228487909820039,-0.0009959867823906192,-0.0009959902719169494,0.000722554180445351,0.000719316259190585,-0.0008981664492988201,-0.0008948318595082827
22.22,4,0.0,0.0,0.0006856820639965045,0.000685684483227842,-0.0011687429643486395,-0.0011687470592220556,0.0006855695731133214,0.0006824704716828489,-0.0011923154618180458,-0.0011878390804714173
22.240000000000002,4,0.0,0.0,0.0006493519933003961,0.0006493542852469394,-0.0009890269391242055,-0.0009890304042780157,0.0006491980317007283,0.000646236865666025,-0.0009890604068472316,-0.0009853072609746633
22.26,4,0.0,0.0,0.0006149883007325255,0.0006149904722839294,-0.0009412324136701213,-0.000941235711373542,0.0006148054022123967,0.0006119760688290082,-0.000942064383587573,-0.0009384514184292564
22.28,4,0.0,0.0,0.0005816394137885439,0.0005816414685004614,-0.000802120163832546,-0.0008021229741087404,0.0005807076679273605,0.0005780104260429942,-0.0007224756106452117,-0.0007196754180218284
22.3,4,0.0,0.0,0.0005501268395763058,0.0005501287838826234,-0.000761724491894677,-0.0007617271606422532,0.0005493449010187281,0.0005467704986999166,-0.0007761697637701567,-0.0007731290423834969
22.32,4,0.0,0.0,0.0005218413443508447,0.0005218431895580242,-0.0008893176445118004,-0.0008893207603427045,0.0005210631403894144,0.0005186006755924023,-0.0008883804360206998,-0.0008848625145894268
22.34,4,0.0,0.0,0.0004935148023716628,0.0004935165483359508,-0.000677438566196318,-0.0006774409396224507,0.0004927482633118387,0.000490398986203795,-0.000677184271567269,-0.0006744758110317356
22.36,4,0.0,0.0,0.00046814239725875454,0.0004681440543303765,-0.0007980568161889928,-0.0007980596122662276,0.000467387693367607,0.00046514085272113026,-0.0007976810784942408,-0.0007944575719178726
22.38,4,0.0,0.0,0.00044333837584229423,0.00044333994601263287,-0.0006752437047933281,-0.000675246070542701,0.00044198931594912667,0.0004398460676452978,-0.0006073978526687156,-0.0006049191632864354
22.400000000000002,4,0.0,0.0,0.0004192985658184723,0.00041930005176517174,-0.0005783551904160497,-0.0005783572166937756,0.00041810884262646057,0.00041606399849549147,-0.000589694064611436,-0.000587263563885651
22.42,4,0.0,0.0,0.00039608719709582386,0.00039608860172153903,-0.0004942046142927215,-0.000494206345730594,0.00039493464377254894,0.0003929862529286125,-0.0004929467883117208,-0.000490894187945845
22.44,4,0.0,0.0,0.0003747182981248739,0.0003747196278848237,-0.0005287959204538922,-0.0005287977730964732,0.00037360481712807086,0.00037174611632076086,-0.0005278370905539083,-0.0005256171228452816
22.46,4,0.0,0.0,0.0003549029797328854,0.00035490424007019415,-0.0005447927980342339,-0.0005447947067348524,0.0003538268857356345,0.0003520521660966859,-0.000543762982232542,-0.0005414530015813851
22.48,4,0.0,0.0,0.00033612002965834487,0.0003361212241900062,-0.0005142641594353126,-0.0005142659611707956,0.0003350805164386288,0.00033338615980287717,-0.0005132610662840313,-0.0005110597524139587
22.5,4,0.0,0.0,0.0003183317490092484,0.00031833288122019333,-0.000487113490997487,-0.00048711519760684385,0.00031732795934084543,0.00031571042807091094,-0.0004861337765230114,-0.0004840290222410115
22.52,4,0.0,0.0,0.0003011427585714544,0.00030114383056135637,-0.0004233222209332429,-0.00042332370402976827,0.00030017453785893225,0.0002986319411322554,-0.00042244560288716513,-0.000420599723425244
22.54,4,0.0,0.0,0.00028521873632024187,0.000285219752521056,-0.0004378876635539727,-0.00043788919769641166,0.00028428444935727653,0.0002828119258463131,-0.00043695327951881035,-0.0004350255326873165
22.56,4,0.0,0.0,0.00026975178716876413,0.0002697527491819077,-0.0003719585603245983,-0.00037195986346609533,0.00026885139854162897,0.0002674475610893179,-0.00037114225848963083,-0.00036948972694697546
22.580000000000002,4,0.0,0.0,0.0002558827506300917,0.00025588366405391986,-0.0004361395169644321,-0.0004361410449909703,0.0002554487756774466,0.0002541051459273637,-0.0004835058815426934,-0.00048133290703607223
22.6,4,0.0,0.0,0.00024205838937640245,0.00024205925436742345,-0.0003394504368625733,-0.000339451626104173,0.00024155234370636797,0.0002402716719100848,-0.0003302969201591133,-0.0003287997473164078
22.62,4,0.0,0.0,0.00022899310065075727,0.0002289939198684734,-0.000322466275426982,-0.00032246740516811423,0.00022850166739200704,0.00022728067156790646,-0.00032230518496163124,-0.00032083110198059817
22.64,4,0.0,0.0,0.0002166327979150081,0.00021663357382937707,-0.0003050361151142279,-0.0003050371837875071,0.00021615445496254721,0.00021499043165076122,-0.00030470895981801055,-0.0003033026737164074
22.66,4,0.0,0.0,0.00020489388397443273,0.00020489461876255485,-0.0002834845671999824,-0.00028348556036815464,0.0002044287263566047,0.00020331929367278068,-0.0002831654844582666,-0.00028184663871941296
22.68,4,0.0,0.0,0.00019355120068620445,0.00019355189573632632,-0.00024146991242145026,-0.0002414707583845016,0.00019309948951428391,0.00019204327533142338,-0.0002411830105852066,-0.00024004963584822736
22.7,4,0.0,0.0,0.000183072877757028,0.00018307353609743957,-0.00025437383916184723,-0.0002543747303407895,0.0001826342554650641,0.0001816276481850477,-0.0002540554544668331,-0.00025285076389816585
22.72,4,0.0,0.0,0.00017293787167999442,0.00017293849451353394,-0.00021571936573404598,-0.00021572012147966224,0.00017251253992986638,0.00017155433378926235,-0.0002154359045101386,-0.00021440532212915753
22.740000000000002,4,0.0,0.0,0.00016380279186028064,0.00016380338269016137,-0.00025253783124902073,-0.0002525387160004777,0.00016339002032556815,0.00016247582665296747,-0.00025218995875503575,-0.0002509728102682157
22.76,4,0.0,0.0,0.00015476158946819092,0.00015476214862331964,-0.0001960131566212833,-0.00019601384332361416,0.0001543617992772255,0.00015349153197638727,-0.00019573142660728746,-0.00019477890729581449
22.78,4,0.0,0.0,0.0001468114685563507,0.00014681199985931148,-0.00025097700625821865,-0.00025097788554609424,0.00014642359474345272,0.00014559228671707383,-0.0002506001382554185,-0.00024936978181436253
22.8,4,0.0,0.0,0.00013884201540955292,0.00013884251879261948,-0.00019055862777020687,-0.00019055929536623828,0.00013846655603361833,0.00013767461428000572,-0.00019026117556415712,-0.00018931947810990613
22.82,4,0.0,0.0,0.0001317039311589535,0.00013170440953480384,-0.00022452090176834638,-0.00022452168836392672,0.00013134003577180826,0.0001305836496240491,-0.0002241565340780952,-0.00022303774756160522
22.84,4,0.0,0.0,0.00012428970418334174,0.00012429015658456182,-0.00014151984106762928,-0.000141520336850956,0.00012393825949612067,0.00012321909696913928,-0.000141281963264146,-0.00014057130448356936
22.86,4,0.0,0.0,0.00011775272233962088,0.0001177531518395835,-0.00018464900070219942,-0.00018464964760124547,0.00011741267838691718,0.00011672661699516108,-0.00018432673437979857,-0.00018339157802045591
22.88,4,0.0,0.0,0.00011139367352662413,0.00011139408074870245,-0.00015650657742035832,-0.0001565071257157158,0.00011106510299317197,0.0001104114967897103,-0.00015622395014842482,-0.0001554250100202076
22.900000000000002,4,0.0,0.0,0.00010566533521290295,0.00010566572236676414,-0.00017997692061534273,-0.00017997755114833314,0.0001053474530128738,0.00010472331799815243,-0.0001796405777000445,-0.0001787142788204632
22.92,4,0.0,0.0,0.00010006682613652577,0.00010006719367701503,-0.00015241657816736842,-0.0001524171121365797,9.975971959113808e-05,9.916460731630582e-05,-0.00015212272058710233,-0.00015133226094124486
22.94,4,0.0,0.0,9.477129115487331e-05,9.477164014345519e-05,-0.000145046135651116,-0.00014504664379939858,9.461945673335414e-05,9.405125290702048e-05,-0.0001608419011769023,-0.00015999958843677942
22.96,4,0.0,0.0,8.954048791669128e-05,8.954081858016749e-05,-0.00011342496714323354,-0.00011342536450226204,8.936725179092032e-05,8.882675117469298e-05,-0.00011068741979736391,-0.00011010335888372857
22.98,4,0.0,0.0,8.469247201901823e-05,8.469278569846651e-05,-0.00011761776027191355,-0.0001176181723246128,8.464180754173736e-05,8.412643422285056e-05,-0.00013067854484343812,-0.00012998344632583758
23.0,4,0.0,0.0,8.035955604951192e-05,8.035985454950244e-05,-0.00013931758901648524,-0.00013931807709753607,8.027988810706163e-05,7.9787886170737e-05,-0.0001363974368163755,-0.0001356663260265456
23.02,4,0.0,0.0,7.601764724296281e-05,7.60179305319997e-05,-0.00010656030937170871,-0.00010656068268229124,7.593806209801979e-05,7.546949715712315e-05,-0.00010662463539686277,-0.0001060489627760508
23.04,4,0.0,0.0,7.210859080843826e-05,7.210886040298715e-05,-0.00012283102894043631,-0.00012283145926179906,7.20288337197842e-05,7.158153275649984e-05,-0.0001228330705950061,-0.00012216468599723918
23.06,4,0.0,0.0,6.811016780077218e-05,6.811042338776786e-05,-8.425000949304189e-05,-8.425030464062622e-05,6.811474258569333e-05,6.768888730411264e-05,-9.360896455782317e-05,-9.309587197026126e-05
23.080000000000002,4,0.0,0.0,6.452669215260937e-05,6.452693518575829e-05,-0.00010104885984559345,-0.00010104921385153953,6.450980699510251e-05,6.410385472473514e-05,-9.924010161821645e-05,-9.869200898318664e-05
23.1,4,0.0,0.0,6.09512144149113e-05,6.095144492225468e-05,-7.567245832430704e-05,-7.567272342223763e-05,6.100771763549724e-05,6.0621243448565616e-05,-8.421639866813997e-05,-8.374783293538246e-05
23.12,4,0.0,0.0,5.77443409256552e-05,5.7744560198533416e-05,-9.0422048337431e-05,-9.042236511300206e-05,5.7867656826777945e-05,5.749877853125749e-05,-9.874536223524822e-05,-9.819183584049151e-05
23.14,4,0.0,0.0,5.477124587909338e-05,5.477145473651095e-05,-9.289267536976859e-05,-9.289300080210505e-05,5.495638079906253e-05,5.460393058991528e-05,-0.00010112583250431947,-0.00010055484753826449
23.16,4,0.0,0.0,5.179830129150796e-05,5.17984997340053e-05,-7.111811489545492e-05,-7.111836403882188e-05,5.1954010532009825e-05,5.161861939322774e-05,-6.964288874047138e-05,-6.924696525305307e-05
23.18,4,0.0,0.0,4.894057276209549e-05,4.8940761193325896e-05,-6.21297237936528e-05,-6.21299414468035e-05,4.908484458445517e-05,4.8765877929914996e-05,-6.241360795273014e-05,-6.205626751704107e-05
23.2,4,0.0,0.0,4.635500955873328e-05,4.635518893218107e-05,-7.142461548910418e-05,-7.142486570912987e-05,4.64242919128032e-05,4.612066862754045e-05,-6.454048192291572e-05,-6.416816561552463e-05
23.22,4,0.0,0.0,4.384117205509465e-05,4.3841342622040015e-05,-6.04432713231292e-05,-6.044348306916136e-05,4.391589099935283e-05,4.362683895489401e-05,-6.192454552815139e-05,-6.156476824092927e-05
23.240000000000002,4,0.0,0.0,4.146591258828459e-05,4.146607483421655e-05,-5.74156776026063e-05,-5.7415878742458903e-05,4.153358450631983e-05,4.1258470196897284e-05,-5.7529756971466586e-05,-5.719306927487455e-05
23.26,4,0.0,0.0,3.922788121905053e-05,3.9228035624718186e-05,-5.525379732706712e-05,-5.525399089267857e-05,3.92894742582028e-05,3.902758355732894e-05,-5.54048285247204e-05,-5.507829834044964e-05
23.28,4,0.0,0.0,3.710219316204646e-05,3.710234012103047e-05,-5.1332753225864346e-05,-5.133293305499553e-05,3.715813619357808e-05,3.690889314372708e-05,-5.146901382277252e-05,-5.116349245137819e-05
23.3,4,0.0,0.0,3.509969084966587e-05,3.5099830793519494e-05,-4.9439843311215644e-05,-4.944001650855623e-05,3.519142156890396e-05,3.4953931623417546e-05,-5.412191131290737e-05,-5.3798376907859824e-05
23.32,4,0.0,0.0,3.3197701855858954e-05,3.3197835136716605e-05,-4.593066394856064e-05,-4.5930824852449814e-05,3.328096640957119e-05,3.305497141560768e-05,-4.5942284789904104e-05,-4.5665765069577424e-05
23.34,4,0.0,0.0,3.1450172245086526e-05,3.1450299404055604e-05,-4.915220337616986e-05,-4.915237556685215e-05,3.156799965505818e-05,3.135238309048826e-05,-5.386756450611978e-05,-5.354109135427554e-05
23.36,4,0.0,0.0,2.97517839602776e-05,2.975190516951733e-05,-4.180384536072281e-05,-4.1803991806407814e-05,2.9852566194958456e-05,2.9647411117364435e-05,-4.1024672310601903e-05,-4.077439738821298e-05
23.38,4,0.0,0.0,2.8178557406030495e-05,2.8178673104021217e-05,-4.326237995701471e-05,-4.3262531513918456e-05,2.82794792228975e-05,2.808398390621644e-05,-4.425403615838019e-05,-4.3982245458124014e-05
23.400000000000002,4,0.0,0.0,2.6623251573964432e-05,2.662336182349075e-05,-3.372261892648203e-05,-3.372273706073181e-05,2.6716790601157152e-05,2.6530954762781732e-05,-3.3866957002065285e-05,-3.365757932538571e-05
23.42,4,0.0,0.0,2.5216754421458786e-05,2.5216859743836884e-05,-3.885731408010936e-05,-3.8857450204918265e-05,2.534286052702926e-05,2.5165575805441468e-05,-4.337397545001783e-05,-4.310394373234494e-05
23.44,4,0.0,0.0,2.382490307005986e-05,2.382500351659853e-05,-3.017571484600608e-05,-3.0175820554645405e-05,2.3936029173205832e-05,2.376755620575755e-05,-2.9637131508483683e-05,-2.9451435455726815e-05
23.46,4,0.0,0.0,2.260101577952715e-05,2.2601111938644253e-05,-3.863682410782873e-05,-3.863695946092205e-05,2.2670376589173174e-05,2.2509885485973178e-05,-3.5001104162597167e-05,-3.4780309313475755e-05
23.48,4,0.0,0.0,2.1347750394508352e-05,2.1347842163289976e-05,-2.640211854798742e-05,-2.640221103676621e-05,2.1417711745648616e-05,2.1265171961052447e-05,-2.7157521956239824e-05,-2.6985111436783615e-05
23.5,4,0.0,0.0,2.0224584186887075e-05,2.02246720210968e-05,-3.167178334789961e-05,-3.1671894299298287e-05,2.0289523395700402e-05,2.0144193036806882e-05,-3.1796876298425484e-05,-3.1593656360975886e-05
23.52,4,0.0,0.0,1.9127641869963385e-05,1.9127725861472716e-05,-2.6353310576964113e-05,-2.63534028954876e-05,1.9187868427010243e-05,1.904962253997913e-05,-2.6467003169050162e-05,-2.629674602606935e-05
23.54,4,0.0,0.0,1.8095292059377898e-05,1.8095372434467867e-05,-2.549022513684447e-05,-2.5490314431858563e-05,1.815114419025718e-05,1.801960896677398e-05,-2.559819006488738e-05,-2.5432470110817174e-05
23.56,4,0.0,0.0,1.7164729701394537e-05,1.7164806816646703e-05,-2.923334180321164e-05,-2.9233444212573012e-05,1.7190276529807048e-05,1.7065000892156534e-05,-2.6419786041590072e-05,-2.6247622753466926e-05
23.580000000000002,4,0.0,0.0,1.628004510358344e-05,1.6280119119713957e-05,-2.7510320798835967e-05,-2.7510417171583423e-05,1.6309339777184906e-05,1.6189839170543123e-05,-2.8250679683207783e-05,-2.806545010199113e-05
23.6,4,0.0,0.0,1.5377380236787266e-05,1.5377451090816297e-05,-1.9028223921083425e-05,-1.9028290577760565e-05,1.540388116224837e-05,1.5290352033860105e-05,-1.9062199281325628e-05,-1.8936443340514253e-05
23.62,4,0.0,0.0,1.4529319028425247e-05,1.452938691164086e-05,-1.847922162367434e-05,-1.8479286357342417e-05,1.4553439824631625e-05,1.4445556096648632e-05,-1.853147341169094e-05,-1.8408442101755518e-05
23.64,4,0.0,0.0,1.374540502501181e-05,1.3745470162131282e-05,-1.9390830494476347e-05,-1.9390898422053104e-05,1.3767372421815445e-05,1.366474035734888e-05,-1.9444062917870538e-05,-1.9314140784987277e-05
23.66,4,0.0,0.0,1.3003468023125218e-05,1.300353056120109e-05,-1.830924989198188e-05,-1.8309314030365287e-05,1.3023443440778904e-05,1.2925812590620963e-05,-1.8358380585301124e-05,-1.8234944555800547e-05
23.68,4,0.0,0.0,1.2315852655071363e-05,1.2315912784401782e-05,-1.890696522397796e-05,-1.8907031456905088e-05,1.235298094169668e-05,1.2259885269176554e-05,-2.106278257464362e-05,-2.0920266626561768e-05
23.7,4,0.0,0.0,1.1647985382425692e-05,1.1648043172192735e-05,-1.6061326297594353e-05,-1.6061382561299853e-05,1.1667266547435403e-05,1.1578836544635607e-05,-1.4448643828489458e-05,-1.4350303480042959e-05
23.72,4,0.0,0.0,1.1005352911094378e-05,1.1005408449700998e-05,-1.3970064880205676e-05,-1.3970113817485252e-05,1.1023120859298839e-05,1.0939101535141797e-05,-1.4035995453333394e-05,-1.39398744535002e-05
23.740000000000002,4,0.0,0.0,1.0423933990285992e-05,1.0423987492171457e-05,-1.6061400555528356e-05,-1.6061456819871367e-05,1.0440121751974515e-05,1.03601192302189e-05,-1.610367491042524e-05,-1.599269344428056e-05
23.76,4,0.0,0.0,9.872235659924217e-06,9.872287229202672e-06,-1.5102182708069938e-05,-1.5102235611894055e-05,9.886967483524237e-06,9.810798733409651e-06,-1.514204304838701e-05,-1.5037066410997224e-05
23.78,4,0.0,0.0,9.325309836159612e-06,9.325359489553361e-06,-1.158879239020888e-05,-1.1588832985576225e-05,9.33863126823977e-06,9.266285421662973e-06,-1.1618642315679942e-05,-1.1537616711340681e-05
23.8,4,0.0,0.0,8.83273623132965e-06,8.832784159239754e-06,-1.3619239053595366e-05,-1.361928676256452e-05,8.844818864935666e-06,8.77593701444194e-06,-1.3653456058399568e-05,-1.3557656281151798e-05
23.82,4,0.0,0.0,8.353733774982183e-06,8.353780024949989e-06,-1.1516829850564611e-05,-1.151687019407266e-05,8.356094628583861e-06,8.290661158452334e-06,-1.059548606209982e-05,-1.0520714810335896e-05
23.84,4,0.0,0.0,7.912080289785545e-06,7.912124992648274e-06,-1.2155870577850933e-05,-1.2155913160283305e-05,7.914167240930996e-06,7.851870808278086e-06,-1.220914834544097e-05,-1.2122459533123187e-05
23.86,4,0.0,0.0,7.493337274464346e-06,7.4933805104796095e-06,-1.1464382392382608e-05,-1.1464422552356912e-05,7.4948466510265805e-06,7.435543917737409e-06,-1.147839667246537e-05,-1.1396424244844439e-05
23.88,4,0.0,0.0,7.0887202141982255e-06,7.0887620328508015e-06,-9.964759123492258e-06,-9.964794029801438e-06,7.0897094386573744e-06,7.033315845205576e-06,-9.977585696415402e-06,-9.905930131864915e-06
23.900000000000002,4,0.0,0.0,6.704602483712657e-06,6.704642956815178e-06,-9.276824685237103e-06,-9.276857181814147e-06,6.696762065240381e-06,6.6432064914743775e-06,-8.359340316062974e-06,-8.298950432000796e-06
23.92,4,0.0,0.0,6.341345955297816e-06,6.341385155929064e-06,-8.77934796517316e-06,-8.779378719014908e-06,6.3350821434658925e-06,6.284154368473964e-06,-8.950272077072868e-06,-8.885235694533478e-06
23.94,4,0.0,0.0,5.984637539383274e-06,5.984675490483368e-06,-6.8444299848352715e-06,-6.844453960236363e-06,5.9783167876332605e-06,5.929996039754642e-06,-6.842528735689739e-06,-6.792521163423437e-06
23.96,4,0.0,0.0,5.677494696523504e-06,5.677531571721945e-06,-9.73722418861787e-06,-9.737258298517237e-06,5.671166558108181e-06,5.625103642599843e-06,-9.737574794649491e-06,-9.665978389278296e-06
23.98,4,0.0,0.0,5.36929101246235e-06,5.369326808042668e-06,-7.368151750546375e-06,-7.368177560723721e-06,5.362972477573547e-06,5.31918730419598e-06,-7.3678938979034915e-06,-7.313424671862023e-06
24.0,4,0.0,0.0,5.085434428871672e-06,5.085469230123607e-06,-7.814408516504997e-06,-7.814435890249327e-06,5.079142463216271e-06,5.037466932850998e-06,-7.813655808867458e-06,-7.755564194369957e-06
24.02,4,0.0,0.0,4.809658467473893e-06,4.809692302704684e-06,-6.631730698902424e-06,-6.6317539293980765e-06,4.8034090228654775e-06,4.763794260327626e-06,-6.630688632001773e-06,-6.581119185208872e-06
24.04,4,0.0,0.0,4.556482787516444e-06,4.556515735894757e-06,-7.121575214614779e-06,-7.121600161211217e-06,4.557408211422893e-06,4.5196423917324066e-06,-7.911135792845053e-06,-7.851667757977077e-06
24.060000000000002,4,0.0,0.0,4.304971304345568e-06,4.305003371702363e-06,-5.450836696395921e-06,-5.450855789970732e-06,4.304387191750277e-06,4.268533065017543e-06,-5.326095916695101e-06,-5.285843180727334e-06
24.080000000000002,4,0.0,0.0,4.078451845346824e-06,4.078483119229106e-06,-6.384276718352996e-06,-6.384299082132228e-06,4.077677081173323e-06,4.043545670481019e-06,-6.3930032279074615e-06,-6.344418644013694e-06
24.1,4,0.0,0.0,3.852463221730252e-06,3.852493703998856e-06,-4.782985729371008e-06,-4.7830024834383256e-06,3.8514856652746575e-06,3.819082221625711e-06,-4.787163778271347e-06,-4.750583047524737e-06
24.12,4,0.0,0.0,3.6393525510228425e-06,3.6393822867905157e-06,-4.557487442575104e-06,-4.557503406873997e-06,3.638198128442976e-06,3.607433277400283e-06,-4.561261890858974e-06,-4.526212270802854e-06
24.14,4,0.0,0.0,3.442323794100342e-06,3.442352839701148e-06,-4.782373669466947e-06,-4.782390421564919e-06,3.441018343131405e-06,3.411776810317117e-06,-4.786027357322684e-06,-4.749044614463238e-06
24.16,4,0.0,0.0,3.25175630732815e-06,3.2517846853964374e-06,-4.056171759878567e-06,-4.0561859680626755e-06,3.2543756455962343e-06,3.2265838709189044e-06,-4.510019925852739e-06,-4.474979739932383e-06
24.18,4,0.0,0.0,3.085490227042832e-06,3.0855180227044827e-06,-5.359565053849984e-06,-5.359583828162817e-06,3.0921343828544966e-06,3.065609630516462e-06,-5.851810813208968e-06,-5.80609941906729e-06
24.2,4,0.0,0.0,2.9150952270132777e-06,2.91512242580524e-06,-3.682150188316722e-06,-3.6821630861466614e-06,2.9203256686520974e-06,2.8951492970084233e-06,-3.598325126511707e-06,-3.5700767710977743e-06
24.22,4,0.0,0.0,2.775332298062693e-06,2.7753590072880736e-06,-5.836804751904387e-06,-5.8368251982798824e-06,2.780205873067833e-06,2.7561352136038687e-06,-5.858680012723726e-06,-5.812437074217969e-06
24.240000000000002,4,0.0,0.0,2.6211248016260546e-06,2.6211509706865158e-06,-3.2074614548403477e-06,-3.2074726899339323e-06,2.6255587082188784e-06,2.602714142896594e-06,-3.2164073726233776e-06,-3.1908987676437794e-06
24.26,4,0.0,0.0,2.4797267447670004e-06,2.4797524185338166e-06,-3.500469816048943e-06,-3.500482077770095e-06,2.4872781969612824e-06,2.4655359754284696e-06,-3.900210294312603e-06,-3.869115199700568e-06
24.28,4,0.0,0.0,2.349181821108022e-06,2.349207037598552e-06,-3.6699974944012954e-06,-3.670010350023678e-06,2.3554720332687803e-06,2.334785891950761e-06,-3.6049574706734262e-06,-3.576065576910148e-06
24.3,4,0.0,0.0,2.2248318622430998e-06,2.224856643158076e-06,-3.4014988646246212e-06,-3.401510779640904e-06,2.230681804667128e-06,2.211000660710594e-06,-3.4173862083881033e-06,-3.3898573823382128e-06
24.32,4,0.0,0.0,2.107090350088101e-06,2.1071147185766456e-06,-3.2243486185919157e-06,-3.224359912998298e-06,2.1125016797007317e-06,2.09377715525457e-06,-3.236201593173789e-06,-3.209999295358812e-06
24.34,4,0.0,0.0,1.992830710351795e-06,1.992854678611013e-06,-2.7482377901199596e-06,-2.7482474167367377e-06,1.997824494442683e-06,1.980032953549113e-06,-2.7582778049386157e-06,-2.735831708330916e-06
24.36,4,0.0,0.0,1.8903720773490707e-06,1.8903956867167385e-06,-3.221995577551689e-06,-3.2220068637983657e-06,1.892547585364802e-06,1.8756170061296957e-06,-2.9613162634638777e-06,-2.9370955342694627e-06
24.38,4,0.0,0.0,1.785986697561266e-06,1.7860099412885347e-06,-2.256942809009642e-06,-2.2569507145270284e-06,1.7897910670930327e-06,1.773705019395283e-06,-2.468896986092435e-06,-2.4486006218737977e-06
24.400000000000002,4,0.0,0.0,1.6916365027248407e-06,1.6916594159641461e-06,-2.6068714912589816e-06,-2.606880622660346e-06,1.6950654182520169e-06,1.6797618943388884e-06,-2.607246353020839e-06,-2.5857031428905275e-06
24.42,4,0.0,0.0,1.6002910795546866e-06,1.600313672831112e-06,-2.2491959551784735e-06,-2.2492038336124898e-06,1.6014062919999113e-06,1.586880347469461e-06,-2.030705431521878e-06,-2.0138439963957033e-06
24.44,4,0.0,0.0,1.5156710423387858e-06,1.5156933392110563e-06,-2.3269454586124193e-06,-2.3269536095216203e-06,1.517052576913714e-06,1.5032305794935504e-06,-2.3774221461370787e-06,-2.3575799173308765e-06
24.46,4,0.0,0.0,1.4354563452131008e-06,1.4354783611123202e-06,-2.1962057546822712e-06,-2.1962134475334016e-06,1.4366616789891094e-06,1.4235138249511144e-06,-2.198795192619781e-06,-2.180351847694273e-06
24.48,4,0.0,0.0,1.3579470192987385e-06,1.357968763701682e-06,-1.9088695272515346e-06,-1.908876213499444e-06,1.3572822212149305e-06,1.3448033147516528e-06,-1.7213144017460581e-06,-1.7068067904302264e-06
24.5,4,0.0,0.0,1.2858551782159683e-06,1.2858766700996711e-06,-1.9427082560102664e-06,-1.942715060987421e-06,1.283715974286651e-06,1.2718601778872377e-06,-1.7847850906373662e-06,-1.7696647529735765e-06
24.52,4,0.0,0.0,1.216136390214466e-06,1.2161576378915643e-06,-1.6779842051525481e-06,-1.6779900826324745e-06,1.216067668620652e-06,1.2047877152149745e-06,-1.9025465745892145e-06,-1.886349644028562e-06
24.54,4,0.0,0.0,1.149041622630216e-06,1.1490626352919185e-06,-1.4585386887882093e-06,-1.4585437976138982e-06,1.1500413578854344e-06,1.13932613008271e-06,-1.5864032187327438e-06,-1.5728313821350426e-06
24.560000000000002,4,0.0,0.0,1.0870477917132265e-06,1.08706858722744e-06,-1.5335388274888805e-06,-1.5335441990033116e-06,1.0876674468495512e-06,1.0774883418421867e-06,-1.507761695138804e-06,-1.4947992669350763e-06
24.580000000000002,4,0.0,0.0,1.029565319337692e-06,1.0295859135071405e-06,-1.580417563078456e-06,-1.5804230989457935e-06,1.0300999037126974e-06,1.020418034745249e-06,-1.5841381233337379e-06,-1.570452236254738e-06
24.6,4,0.0,0.0,9.739720466455362e-07,9.739924460876696e-07,-1.3690112833221295e-06,-1.3690160785562178e-06,9.74417347127551e-07,9.652187324483335e-07,-1.371183049400735e-06,-1.3592814918084173e-06
24.62,4,0.0,0.0,9.238870437484051e-07,9.239072677578274e-07,-1.5735707801704628e-06,-1.5735762920465746e-06,9.242551729626033e-07,9.154939984188285e-07,-1.5759918313121464e-06,-1.562245217870406e-06
24.64,4,0.0,0.0,8.72658650510787e-07,8.72678695082531e-07,-1.079429750875261e-06,-1.0794335318364823e-06,8.729508609941893e-07,8.646391409964841e-07,-1.0810260416180793e-06,-1.0715533670102584e-06
24.66,4,0.0,0.0,8.254193752011719e-07,8.254392543085814e-07,-1.1471869474552997e-06,-1.1471909657084778e-06,8.256445914651626e-07,8.177493484799511e-07,-1.1488110466329263e-06,-1.1386951700859127e-06
24.68,4,0.0,0.0,7.798797483245628e-07,7.798994679211844e-07,-9.897968546710746e-07,-9.898003215519369e-07,7.810343565659514e-07,7.735337416688079e-07,-1.1012639000392878e-06,-1.0915209114337188e-06
24.7,4,0.0,0.0,7.378035528529131e-07,7.378231250703377e-07,-1.0408402084357074e-06,-1.0408438542025555e-06,7.377459807696589e-07,7.306301146510674e-07,-9.208125697798657e-07,-9.126266369285929e-07
24.72,4,0.0,0.0,6.978238751728206e-07,6.978433073548079e-07,-9.653894665335831e-07,-9.65392847995794e-07,6.979027252151484e-07,6.911427138445638e-07,-9.859782092043988e-07,-9.771712072143002e-07
24.740000000000002,4,0.0,0.0,6.609304360562887e-07,6.609497390134238e-07,-1.015274111077196e-06,-1.015277667326675e-06,6.609583383542538e-07,6.545298348011788e-07,-1.0157275797261119e-06,-1.0066113086959483e-06
24.76,4,0.0,0.0,6.252425543809721e-07,6.252617323356485e-07,-8.788147489698431e-07,-8.788178272323144e-07,6.252304375038899e-07,6.191240036224811e-07,-8.798158027427047e-07,-8.718837803955992e-07
24.78,4,0.0,0.0,5.9062706435088e-07,5.906461210596863e-07,-7.363953116981854e-07,-7.363978909991076e-07,5.905781363714003e-07,5.847855300733003e-07,-7.371758867624062e-07,-7.304983049988278e-07
24.8,4,0.0,0.0,5.602920813880111e-07,5.603110318444893e-07,-9.582932303567847e-07,-9.582965869725513e-07,5.602128220885379e-07,5.546965274417279e-07,-9.592489129016044e-07,-9.505184354469121e-07
24.82,4,0.0,0.0,5.29353331471582e-07,5.293721735612451e-07,-6.688679801756907e-07,-6.688703229063009e-07,5.292449636821708e-07,5.240117066298618e-07,-6.694961971667052e-07,-6.633764521313257e-07
24.84,4,0.0,0.0,5.030205324107869e-07,5.030392822667031e-07,-9.53874959190755e-07,-9.538783004303664e-07,5.020298084659007e-07,4.970464568741833e-07,-8.592387340049766e-07,-8.513471260462868e-07
24.86,4,0.0,0.0,4.7633567405276255e-07,4.7635433044168256e-07,-7.217512037302649e-07,-7.217537317527611e-07,4.755450070602113e-07,4.7080591675053236e-07,-7.406998777871772e-07,-7.33867774924124e-07
24.88,4,0.0,0.0,4.511303929608516e-07,4.511489610655274e-07,-6.9056220597212e-07,-6.905646247334918e-07,4.503475183808849e-07,4.4584184595928217e-07,-6.894042733360597e-07,-6.830165026061596e-07
24.900000000000002,4,0.0,0.0,4.2666806846195565e-07,4.2668655088495456e-07,-5.883710173775619e-07,-5.883730782030305e-07,4.259014470108335e-07,4.216232410983922e-07,-5.880103073484418e-07,-5.825378045082319e-07
24.92,4,0.0,0.0,4.0364108818438537e-07,4.036594899532e-07,-5.685572823763314e-07,-5.685592737586509e-07,4.0289096209856205e-07,3.988278422196228e-07,-5.681486144699585e-07,-5.628374142724324e-07
24.94,4,0.0,0.0,3.8137104117693957e-07,3.8138936494302637e-07,-4.838848975960777e-07,-4.838865923922908e-07,3.8103647967645487e-07,3.7717855633258796e-07,-5.277555566460604e-07,-5.227993382095342e-07
24.96,4,0.0,0.0,3.617806671874697e-07,3.617989223366305e-07,-6.183981994685971e-07,-6.184003655956838e-07,3.6142499240311586e-07,3.5775203293192894e-07,-6.166215532144373e-07,-6.108047477942913e-07
24.98,4,0.0,0.0,3.4180396631267606e-07,3.418221514918488e-07,-4.3188548882631614e-07,-4.318870015368459e-07,3.414466166141574e-07,3.3796288546882546e-07,-4.3195829718418316e-07,-4.278664634815854e-07
