u1,u2
-2.5888927214407644,0.8058046563046147
-2.192843030474724,0.659249687756951
-1.9853014560200393,0.5043472211941202
-1.755147160707142,0.42370628974757324
-1.4416646948561147,0.31361656331157534
-1.153303838048896,0.2580303869259141
-1.0059643852665505,0.29893727004093185
-0.7840375273262412,0.31676716237391206
-0.5430115391549577,0.10312754331327126
-0.5091331161806967,0.14119672278162781
-0.30879889076167544,0.07779924153252904
-0.21069729115905902,0.11502417250502092
-0.06772311719950375,0.0067920403240416365
0.053172576289572775,0.050491451289128055
0.0877734224533551,0.024651185435719203
0.08052979590285951,-0.10876820761985126
0.19739694522278645,-0.0057329025747453535
0.26801731913335425,0.000705915151830841
0.15733564834006902,-0.05622607292395392
0.3448127862861618,-0.21014343037322494
0.4398835409996934,-0.12904832824643092
0.4228698190637275,-0.08890511011357297
0.39303977114713157,-0.06385616118470946
0.3814618281568136,-0.1953220765792641
0.41369298904818996,-0.12565009490355417
0.4023077371339179,-0.15418324014489607
0.5191126398737541,-0.10097436286794569
0.3163341516900431,-0.113031805647365
0.4147575305751783,-0.09647110887686111
0.47866408820389217,-0.07543321420642082
0.4779945410768892,-0.18693460419263966
0.34222424647381056,-0.13351952092665056
0.3139192107006721,-0.09636304966031795
0.3471973765989801,-0.02119216379061742
0.429411825079549,-0.16876853953010373
0.2909988445142431,-0.08649696509858487
0.3085807124488841,-0.1604699950519859
0.378099094536731,-0.06540120909759892
0.36436157139664527,-0.11870410096293549
0.27413537307335367,-0.042881288923885236
0.3858796999542779,-0.11907438284637109
0.34677130839052567,0.0249796511180692
0.2421538049504659,-0.12128764986648578
0.29371756913097846,-0.03016237634117707
0.25166521818633875,0.06180161960584166
0.20049507724238658,-0.06502352286731164
0.272422563826052,-0.09093496623881464
0.21038839644832635,-0.03877903926019846
0.2322629786659217,-0.06319918859123408
0.2133410475527129,-0.13697853988243838
0.2527384098688478,-0.014211931034842577
0.206048763960277,-0.04413408676693249
0.19552153366244449,-0.011852274789471713
0.13822725187932114,-0.03361406976905207
0.12343855930477901,-0.06740063555814126
0.17700263018776488,-0.14732372499656898
0.13300450124541968,-0.10462428797388315
0.08537825176845992,-0.028949753383435098
0.22692702115511165,-0.006775510381380433
0.06491556028703932,0.0026109100487853656
0.12220162221834473,0.0005063950626162383
0.06407677278691751,-0.07794812507243265
0.022852981641187722,0.00869900352710213
0.013228455139544043,-0.06460333465753056
0.11586630892896903,0.0049916778170949055
-0.07783449329582288,-0.08736147358652036
0.1819391065346252,-0.09761085850321743
0.15381590159748476,-0.08601400834083814
0.016946703964538665,0.019716823515188484
0.07144632964872666,-0.02564012132045204
0.14174484312190372,-0.0652326441911566
0.03947592036102088,0.03458644929321795
0.03433745099387753,-0.024097286610136416
0.060758042208068165,-0.030971377884789868
0.07796636760520537,0.03933198329017975
0.06646035703395076,0.0332187175518838
0.08589308111356313,-0.03141103915792033
0.0010659940278578972,0.05712273803413288
0.07816170522673287,-0.004534919116957988
0.01962105190503264,-0.01183958092633442
-0.03948343137318943,0.10054960344835694
0.06522295798791201,0.021667156465864406
-0.0013310184054030638,-0.06650723211973927
0.0486411076512636,-0.020937639102057044
0.01439680346203471,-0.039511698972695075
0.0042296019248393955,-0.0317955344902639
-0.08089541038085696,-0.0727775579339707
0.018050385249667088,0.0811073857543178
-0.0003793480329593946,-0.05343174506172632
0.017166411152149442,-0.037578321017482055
-0.006314995835119292,0.029099240451303736
0.011499317636870603,0.00607123782129048
0.00032046367993969764,0.029724472093459242
0.10700268318953866,-0.0373848597859132
0.09467963579350289,-0.03437223923206677
-0.1340605638460085,-0.015394303001771515
0.006544645559372939,0.10717233029055574
-0.05641402802628714,0.02396611118363027
0.0549927960647687,-0.02741586874273011
-0.016933165319413794,0.061416046541470544
-0.008751907506995164,-0.0064901230532306686
-0.06121805746469877,-0.015479993933447983
0.03604933252516709,-0.06286720264080736
0.012582894174647693,-0.03585503345397728
0.053408141023032416,0.009835013143105795
-0.025106222160942854,0.0539489686744622
-0.05768871264807563,0.03257750127034035
-0.060859202808191355,-0.10818194996146348
0.08190025780508964,0.011818265205659624
-0.08885790219539101,0.004042134357658564
-0.09491370946104433,0.0020568391306630372
0.04022187834592417,-0.04054116357805565
0.014450570697072302,0.05988935741343786
-0.009969198770948047,-0.03517511070442242
-0.008959471765238338,-0.05057241412089406
-0.014167663341135402,0.027137528099239864
0.05437289831660903,0.051207822075963166
0.0035804358611653264,-0.10826216703521288
0.09981937717179379,0.009140091065993729
0.15874285601053847,0.0770518867107249
-0.09677650081490208,0.021511953530778817
-0.03638110836755471,-0.04538230785326277
0.0003085895639680172,0.0889651228290517
0.07686237691826765,0.030290234795411437
-0.0534113783978094,-0.06996742999996834
-0.07271550771022156,0.03652273122530452
-0.02267576831349779,-0.039629381207344334
0.023826720736602802,0.006341140456431107
-0.021332420496555378,0.04590908914210877
0.01564530108208428,0.039620642459270064
-0.02415899235951948,0.025099579744425376
-0.06882081658518291,-0.004756641958180354
0.0542264104306087,-0.09006960629356964
-0.01680144256787652,0.00708507752663224
0.06890043140808344,-0.02506025148633574
0.03639123527006741,0.07923386510228096
0.03409466634369547,-0.013572110740305678
0.005028550698306987,-0.009669277010186078
0.016780892237441346,-0.021400055925316686
0.01721208386185213,-0.019141664366301443
0.0384876664518898,-0.011871775794914961
-0.11249565457871337,-0.0443334175639076
0.0049886949501733325,0.09597889349657095
0.044929764735241184,-0.11102034628686287
-0.07649607068858218,0.07153974477897673
0.03920020543950765,0.11864448388213598
-0.02049316345316401,-0.053360758911725786
0.008818075410418003,-0.028136997762684923
0.05603307892211826,-0.026263877405886718
-0.02556233051394097,0.021488669006497273
0.04334770760057489,0.06748474475329609
-0.04477420623603964,-0.07177306645176708
0.03234816059325427,-0.0031205307638070326
0.1174576708069258,0.006430184002573131
0.00310112369637219,0.010200969274218482
0.071849564960416,0.06477246330770245
-0.0823309097180023,-0.017713606683756693
-0.10763932234027629,0.06692047203032353
-0.05993588087165565,-0.10176389858650639
-0.0660147067347723,-0.07082155151220769
-0.0055453552467859425,-0.07191117017758225
-0.12627360152211067,0.010365653625709726
0.11848137008937518,0.06851604816873035
0.1397914008826474,0.006351720247301056
0.0026156085633844035,-0.00459426047964287
-0.00955874600971279,-0.02387044331817892
-0.019672788864589688,0.08180380812885371
0.05779322002943482,-0.10790093973424081
-0.08282702009857294,-0.028781387653489546
0.04506936381925924,0.07791718174738753
-0.03403126799067614,0.02878682903659786
-0.015472305923186425,-0.01822336821506907
-0.019480800693257982,0.060877704285574555
0.030868870024595728,-0.02075421550070896
0.043367582713845644,-0.012011917393726586
-0.04394862608467343,-0.07175038649423013
-0.06709266721122438,0.09597933540167033
0.01649604677673454,-0.009292198248940365
0.0021502717213535655,0.051716434520886395
-0.0142122940573837,-0.013474548784686648
-0.061307216852273284,0.02788451116634888
0.015589812900211152,0.00393703304416229
0.022969677718448635,-0.06343854348140514
0.06206601977563692,0.017106339606896167
0.08591396887192326,0.041653400958044734
-0.04011543449029975,-0.013705988624692234
0.005508345299194774,-0.051472001987339706
-0.05089417773101999,-0.0748090528186505
-0.04552029969899932,0.1342942014821052
-0.03474292098485994,0.01975854261327525
0.14118990596336908,-0.023239580303916145
-0.0071187819683319,0.0726238395273302
0.030738234395172724,-0.05433705767625914
0.022088396479574814,-0.09826733949730497
-0.016071087442814262,0.02395199536372305
0.008347728318116865,0.020142417892420286
0.029509721071037383,0.009654727599988443
0.004869600964480934,-0.004527866610608227
-0.07191863121652381,0.038000968912340796
-0.007364468308890785,-0.01863034354358323
-0.003223537435134812,-0.041249296065759514
0.0033078047431716034,-0.036938704789468216
-0.017776425215337996,-0.030217771279877296
0.04535411956074124,-0.07845150328981053
-0.008357326149871521,0.05982878414648446
0.10325110220339398,-0.019111300107592898
0.05304065640911438,-0.02429615458991298
-0.10117161787762256,-0.04046877568693983
-0.023157339812201454,0.02310288457227084
0.03032181503293243,-0.0017469148774694292
-0.07959853602905584,0.028865938064115942
0.0011059511553324249,0.12918018464734593
-0.044873756129460145,-0.038382659271398396
0.06314517769691166,-0.034232579335377676
-0.04399911030686564,0.03050720176063263
0.06660950644939158,0.08465182914474266
-0.005549093959276932,0.00010816677311090497
-0.028377191367586464,-0.05703636935283178
-0.01776280654622745,0.07981289634632394
-0.014787308604209216,0.038538949929815894
-0.03660576446989494,0.025511973485081777
0.021918288130389107,-0.04892090485942501
0.030894700508532956,6.0199757476571414e-05
0.054799863720330994,0.006431020670273707
0.038448699278587586,-0.06841254113982803
-0.026090126439946182,0.04486471277659249
-0.09266162860325067,0.011832458090308386
-0.028075046079393883,-0.016722795933272507
-0.013697740620696473,-0.012137109750292764
-0.029294101861781587,-0.015322329736214665
0.0038142374995428965,-0.05847749166474542
-0.030956851800956836,0.0028508769445758225
-0.026273643747229375,0.07753978101513408
0.02751532951405512,-0.052226406013121215
0.014610619728849467,-0.04882536441608275
0.03343341615103812,-0.019261458244196332
-0.07946811266714215,-0.046312456365531905
-0.004304777206624966,0.012224578579074209
0.004871453226787385,0.049167975344190595
0.03747338467254889,0.009318502107899826
0.014390459632044647,0.021132944054374513
-0.030757635529250704,0.07283545770197003
0.013983358200414086,-0.06124928976419856
-0.01609212790985761,-0.11394321575879937
-0.07035310809566814,0.033721437785126644
-0.029472197231300973,-0.010849859461602746
0.09893387574469822,0.037077529894244184
0.021892504801533375,-0.11361606075544738
-0.04102054922107982,-0.010176670721319132
-0.013534338048404919,0.03455148560508095
0.0204764137461463,-0.030364618984493733
0.06020516767991427,0.038381343138803536
0.07379479572339084,0.012023520809951671
0.08505069371920843,0.010915350628396823
-0.02934631184836839,0.021190520114409438
-0.011134557615532215,0.10461350863801885
-0.006908064888123643,-0.010353734510596475
-0.021080249161893244,-0.09867248910618964
-0.029824376568123066,0.07654481667749806
0.00939551760384878,0.040157369266751675
0.05080806263858651,-0.019658013332768443
0.02255141579101668,-0.09422470966698557
-0.04473538618014644,0.016882028019245942
-0.03540102541189938,-0.038493367087136944
0.023841761317182682,-0.01806095579765226
0.05083722199853195,-0.08368899221704125
-0.07836787721456666,0.0731193833572315
-0.005839513850555573,0.029985586186384056
0.04708316875158258,-0.022062039543691996
0.06595793709381373,0.048496766384126026
-0.03430805073055734,0.10377469284828218
0.037328414392460846,-0.0018895055128522655
-0.02321440435227392,-0.01574041268665893
0.01952473678106866,-0.016085768100180184
0.025589361162726726,0.007233531691762194
0.0801502596079994,-0.01817430005420528
-0.005171425916385662,-0.06157790448502186
-0.04579132209142491,0.010207152958074468
-0.02367278513212031,0.016460923121251178
-0.018819426304404672,0.048724897302664556
0.004851258303144975,-0.06742093130988425
-0.013260334353586492,-0.03902600031693539
-0.011211827050878698,0.025265084722730785
-0.038581648989368604,0.04938198463714406
0.008155864399772166,0.02985598317522895
-0.030662712043222472,-0.002928905497636869
-0.07422241867553486,-0.08094728601992769
-0.05918509368999672,-0.1058041382785782
0.08064027721203529,0.06694892441630221
0.03722015797263459,-0.00795230251598178
-0.08631867037815194,-0.07239189585064902
0.06388169521153975,0.04840291054978213
0.02430262842958046,0.028672430623766867
-0.054648243922788116,-0.002607514347116086
-0.05915649078334978,-0.042868691578215726
0.044308931774066945,-0.05988112223826039
-0.05626579999552705,0.016268112697513847
0.005935522877723854,-0.04030898691758443
-0.07927436229830802,0.05486000922421403
0.02275072924633699,0.09485317784176316
-0.642949619292727,-2.865081609314305
-0.6287314032329648,-2.3928762644763033
-0.5062563343972806,-2.0974758720476907
-0.42896022572202896,-1.8173875700629127
-0.38737787270733776,-1.5317015528745392
-0.2733240515117298,-1.2985127813001085
-0.16527922020007482,-0.949719654193182
-0.18044331449655576,-0.7397152677906593
-0.05178099583853139,-0.7281715823995779
-0.1306750755152139,-0.5401172498615417
-0.10931208044765933,-0.44212394513284586
-0.03248260049788595,-0.3200881611917418
-0.12097668293814322,-0.0990973618658185
0.09733790894780267,-0.0004983207441120949
0.04779305832619783,0.06591503682697258
0.04068653935957607,0.0660306010332086
0.008490877136442199,0.27275909418279665
0.007831977849389736,0.24111747615359586
0.1956384710697293,0.3254191280219103
0.07818017111669356,0.3342928056490113
0.03885799821002357,0.3086025443055301
0.03453899380792268,0.3024713322213436
0.10133158912896142,0.48619115202414237
0.15031819633179166,0.43750716855573335
0.06654165608134127,0.5133833801797942
0.13286917103623072,0.4180669064915139
0.15713127956358588,0.496091743923908
0.165163388101576,0.4968750990192655
0.033300367480326165,0.44762736260023195
0.09722011141430716,0.4873030531909018
0.09663866878529977,0.35225686634656195
0.03152297911760191,0.4868966224914776
0.08820829398383624,0.5172725812114892
0.06726474602191045,0.406778973527619
0.10737968427809538,0.4134066565052209
0.14247472849999412,0.32732001864169313
0.016994991105459337,0.38807636155595415
0.11894054810386034,0.42509328799270696
0.05723240299170168,0.38750176010869347
0.0841586245374084,0.380483311273882
0.14119539617839777,0.32610191366225316
0.047501919386134454,0.2776309335894643
0.0012727051734130468,0.23385783609338512
0.042605638052294864,0.3636397644293585
0.11056085062658841,0.2656042562571037
0.10497652386091119,0.29463450956638254
0.060849531147259855,0.22634860393788997
0.156698951874377,0.2628589095018591
-0.027806247106012504,0.1933410819042993
-0.005195666278049252,0.2626410748186692
0.10164663047288137,0.18148025464276718
0.026009442195348703,0.19985977456263104
0.0649108279812544,0.3102942018332626
0.03955156216527282,0.18915415657994894
0.0612808627587376,0.2177455130651761
-0.02335119950731774,0.04934017492473043
0.02345083135493156,0.13893906512239101
0.07696688372068555,0.11639228989005318
0.013590486113396172,0.22099023743123242
0.05939991839605896,0.17963958846873848
0.04021555001519085,0.07315667624022372
0.0783968255112468,0.10497280580298644
0.019405550132610305,0.2274971785835961
0.043469679014446726,0.09288126130637028
-0.006036308136436582,0.005989936242552833
-0.026602396832607605,0.10125453938740844
-0.053025030668056417,0.0857851869765368
0.008120777557320828,0.05757275473777502
0.008852521989299863,0.0744539337505907
0.05095565773550294,0.028892012720055635
0.02027728615055741,0.09397704326427156
-0.06916095107372254,0.10135226892923221
-0.011045480617136338,0.03683467366178182
0.12280710986623809,0.08558380656028344
0.043204604494273144,-0.011610413243451585
-0.009570635928312643,-0.003260593676416682
0.00490708942150582,0.09566338150506423
-0.035710056228750335,-0.08249038123578993
0.08090485622301476,0.05497066509897756
0.05583201827430631,0.047008112886705554
-0.03132442353652743,0.06759857382284584
-0.033180403397210706,-0.05058938370992208
0.01181245005623538,0.005839110044212998
0.019827601827703253,-0.012938336445921846
-0.009878915445054535,0.10529069634544566
-0.03735910525498264,0.02720683437223225
0.03607185159407463,0.062189649907375695
-0.05083021119356491,-0.04829205340470991
0.04558974110688011,-0.04031232103409003
-0.007063706798253853,-0.0315416272802472
0.03180807865134177,-0.0032463054726377116
-0.08741019136184643,-0.014284566115830167
0.017071578329717667,-0.05280584570056893
-0.08032899236674361,0.08139074243947708
0.021547943993084226,0.07087970346258883
0.030723787463473456,0.039386540058052505
-0.035685426856395135,0.004199076844449279
0.03273560978321388,0.0447913357391322
0.03803106308988708,0.09667038767381321
-0.006793325932937074,0.04950095111103098
-0.020657408409507114,-0.07409055535141579
0.02266935923547714,-0.029800720780318472
0.047966865213463966,-0.017421498084404293
0.012510471941083946,-0.048979583667696946
0.0015309075714971193,-0.07681237373642164
0.08924294219230755,0.059611097517675016
-0.01316679225872659,0.04074416024988288
-0.047521392007569566,0.044332557355231984
-0.05717736557179167,0.00804409711389593
-0.0007333628688572626,0.056169408763672456
-0.05490472365442854,-0.0008708919927863032
0.06505998181505555,0.10675073308177267
0.0069813836718874075,-0.055350165229960877
0.0047533741049239665,0.03454220412238614
0.06151815097748567,-0.04272935622589862
0.052156460602244895,-0.03320902396068837
0.02192115496434689,-0.0010282859835136077
-0.043308124868834445,-0.07495362886144458
0.042216925964856766,0.05674910338100075
-0.004691719657443357,-0.028393004477125464
-0.08395804924476599,0.0355280372613825
-0.0002446157378721177,-0.041952725299808195
0.028895533098620342,-0.09118640119005451
-0.06887854530072077,-0.04578717987822585
0.0075228694475760315,0.01889970232448753
0.009385736133326389,-0.019772683511747102
-0.019124612722103793,-0.053465782611533494
-0.11871506281321974,0.04525481143622016
0.022473366542085052,0.0069876589199126034
0.029053099406463938,-0.01600886595635169
-0.046857458562690586,0.05384078187326457
0.024889321688248665,0.08467957769243119
0.00272666704945833,-0.03360692327406212
-0.048953402185906235,-0.06753584004009698
0.005503209572361675,-0.013527138943975631
-0.03573976969381816,0.008957829463919115
0.025547514062721793,0.04625326806825958
-0.019279340732544968,-0.10125086552900206
0.009824364849326035,0.05167175059215083
0.0981404095383982,0.0347730103413816
-0.008689137921653439,-0.04884861194483186
0.011148993368316124,0.027639608923449896
-0.02740103441362669,0.00648000985416604
-0.022969324976748414,-0.005707441623714242
-0.05926268051685712,-0.007005137144166122
0.023629681853174274,-0.07451639537743854
0.03304406120807987,0.07574502248237583
0.0052607951309783935,0.03276034312380838
-0.0029270931856559494,-0.04473435592757824
0.10892082352566432,-0.0018044152249611454
-0.09054286251097009,-0.07737550304037309
-0.0673418682123669,0.05739670831550292
0.10177816792033355,0.050515744720875784
-0.0994482235629729,-0.03662893840213776
0.015181461962497585,0.008323308919458207
0.02882980907289167,0.025854950091015818
0.012197933573873141,0.0015670891016197129
0.06360742440620173,0.014989671470634541
-0.0494165807948227,0.004250125434101436
0.008083379751056403,-0.09571101266560313
0.021742489466174,-0.0399717373064519
0.059575449398327596,0.038783187446626524
-0.05644812736491993,0.058972475617256465
0.08033568147761704,-0.006826272222072455
-0.0066908138560445325,0.04744868585201452
0.06587755976245332,-0.08227463713362429
-0.06301251297736804,-0.00848816622805365
-0.015939482506066065,0.05271194035992951
-0.026741582086154403,-0.0032723954893641985
0.053056275445086704,0.08870675114568405
-0.003690475205448177,0.010275624780680965
-0.0258658076418546,-0.005995833308281502
-0.0207838739783079,-0.01015224655711525
-0.009244629777330104,0.07645477936331087
0.039754650327076944,-0.03061184457514765
-0.005812025301994481,0.012071091414717777
-0.059555785965912184,-0.005161689585287163
0.039915919653599904,0.013001833437147163
-0.036616274230964876,-0.04523896265685119
-0.09131212723053653,0.02883602306419967
0.12381354824258513,-0.05865223907503879
0.059056104237108435,0.09276867059774122
-0.027270507202492456,-0.023042532071192973
0.012010429825687022,0.00818687268797445
0.012895801486813251,-0.03632692842623983
0.026558798981627503,-0.03080603684500039
0.04785723087856285,-0.011029783183056339
-0.060672605716378766,-0.03979000789789569
-0.11471256984837222,0.15508467845348964
0.004398586646548025,-0.008322167784516034
0.0345222589124595,-0.01767816150323143
-0.007494222966483105,0.03628086470225969
0.03604498945758539,-0.016111888123507324
0.054616556061885695,0.02296757929440503
-0.05770813261745014,-0.09713999171563557
0.045869175812438996,0.009836910153119664
-0.04020025222590072,0.004192355131449735
0.056356811508598136,0.01713505329606097
-0.012199653554460099,-0.06501949169813129
-0.04346023925767639,-0.019797732950813666
-0.09892556077752589,0.0006855036894055037
0.04189054303678013,0.0368313972161103
-0.034842420658346925,-0.06199312836229245
-0.00478752560126916,-0.10699604433798865
0.012385142323748875,0.021663043868807512
-0.14292966854427008,0.014780807433831448
0.03808685638952121,-0.020384636790740273
0.04729865367814217,0.03274848863106427
0.037533953455696864,-0.021760234889326047
-0.021321585125883516,-0.013377922899745702
-0.024459201361131444,0.06551929428037026
0.004050847690132333,0.00902915519506648
-0.012395934576820231,-0.014835002287967766
-0.0010380808892372292,0.046326199369837055
0.06611315844508812,-0.010184243525311455
0.028572437618597256,-0.030992136096577156
0.08289649732247331,0.04878061059261805
0.005162776316451575,0.006054734724567928
0.030545036666001224,0.055612400338863645
-0.004644125689024166,0.017986025555781267
-0.03203539286571224,-0.07581673564632041
-0.0232869544861523,0.06770293645267167
0.033357950003014336,-0.07097497608279212
0.031120170757263955,-0.05837627631380087
0.011891202389394454,-0.041962228122096636
-0.06849380092534545,0.09129010175980562
-0.01675967925399868,0.027565701928581123
0.0037895459030180506,-0.05633279703426646
-0.010299552038587144,-0.0483906972107563
0.12302995414644632,0.047332362545841306
-0.013152520546727942,0.029567236340765485
0.02255220608607864,0.034378021799569586
0.016734801382088885,0.023511458099197288
-0.014840570793430912,0.06810922659755657
-0.010546436661702165,-0.01620423669090727
-0.029297030704272045,0.057359717880230116
-0.020065304857054864,-0.10752257882519654
-0.011715470572216632,-0.00010308998759797107
-0.030398093234854158,-0.0277319742617865
-0.06350586708528562,0.004001090177876081
0.07942899160954642,-0.0596940717747822
-0.021923686798317205,0.022340409991979126
-0.023577333574791345,0.0038134657501153373
-0.08499135085408975,0.005048718327999896
-0.002718919332719321,-0.022661329261562387
-0.10307613087200022,0.07499580316861412
0.00035019968533215803,0.017801854094383833
0.12390584043706666,-0.08240962182480586
0.0281820890733738,-0.0024850869202060646
0.09357033017220612,-0.012533302081440371
-0.056979151321840935,0.02245608317753049
-0.01749167620895081,-0.0040328390455843105
0.0445667318802113,-0.02597788274897755
-0.02738198381946488,-0.0030723197013756117
-0.01998194436831218,-0.031490022500046705
-0.031906955313301746,0.0714573325616382
-0.08842346626169392,0.04654224116907287
-0.08146230570691393,0.03455702931522151
0.029422839857042454,-0.06263693875726326
0.031131769626178224,0.02235135601991265
0.10343957732400504,-0.004722803633814926
-6.025781537343303e-05,0.036607372999945126
-0.06292068783924011,-0.015168330894625529
0.06271062059537398,-0.03389473054806648
0.03230446588662357,0.011673254724962431
0.04035320542230198,0.04942671882245609
-0.02424870356844391,-0.021089890067596137
-0.029699598514678016,-0.012863065870424262
0.04204376703640313,-0.07056655787567977
-0.08375380936381409,-0.03770400796728485
-0.00946277778593095,0.02451464536795569
-0.014483690957736724,0.06956757440121364
0.022019817487476268,-0.051137768544818135
0.03618475445145527,0.06610871955246889
0.06334483505561339,-0.06267815437226501
0.1021561567787557,0.15095290349040463
0.015149984215434118,0.019564651518045494
-0.002814018219654449,-0.003266632981615586
0.027232213551193252,-0.05937337674059378
0.002821917536034793,0.017670240961497472
-0.020719853237586475,0.00930787531714642
0.016212928526824037,0.01650885683740652
-0.09745774999808689,-0.04663592711255181
0.015727915004673174,-0.020697235894574888
0.02313016638127221,0.00020593012410959413
-0.12306651070648739,0.033645636736892415
0.035299431904076625,-0.04569701046761819
0.030100506184370834,-0.0887456709134988
-0.02672974593703919,-0.0015776954919701656
-0.05640975035820978,-0.07597830116118229
-0.02893208086912494,0.07879556115696495
-0.04923438031114168,0.053861819675583934
0.021546785602418433,0.01007241050435146
-0.006783422085352427,-0.08278020418012746
-0.03561322551973731,-0.0533154805052445
0.019511801202241056,-0.03590339576151527
0.06042573913595778,0.05919405216992857
-0.06649269966627419,-0.03230708838462862
-0.02852750025610817,-0.045201920000945965
-0.014063667758850984,0.020549992149458147
-8.8961784479687,-7.032440912687219
-7.589369331686508,-6.047724866430542
-6.507992328388863,-5.2575551657413
-5.573831511344949,-4.558711399781836
-4.731084500759383,-3.782410759717706
-3.9016083749094967,-3.151930670251555
-3.199580804326499,-2.633536101201441
-2.5883222447048277,-2.088105370097427
-2.058830975226062,-1.6967636818885024
-1.5968276277786158,-1.170562858183571
-1.0642257084366793,-0.867459455102409
-0.7349377946345148,-0.5827594508238151
-0.3040511397830513,-0.18608904782313512
-0.016481790461072364,-0.00660526013241922
0.24211978939320145,0.11491108601368344
0.404494890306321,0.36932209969494806
0.6977632860548951,0.6413005910878953
0.819037716824702,0.6762035950646925
0.8765958583583345,0.7836940697153074
1.1707392751418366,0.801559401507119
1.135012043063666,0.9219183916252099
1.2355762935972765,0.9535220618339031
1.2357775931795696,1.083356862806262
1.393908690295071,1.0918290194065083
1.3657442991024695,1.0694836881160827
1.5541299776731978,1.184853122422142
1.4224966455084669,1.1512884167741375
1.3934263318074052,1.1399033233470572
1.3859221057689561,1.0759844452124518
1.407158767451648,1.1005365459995362
1.390981441881205,1.135221323769082
1.3696082173330495,1.0367356290698684
1.29655279553481,1.0537797921194731
1.2292637650475071,1.0489887144506005
1.2570683819415946,1.0036112927394314
1.1651675137922493,0.9641798735809299
1.1266501900599453,0.8718320335882296
1.1334862599227375,0.9733471766022662
1.1573751005312178,0.9553123524835804
1.0495895390025196,0.8816490879236677
1.0093889139927774,0.866120130721424
1.0242982310961446,0.7232607442835298
1.1092932492600152,0.7169327659716503
0.9312737764562397,0.8343403380195924
0.8717510537743888,0.761833736097572
0.7687302524933444,0.6501368624641933
0.8661563420206398,0.6081089498298481
0.7990895280245829,0.49156010858086285
0.7735378894819063,0.5647637382155737
0.6378640013285817,0.5028540094925966
0.6097254835077551,0.43041429741674664
0.6433016602516237,0.46928850047985204
0.6036780264870615,0.5375509835317048
0.5615689964404539,0.5431949825253876
0.5103615054358381,0.5035980674003017
0.5477528154357731,0.4331201200584963
0.45608650333934675,0.39339022407398133
0.49941237851948883,0.39889161427810116
0.32768968219360706,0.337475638773933
0.32238080260671637,0.2634251420210062
0.3306710637190343,0.21241664114907732
0.28542225144366706,0.3508200525029865
0.28389501280504326,0.2899389944785876
0.31005530859824415,0.25359911813233177
0.3109718063337926,0.16061840856281828
0.3014062076217645,0.13972201725156141
0.20169619235309064,0.22573505909594557
0.17551355468546226,0.08143978577093236
0.22258498895177053,0.16762309705662595
0.18594150156000927,0.2065498568587991
0.2142452371115484,0.07619923685513687
0.12351370232337092,0.1403013008604012
0.18572404534851583,0.21454591479825447
0.18576817747357544,0.18913384254090543
0.23992576443477037,0.1558804099198553
0.1229131471515559,0.09138860323892599
0.06563317215221208,0.16019345856755401
0.12290647688092901,-0.03781484771610753
0.06479796164547211,0.08285894252792071
0.03855756357998194,0.14416966446510565
0.1423635038231905,0.12185165355902589
0.1394052918119524,0.1259718163736354
0.16293387794657643,0.0009165834868648144
0.12309631178755862,0.07212432057870019
0.03388930760356109,0.04967575306304384
0.041497360034037034,-0.04078896607751806
0.1137168878778018,0.10235532672826107
0.008789691103368313,-0.011043762455100806
-0.0439357660166024,0.0452771829708948
0.06454170436003932,-0.02237931310844242
0.010860770543546885,0.03588855252770933
0.0019216568538499186,-0.027972929217005855
-0.01152045719350309,-0.0002520646634330513
0.012576025899233439,0.03900510033858291
-0.04506077852862266,-0.041325858788846884
-0.016251510763700815,-0.04764813262128173
0.0554976402028122,-0.0032605861087109077
0.018072459813565825,-0.016098403993039953
0.00032032051653429,0.0448410340507111
0.0367501719516478,-0.025095655960318198
0.011269209992384007,-0.012020236155752886
0.008745652842553662,0.0007475579978975105
0.10577773557305854,0.07446583630030759
0.02026121252010535,-0.07134772528852554
-0.0044664238727697165,-0.03465559903950606
0.06096115823561318,0.03849514733958575
-0.09474733956847912,-0.008328198083690633
-0.009195977350022646,0.025320459672554148
0.11539067874390395,0.030279109639680987
0.06300746586260304,-0.023041594691697476
-0.04911127637509123,-0.002361777771774501
-0.041107700410926436,0.08265203689207062
0.052356143894433355,0.005346007222424353
0.04319718584662428,0.04073102351073228
-0.07719087489787717,0.06030861425373432
-0.054269581070672764,-0.025736128050951608
-0.037156483140772946,0.04517141135910081
-0.0018185432380186063,-0.029013898171977803
0.014795369706226514,0.011097880055142515
-0.03193930355870131,0.04208116062201114
-0.023459601325922376,0.0831052351918924
0.013388364636942873,-0.10410835648779722
0.03036136703259266,0.2122967876976041
-0.013163845091768779,0.0017542970001475193
-0.025307294735498736,0.002566935178523043
-0.013940840203162882,-0.07182727743550704
-0.017614146054178034,0.011212456899362455
0.04628115050007782,0.08350335671748607
0.011230052118278332,0.043831956027193156
-0.004599982393528632,-0.031291032113051044
0.00020926322539622632,-0.014556447049461956
0.04973935523482875,-0.0473734295353559
0.04365772604123506,0.05423950118512995
-0.08798659073644405,-0.04728185089615138
0.0376840538345257,-0.03202962629237607
0.005093084707305211,-0.16871681853024742
0.0605054590368852,0.04167516980515282
-0.055373941017867155,0.0846274215219784
0.05604225136806997,-0.06961898954287592
-0.03474608338696894,-0.058320715940674374
0.013729337261413128,-0.0263566751873699
-0.10146768533885803,0.002375878223283706
0.053232116043510184,0.011002453238877791
0.028009476769504597,0.01443543291724533
0.03375551536618515,0.017089763000885588
-0.0136326018379366,0.005096381197236889
0.06991324730948009,0.02983665571281874
-0.0631175533309589,-0.0004588306245961343
0.009160835658276958,-0.012227286042194635
-0.029678358193491912,0.09137961213548912
0.01904817825540258,-0.09283173015858123
-0.012611954169592985,0.06274591719921452
-0.03561335407806456,0.039786180305538946
-0.024323068723455795,0.009633630425344826
-0.019004324773095736,0.0377812981062258
0.013830715125739796,-0.0032636116491143487
-0.1216964291458935,-0.059106524099270925
0.02230132850170386,0.003235398549222262
-0.030948304593666195,-0.0304565028986448
-0.007231578613642434,-0.005401850287146471
0.08191716047987416,-0.033133529323962865
-0.054747741167211254,-0.047728970547975674
0.10847129716285361,-0.048886567625282415
-0.0522384319733416,-0.01921490053641623
0.010465983717876888,-0.023027751840504124
0.10195949585455824,0.007844750692686132
-0.0625820669108775,0.09149027489506419
-0.027422248021443718,0.08537484024925318
0.02485962024872973,-0.029504780496952175
-0.08817888438024243,-0.06943076054638256
0.01948920704002292,0.056429308101743604
-0.07050502620983973,0.02589519718352664
-0.012679476991712547,0.04813563814171688
0.026725771069541798,0.0062691827069457015
0.1131102561685105,0.029318284465797068
-0.0483883290869271,-0.0002257618937324679
-0.034984194611543756,-0.04380183799745005
0.04783612195099351,-0.011987321889060955
0.0751094718084864,0.059229769340066636
0.03758736895354485,-0.04997194284158629
-0.08741922682866335,0.03974327601793182
0.015284689102679001,-0.03399864266928594
0.02010787353326971,-0.00617361987960964
0.03927864156501984,-0.0414860655644389
0.005519818876713889,-0.05322593744705314
-0.025687467724823543,-0.05187079971727799
0.05519583327621175,-0.027801712058602664
-0.04621056308653864,-0.08695972939318382
0.07816617180125214,0.022341129098256654
-0.021748578831178846,-0.03026583640715999
-0.01574349583669339,0.017132624689404033
-0.04168371186061904,0.03816945065752561
-0.03907161774260659,-0.034267594577080035
0.06510786746315864,0.03430941330271603
-0.04739518783169114,-0.011913952402910856
-0.04576192176606628,0.051466505969999576
-8.797044731076453e-05,0.03606101500104068
-0.055960814539229325,-0.09808432960687512
0.010112798459761981,0.03117101447788872
0.039156867883029065,0.06970732144001679
-0.01525098680937708,0.0383658013192778
0.08503413128699924,-0.06709073672176366
0.051661049837927055,0.08988941383966094
-0.028808448668282118,0.02502496919505944
0.08015022028837712,0.020144337621554233
-0.04160869981566776,0.04482509914286743
-0.01503798244241302,-0.1254242299350748
-0.05640882779708787,0.0016074932731868965
0.02426992137688372,0.03881055485331093
-0.07156822426997447,0.03960197238119574
0.04356350788280179,-0.05555314156494773
0.04613303794438097,0.003087671604824734
0.028247412969958544,-0.004963431015616748
0.06526982770575332,0.05997173836342814
-0.0483776538424094,0.03857630397986376
-0.041146341947700484,-0.044606764360711676
-0.0028176743067232207,-0.06397398586664295
-0.037608932694718974,0.05567641975827197
0.017135056240512623,0.008023429999245182
-0.09670501887685347,0.022698423821123685
0.007443944285758376,-0.03517591986053281
0.0943636197315258,-0.14475856889494398
-0.049199458201734575,-0.05493117638320228
-0.039919792544448246,0.06354091489744343
0.03418206969618848,-0.052474312097768844
0.04576190749265552,0.02436003302873687
-0.04586487605128904,0.026119418671429737
0.0013500869894974635,0.021470715702056567
0.0755790260913841,0.11414282870969027
-0.06792624122016074,-0.004091102843874197
0.018410108695110762,-0.04622619166329605
0.0619313547556523,-0.08811241896672808
0.07796291077485043,-0.06609748795818092
0.022371885783921748,0.10015497387670963
-0.05774353085784593,0.05907146070074576
-0.013605355097506423,0.06935233890213618
-0.023970459904312652,-0.03666990052604077
-0.024834750872531876,-0.02340791272316507
0.03086385410968176,-0.06121095315678128
-0.08602721879095093,-0.07186927212589209
-0.011298421815726854,0.01468038959535737
0.012817923571553643,-0.05538605197542294
-0.0689441337846042,-0.03885627549147774
0.04995516347740403,-0.018041000201775584
0.02906734333356186,0.07314458788027522
-0.026034451996684704,0.016911197268454158
-0.060450873796694816,-0.02872348943709934
0.12543184662001666,-0.05339701401250464
0.12400980020577368,0.0036494109987428337
0.0033740027899791334,0.01947503817826636
0.026496137818491115,0.02911865633262927
-0.04570034264988896,-0.00035613746685742714
-0.03419976642985812,0.013259414975547324
-0.06737691644997523,-0.007020795796472787
0.027153935949009757,0.0421425099554886
0.014692483502394584,0.08550393195015527
0.023132463191675424,0.07255798980472294
0.1099512452701209,0.039964273191466435
-0.08340326421490875,0.004430812038266738
-0.0017355402301262347,0.06809475045718097
-0.014741059579735013,-0.061333903032273665
-0.03166407223858445,-0.07647916623771173
-0.1505081805110775,0.0986575106805203
0.016861065634784653,-0.07608052443627064
0.021911825604563284,0.04323917942569537
-0.009127782853640354,-0.007485919135701165
0.00835404321704127,-0.017652031859410625
-0.02377784534032718,-0.07595128575564405
0.0731948034051848,0.06744437615820259
-0.012072731193008838,-0.01418942687406685
0.08410402793443546,0.023822805166657395
-0.02007427410914818,-0.023596099417138562
0.024153040288684736,0.08661007235980701
-0.014142281128680824,-0.0399578155075246
-0.0012444340773184182,-0.014912511642233593
0.012455901201183447,-0.019040840927809673
0.055318151513000506,-0.05771158883671357
0.008133811531357945,0.017337006956962886
0.04856692972534136,-0.11966331550240546
-0.07099752868018011,0.08865021949079048
-0.02403280571422629,0.09911283288703965
0.06334895768639723,0.07524807634797916
0.08421404278605704,0.051428973144741694
-0.03523598105196887,-0.044149027717759824
0.014660044669287178,-0.08520707566804138
0.0019666952470184865,0.052556915404322696
-0.06039900417486185,-0.10674199672138159
-0.11886150657676027,-0.016315619773073466
-0.0173347978041856,-0.07765828500321925
-0.11907304145577148,0.05740298703690457
0.0178032972348856,0.04393807943681512
-0.010446527891389135,0.04988486137493521
-0.057277973802861856,-0.008337662198608046
-0.026369317467481772,-0.07537215242485108
0.11472214590763868,-0.07348715190081329
-0.03068338302369081,-0.048387444033646476
0.0619407295545224,0.03458586622022081
0.06356246254170943,0.05761760351157084
0.008941293606165192,-0.01845407646157204
0.09319574841838275,-0.00445712533837583
4.047988193147399,-5.730648433993736
3.5600762135638235,-4.916519073059632
3.017805398974836,-4.256597117301519
2.5509308669073865,-3.5940316140972968
2.3140379585675452,-3.0951928524245207
1.7601015077543067,-2.5640000498568467
1.5060989737410857,-2.0350885158019767
1.2065964691316882,-1.6515969513141344
0.9368427640131484,-1.3180583776264565
0.6893225442292998,-1.0397705322822495
0.5656682015748513,-0.7113730182333761
0.35846946052934975,-0.4756910751470392
0.17128045085476162,-0.3113844435052924
0.010987155145034084,-0.035785930758683825
-0.032572498506181144,0.10984332917247297
-0.21469284250607912,0.34232033742060736
-0.35535650318522066,0.487081478441427
-0.36504460044548864,0.5379012704446483
-0.4919975772301446,0.6156461934816551
-0.4541176054824188,0.6693718049211638
-0.47127188561733496,0.7703874239280275
-0.5201886358997061,0.8797476520449367
-0.646652359856913,0.8735876996828802
-0.5819567063877037,0.9558551432529876
-0.664705005770815,0.9091565482855571
-0.64471257966289,0.9075594268521614
-0.6592860945465292,0.8061862149531757
-0.5132329710336236,1.0443356513318973
-0.6438960450197933,0.9938201914914316
-0.722717761129729,0.9188280175023118
-0.7355036984681459,0.7597920603901254
-0.7548060972480293,0.8853798780853117
-0.648649957473616,0.8517233717699193
-0.6437140873426905,0.8671911906500995
-0.6372032057853727,0.8069050112182361
-0.49295049520937423,0.7206881697835863
-0.4948087861843145,0.7577782986139945
-0.542484283430744,0.8592780638895834
-0.5127104300974629,0.7159040120562354
-0.4998411675725141,0.6914430127269312
-0.459240327322222,0.6365440320878957
-0.5157647703059752,0.6035945238515223
-0.5423572422926386,0.5586357411607201
-0.4261399063913594,0.5850850311971717
-0.37605525524840633,0.548735724604431
-0.37538254083111594,0.6180898481098158
-0.35484393658574687,0.5052974230944435
-0.35998036782630194,0.5043040791673036
-0.4026844983593994,0.38752210395720676
-0.35172619711272013,0.4801556459895224
-0.252921270624671,0.46740451292996765
-0.3185596816074042,0.40332513312000473
-0.27474512431432135,0.37001564428364353
-0.25970210644447983,0.369795298250372
-0.2578965576620865,0.39312201040842126
-0.14885310856049744,0.33168671429334806
-0.1530588922692262,0.21581628457417568
-0.13854292890166958,0.29916804296922245
-0.22785589168451664,0.2255143119102594
-0.10062736872256978,0.29160305081726434
-0.1884621972135675,0.15761039894988516
-0.10367293924733126,0.1695353229593608
-0.23622758850617492,0.24764431276078772
-0.16855703347142706,0.1603550367810188
-0.151962085178118,0.1556202557683917
-0.11513508527977008,0.23386353720725708
-0.16992743948171823,0.09084239932172163
-0.052483818321946867,0.1755421080681687
-0.08478211074698458,0.1589589370377422
-0.09831659928032296,0.16509910261192656
-0.08093144277784442,0.16719986630570038
-0.12288005158411336,0.014599021902852352
-0.001919726587725476,0.15052361294106698
-0.10378773062464852,0.09506472965734672
0.01412905333458496,0.07872994468066785
-0.04331259107172894,0.052959800150431974
-0.020452666927209547,0.04558141351645133
-0.07647375830940695,0.11399116915909435
0.02716763408972077,0.08705848103777518
-0.08583298294369275,0.05133302601194921
-0.12365040522987791,0.07343385732585012
-0.006730775188985086,0.0962779576291349
0.009814850408416065,-0.018460000690208103
-0.03745512651859177,0.11461356682629004
-0.07444704964020722,0.08583360956365098
-0.06006772467405752,-0.03345399798602977
0.06935654576644001,0.06501013209653711
-0.0554296657836759,0.017381823900143527
-0.08181938251627033,0.12283735300001879
-0.06624960958172292,0.03110237593336395
0.07265500603282406,0.0738451156148583
-0.021402191630371856,0.004080117605105591
-0.01182642392021993,0.0715707057198373
0.03145178394826911,0.07156428082827644
-0.029849838550194213,-0.1246200787181541
0.05696987032664519,-0.04318941033088371
-0.14674751746903186,0.03881815231338113
-0.13343535319101915,-0.01987211297706254
-0.05531365778536476,-0.0028200792246324416
-0.07291755428762034,0.028768800238167195
-0.018755741520371676,0.026957832602693778
-0.040285594935259045,0.0014691885355720188
-0.008766233579853037,0.025885722593376403
0.12604149180654128,-0.08386840475781981
-0.03226965757984354,-0.017678689142845608
0.08641243529099703,0.040764743312263846
-0.06209967131897788,-0.14666643781987873
0.029869391642034792,0.003927133446976656
0.010736911951778205,0.05345744600803677
0.04602267049191196,-0.012137546244258132
-0.01173412364917101,0.030309288218484522
0.018132377827679447,0.01674669361933112
0.06589463206527937,0.02746786510578539
0.021402791380550762,0.015495346662103506
-0.06889591713250486,-0.0321449705516229
-0.06991513563369725,0.056514592845859885
-0.07797401684708362,-0.010912142053262259
-0.008435051358677456,-0.10271830933396707
0.043243844821578455,-0.023483543598656495
0.07202758289028628,0.0038286008515321067
0.05424168730088412,-0.004268365630916468
-0.015594615616919522,0.027305640958537977
0.02181039309626939,-0.016378671805570684
-0.08598580236562525,-0.023184609706221403
-0.002680983745150629,0.03155975640270829
-0.008932442513806961,0.027374462117873803
0.08051686667473773,-0.06396351616840863
-0.020092892738185705,-0.0729785458256077
-0.03571927513412827,0.025173308188009134
0.014883305606232742,-0.025084569430580843
-0.03906646887269592,0.11680579924241768
0.05661006417348267,0.08287265376023752
-0.007015162688900968,0.025422763702856593
0.02770422469815674,0.08700752520015351
-0.08285631540041868,-0.13832977841507163
-0.021542275391844584,0.023459451746713218
0.011770531494492309,-0.029096867129014693
0.032676754649124055,-0.011684129518705786
0.002992047403883467,0.03791787951570001
-0.019452701664798653,0.048723479814536834
0.054354212056363836,-0.03311882092263859
-0.02618442254200351,-0.041594461022851706
0.001133769735266631,0.02762382180127453
0.01554006305536615,-0.01675322824376247
-0.02424154604072422,0.028958562342256137
-0.017773038373082226,0.004023750823364794
0.06987960833131665,-0.1147314550453851
0.0514180204351597,-0.056276527948188104
0.0017374151150879886,-0.02437216135698045
-0.005482119466926706,0.0029451087118676084
-0.053449524852422284,-0.021478140509304737
0.03619124029444926,-0.054297254510831776
0.08421890468821266,0.022969894844372715
-0.13979801851996498,0.08754180274084533
-0.07066159200507696,0.06070533082597137
0.021451439952689354,0.027705832560870003
-0.025368104502442416,0.04920422732732563
0.08068850546470152,0.0002687171202774147
-0.0935840563003459,0.06223709911999572
0.012447235997693203,-0.06788880710842125
0.0346926238543623,0.015261800226861364
0.01630803875093585,-0.03843918548016045
-0.03788510820853526,0.09253978151742442
0.05911572286014674,-0.005329743906383263
-0.0013352389845365457,0.03410596509044922
-0.0541358887222905,0.051021158596757474
-0.05859758979472024,-0.056776811853089304
-0.012297984542935438,-0.044177696022544746
0.12463584472502548,-0.06590190261826902
-0.03504637258911466,0.028560312978204
0.08419483021342597,0.044981441101961075
-0.0765459075426873,-0.001787067091281994
-0.044924891719198834,0.01496082671379248
-0.0070422575567260295,-0.06187369380502961
-0.049799403483636144,-0.06543378785744682
0.012963341085084026,9.050493915192456e-05
0.04657554819267187,0.0428512647028343
-0.0401094129066504,0.07466218352396055
0.02115261105901348,0.0029704383354783644
-0.018156834928919917,0.05949939093026769
0.10795849771904648,-0.020701429190341417
0.04681250022472204,0.011575878077591998
-0.08020485002318746,0.024735785583796847
0.0605808745818141,0.00529903402134883
-0.02708202018680581,-0.004305996994369786
-0.037802052939601115,-0.033816909931500744
0.001959304936641223,-0.08552436947419045
0.02579174768506735,-0.007025466258166781
0.026609858240915062,-0.03114025297492658
-0.022038662647670855,0.11919206291626128
-0.022851763256791904,0.009534416126962944
-0.04062775392912323,0.003387202581782995
-0.09887870521732592,0.09775267296103882
0.04136428771214523,-0.009268641374490733
-0.0014716267949014018,-0.03809265911702085
0.03715201891593772,0.015533839491999733
0.04182939108769344,-0.04326197339231501
-0.02449645966837451,-0.059875423283889506
0.04855965376313501,0.049362298114674755
0.01186041425006932,0.031111159844918142
0.04378705868774259,0.027779979414031652
-0.04193025555492166,-0.14544156974280165
0.02968512749296439,-0.09929014626596724
0.08121080042329978,-0.042850761830213455
-0.043271897641767566,-0.03901800263609788
0.01228902263595533,-0.0006421058946293259
0.016634385535772747,-0.0036750230302218002
0.0614562388640623,0.012092019537588318
-0.07371696713410371,0.036084307557302936
-0.09343948548869327,-0.01723623017056681
0.03975507262635129,0.09857922250769807
0.06803436651194189,0.02594180105899771
-0.05649934958991825,-0.05888914408293849
0.06804375591233539,0.10820409083424913
-0.029643326559138435,-0.056361166599799395
0.008300937056456613,0.0281954112752072
0.06628358136639648,0.03228824412698232
-0.030789458051335553,0.03845456603373533
-0.06396833960735686,0.009462820712840804
0.0021916105759682654,-0.08630816841183245
0.04748194609228794,0.004631032759976681
-0.03263055123294704,-0.019052438518726796
-0.039447299948852196,0.060209227690693194
-0.04206001891746255,-0.06937023972484554
0.0008039976895206358,0.026287975371006148
0.044459786118794954,0.00035682504298040684
-0.0237170529417019,-0.04306893508337675
-0.01199750255653598,0.02665115742957648
-0.013832645699311804,0.059718493682560804
0.07154867683350276,0.05516548953817824
0.0004239846206863839,-0.037349801901210275
0.027881472227172056,-0.049278472813145326
0.009725905089576645,-0.014269007490905506
-0.05476240552337799,0.09994567013699643
0.02276732877646684,0.01834655764841337
0.021616982069714987,-0.02549010049325863
0.041598575131198676,-0.05949126683913648
-0.05826621567402187,0.014302294041961311
-0.05417805125013715,0.0800762204131087
0.04599779119400782,-0.045531996443457554
0.07284722728424096,-0.01088346006499906
0.030656687869985356,-0.03984154377181652
-0.07335714892428835,0.08534703376545678
0.005123692244676559,-0.06665714383804958
-0.015810618300712474,0.05054350630398408
-0.027629255424775324,-0.07025506130135212
0.026072882512996574,-0.11595249210004344
-0.01876712398430813,0.07261821544439172
-0.013446055375298891,0.04551367603830949
-0.055632477386236376,-0.02018311818877438
0.04068059601396044,-0.046954869051576524
0.07314081122520613,-0.02441945062911396
0.04842911129089391,-0.13726081815790409
-0.03852007507491979,0.10970234689061278
0.006490055717528153,0.07263040766391114
0.042123965571166544,0.021409335442793605
0.00043820161425213097,0.03915132814681457
0.006483671619207907,-0.06914103617636179
0.019406610952664185,0.007329479444808571
0.007180180014369028,0.08077937024289325
-0.10736731772901749,-0.02239263477984863
-0.010674225487166608,0.02285980381374781
-0.027623977858796115,-0.05873915841857172
0.06567653770439888,-0.018332024544893882
0.018488197944982743,-0.009686131679546874
-0.06322899527669418,0.0012814984260384654
0.011538092823024794,-0.05337961132763677
0.02034998861637314,0.06191191961112937
-0.028917443968985622,-0.030237674422107213
-0.06572643719911175,0.03592729823236826
-0.07745264956350735,-0.02618310233520683
0.05282334285054869,0.027805482544381293
0.02411920870166968,0.061437570543876795
-0.05408266305118027,-0.08278944144492963
0.03180726817008829,-0.006155471435330558
0.046772171973876,-0.0007608509798545855
0.013372174119140478,0.019227991071468088
0.11045244902870846,0.05810097499683025
0.026359799379385693,0.016947753752513676
-0.032307091685188555,-0.17006475711105237
0.05488942164693635,0.011987546370136734
-0.0851331124365736,0.03357683891203065
-0.0618422124402468,0.007515408140671427
0.011479610674538177,0.029854617674543286
0.0640158571499735,-0.012996203467364985
-0.06850372140979163,0.007970180266260729
-0.028225142586883516,-0.01820539918698806
-0.08770651840010735,0.06873655861578512
-0.06457957086222993,0.02904212100005964
-0.041696120417149804,0.003983654173103167
0.06585268213767262,0.030476840472003837
0.038720209301725025,-0.012851020685309635
0.0006030589868438534,0.04752862840935889
0.016083852122991807,-0.004872405701737723
0.1381125770527437,-0.0347650032250561
-0.12249890598471556,-0.0239703665650211
-0.007600278013749564,0.0005092775274639031
0.02369286892640405,-0.11059740467017659
0.021802369004143368,-0.0014277119672053721
-0.019488091023429306,-0.07793488875991844
-7.494400932501046,2.117752614154764
-6.505192220526633,1.9151935132264197
-5.571496469305951,1.643898762863395
-4.819187470532702,1.4139772217160156
-4.018857351993123,1.2337516985183552
-3.3084270017937443,0.9305716243183025
-2.8509067126284005,0.8249892287826512
-2.135574607421056,0.6274498059869628
-1.6981315515613777,0.5151569273526063
-1.4183957349930243,0.36971876798973347
-1.0466001267308391,0.41450938956740024
-0.5048583096599795,0.28711103595193255
-0.273585948308996,0.06073145859794086
-0.05921000599813434,-0.07279691284029766
0.21245293785213987,-0.06245806459776408
0.5481573479361486,-0.04901962889317786
0.5088834870357888,-0.22561774253953817
0.6525930532411471,-0.16027319839814005
0.7693362094937788,-0.22629715564002456
0.8794574393032942,-0.201231995557209
0.9641075424037195,-0.3765041564607135
1.0230976654180743,-0.3251422183417845
1.1679006787194544,-0.30851692106713524
1.116085368440744,-0.3719547182484553
1.176560628694321,-0.4153592299009866
1.1953528800918192,-0.2879920586717315
1.168802114348407,-0.35525857908376823
1.3083622396729018,-0.30216360789434926
1.2535773886452835,-0.3023564565246857
1.185672778416002,-0.3657824010057106
1.249370383822252,-0.4817597229936134
1.1431423198712012,-0.3219283240992316
1.1945986889599556,-0.4150354470517402
1.1159614388464052,-0.3631071709089589
1.0454975604252732,-0.37991530662642176
1.0687854163417532,-0.23282921094709635
1.0387459464110858,-0.3651020490150283
0.9838698654250387,-0.25154970842412383
0.9462476357670359,-0.2557206198197485
0.8712969998751195,-0.2077889948928866
0.9656868596844477,-0.26550255881865836
0.7692872347580281,-0.31895374202442134
0.8374246777145966,-0.3414783206660012
0.7940809678432676,-0.21328902699503394
0.7319196113394312,-0.19343392027953812
0.6054339758439076,-0.15526956280239237
0.6581749440494977,-0.18853826166689328
0.7017726668949076,-0.21984226582397245
0.5325574036190791,-0.1800717970561132
0.6548712737157381,-0.12951528663037395
0.6431492851377512,-0.11343769695081102
0.5259761385070203,-0.1734011495846692
0.5012475264215978,-0.11691041534268296
0.4560830487264495,-0.21250290415363654
0.38913048682795714,-0.13674056246020708
0.36090257874352505,-0.04331081751816064
0.44223358799124163,0.010499798476452535
0.45849522859301006,-0.10028575783530279
0.33510687164819447,-0.1554117345348873
0.22046357584534915,-0.10322802335691342
0.35491001903882724,-0.07814784368467281
0.23258443637536153,-0.14820326514295803
0.2760842366899948,-0.09987274589703775
0.24874459581570968,-0.13802497734521835
0.2518071488320828,0.022790880413201327
0.17429564036269485,-0.07616787167380851
0.23542292759629316,-0.0545030844639464
0.2250701123818206,0.017480153524325366
0.1956941795441718,-0.11619632909427707
0.17652088639522023,-0.02584003093998601
0.07378899633057621,-0.08632120166263216
0.15946353563581744,-0.05996924586956621
0.1153132587351675,-0.03401211941898993
0.15962845780970827,-0.03143976875603505
0.08267870285236606,-0.0311393676088414
0.10665505179198143,0.0955534432963528
0.1168156990104984,-0.020357886162249247
0.035306146535051555,-0.00525159760378148
0.10283583103448839,-0.051274503403110794
0.09401758187726231,-0.043965405449564995
0.12213920514159471,0.0027649663208069164
0.009570351677747155,-0.03916684190299395
0.056957627156053514,-0.07123564353825021
0.13971558223293762,-0.05072649220439229
0.0667815659324984,-0.03538509938644627
0.18086946998675468,-0.0636927532915417
0.0019430956443891104,-0.013882538155099555
0.03772810165934555,-0.06849351512240655
0.03902464454416987,-0.0023835389732082346
0.014756974166436888,-0.010478428185671561
0.05481310534280434,-0.06528462526100295
0.060700401601441405,0.09726209804859756
0.019785788809140475,-0.004826163802001666
0.0140147740460628,0.013230394391249818
0.0042909854121097185,0.0035992630641904673
-0.009102667619678574,-0.00987157924172463
-0.06794559824123084,-0.028156010639588003
-0.008232215218509566,0.04316428868184431
0.043566631892032276,0.029543241576819947
0.08914129327957263,-0.03855661495404138
0.025181243662185826,-0.06241111544535999
0.03467938971848636,0.024925321637105625
-0.013613377140500966,-0.06350038228486318
0.0025969434696747028,-0.041451148135899334
-0.007961240937484468,0.031680256180043845
0.10491467975210206,0.03244302725926052
0.015783915012830083,0.10652302640704411
0.0067241197953567065,0.03080859533158823
0.03374782752269777,0.01710247453387062
-0.03899452842458285,-0.09640697300059244
-0.05285881164014051,-0.03301251727270342
-0.038942735862953666,-0.058440388971473495
-0.07449737463868787,0.10732231476661214
0.030390443506377346,0.012939902088083162
0.06752559534587882,-0.037280498382283436
0.06843582469238542,0.12426927736046064
-0.026093731231315156,0.01719003162384366
-0.04149963192093905,-0.021082652583807208
0.053753956854922125,0.006970768019356838
-0.06595972916029397,0.043507801792535716
0.08192412258881228,-0.008448442507724169
0.05811225010060604,-0.03957684705487069
0.018310806112994786,-0.012771997982326644
0.022975347768096663,0.001965693777003126
-0.030511850582763473,-0.06921871929358381
-0.03472223017026745,0.04372655437430941
-0.05024840567156969,-0.0371803094082752
-0.021132307547874193,0.0073351683261082545
0.04506457696877908,-0.010491363719541383
-0.0415558721250969,-0.009075999369998568
-0.037673666609731725,-0.03180875952015545
-0.044695047557636404,-0.03993821662227505
-0.01769308779777529,0.028786527523853606
-0.0830637470422489,-0.041600301798457764
-0.00042589648304472774,-0.1180258206239935
0.044568716030519956,0.026915082306808853
-0.018604988486232425,0.05005109552967934
-0.07919050718256085,-0.014538576343257677
0.025319315336337245,-0.04482105718412948
0.0877603540037872,-0.007107231522090748
-0.05370216788374954,-0.046542262129064114
0.03743582475574948,0.053744712200224
0.04171582905821236,-0.017363824236816074
-0.03950994111983176,0.09776599797015845
0.0788733092365623,-0.07448933069897754
-0.03402622528771686,0.019556141322394627
-0.06516233473546118,0.04966099077456963
-0.08041898301952675,0.01894279265464669
0.05216935493253855,0.005672489299025926
-0.05736732254902051,0.05807212483871768
0.0011521895207711151,-0.03328243687367961
-0.007320235413691582,0.029489193096785153
0.001445776140002731,-0.06563080549599773
0.07692570224067383,-0.0024794191346960955
0.06929113022863131,0.001640776558062968
-0.022113235509205482,-0.028186656829817892
0.049652338888431014,-0.023929233500132183
0.02584248268870063,0.007338067460544376
-0.03733185409635884,-0.017184863133011097
-0.05745075957632094,0.10107109521090052
-0.004302616069985606,0.005131469432335977
0.06747253954423285,0.06890346290108351
-0.04193047592861456,-0.02053755724508298
0.07002083883322902,-0.045352961376883646
0.020924239392969793,0.010397270160275938
0.07901331264976692,0.015601277404934204
-0.01620967660032338,0.07618239477103199
-0.030353731034730845,0.038865242581606015
0.0013744408149312121,-0.020038712198746457
0.003295176493393932,0.0014916377622219042
-0.02487986356534972,0.03030745014027053
0.020084978484239173,-0.08930377177575419
-0.11424527883612233,0.06569429464168734
0.018703203340782015,-0.09259158747886509
-0.04451256282848134,-0.13827037491403796
0.020876794784069886,0.04320760975329372
0.07133340160690675,-0.07447117200858908
-0.059884360522582905,-0.06331318422949726
0.04763823278817284,-0.00965677376464864
0.05957397892386091,0.024053216899035196
0.06005788233937384,-0.01622619097607446
-0.02113330784255988,0.14941913230999848
-0.07265808195351596,0.05286415889474796
0.0593035681776166,-0.011527616972354705
0.09161244708081438,0.023327896989372553
-0.07178113575503728,0.017091385069292683
-0.017710300416715764,-0.0781860637374202
-0.014301349407487299,0.04348739954895395
-0.04274166889591129,0.036439957635639425
0.04810837579594125,0.028752954384490943
-0.013215699727647287,-0.03655602153189494
-0.060847691122377534,-0.10317766442125624
-0.07153571916008462,0.009250283974371241
0.08753863375839731,0.02716736710715221
-0.038462895235007385,-0.13266867093964757
-0.0289652558888966,0.009700947273772671
0.0588006175187715,-0.06514816061022868
0.0003894739608976379,0.054584697267693855
-0.01623365027209468,0.0739764832697459
-0.06710523140406745,-0.002548382808943702
0.03835397556954165,0.10556579191601653
-0.025118770374547034,-0.12415851630508166
0.02336803871706393,0.01255575049049781
-0.04614227674780326,0.043015827774252974
0.023512902047692925,0.061561395549220174
-0.03279514127331946,0.049202459029806245
-0.030316635529432544,0.03468005790297153
-0.0037522304742907495,0.0059767359949608875
-0.1274192982566997,0.061115393214014824
0.0015638368854084123,0.06284991274714191
0.024107760488971897,-0.020681627315827955
-0.012959079380608272,-0.0634485588226327
0.10255248139366833,-0.049179533384611486
0.02126885425509069,-0.08356795330637524
0.053299735574062666,0.03705378656072831
0.13674110880706744,-0.001452102380869054
-0.07235628293325325,-0.0027214883683770435
0.020805229232141707,-0.028453879560461484
-0.0504959390877915,0.0025616741346750974
0.06915498578626748,-0.025057243109475914
0.00047839585853037435,-0.08412623150030735
0.08217905445530915,0.04087178152399373
-0.02008423512282356,0.04036047181905307
-0.010010001119239787,-0.025571501514955425
0.036411202821083746,0.02314898044697669
-0.013484430313145786,-0.04645225016189854
0.0028768381948331492,-0.009513738226110046
0.009790564899967106,-0.08179524099785195
-0.05846268969869192,-0.005254539333547203
-0.12346435561129879,0.014992906857508696
-0.004152177462611284,0.027553657249341484
-0.024924658273192075,0.008450035188522009
-0.02411401646967787,0.026991076841146818
0.011849833851227886,-0.054248667106103265
-0.009556445410889099,0.03696376307219904
0.009009982485960239,-0.03901704806711974
0.0006629977246473302,-0.02362573827383849
-0.015222303050285413,0.07512597838076587
-0.035955641345120144,-0.04700265781629358
0.04971112743438723,0.02610468786661535
0.10671560646183285,0.019129248342787744
0.013641273704316538,-0.039755802571909485
-0.002351777609967145,0.06617814242296743
0.019089736529133098,0.12799334453321054
-0.01197219531209636,0.10330373620417323
-0.08665567244574192,-0.13337054806703338
-0.008230497155158997,0.0038182982696284805
0.03277811107880834,-0.02398549957160207
-0.017485787358440353,0.10251547890584449
-0.10979009274562457,-0.020341831695435256
0.07551414366427636,0.07198728221600477
-0.11091433889555943,0.023923737794533963
-0.036374334561305705,-0.027612701709169248
-0.023835823265006426,0.048258950572725126
0.030742106624693618,-0.01719976548570923
0.021417164056113262,-0.023649877065226754
0.04059792390620732,-0.03645918222902225
-0.034560888353557646,-0.04095666799187078
-0.04248033000677433,-0.1127256010541281
0.18518214039107614,-0.041477235292229186
0.027090968426576035,-0.009523814799236686
-0.0576663429676602,-0.07427304359723601
0.004141620994507886,-0.005492087762935222
0.002188770157799256,-0.0620669761685659
-0.01394778750797113,0.001958452236905245
-0.010721337169887615,0.04816061869615934
0.08639380988775697,-0.01660567110873635
-0.029297988815388917,0.05160358600988126
0.049080226671361284,-0.0454631517575489
-0.027935928630274342,-0.005296231978288407
0.001151964756792757,0.07385780513776767
0.03491181885049922,0.07943277489288862
0.009503213920844803,0.07355733165987713
-0.0014641541158754356,0.06221898708988753
-0.0027340375804570808,-0.14437678759669773
0.031476979506878736,0.015210887378581141
-0.010042137230537613,-0.02696353173261565
0.03495100151745453,-0.033460901319869445
0.029794463979486402,0.03038926022904123
0.02665117162293956,0.030978569803119006
-0.05959288137832176,-0.0210413904485163
0.07962621772444922,0.04382386087551609
0.046915653094869184,0.12764108615391176
-0.022528457719568608,-0.07837165402576335
-0.050784987894794145,0.06706573839437305
-0.008110271389557354,0.0007401069631257882
0.011900456930794922,0.041678073143989684
-0.03928933105365634,0.09523222706806911
-0.010777690459596985,-0.08991327534153432
0.030877410529288257,0.050866187856563924
0.032384040762814564,-0.0180069735790969
0.0008582973124455322,-0.0486634564684393
-0.010502313757824882,0.013125250213416047
0.07759794175789297,0.005915320274573258
-0.07313882672339378,-0.013320223404650916
0.002231078648028618,0.0008822886276251118
0.01735671954294713,-0.00678134106961902
-0.005638110652358998,-0.07375660982165765
-0.07634211369412569,-0.033453384520786424
-0.035926473648110954,-0.08119718152488029
0.3198619945551127,-2.301768957568882
0.37563155394343306,-2.0360464938733753
0.2267816693234491,-1.738809771746233
0.16413763797639125,-1.495329427930733
0.054723958597872796,-1.296592485319431
0.16500631955834807,-1.0967887404237782
0.15471233253173344,-0.9421435404796872
0.1315120406185139,-0.61670190431785
0.06382433552686316,-0.5576381924075351
-0.025923883354063343,-0.4437776135709039
0.017929598977562026,-0.2343410904222747
0.028788045824903883,-0.12804546980920933
0.01494496362635964,-0.05858273689296788
0.010614846660494595,-0.032430780247961886
0.03460905733946675,0.02904805296320137
-0.013158377491155776,0.14112561939279042
-0.09371566596111247,0.12300583975812128
0.051186634343795584,0.2347787307004141
-0.04651394619252579,0.23736938132798183
-0.0311402249927819,0.28566923401464717
-0.05691257439539246,0.2700183157078557
-0.10672543275603061,0.34444885949156595
-0.07270783572492041,0.36663062282500486
-0.08586808158087683,0.41845562978749495
-0.010015120150986666,0.33025808416629426
-0.01810753723208998,0.3339254242428214
-0.0052854695703825685,0.3444676460251265
-0.058028017154804934,0.3992609576216988
0.025458509908377155,0.3493105600971329
-0.10158336920025002,0.31644049445133043
0.03995211599959923,0.394505248793357
-0.010254955137401857,0.355569462908503
-0.09366868530955486,0.37637003766490373
-0.033310015414875965,0.3575143261962153
-0.1377727953857848,0.37181272038051566
-0.08931143439122653,0.30199213281163323
-0.05116932559926397,0.29368631928135036
-0.03333107360779078,0.3767497573590093
0.039071586497811325,0.2834092735802024
-0.05699366206074788,0.32735340154390336
-0.0642043898331076,0.22341598987837363
-0.047941016527951075,0.22524345461427342
0.011301599191364753,0.2653643991401254
-0.0445216286832838,0.23147720591265894
-0.03970392783982876,0.32430054249824314
-0.06974094028298922,0.28595149019309907
-0.10082882015007062,0.1954151013350552
-0.04557156935806586,0.15626620205273792
-0.07166009881319199,0.28636325638262106
-0.00855663598881403,0.15201762411384423
-0.029196780573088055,0.11414727239313922
-0.001902944095410396,0.11822502263594786
0.05677564044090781,0.17397317957715555
0.014262297376184303,0.14857610322017342
0.026543748445909877,0.1252734946679243
-0.02900412479273328,0.02671615049732938
-0.04889439214578488,0.16062786869668477
-0.022834143861981453,0.0997160994822088
-0.0401968759439182,0.1676189998969164
-0.09014359769207456,0.17941891180205918
0.13793843367887476,0.1280638244533713
0.056694718661535956,0.03557680724411805
0.04942838692158465,0.1431753839517945
-0.05932851437946236,0.09845973175326732
0.025552849855130424,0.108420154945641
-0.0320463132232982,0.020005657753264752
0.021061502646226322,0.06666793298920431
-0.022777765688240408,0.08047469411794327
-0.05635569562052655,0.03349851997447257
0.052254142548090125,0.04759108569556504
-0.002814472596500365,0.08211732781498923
-0.07529675417637431,-0.004346937633873192
-0.03086829017636663,-0.016408060645375727
-0.11370381742531951,0.10950192622349167
-0.00496257641823802,0.050045885059148094
-0.06280210051310302,0.07447527190008929
0.12396371804199832,0.009550248990669166
0.05307053499276005,0.03589864598572575
-0.04059075330581685,-0.03767484082570935
0.05853962368033352,0.044938473916499196
-0.041442503256119825,0.020420691686433512
0.020236817256231093,0.011149041674917995
-0.06373998863617955,0.027389796298188815
-0.007765086194407698,0.03428938659874542
-0.06695431237433028,-0.009186132048358636
-0.06726433103980305,0.06563066221963598
0.11701351545958201,-0.05634652795372444
0.039418499248744174,0.08525184558561734
0.05864854778129659,0.10767612412063429
-0.06007678051041093,-0.01721254991641416
0.04446045682617653,0.0699583719866891
0.0001529606729348161,-0.00010478919718406214
0.08466103754451386,-0.07572907644996592
-0.008164815361777912,0.06932011787564996
0.01216406080231381,0.03422015733240265
-0.1119940079959505,-0.04183790081068457
-0.012474840308574153,-0.06787600529184316
-0.0004831215737292824,-0.035552437472635
0.00885827265648283,0.07673595447948706
-0.040584890722699274,0.00875625820711435
-0.1037418126612152,0.014771167494392605
-0.06389020331762818,0.06967428004589901
-0.04747113986037388,-0.055017016720685624
-0.010976731720100132,0.018215923611089983
0.08668891812819611,-0.033534848498963016
-0.06565979328928392,-0.0732275566672342
-0.04936916814220936,-0.0108251207351198
-0.06946010898027474,-0.0017301814018530785
0.07532912456869306,-0.03993905257298415
-0.08509794424596202,0.027206962636006738
-0.014700364463883814,-0.023954591205804
-0.015254488590484665,0.06015594026506134
0.02858333404091062,-0.06098793609902922
-0.01482671903685183,0.0511047385970502
0.07574421589479689,-0.029168429596584812
0.04717938308283254,-0.11111295023193962
0.08752721010892442,-0.022464120307659485
0.05959066508606353,-0.07456773590314751
0.05265768020228162,0.16264555700934702
0.03080636616033456,0.08305392197103675
0.05445676356303747,0.03934723373423379
0.04892932001002336,0.059891926623416136
0.05339747389557835,-0.06806409250952841
0.0374089719592274,-0.011855172632289619
-0.0830379878368021,0.07365323335337269
-0.04991183865331635,-0.022984286534518984
0.07879594095611063,0.002083669638598143
-0.034329009216779074,-0.009590665666170485
0.04281835988477946,0.009161553657290277
-0.018663864688301172,-0.04674011459763905
0.058973895615962224,0.062019161928995266
-0.07438194952474417,0.025483855664465017
-0.003927700091237085,-0.14700093301472994
-0.014021622545296385,-0.012549181712207215
0.0025863133319382683,0.036821355036867565
0.0018973535047995815,-0.03442328830487228
-0.024298438027680426,0.06319472103007627
-0.031428596068919346,0.06653912357515647
-0.013679291199443645,0.02545519353525157
-0.00019923909234659427,0.05059104597585848
0.09575195220833933,-0.04481350920277264
-0.05505416496818425,-0.06658020469638992
-0.0324038977185802,0.004378369079746751
0.06555416408678891,-0.0036107184911490942
-0.06735378488147316,0.004812695468636177
0.05853281528395705,-0.04073660433978095
-0.048412444746071544,-0.034867748476431495
-0.08178511792884055,0.0030152019168335777
-0.009646902638164728,-0.0853510806402716
-0.04468229534813386,0.021452282921291282
-0.060511643500158155,0.11870178945129262
0.06376766540879836,0.11148417571598475
-0.11759430936955785,-0.012461450568212113
-0.01521751217397009,-0.12373453051452082
-0.009059089215599989,0.016665879815416052
0.0030543694854865723,-0.04583593889190758
0.04248941749588403,-0.06735198319574655
-0.03627938039410719,0.09720698343096518
-0.024529249168525016,0.0845569646881991
0.08401660357121593,-0.006878231628937297
-0.018970006197103855,0.00032558147560775297
-0.0417092532710743,0.0596594165470968
0.06983736918681673,-0.05725775164270923
-0.01623333638103755,-0.06507753226088328
0.041890396194002366,0.02448725432968805
0.03613004749592323,-0.007949695854081128
0.014835895578317456,-0.05829544141404993
-0.004134571178006953,0.007539021977315849
0.013234177916475815,0.00029178134175815353
-0.0768675439538502,-0.041702519716005894
0.009583362931991229,0.02197224687936707
0.07063172511260574,0.052238566855923554
0.07134686901835934,-0.018452823571321962
-0.010131845972659554,-0.06697656574068274
0.0766159272421698,-0.014413836500236754
0.06472866706483732,0.016537913129030527
0.03614350028200487,-0.0036639453828656065
0.00636460762840103,0.05543743732589412
-0.04894947418044291,0.05374706113689453
-0.07074457190452975,0.07579067430731326
-0.002447657381520742,-0.05798356646089341
0.030616885578092667,-0.00025819021398276396
-0.10010484741275676,-0.03689020114110273
-0.05176220297930235,-0.05878041349040622
-0.02012518920334354,-0.013932345797187879
-0.005159802091457057,0.015301910739816897
0.026342622672084537,0.019712358922069295
0.046767736661404435,-0.017240370039504467
-0.1065710887967436,0.015519897968902472
0.09645733711439711,-0.03864701196598049
-0.10949504444743323,-0.06039072052326893
0.05974037776182671,0.022563691262634758
0.06871033557716175,0.004265706366711545
0.03379119099572728,-0.01741827853816287
-0.06007111137646169,0.04073297845133981
0.0471757286385252,-0.02903934358250491
0.07326790607440475,0.08410930129723185
-0.061270034654060994,-0.050810727110919
-0.04938000291773145,-0.004978256410267796
-0.018603004443282545,-0.06299728069861657
-0.03922590208982876,-0.0943474669494282
-0.0902346639442826,-0.04974247335720655
0.12003437791148158,0.12380414974291712
0.042429147160884764,-0.013134589656833996
-0.009302345215611423,-0.0025868848224176455
-0.05712571706292086,0.02576295965255595
0.05451765901213186,-0.07092105594402603
-0.03082831289359783,-0.00044045784029364196
0.12714681545006057,0.050738592178600335
0.11452266930006742,-0.02663402245128651
-0.02639286401132706,-0.05890281856118657
-0.01803819285442596,0.021588079087269715
-0.06549725408058335,0.12682417594230613
-0.016876753510643876,0.0699996989290871
-0.0409417548205767,-0.056686904670338316
-0.07708569270075001,-0.005633756190199474
0.028081142907555926,-0.01844468400618132
0.006209876008949727,0.018878055714511763
0.00500938698521788,-0.021730226469996384
-0.036405432331683196,0.017478705106928775
-0.06213842731652904,0.04293347951189242
-0.027431208040100935,-0.0412435889100035
0.06005607613639999,0.02352280191942714
-0.013173302759475048,0.03235921181691061
-0.035754314320038505,-0.03065602091819712
-0.021943389543027374,0.07626825650973532
-0.03855547361458996,0.13607975421890553
0.034573541801183036,-0.0420089743594796
-0.08374119040927305,-0.07174371052900864
0.02647303627428181,-0.05036267013913667
0.03973550108556881,0.009415855065886016
0.09528420379835234,-0.014368893588141442
-0.010606619339233077,0.058748560604911196
-0.0771894814861033,0.05675905828476431
0.004852545393550452,0.029778727203036086
-0.0499527754162165,-0.04337788815818097
0.03544906829685538,0.08546033879518913
0.08271873731577414,-0.005291259343704618
0.026232518827949858,0.009725593456434332
0.010339688925377715,0.021920278495160837
0.10765092152898034,0.0348540953115256
0.01369941448545182,0.020952262437444552
-0.07040926784940019,0.0321946945894398
-0.05835049204750575,-0.06677449106288952
0.010974271949133536,-0.03447742118109103
0.058078809800561314,0.025537582554624055
0.041507777745703786,-0.05899604149171831
0.036517662828679964,-0.11471732179828166
0.02728807510561058,0.027639752470740304
0.054953739207878785,0.056991797427311634
0.023097395482011455,0.01331936170189724
-0.026456626876167892,-0.06847973504477745
0.08014264955150904,-0.09858437259021527
0.02273516066353825,0.015562235356937092
-0.09649561513859255,0.009724178575350713
-0.0021423992606602084,-0.05680113809833522
-0.10652645471335584,-0.046658450549608724
0.023698843116643612,-0.014159003356505015
0.02159616616314868,-0.018784943821588625
-0.08540326339419918,-0.045549751165128945
0.041483211317215794,0.03518342704084269
-0.030408634737461325,0.013769589994210248
0.06352743173231425,0.04390895519633531
-0.010369686828352204,-0.038173609562014876
0.05883497070304357,-0.08965218726697793
-0.09860231474393451,0.08613313698638862
0.02242631073909343,0.11962340494088522
-0.0038901518044108588,0.06332435448741854
-0.03647805676228129,-0.11258999564914954
-0.013951119706420727,0.050804300725689075
-0.08805155759352545,0.060541156058181674
0.1321671835477592,-0.010353313229028145
-0.03198201276426349,-0.012430040511519087
0.01453252391171847,-0.023999863107604186
-0.1377604545081868,0.01613888693515737
0.06454061687908345,-0.0512100116153237
0.07813851013874457,-0.015246910585075544
-0.041844983757652,-0.03686285447023078
0.052303405199426584,-0.08629747669856845
-0.012371500054823905,0.08796514998713813
0.00878864045855201,0.016434340764283822
-0.05502927028890709,-0.020901749697352843
-0.17646032049170082,0.032578761902575845
0.023752515035185988,0.03261912497873358
0.07416590633664027,-0.03219997898980851
-0.047338787738485495,0.04214294795949054
0.06154326734112054,-0.035064795511959686
0.008979989553627676,0.005591275122917849
-0.042768467783948313,0.0021191853337996
0.0545327731004513,0.00975023006050133
-0.015137468497110802,0.036866896468556475
0.05476623091608773,-0.04640466045251543
0.003907021075791986,-0.009916640750709686
-0.01031476738379861,0.043890012869019716
-0.025375843243607234,-0.09740004335731361
-0.011977379547833178,0.06655740693676501
0.01628597118269827,0.0033072873703747273
-0.0013304264520925344,0.011490666408983888
-0.09529575514060522,0.014672686633166891
-0.05873798329234946,0.0626681467047677
6.813305283433618,2.1758886289539467
5.837153369220265,1.7670167392666154
5.058763348357999,1.7598495746501333
4.316460310059712,1.3430565304419637
3.591241846970668,1.2185805928073665
3.0107751013523325,0.9968442440468587
2.4539175552929517,0.7045018583836771
1.9755533783353743,0.5782151627316146
1.5816577283957627,0.48048117072772706
1.2163966515330433,0.3223754595486894
0.8885431238073283,0.34851966911032334
0.5142041663988723,0.2732232813537876
0.2994358502649782,0.11996837746025323
0.0867662532876644,-0.0234298804758546
-0.25272863364877807,-0.07617589677417846
-0.2595649642982119,-0.17656620176738896
-0.4978009415481739,-0.14230567645107103
-0.5240811833144026,-0.22588807368190028
-0.6912471025051622,-0.2026600801417834
-0.9899704222743779,-0.3201467581327948
-0.8894232193765761,-0.32511611439439136
-0.9929369292394447,-0.26184022193140977
-1.0229551063715978,-0.321538617791576
-0.9827053090172791,-0.2778025505241639
-1.090001511279028,-0.40276088949204514
-1.1374171613233355,-0.28500646493894505
-1.0656329988978306,-0.46320550077753797
-1.1117400841308542,-0.3457109958961088
-1.0237733412467094,-0.33618487725528207
-0.9352604973526932,-0.31846147068068636
-1.076595358294254,-0.33832836929847115
-1.0700413278624068,-0.28721527452577356
-1.0058256461099488,-0.3926975992158183
-1.0699965737870996,-0.39530370202804666
-1.0411748569975008,-0.30588618344334784
-0.8945996105207531,-0.260275672506337
-0.9987997836524035,-0.20211546418914378
-0.8464891457954169,-0.3293461545751571
-0.7886200530630069,-0.3090982494900617
-0.8434709893361569,-0.2677643050111017
-0.7977189017099378,-0.16105019939241
-0.7616750308769017,-0.24179980641826773
-0.775641195585955,-0.2916860487429428
-0.7396167018365677,-0.21839397642966749
-0.6242477117982111,-0.2207892155234472
-0.6624297160862578,-0.30558085159368126
-0.6133621134999302,-0.12200777625017412
-0.6088476889446098,-0.19914795425426537
-0.5904267567074741,-0.14357292809725214
-0.48661207013866403,-0.16872806204226043
-0.40325204594580966,-0.25266188123998584
-0.5058412163643866,-0.15557372448277917
-0.5327310492062737,-0.08217290001966585
-0.4572271905821343,-0.19171771541173743
-0.41117349841731926,-0.18863381341914476
-0.41177155414501293,-0.08651555112283547
-0.43872545182893025,-0.06618172674368261
-0.32647608312467835,-0.05711607733119875
-0.2730608641091397,-0.12039824554580734
-0.3210989531385689,-0.06326626926718201
-0.32939694269427855,-0.13744404754392262
-0.2830213218369456,-0.13990229353572597
-0.2913381990763541,-0.11659059400791791
-0.225932452972845,-0.06628096155314868
-0.1471555791856589,-0.058305405032696524
-0.19355393002840057,0.047692998704258555
-0.08004084026471188,-0.0663026934674577
-0.2053968813869966,-0.05892293731294911
-0.10015604587898844,-0.01559158823896685
-0.17208093403323516,-0.07822015928790581
-0.19885034115381608,-0.056851014293313684
-0.26708541426128696,-0.03561876987086204
-0.06296830303663825,-0.019012403470515506
-0.08875510745769084,-0.06220370228830177
-0.006360288807876091,0.10332955935527868
-0.15769420573678705,-0.008991253215969483
-0.20255014974774627,0.00019512096477355967
-0.0526563281103181,-0.012827778763902543
-0.007729061346201507,-0.05588285807033345
0.0016843362851111932,0.0006742180567388713
-0.09187019990478065,-0.08573063078133489
-0.0936656047523732,-0.0376152976587706
-0.007831227763704346,0.049221063169725555
-0.04879165987651782,-0.07496585972755979
-0.028516344490098478,0.07874991728414965
-0.0015778944901274836,-0.015439522401901686
-0.0899389863521519,-0.03857567901195054
0.011815890734647769,0.019705987303852743
-0.05825379833961121,-0.0888845876760019
-0.08875199456829544,-0.015291394507181054
-0.060911786461749225,-0.08535447283358367
-0.04526415204195342,-0.0759116672460556
-0.013365766480006898,0.07385225369634836
-0.06277018624507362,0.03682143571813143
-0.04524875876293372,0.021215191829818007
0.07527469142545606,-0.04541607876214318
0.04246315954459387,0.00605257748433724
0.01086891957692229,-0.05015689405868661
-0.06038853473093336,-0.033037944681393955
0.003722388849059878,-0.18108994860541122
0.06632224499195362,-0.026020102394136477
-0.08392971012764858,0.052353345956902886
-0.04785480547103248,-0.009706006869460024
0.05354283061300218,0.05381989032659758
0.04482253878468728,-0.019640512018101783
0.07739277106938307,0.005581923608283787
0.045550849029695,-0.06480872503500593
-0.05548572764400227,0.03661100367338657
-0.12073661689762341,0.13471313365922377
0.04347061271572292,-0.003906921223362721
0.03630559912938547,-0.0005256740606771892
0.014695435138856839,-0.025435006843379713
-0.05963401073203507,0.05344271002733485
-0.07021222595456708,-0.010654357906891631
0.027763841194865396,-0.085582315481043
-0.05549970133856556,-0.01017462765736795
-0.04139719473016711,-0.014781677195024507
-0.011457258017556878,0.10885784569251203
-0.023887157378323816,0.04501854071768349
0.025137132706704444,-0.01781666923429217
0.03262558622880158,0.08722364122578673
0.01986352750401113,0.04530487201278443
-0.037771282502837,0.04602039549363271
0.07901128929226624,-0.012909570033563713
0.006425385257736831,-0.07627702974730416
0.05370020755627423,0.03327982492148775
-0.033695253101211395,-0.06674717927525443
-0.006405630703992178,0.004126591333107369
-0.07840171712621241,-0.07804427738822647
0.0733134524274465,0.025239780094026606
-0.0077058185317957885,-0.07373446837135585
-0.002308734510124066,0.05062665710733673
-0.044277051738809754,0.04345751587995694
0.06400840883777781,0.02246969748638923
-0.01446105324860581,0.020570610887355494
-0.01121026334605724,0.008059133727475676
-0.08299737915615266,-0.06448443413606876
-0.052901138321428384,0.03917436248006971
0.1357433755716934,-0.08265658350485544
0.03258868635111872,0.00430448893205089
0.02423693228020632,0.044319076998634126
-0.03155620290951448,-0.03855652874692363
-0.010981733291189176,0.14398954768380895
-0.00989586774516183,-0.037479865272168414
-0.008419192024002967,-0.04076182856259917
-0.009484378405601667,0.06373189407546974
-0.004833654762194229,-0.09638176312179404
-0.05129702786003263,0.01742630368479805
0.01674784712763075,0.09165959234799866
0.022136909000412607,-0.015833959321968342
-0.0037195340733051467,0.0022257212557388172
-0.031542486987327034,0.005602152215545692
-0.02955050440420687,0.0068477263313949325
-0.003618386089092744,-0.01982248267500692
-0.009537579238082164,0.03058609169514784
0.012666570387481783,-0.05244310018650995
-0.013326144471438598,-0.022817466217458227
0.03551124824829996,-0.02173853966193243
-0.04636262244168733,0.004242532669870422
0.10481109723803833,-0.015282024222092655
-0.059028779712455196,-0.040705777240368085
-0.1436222921299818,0.034743154307290594
-0.052326955864741787,-0.029129750865858183
0.06953690448738034,0.04745593179384814
0.09473548452558767,0.09582015842175155
0.1477044437698584,-0.030047854211666645
-0.042161270785630846,0.011070090885140025
0.0565196984626378,-0.013671685623781597
0.04297405380387835,-0.09223489962672797
-0.01349649446686021,0.05554616351760875
-0.11747309875851783,-0.032349127792466334
-0.072474077356165,-0.025043137522763784
0.023752416362027712,-0.05613640463765806
0.005763400590174624,-0.0037154999179955846
0.017711559696284192,0.039308460908538206
-0.018103161466654805,0.006258266099302423
-0.03309183214782736,0.028862860688217265
-0.05677263000722836,0.06618576806038673
-0.03119195702534105,-0.00011864757788793232
0.04944181950327083,0.059736974108068025
0.0037333277665361313,0.026498059635846376
0.08808970884183802,-0.03446217251043664
-0.07018761864528801,0.0058512073461780695
0.06764978799843294,0.022466673128107066
-0.06781820210597604,0.027387166587172232
0.07984629389073195,0.07898676686052919
0.006521114299158666,-0.05659350211184162
-0.03786399817166955,0.005490749363179254
0.0578006117676895,-0.05205863598632139
0.0785890169553044,0.005133208917276588
-0.007965304256955224,-0.012544841795452122
-0.007096424058262076,-0.11350756141283684
-0.014501253050413944,0.08130610839858218
0.001723917606399613,-0.04189670925419102
0.05059095369590814,-0.020439115021512227
-0.05241114894881991,0.0936600723569257
0.07207511550301537,0.07415391108301592
-0.029248409824198962,-0.0047617771929877595
-0.012305366097380713,0.033900295627846355
-0.030689314223195173,-0.025144921305350405
-0.03150356867731669,0.022642443793606706
0.0973392375490637,6.983239620435289e-05
-0.11261228694706592,-0.09765179129401283
-0.06458470943283806,-0.03522567457040639
-0.01959717065097477,0.0408614877471986
-0.012277803233188833,0.05893255809720821
0.0018833540660553767,0.06361010121724192
-0.06585020096143687,-0.011493087932471398
-0.01590952544627034,-0.09402020791090208
-0.03555662952989485,-0.10625004610572078
-0.0027868486274081825,-0.010604275232690311
0.03467512763680123,-0.0824006150077132
-0.053257727000166524,0.027810384113019677
0.08817236589588326,0.020717007252756672
0.0665740053814686,0.0053861610945777315
-0.09272247123431172,-0.021468577278754866
0.04169695430674164,0.040316393932333855
-0.007508607773320009,0.007032809834397462
-0.07868198201226524,-0.04637561788796612
-0.020706975679186793,0.015287895656021622
0.03776139547674768,0.10273694981970374
0.05351226517959752,-0.03473610986036285
0.0014490997392576054,-0.1327535827094013
0.024050086551418933,0.019395358688874032
-0.024773625184436508,-0.12051810425050609
-0.017153106304001867,-0.015489675416547078
0.018671935959215638,-0.0041041077029688785
0.049471086960009764,-0.003914387556866121
0.06648071283554931,-0.04912855067422213
0.00031662240154879326,0.034982867910454345
-0.0625294154791706,-0.003949086117076225
-0.05837458385735535,0.021000055312212957
-0.04157230667820356,-0.021404704330022516
0.06844514170027374,0.08885923468269603
0.052100429263454096,-0.03258113556830744
0.06857255514444172,-0.01973567833449527
0.03508041302343641,-0.03516389701923082
0.048003564001231694,0.007387173885907216
0.0890114957803171,0.04461954937928327
-0.03798849389043444,0.06661077005336793
-0.03021730945320123,0.05120549225934409
0.034461412126262775,-0.024029015343822124
-0.008763753726206787,-0.001056874799181944
0.019569072356886083,0.02392243609199063
0.01849379985136894,-0.031188618872591625
-0.009689356878173952,0.04353813830765494
0.09559040839309847,-0.007998603612906184
-0.05557110450044747,-0.05093645618902392
0.008142728385779313,-0.08187685427609659
0.006450524626456112,0.03957464591465963
-0.05206887461396505,0.01493122964663092
-0.031948560057201716,-0.06513854254549581
0.009702864587398177,0.0332546301121438
-0.04123038912272682,0.1164187607167156
-0.014525332453223893,-0.10033320254872558
0.03932743560248431,0.04508668286553223
0.06148987242383973,-0.048080872700947616
-0.037022805795930334,0.07392380538294206
-0.02338101703345332,-0.022382355272866326
-0.04254561763209055,-0.051971601516958614
-0.011318889785287698,0.07953776115537911
-0.032202510056531436,0.011471173986465674
-0.02160298118301092,-0.0076585702565155084
0.03232050394495313,-0.05557826011549691
-0.08786189823775777,0.05835653888909423
-0.058695485289294885,0.016940712983207543
-0.037661849358411534,0.05267408345603582
0.05141064130837347,-0.1583224017785726
0.012358986784598484,-0.0412071503718775
-0.0009429797638743093,0.12668727259806623
0.04802550581204793,0.051252359063024694
-0.011631005807077675,0.04475124028719475
-0.036723820795117865,-0.0060917489554475485
-0.06678082615123174,0.08301994745261028
-0.031381061599122455,0.11083327989449027
0.061845756058062834,-0.0013418040602642262
-0.030136138750042903,-0.06560236642880518
0.10607910081122227,0.04863870479929965
-0.005965661699039584,-0.05315466793632786
-0.007816183090278138,0.022118690583748234
0.05569951306429965,-0.01958959449030821
0.004223664509631828,-0.045995911681359296
0.1252722242483716,-0.09871066548826865
-0.03978125853194954,-0.003803543093792352
-0.09175568855362712,-0.0471409662447198
0.10506975347852973,0.03465216409920414
-0.047110705757409596,-0.047388583056470035
-0.07938388598248876,-0.033277146444825836
0.0255307855365593,0.012280565551887383
-0.025646080435242483,-0.054010922938776
-0.012229275480123224,-0.010988963686360343
0.03912237812294816,0.012842330124135524
-0.001942192108459478,0.06229459976124957
0.07505668371892904,0.010769902057822241
0.0030858589039187492,-0.014877741677638867
-0.05951971134686093,0.03790396808350733
0.023661174085920833,-0.013683366457383253
0.017688780721203265,-0.018412176716335004
0.08628741706517629,-0.09268530359404165
-0.03573284182708163,0.05561757084465378
3.0481223171792178,-1.5528814254660026
2.654259879881586,-1.300719659809642
2.2961862449567945,-1.1657521416546466
1.8364873213696542,-1.0183536653662737
1.603500077489671,-0.7959744351260055
1.3748664065617133,-0.689244131613231
1.0812453737429542,-0.5051945257627606
0.9168555300504785,-0.5151054534938208
0.6710319157088419,-0.34930491819413356
0.4973286469674628,-0.31020537942688087
0.4431403056083749,-0.1942691667473187
0.2111056722476921,-0.23402797265790432
0.18289140579096452,-0.06907894516708189
-0.03945261252552439,-0.023445994881679255
-0.095350481320776,0.024203173001655958
-0.13047289826465233,0.01912057292256812
-0.22461032828610863,0.13840085045136358
-0.16636488107539887,0.20500870620528439
-0.3006976261141302,0.14837875834446168
-0.37960574927730534,0.18075523180484226
-0.37962939913279703,0.2877816776096115
-0.31157794208048734,0.20816005456831296
-0.5431017675679806,0.22810082430733958
-0.5092315388283244,0.2819094503476921
-0.4737625056664032,0.2765964329395354
-0.5405626244969068,0.3166490358484868
-0.5028968395171843,0.2550731456837173
-0.5777088398451433,0.19159389839758076
-0.4264534405088906,0.22868209903114503
-0.4568400049562052,0.32072195780934315
-0.4464344359650856,0.3234044523461697
-0.4909130021166358,0.15532749235673204
-0.45998666644847125,0.3256323040725501
-0.4745159923859391,0.1958134970512915
-0.4117604911429365,0.20966032530978126
-0.44704688265469933,0.31167965346640464
-0.43386304072589715,0.21984930775971115
-0.5153256205106389,0.17613781120100297
-0.3458222300959494,0.08470859491976666
-0.33826940255777826,0.23856350276413968
-0.34783881460901955,0.11427591635325551
-0.3267522288981681,0.13402576092141
-0.33654849741764986,0.19082062543061148
-0.3429886964111739,0.14217648603903305
-0.19332636196422784,0.1546658846981909
-0.3124361422569295,0.19307051344696027
-0.29323684648394915,0.08934915699783297
-0.22771216407256126,0.18411824376861494
-0.37546864642278094,0.07530030619999203
-0.2095829480168423,0.10562476145193883
-0.2862899553689914,0.1460270892741048
-0.23037800159915334,0.1340669794254812
-0.1252645295339087,0.1005552703161946
-0.14247642588406392,0.05015758949237189
-0.09452546840706182,0.14236128353726962
-0.10775747070837753,0.016201217343634305
-0.08954990579934467,0.03868687693234255
-0.1585920677761619,-0.02020303468416869
-0.14986361917232016,0.0309021437412363
-0.12541463201261896,0.08233257370110447
-0.16521202799894819,0.16656544987043398
-0.019941803726514384,-0.0026486426554552522
-0.15804398055616894,0.11541003116353064
-0.11036712562588934,0.10154414129498404
-0.1264039788232689,0.11174641570596816
-0.10332617456761944,0.06288667086111857
-0.16302387004172902,0.04027263822555686
-0.047753299589820664,0.048767675094826005
0.011316105454415679,0.035667300627934946
-0.07096104305741195,0.019750888486417813
0.023913467553681775,-0.04489904365923935
-0.022087323562988162,0.0037161468527639775
-0.01671041135062401,0.06795586584813447
-0.036030599541104824,-0.015952366055800672
-0.16531635526800914,0.01528857535550341
-0.057215653522393016,0.03884784338246481
-0.10113481389979925,0.03768006260847305
-0.08257365642262025,0.005717097685216943
-0.046968941489527655,0.01355207970035542
-0.04932480014499701,-0.06927284692737358
-0.049383315084059756,0.02343068108879666
-0.09281340755089705,0.10989589471752194
0.05793358215459536,-0.0140974939417049
-0.15160051713707007,0.007932172016426604
-0.00417962457951699,0.004636469396528228
-0.06036280572118502,0.038478952090229904
0.02031670362134102,-0.04521799858563852
-0.03480010488433669,0.0036515772359795202
-0.024956683968897594,0.0659085761409808
-0.06412337596472664,0.05184726026560024
-0.03361039847385426,0.06974515519156929
-0.0486803784018609,0.05137591622707817
-0.06543403035476042,0.007897892620438761
0.03795328471098917,-0.040217882105649166
0.0027662457085406537,-0.013395712044883783
-0.02593416280830826,0.046977938640124894
-0.03699990306628419,-0.061970421955861256
0.029459970251382694,-0.09690954818094671
0.030692184452156372,0.055281154535951824
0.007132529144685766,0.0442861851437565
-0.010952864691921105,0.008351692115161461
0.023486914461248593,0.07032219100184668
0.046014741488692036,-0.07463428580132964
0.021878076912553363,-0.058890893313116886
-0.031036364258926818,0.058496262545803396
-0.029733994973790007,-0.06374666280815926
-0.033514724398053315,0.04832806217793631
0.02850120889638234,-0.030907069788465278
-0.02150466367532952,0.04388273533136137
-0.07646124242782307,-0.0953306401163109
0.028047223140528828,0.02427491744470827
0.02960598843508784,0.021662722301877546
0.0351755890744684,0.07595701918424758
0.009722258071350007,-0.06591638304516641
-0.08177426794430583,-0.00386653347625392
0.004277488139697742,-0.04930328763778595
-0.08949584435198969,0.00025748419115485463
0.11811567118104693,0.04074227863319308
0.01313901338605272,0.0011298447296649358
-0.03135390763171572,-0.03935426140035975
0.04677587098856579,0.03526341269608393
0.008869988489031975,0.02648069727630554
-0.007183240219435965,-0.0257753784796073
0.043677339978947696,0.05037669477421439
-0.0011104066849057688,0.023757695564200973
0.09860759305118505,-0.018899019247035777
0.08158704370696979,0.028589007559132008
-0.06976493383594651,0.03724648124144023
-0.05531534331455223,0.006278518512851927
0.003177005503175306,-0.0505782963231675
-0.04781298698961518,0.11726029661319266
0.07879402599357213,0.08137451953414424
-0.05178430901035582,-0.0297807332259059
0.021046784856754527,0.008440857701434462
-0.045279824346844785,-0.0490027704085947
-0.050426317731206656,-0.033975221114905564
0.03775218988674134,-0.019273613200773854
0.04345839079902324,-0.08754664207199568
0.031194084642257383,0.07567435597239329
-0.032611450904498865,0.05720846618701963
0.019970582839595165,-0.01994287447685355
-0.013390736828313609,0.05302914079110668
-0.007545006066749333,0.06011785230831468
0.080980974436862,-0.05448910173915435
-0.013855088721350672,-0.11677944159381828
0.05373508688058571,0.06813070207147906
0.02609026043446006,0.0328574240927768
-0.024056826410206306,-0.08371816165665681
0.001497628116447618,0.04191527866352801
-0.14059910383267593,-0.014122710168078124
-0.08121128449796085,-0.057030846092772876
0.024353702696543973,0.06724581881384246
0.01456755674117572,0.012236967968080308
0.02543683575470411,-0.05873693383181217
0.032063378066486244,-0.07650556031493913
0.005155738440303239,0.059786848683079645
0.013702184837650726,-0.0008147405338576781
-0.014026316983493839,-0.08999270374303824
-0.006764033352656464,0.04093877721290902
0.0003044500600227558,-0.025989246873812002
-0.0052990699003361294,-0.011489712938975591
-0.0004441687170336876,-0.0021959149660601383
0.027634424395021465,-0.021952635278340845
0.07576798737521828,0.035795770765550176
-0.08897238492901027,0.06953480082376623
-0.014318004183475423,-0.07197348893522951
-0.0009429804200635121,0.07550761882709277
0.07343052740914933,-0.035044139902712164
-0.011714829462973628,-0.03925432142520203
-0.061690741373101016,0.058899357220067665
-0.058901888170052756,-0.07446642241083193
-0.004759876589145045,0.047972675059238565
-0.036180737627539254,-0.026555456500464387
0.09529170323745613,0.015167918126734074
0.059546844975229996,-0.023989784019439037
0.0791754754530995,0.03189852740810075
-0.12194817433623518,-0.07984206709420386
0.033782397062670964,0.005238489283514638
0.027508523398174944,0.051423653610392445
0.007335275635849129,0.008821136050893649
-0.015799607062719084,0.046543734041806985
-0.004418188477976104,-0.02106718253950131
-0.025433558700764816,-0.094803459931524
-0.026565168132403835,0.02398890438731776
0.052507192800321734,0.029097335126301933
0.011346344849166549,0.025365402035410333
-0.03312042580047133,-0.011715241237972804
0.04509236174385565,-0.008229152279681838
0.005583102660934902,0.013246923405709321
0.022415557767693196,-0.0631104021061655
0.050336239550282366,-0.02366887089628267
-0.024587870805147342,-0.012858569677823334
-0.025827145526748543,0.005487108663675534
-0.018869009199414623,0.08912606281527803
0.018550933283217844,0.014437108152833897
0.06162197281820779,0.0659275098381434
0.05915432862059707,-0.03749675894202666
-0.0888996206280751,-0.09423475851973659
-0.009617131664772639,0.047887579600185214
0.0393191590533274,0.02407003496287126
0.03307275345070129,0.007707333354381346
-0.01821322479497558,-0.016264022411605628
-0.10577572900315693,0.004315504209233966
-0.10607924010342179,-0.004336721618832075
-0.00024577491094152906,-0.011384994076460566
0.023387094598055658,-0.08677859564778469
0.03273458211816843,0.005279233699995162
-0.025662630130756182,-0.029821431426822337
0.05920661788505168,-0.0709147369638354
-0.03696621713831318,-0.04266265419353675
-0.052259090874248626,-0.024934770384029914
-0.0997407868361373,0.10915381092191052
-0.036429897472765746,0.05478254427339781
0.10525657771232867,-0.007186514322528566
-0.047421320375878026,0.06765268164741588
-0.011811716185913484,0.027290658301224374
0.0688288584316833,0.009240509514187615
0.012943396497236918,-0.12336483993701913
0.0026554642072685033,0.0639515916369626
-0.07678831318774013,0.031737507618980185
-0.025810136915021167,-0.028090280511591084
0.03738636153783888,0.05368863232713635
0.06183173770900805,0.05126008911505958
0.015335014948277083,0.0491007721137396
0.05643428515162675,-0.013718995165586268
-0.019137887668993103,-0.05793993448621308
-0.024866632080595724,-0.021008987472358017
-0.07134559983930672,0.020085931399963737
0.021950716151426068,0.029585497393191315
-0.02049770344798442,0.03870135082008774
0.08095318614594119,-0.021013836907042376
-0.04578239024772291,-0.004183504372321997
0.008748262649406788,-0.01597331449170913
0.03678535554031995,-0.022686791552328382
-0.04873889404934631,0.005099924781843491
0.04128620484924514,0.03321645723853456
0.07421969971063862,0.06185603487854597
0.04865696516657465,-0.09258548167263922
0.03501986290546089,0.012726437421440567
-0.04850341395399101,0.008896409319317983
-0.11642842602546526,0.05196576746020151
0.0019505451037403277,-0.06982595634441041
-0.034213862484570506,0.01071263482828837
0.058055743593526526,0.031133501488352016
-0.01172333592293397,-0.01532748197164332
0.032614176545475666,-0.03589316175411616
0.032199194457188524,-0.02731990195419567
0.02316615345562777,0.0861351648367618
-0.030878372828006588,0.05200018224123545
0.020301704467668373,-0.0435231073369642
0.07609834966303824,0.0010384123561113755
-0.006606095510652518,-0.004826776892079443
0.022379237163590596,-0.01756362301553787
-0.12373661181191803,0.08448656259120693
-0.022996904008885096,-0.060516591626049984
-0.0002456642159796539,-0.026789578866082388
-0.0938945362898554,-0.030842931489636988
0.07835305008879254,-0.10149361982648594
-0.02256518736668014,0.03594847811809928
-0.03169069508144738,0.005885322684361859
0.04309838281367146,-0.0036768422226561466
0.01759672417066048,-0.007750644156195221
0.02309389674182864,-0.0670541058112115
-0.04110297326176582,-9.859151348163946e-05
-0.0943487982228047,-0.020263557000710454
0.024982639643378705,0.08788980393495445
0.0378124017474484,-0.024676164163853768
-0.07062618906726033,0.06531424303122824
-0.01023491356685585,0.005446529292767996
-0.005839751628573215,0.010813728935858007
0.07941269569442302,0.02598300699050827
-0.006116170130960279,0.05208868739540691
0.10080129430030446,0.028156874964204607
-0.025059172590225234,0.01570225111285729
0.04727359708804727,-0.041081857126204525
0.08425664514723219,0.03566591944885073
0.03165439984625848,0.06985812762285698
-0.07097638665434254,-0.08044337696059839
-0.007424608157613017,-0.03735975663289994
-0.09203813882606246,-0.0552902870475284
-0.04375443061962837,0.03242329106609909
0.01846687660818396,-0.05180510775651255
0.07017612791736699,-0.022813109898310074
-0.04099903184375622,-0.11625203460531809
0.02343923419812328,-0.009222323915602888
-0.08118193709308472,0.04064892671892509
-0.012632471438569822,-0.04105638738684579
0.028685211710630695,0.010263199741941726
0.10945307753626486,-0.014672801700828918
-0.03743824535461012,-0.13032328020574396
-0.0888326343751541,0.0628700014308102
0.07678597244147563,-0.052372808126665206
0.05083356098018657,-0.0525268304231506
-0.11660540462189896,0.07451477104770443
0.06429761533099766,0.0829398386853041
-0.05543808388543667,0.014235712250945448
-0.10932497080991664,0.07838305667844454
0.05832149426257242,0.08127841931421131
-0.06300897854671265,0.019296652871859915
-0.007708421225342214,-0.10208827422278571
-5.307110577139317,6.151635149392067
-4.632950570547926,5.3982161526348325
-3.979404167559646,4.7125350340149925
-3.2987970976546217,3.8904960093156324
-2.8836689513122997,3.2140288402089316
-2.4306830773230965,2.732116783516654
-1.9527053032655153,2.2552182133738254
-1.558329661285875,1.8084306664586234
-1.1876803024693339,1.4499699390758134
-0.9250753550176789,1.1264620474772407
-0.6122654153511107,0.74908475871706
-0.4635189185655249,0.479786811089264
-0.23755992827171601,0.20781491147964365
-0.03619193520893995,0.03905548802571376
0.14613659094668036,-0.09175942437484876
0.26503544147205915,-0.334517895635149
0.41938787700743196,-0.5078642073307933
0.3727792207066316,-0.6550176476851244
0.5921705408093444,-0.6811372536436562
0.6258171360197936,-0.7861236784061293
0.7592910197346847,-0.8831989822629253
0.7689005030326571,-0.8536150490023358
0.8525742704446209,-0.8488514633011501
0.7421115308080263,-0.9052630638484219
0.8473835392187435,-0.9710539878239459
0.866454820857214,-1.0133320412316997
0.8468835304363951,-0.9855666257723978
0.8449257504452075,-1.058014518603244
0.7798267689783498,-0.9189450293886509
0.9147904201846757,-0.9846565840306355
0.8739385071415272,-0.9441563341753221
0.7363349891218289,-0.9423183236736302
0.7989779603668127,-0.9920851903374935
0.7638305317214018,-0.8978935989553682
0.7488908182918259,-0.8310373724061467
0.7471407237419536,-0.8935238447624634
0.741367842125074,-0.8194794821689544
0.7529297984476491,-0.8076196667385106
0.4795028325830878,-0.7689380311382584
0.662800767399734,-0.6770476912557332
0.6947641957962415,-0.719629500559335
0.5646236661120696,-0.6942076400009511
0.6108583675609285,-0.5984969026605689
0.6142198663952362,-0.6467598925581711
0.5117442770690216,-0.5728064014431817
0.5143169792977814,-0.6723152692421708
0.6111015562982005,-0.6255871124787183
0.4636512831074673,-0.4903896117127309
0.40426702879880133,-0.553668584253851
0.4079765979703886,-0.47652227471361097
0.33975225500496115,-0.4070923497257516
0.34052934406661456,-0.468051178259644
0.28119069659986756,-0.4473260064260985
0.305602784693656,-0.4305490099143403
0.45099046268968307,-0.30951388817518016
0.2577061365151273,-0.40985971178961084
0.2689317631655168,-0.38262683606962017
0.29548087081530755,-0.28034224974142186
0.23086631670578847,-0.2853225306463322
0.2222871765046466,-0.23039250661679764
0.26641036946637414,-0.14564774788418222
0.24590262083952602,-0.300612166483043
0.2175434715951525,-0.2180403376866226
0.18902689647427623,-0.2717301896440457
0.18937048545942112,-0.1894596149741042
0.10424698836246624,-0.09052447861384479
0.09654067806151288,-0.15387710913963196
0.14675837879953144,-0.1841099250063839
0.20635246166128368,-0.10772199528698151
0.11809785513397618,-0.18794764436078076
0.1975507346161391,-0.0858222347001891
0.041680780106010736,-0.1321426585585741
0.13001289962109996,-0.004146917790995047
0.09759641273770149,-0.07867079764345906
0.11158289642326255,-0.10928002275117324
0.05929156001596955,-0.11116357581151574
-0.021051203572144184,-0.05491909126988113
0.02996005614616159,-0.1173316912623993
0.036410363960783655,-0.13752577515467357
0.0736624441623046,-0.0753119338665483
0.0012777149745245159,-0.1710059697036724
0.16867592157878486,0.03547764997722579
-0.06904713601505333,-0.09438701159741003
0.10323268193756857,-0.0425755972630467
0.061394785140294464,-0.015849947332159824
0.07517067004649507,-0.029546595161042185
0.06882737988969395,-0.06077461922478687
0.0022958989580750995,-0.04339524004194895
-0.018159237548608462,-0.0036764956260017315
0.10682790485154064,-0.06682829119034371
-0.03275657846648192,-0.12018697804293138
0.04926895468325174,-0.004888357417332801
-0.0014063455040459784,-0.10570574204306953
0.0896233038206915,0.006477271829099296
0.0661474439966369,0.06118550376428185
0.022415698184133904,0.020156265890124665
-0.03549668049794941,-0.00952018352749427
0.04885762380673778,-0.05320297721656847
0.03815801847286329,0.03531979664985607
0.02764173164619517,-0.009973820028367445
-0.053598738366174514,0.07880289281114652
0.05666202537120882,-0.01848751444945268
-0.007244508568049729,-0.03257284542872868
0.02184827957019672,0.031380715144802354
-0.12185638666588058,-0.045210348664674216
0.02350341155612175,0.0844589794984814
-0.02377358478440184,-0.02024626931561017
0.01459790253295572,-0.013933465974328079
-0.09872205976740824,0.00872815907347646
-0.05231435366305821,-0.0031214005330056464
0.03410201574249387,-0.09690851356919866
0.050381634167944785,0.07670325936289575
-0.014188872359562817,-0.0010707356430048817
-0.020441636475525063,-0.0788641067833008
0.050386399263449407,-0.0283377718348818
0.01588521524739186,-0.060988370309999755
0.009455087341101186,0.07772031704384713
-0.054035185549747,-0.07973696105360557
-0.020415960321214528,-0.05678272072233661
-0.0012718484253865375,0.08826758094544966
-0.0151870502057909,-0.031986422684882186
-0.09801804383472494,-0.03187744921199107
0.04881204629760697,0.0012090486761700365
-0.019905283031405076,0.10027492178817525
0.004127378964542792,0.00034031630987792303
-0.019337634024570383,-0.06191100644103187
0.05655527873216025,-0.07768048785453077
0.03836913327894059,-0.12249884494539992
0.02623587253541278,-0.020810365050214035
-0.04587229876001409,0.011531177617146355
0.06396301220413578,-0.02944867880641236
-0.025945601574723556,-0.00038768340847294275
-0.050128539771818255,0.03511255246635345
0.016984442741170457,-0.003152070688323294
0.017270112521115537,0.09430311845866252
0.03655727438592674,0.09092338817122542
0.020905579451402298,0.013975047466617652
0.0799548261847631,0.02357736758340296
0.0816412771039193,0.060538857567770395
-0.051403210437667414,-0.0028052164047381685
0.06313638736177633,0.063554172187311
0.01537502482038084,0.030051184006064664
-0.08835685608490512,-0.059393189489422696
-0.05543027317770471,-0.010951651044374176
-0.02344709096210751,0.03196927679398
0.06073530164060947,0.014649566633689288
0.0122571325054561,-0.00016100194318193362
0.061468693228615125,-0.0785941656741012
-0.03873114003606576,0.027200814973749307
-0.11449348815941696,-0.04475220914352338
0.055332500443229314,0.03555599645759026
-0.1146420397285226,0.026402454992113692
-0.029586469093757888,0.005660197835709341
0.05556078654133542,-0.05945599423696473
-0.0738156207107099,0.015599948798324754
-0.06451398073426419,0.04831706893688563
-0.00394373209324143,0.025644687109875323
-0.04526383136919862,0.027779953803621582
0.00042526496039097667,0.04185175619067291
0.031831251837221616,-0.08157490849038265
0.0043938365572264715,-0.0053151586425581945
0.05607255114779284,-0.011037580601807076
-0.0014725848335467376,-0.008198190316450549
0.0023177229468338834,-0.020552947597008403
-0.017053603622035497,0.030155382514743055
0.030753767334318297,0.05699465398303415
0.07254300158652362,0.0012988043051349821
0.006496388206652559,-0.010564483743287043
-0.03947553678754597,-0.0796908174941868
0.021056451565038263,-0.013335216763004379
0.06770930397771552,0.024302102616709988
0.09884251161972893,-0.04947236705642012
-0.008288057618980252,0.024701423358923055
-0.003616165138648625,-0.0238744859719141
-0.04138503298334087,0.05129643614862342
0.05293483001732508,0.10180616164317756
0.040611421187690365,-0.028819338653689366
-0.010450267330137469,0.013125950457493957
-0.05558682276504238,-0.040654503097925725
-0.0001616075368659764,-0.012428652503445964
-0.03705343098866105,-0.06409206342102869
-0.03875693345037477,-0.0477442441676985
0.04309893145942201,0.07710780234745432
-0.00017940296971010426,-0.07914599199661344
0.02715200870894757,0.1363462410286466
-0.02964351089345498,-0.004232994335335085
0.004188409395391992,-0.07229154726925559
-0.05976403587934444,0.026144642329073445
-0.03998825812798274,-0.015455057054359029
0.011247513771726166,0.026467870749212356
-0.005866596386319981,-0.013237388608302984
-0.042469674577160534,0.0007078919900671572
-0.051983675559378675,-0.02508600462953601
-0.1076890007939764,0.05962617592370776
0.06790420122446145,-0.0522029898780872
0.010491528343868642,-0.09596153503649392
0.08342522988199513,0.011182380546453477
0.019074429922798165,-0.028051961238600726
0.010955764868247356,0.02256542011467097
0.009758419604645087,0.0014728624820608376
0.051198121586011724,0.011940053608191614
0.002352161253785234,0.009649635961612358
-0.0007773782527231749,-0.01569613107468885
-0.01993017256853817,0.06324957132480301
0.016296092683815093,0.012720496299804925
0.08233830033751513,-0.03084315059492003
-0.014073248013704947,-0.022846308749734232
0.030300222949210733,-0.042967172401040886
0.009834829461414566,-0.023974449091614055
-0.06435877868342656,-0.005087380536638313
-0.028414350356694384,0.10468415156454795
-0.03776624149938091,-0.034926133865027235
-0.03950740753336339,0.07013087128823633
0.03298964744040714,0.007696079512173099
0.02069165704240661,-0.0567129909358721
0.09481250230977875,0.029196825825259235
-0.0799802153961873,0.03640654987775309
-0.014996991910019549,0.04904708196089906
-0.0514152393283796,-0.0015746804627155102
-0.02943416141915956,-0.019039050602556184
0.07238644426023112,0.0029464467551151294
0.03948627182379192,-0.0007806565764468601
-0.024346573887210246,-0.09884024219904225
-0.04982427856369517,0.008338876417341417
0.013170893917525812,0.05573008730084495
-0.07473944858751315,0.1059434120282321
-0.08116233685723787,-0.017447873083962152
-0.0032830225473139477,-0.059990123803013974
0.10325575836417114,-0.03147200770724404
-0.0679477977021165,-0.06184011591370863
-0.06820300248189459,0.1005058161501966
0.036145432257987456,-0.14679421479655075
0.04662224048729536,0.058423507929504695
-0.010949090814743143,-0.06469320598020638
0.07613274406639767,-0.061004663616521
0.010959742841261694,0.09164171012849814
0.016804969019105595,0.004314003440097223
0.07737114154113534,0.04449359382789368
-0.08976769198889574,-0.02010334152558004
-0.041138436432296366,0.03043502290140443
0.03973336952104131,-0.008568482694570556
-0.00897086527594787,-0.10483262945107899
0.0581461420133173,0.036355555842829554
-0.004690037409222251,-0.0025542379654066583
0.026695236379572808,0.041777912009700185
0.020701024919394823,0.029523729580349746
-0.03942327015483588,-0.05147198380453294
0.03154880733239668,0.009384983317103735
-0.006020011383027313,0.07003192140496661
0.013844672546074376,0.01948359036269226
0.06678473301547228,-0.09242772412112188
0.016317339094946454,0.08199424926491564
0.05565032841454535,-0.03210432360625825
0.04320898615824856,0.013097161320696327
-0.008820451295622957,-0.049673646990253804
-0.047380857168143,0.011371602651481894
0.034340937071400034,0.0010643378356835348
0.07351083695798721,0.02826851889902738
-0.046649729787754834,0.019614889600156678
-0.07338720470615698,0.07797236912615334
0.011454544056579828,-0.06428739300372725
0.022908951122516442,-0.08292551743882996
0.01402682759365826,0.059615655298243704
0.007496779019414548,0.0031037037969289523
-0.1074571895568195,-0.019850048439716324
-0.04672026985709634,0.04854252505150042
-0.023478091989334066,0.04076394831076259
-0.09356444252586771,-0.016870873851517185
-0.024757118008958905,0.041561706745980365
0.03864755145956839,-0.06180447471676216
0.02567900916092472,-0.10437153796426168
-0.024702853853482486,0.07732902724444869
0.0014031240710917344,-0.04107539046134648
0.05855288947883566,0.11488932071490589
-0.020140931721604378,-0.0821964622894802
0.06944152072575867,0.014427879656846224
-0.013325987179117963,0.005946836890968886
-0.03495125526913766,-0.07242460387486231
-0.08728878690545065,0.027952101768868108
-0.046317553341773864,-0.15403841174370883
-0.011112354550752098,-0.044262066817489815
-0.02971197087637337,0.01575797931129998
0.007186657389872193,-0.012681194017352383
0.032390498393864875,0.09214135672212008
-0.016518084208841773,0.02567931642385301
0.035757716341961274,-0.022134641639856435
-0.004774273959288231,0.1065709376957213
-0.13856337996318469,0.09171121772296095
0.0934701343527718,0.0793630290911896
0.11994466857210863,0.00013845913861806544
0.024310288840310855,-0.007804399422860686
-0.03539393100005231,0.02905017056000187
0.059317915332575126,-0.020099410859417653
-0.014307649006616505,-0.03915170593498671
0.04309099923635756,-0.023767594056663066
-0.0032372852668057445,0.05384619434245119
0.009244978130996798,-0.012883399641009312
-0.03552324233804853,-0.014734052773540694
-0.0379335838272595,-0.0015665789866862682
-0.02025825170353463,-0.0302786982317508
-0.027362352362948383,-9.002807539001742
-0.02989420146825026,-7.798227876223019
0.002408381989015631,-6.713888407394616
0.001972435122403037,-5.701696989337287
-0.004415664900144171,-4.829641801195881
-0.03305911984800541,-4.0454678354749305
0.016626384262348484,-3.2738498937560703
0.019814414156028803,-2.6520804431867786
0.021399620254773224,-2.063562977972528
0.0450336605439394,-1.5991591725923526
0.015641443389440894,-1.1411849401112835
0.018441689419245896,-0.5950819799325909
-0.01725834493872799,-0.3009381431962378
0.05482702968105367,0.0011989475835174589
0.04619638495845426,0.28210839720928477
-0.036383942107289596,0.4207654499902332
0.053662377673369725,0.7153481663894079
0.06842988084691383,0.8557108060685794
-0.008867904160960928,0.9889715837972587
-0.0828482484197149,1.0452172753994466
-0.0435564676919782,1.1569818333228008
0.0038668896924291636,1.1818482538886381
-0.020106961311469537,1.3062488092397746
-0.06250610347365701,1.4195598880575544
0.015637446211592167,1.3944685461973376
0.0965531989251766,1.3774022071229917
0.003928180605103946,1.4107593643800322
-0.051258336373215016,1.4624862108816152
-0.05097662124068561,1.4714763461580966
0.04819161235791626,1.4309037239508482
-0.048586317234915646,1.3806211358028675
0.059369515110454546,1.4749444058660723
-0.03238846027293476,1.4874995969442395
0.05155081473026313,1.3435774447710187
-0.10550136246810943,1.3025014110356536
-0.1327421778358476,1.189960404368343
0.048369144559670084,1.21501110936824
0.058645392870138965,1.207878192726299
0.11225983561916844,1.1639706309232045
0.0433889397406466,1.0646279811341168
-0.11761258937801856,1.071007248476696
0.06197317733183649,1.0212925643443285
0.037632900739931696,1.0083514095663868
-0.028753429390613868,0.8999029990321241
0.020593877672015197,0.9422398127019446
-0.05773624901511151,0.8567003827358513
0.06270312330690708,0.7828191028904029
-0.0029624341254225924,0.7532919486412286
-0.006962589841963678,0.6820494320922217
-0.0085613799295372,0.6528170156179497
0.028587335515045612,0.5786436656823606
0.002799281381675128,0.7159637410625408
0.01389425635778265,0.6029312855072323
-0.09020460416789078,0.6063228781709338
-0.0009907910028341916,0.540911660110575
-0.020649130574474206,0.430709496371748
0.007055972628157008,0.5104525498181018
-0.003076686869345673,0.5431242690664972
0.025922815035388107,0.3945712958202641
-0.03899998938718347,0.3379053361985489
-0.05103749974273283,0.3233108200919136
0.07844694385156571,0.32100738815719926
0.07828270862271684,0.33931589387322236
-0.06192634839676418,0.2999051374436577
-0.026031237565478066,0.22422504268085683
0.049330684040761914,0.35317981370052853
0.0642789767091226,0.2359312325467049
-0.15828083935181492,0.3027156208036982
0.006632044872199944,0.20528423943332338
-0.056403824627026575,0.19260496573398922
0.035198911955998134,0.120551756607822
0.04621967834935854,0.07190213460647245
-0.0033848767337724345,0.10012747329383867
0.008314013084755868,0.1452328311230909
0.027549620803209753,0.15127163455849105
0.022407067931616145,0.14682320397218904
0.05154084565651732,0.1779425096642532
-0.043850262616826244,0.16566759959374788
0.014655551839707973,0.159607232558202
-0.053789433813478074,0.026933037513425094
-0.0572818277710706,0.16119124288865558
0.06781563060503988,0.11593301319467815
-0.06432840777496351,0.10518172409941737
-0.05318423758579282,-0.07478094092911827
-0.004840681306252469,0.05382392627680763
0.08260399877551787,0.009903945816929619
0.11907754945864722,0.06981839984418757
-0.015856481649214785,0.04848159693308638
-0.0682470244464271,0.03414028685563465
0.012801422722099732,0.09497534016001936
-0.17100202637963974,0.015356228475136478
-0.002714116592949522,-0.014452822371183074
0.06287361497107401,-0.044966913734722225
-0.00025940384747507456,0.018461720880631444
-0.08151659047018896,0.13772224794969823
0.07079472064984903,-0.04033616857176704
0.08492781401415572,0.03663803260477074
0.029907260760377974,0.1193542845277375
0.03523407750449611,0.04953841827120603
0.05170090590574036,0.0082694585272503
-0.05706790186707497,0.00042697107972642506
0.039120858329305896,-0.12417532775177689
-0.0226110106906053,0.031769301597607796
0.0025322856517472694,0.020809431058115446
-0.07358791767256133,0.028011176513778397
-0.009253852626143364,0.07986686280227069
0.06755568862375738,0.008798653117665912
0.05539277732594532,-0.0011532920041623755
-0.05732986403955709,0.04596404664908108
-0.14378420408691583,0.00616384086282682
-0.015960165846562624,-0.02374334078076954
0.030035315256861574,0.07629542347454103
0.06534480697518215,0.059473138488881055
-0.033837373003568226,0.028354127876314538
0.1010648094617839,-0.01483158882496622
0.09984878558548457,-0.031128270745624513
-0.05304921310206596,-0.04739566592833872
-0.05384475836867528,0.0922617529162026
0.05089447827789187,0.07365556158380598
-0.055393794423276965,-0.05237766586481339
0.002595408549094725,-0.021341944270288786
-0.058711508772490636,-0.04869727326163359
-0.02604433630049736,-0.0721080266658888
-0.040485077940571414,-0.07189898630752327
0.05285032743146914,0.02327392377327428
0.019702432978465835,0.03449472412082256
0.021019303181386437,0.04098079694052636
-0.04472234287620942,-0.03333631452912109
0.026340103152264156,0.04870218435836939
0.008924259619510072,-0.04933512265750863
-0.007772845252479288,-0.032712885915562005
0.002647702801952972,-0.02558033601574352
0.06581311726125467,0.013260177532739476
0.06530061041206889,0.0674433207370506
-0.019023807034093662,0.021271065760971826
0.046542491514837844,-0.042816743740223845
-0.03825890328301766,0.0244392549492823
-0.08719948348815412,0.051143146920834374
0.00019656210111757867,-0.031533171161318554
-0.012434133394832344,0.03362043827097981
0.013311360978043175,-0.021529396195812796
-0.02281412277931239,-0.025931408476726113
0.02038259162113598,-0.0289350930377278
0.013455333873394953,-0.13082743156235105
-0.008987150632997347,-0.03414168239291481
-0.022005169117340878,-0.0247273369792989
0.007617365465469768,0.043622882965128576
-0.028336996285902253,0.08645633272261068
0.011095314658776122,0.011241330262431829
-0.012324249672475274,-0.028184885038259593
0.00013700526138031577,0.03170247420199155
-0.06684330188043132,-0.021405538550232407
-0.004317284452754461,0.028173087660973477
-0.10835502041497727,-0.006538959446362661
0.006200914540577789,0.060966648580625206
0.014615411897234977,-0.04675547383227702
-0.05481194805195452,0.02457082106832001
0.07066973671595762,-0.09212549956479144
-0.0765118097234463,-0.04786426180910231
0.1209935423488302,0.0519623880231533
0.03929811945500682,0.025904876094096294
0.16940105382420412,-0.006262543567382484
-0.029756673646533203,0.007902319128272812
-0.07239876083831802,-0.007224441891341807
0.053562989009355744,0.0073261242938931544
-0.011587981845593624,0.01793209979519082
-0.040823251162789766,-0.002358027219472715
-0.03736736785255708,0.05952687332718646
0.01022970161522839,0.05604621031008179
-0.026182194212209544,-0.04988688279368031
0.02882413318184729,0.010478742664275006
0.09054982856192136,-0.006030563243694765
0.044435895566368455,0.041258025318815734
-0.05470614130490504,-0.08744919490089303
-0.030105616849423058,0.032784617933030086
0.054846614708815605,-0.15642250589558251
-0.0596224232483357,0.02667389493238672
0.01866404373272125,-0.040684888486940164
-0.045408207367236546,-0.06579185188691651
0.06975545823117725,0.031597728393757574
-0.04968562055943966,0.07449729137339481
-0.0020672426351419203,0.0745345659533723
0.06130159433700825,-0.04729465465503133
0.03903974658534804,0.06323280097729495
-0.004413823182185465,-0.10245484682892278
-0.017110592068326703,-0.04513630802208492
0.02941494890275973,0.018381392569434468
-0.00014123842680460047,-0.016972525256048396
-0.05037049674483702,0.02083292197240263
-0.05020819555648336,0.041076756656597796
-0.023586850126679475,0.03577777117597982
0.013665211449644539,0.06243351935658396
-0.03143442126384122,-0.04834504670437074
0.10466031375926318,0.07123557611544137
-0.1079710366736236,0.123117455434254
-0.10491734972804981,0.004393321261422001
-0.025166576270228433,-0.07530127519489413
-0.05807142048865856,-0.049612942926928257
0.03841317212708983,-0.05186399646033336
-0.007124869121377893,0.045889126867404186
-0.003618719231398934,0.06082641023502554
0.12229088720066063,-0.10514085231053615
0.12318419472118991,0.09009046675213195
0.10265584928583865,0.0060052742609351464
-0.03542727112931268,-0.026285913899004504
-0.01079680427357808,-0.012227921097278419
-0.0030031812089109967,0.026516245101331833
-0.018437370069981564,0.0360448631344699
-0.013721111334790575,0.06536808002802737
0.04744602404633265,0.026609666124128455
-0.07689708910323717,-0.06214759552772618
-0.018160767470781207,-0.06300090799367905
-0.026060347669859197,-0.101770187871786
-0.08422504895185451,0.10093361370248999
-0.005929532130064303,-0.036122833060017845
-0.05521926531664367,-0.02777920038796824
0.06122136777395583,0.015393097570942106
-0.020810517260959248,0.05320723542167185
0.07169330013067597,-0.04298563419697862
-0.043271737691916314,-0.07583386863167572
0.024244543127537842,0.027185216225742687
0.01670263784887734,0.029745571928788715
0.045196260720223154,-0.016679443661070544
0.03983580814395703,0.005001639928951706
-0.004245771245332316,-0.04713603071313516
-0.03334161694728336,-0.05427919627044659
0.05313651368015148,-0.03141197036424253
-0.05096764183258731,0.03465896742456643
0.02722926071855087,-0.005639815329316744
-0.04050546726232887,0.10282740636370775
-0.01933993400143361,-0.014112843686680997
0.027670154056109335,0.024027454315196303
-0.004797333652745567,-0.09245724043489281
-0.06566621126060716,-0.010420394335905905
-0.005928060264629667,0.09084282620145928
-0.006311804723857678,0.03346919128914033
-0.012184070107135011,0.024249199386267333
-0.006447814874297041,-0.06968711888299844
0.023294092969306256,0.01683855740285118
-0.08003915012948423,-0.012300683275612775
-0.0014743778558014677,-0.03781802426276645
-0.05348219399794492,0.009415552214301612
0.09137664482855942,0.030696667977149494
0.07854394897068508,-0.0063608408461802365
-0.1037297213948811,-0.04450217096594415
0.00357383518844703,0.001213911848766794
0.007287970248280534,-0.028543078986546844
0.056901355696442474,0.04711246183248104
-0.018154603661906153,0.07603012989668972
0.043200890673570656,0.008533394371772064
-0.03413355427771517,-0.08466344701050062
-0.058058777093047555,0.038255982436250974
-0.03495943445733521,-0.0017350034873180042
0.03287595285027783,-0.08792177678660683
0.006404817623645089,0.021236530163364565
0.03713217982204701,-0.04719498858299657
0.0063162689871726525,0.002787553959108317
-0.11193117844779668,-0.00229138478585883
0.07925532898526746,0.031070041739500495
-0.004023625279270113,0.056929164150956925
0.029930408491094143,-0.05255827400213893
-0.0033200687769382505,-0.05109251368428021
0.022954482407976103,0.03520828899896736
0.023793037310696562,-0.0346160520822758
-0.009345591810293227,-0.0017235673725151945
0.0059340830188955055,-0.0022910400629859336
0.003152611173574043,0.05335843563956601
-0.00821010551030344,-0.027011708805242465
-0.043582657601623845,-0.0012220112385446374
-0.008471419592821681,0.027323326256289204
0.04124929675914775,-0.0519786159413392
-0.007650627087018497,0.14654394276726745
-0.028754243299817687,-0.004291058066085778
0.0031139984288096143,-0.03708437431241429
0.04854220949380998,0.0457270653328833
0.0394119125802435,0.01302216584390705
-0.026346982085611412,-0.0006682594186302303
-0.028581423022400146,-0.04613478524434765
-0.014062987002953338,0.046816539626043936
0.047599945854039066,-0.033437797621003254
0.05110552555750636,0.03896172820509781
0.095903457401012,-0.0037024259223376113
-0.05941153040529837,-0.0657111392860989
-0.030997363951603036,-0.14673780049557655
0.06212123803263129,0.042681171593905144
-0.014877616078762451,0.019835149570365734
-0.05560479322926904,0.018245638089006828
0.011898386940243894,-0.12138004974701407
-0.05747614563939028,-0.009782855153760095
0.008475319531213134,-0.03731101698644944
-0.06928735866478757,0.02517470163210242
0.03864824993263645,0.07336527762350717
0.1289423829667393,0.1142435724048583
-0.03593337153625323,-0.033331086889575284
-0.014956333653490464,0.060626614962050844
0.04909402735834122,-0.08302268657791655
-0.01574990776301027,0.031222826342925586
-0.03335274669173612,-0.0018936015950685274
-0.04322143310228612,0.061417864884924483
0.025588354975560383,-0.025236336728362743
3.1742748089310293,-2.731853993892752
2.6620718303401323,-2.298528869090451
2.363912283216799,-2.1549713127168397
2.0577239895473562,-1.814484609156898
1.7581370565340486,-1.5494872057111806
1.3750349461356024,-1.1988118442874478
1.163661654631112,-1.0053620201468194
0.9569268452728551,-0.7685705514547343
0.6887561239900442,-0.6410699867946839
0.5217251860550931,-0.4809500507106255
0.3362162298167706,-0.34452078676844944
0.250121141524165,-0.24854530532695526
0.14423927519075708,-0.07856745313934177
-0.0540456630182999,-0.005284921247745034
-0.0027980940290410344,0.0898111674503336
-0.21841965212970466,0.1193450493467986
-0.20085749333060948,0.2125322517686906
-0.2745063847375443,0.17203349650864713
-0.32336088362322524,0.3043796353527388
-0.3654829449824207,0.337712709375045
-0.4455310267811643,0.4157415490483105
-0.4694170029187521,0.4792273594339395
-0.456602746813853,0.42395291438880917
-0.5156753080715836,0.4341283414357112
-0.5448473363152808,0.365865467686031
-0.49363448893883455,0.40730161891557676
-0.5197022673149788,0.470088428729036
-0.4138500826501969,0.44399328084565454
-0.5414426674098315,0.4486188340414715
-0.5589231501773304,0.4720352266366847
-0.4808092359432366,0.492762697592273
-0.4389390105276277,0.4381539944820121
-0.5995268635636557,0.373848215183748
-0.42668839178767787,0.33542144829267234
-0.48739059937797996,0.39060647087967326
-0.4249210137044941,0.3748412832642394
-0.45933617704746754,0.35772318085604804
-0.27983673602449705,0.3708920865006752
-0.5057309452595904,0.3225272410941768
-0.45622843543016117,0.34946428932110307
-0.3605134073499125,0.24644224729039868
-0.32043159252093645,0.2928244537860082
-0.30735473465887286,0.3581784870450222
-0.28381154784062057,0.3098837919839665
-0.3523591940476011,0.27009209425097896
-0.3554207899680176,0.28169573643114976
-0.22600804087841958,0.2724130983928041
-0.3302664986188873,0.22788612936834474
-0.17798275753475593,0.1962828796286295
-0.2332796574435321,0.2171201743788528
-0.17717943674303285,0.22202129034332452
-0.28705223552148207,0.1822706404382115
-0.18269519046659483,0.20539520442321496
-0.19760401999690672,0.13790716602492092
-0.1281615078039265,0.14114610341141617
-0.14291375836136533,0.20093873745285196
-0.15713538437239277,0.1070695122648532
-0.11498149463646617,0.0722877324841497
-0.24195980311795146,0.10274647457491004
-0.20010375496893645,0.17040809322383563
-0.06399505354488194,0.09406406614101091
-0.15025611962451546,0.1494071856591972
-0.20951101311734505,0.11474877637664517
-0.07841995364254807,0.149817395799877
-0.07068360414496967,0.025120275791823715
-0.04841311970456751,0.12671260461303993
-0.0684310007040061,0.006438457614858381
-0.10035455361222753,0.01675595277224856
-0.020242019836262004,0.14869150772481254
-0.11023114884417562,0.10267888053715851
0.0035504172310491106,0.08145983405313628
-0.03179016585280045,0.10635903006815337
0.01592957984266552,0.0655927861941836
-0.09139471640648261,0.07541200935831288
-0.005390745267232586,0.018024664220729167
-0.16573518104367685,0.009505525231693592
-0.1078365296283865,-0.09038635221498377
-0.0804033244439242,0.052650511867456895
-0.1453336404255009,-0.024672984107222753
0.014782710960974665,0.07033978917077513
-0.04908382401387103,0.07816549229380762
0.0032802337556331208,0.02908546831916827
-0.04074970754106223,0.012632048127044902
0.04252242873891379,0.05735553517891834
-0.037857860946755625,0.030191059013615577
0.02026198871733386,-0.004768598894838726
-0.021769282600468343,0.05074370546304517
0.00778289937904611,0.005985957003561608
-0.050873879116300404,0.018847053384229324
0.020312902481574087,0.05261714908017792
-0.039736571085991386,-0.010511287884897566
-0.017172599845285644,-0.06099111025833519
0.0627095002471195,0.128137646632887
-0.042184954372151376,-0.006473422297940307
-0.06861649532248824,-0.02260345075922375
-0.00330799921344264,0.03980008641429954
0.050227200589463,-0.04114440638960393
0.07996856894717903,-0.029922910162206644
0.0650782115375274,0.002678275212988754
0.04426788260144651,0.0019100032696002522
-0.0879462017081106,0.053773245438497715
-0.052010986453273296,0.007929928776255443
0.05753551229920763,0.07960700995047416
-0.057005006786244414,-0.020395305149959304
0.0002880197433668165,0.028055978698532755
-0.043201158442320114,-0.08162036502744116
-0.04597849573001013,-0.05868950653299418
-0.0101922236228388,0.07938157012546662
-0.020258736059782394,-0.026578651109299568
-0.08590233290993944,-0.0003592986032279607
-0.03276966103757985,-0.005929619141957671
0.00605157804669491,0.02411574842166324
0.0944506269063731,-0.052470325116843596
0.026086448530356136,0.07571953053665163
0.03196788669857917,-0.09198229604176231
-0.044943718139768676,0.06203910449134869
0.021751001081544645,0.06881117738659273
0.03937592488034686,-0.0019776315108312606
0.004430474526396094,-0.03538184454655115
-0.01085682102152184,-0.06170948229338232
-0.03824069862786919,-0.04463078384469802
0.00449305427762784,-0.01163688288173539
-0.03477933739648141,0.018365676473465205
0.0011525201941441892,0.007520599982923554
0.05354324645816074,0.005380786652846341
-0.04535060804899688,-0.01823310864301556
-0.04531521141780328,0.07881753106952032
0.014590364023064904,-0.025959092489920853
-0.02210097567078092,-0.07128885025580349
-0.039594727785347936,-0.02155699709232958
0.006067545282217878,0.005179950753558066
0.010693957222239368,0.026791189858329775
0.0467625144226106,-0.06418100995099743
-0.006078978438589577,-0.05030501329882505
-0.03923862773439947,-0.040546927938462825
0.0016746164577227593,0.03435089470252894
0.049582547694808896,0.017633877872799103
-0.036689123246382134,0.0471754920987567
0.060056067975625196,-0.027185209880760244
-0.04779360918682599,-0.024280808496954014
0.0163556665445154,0.11760329540797278
0.09043561856913766,0.03561100972096986
-0.05053804898197668,0.08799424655126918
0.08770231573553719,-0.033867341697923714
0.04184365823371769,0.03237519176428373
-0.021620516623037943,-0.011553052870718054
0.013680464308956322,0.046842629470893876
0.007794472510248774,0.08399025253804081
-0.0008914160504093801,0.013206515805814978
0.014960012386613365,-0.0018093817682624368
-0.043365643045865675,-0.01687597090846988
-0.008414063290761643,-0.03013811694976146
0.09490985583556685,-0.015267297715325253
-0.013486015171539342,0.06056971598891099
0.013638371829103574,-0.0355113944264511
-0.028063730512453915,0.038699770170950665
0.046573063544693566,-0.04255074619502157
0.04770960278828124,-0.08325881587164011
-0.019582876295579046,0.07628837027343165
-0.00248178368549826,0.01576853858322783
-0.07198910593235239,-0.03453659470239751
-0.01137067482407273,-0.03020962513135088
-0.023013443066348435,-0.003960815251480449
-0.09411404947550743,0.007373751418220512
0.049297845032876486,-0.0017944760433320512
0.025089823105432993,-0.0909545887252816
-0.13595103509699769,-0.007279000166673709
-0.015214899738806952,0.007208641631408809
-0.026749171867201278,0.055261672923348416
-0.05788306608939251,-0.03379851147194245
-0.030593819035165924,-0.041768207903050455
-0.006285723757274916,-0.06442049522986604
0.013311038582339028,0.054520613509596194
0.033885947735402745,0.008745491606110038
0.11922845068168932,-0.04389050707476481
-0.04104163771410753,0.006663999692860249
0.05348232773334813,-0.006561223115824461
-0.08197290255824033,0.03847045448705468
-0.0031358061053008944,-0.004125880539417476
0.13175851172652683,0.05286006429575161
0.06048705658183413,-0.015166075815381456
0.09115062904968359,-0.03896313127999189
-0.0918921618032055,0.11568251066779256
-0.09580910561893913,-0.02927363814469636
0.03304576651491738,-0.019235792569201635
-0.030040269529687684,0.00038875775061621544
0.003948928532105816,0.005850917975343628
0.0676300414313557,0.027693401150627055
-0.014071328636337803,0.007400076593953151
-0.1439709008456033,-0.014235967596727881
0.03433347035117171,-0.04237255466159777
0.020105214922848398,-0.10463443816326311
0.03024687878895743,0.09853603529904359
0.12908388875136897,-0.0004745697637877726
-0.12629358504386645,0.07866998698927859
-0.008438786836296265,-0.007564180486079302
-0.00639238115438436,-0.027836571499728915
0.07653984347797846,-0.02359879934382752
0.02254811836972516,-0.03625205777259087
-0.0649150830941805,0.062391944928638976
0.009535123391732046,0.022950183723256516
0.00665611434596648,-0.08594339262214656
0.044433503238460265,-0.0349134101899279
0.016137791802754153,-0.050566896287656975
0.008481401943998103,0.028378749947321057
0.0012072260779111364,-0.0019622688764279993
0.07715673467279728,-0.05077551096549488
0.03495785862150269,0.10276131614502218
-0.08860116638499205,-0.08887110169662454
-0.018786515152719722,-0.05621120292123985
0.009254933968418654,-0.05079546459950231
-0.0028742612525214754,0.03737158615167243
-0.009572552555778248,0.031400025107807955
-0.08239561468081784,-0.0434959849881904
0.033234975719717556,0.07119785265472503
-0.06407044911709792,0.02891451283449635
0.014083738114307364,0.017681812661455076
0.042899345590524315,-0.006370159303229957
-0.029427724197037097,0.0660912083268139
-0.07070378771000324,0.04713993521268554
0.075199469992319,0.02698815420005531
-0.011886569126908175,-0.0629313497134277
0.0010956895015007797,-0.029480013649134572
-0.02129502857017701,0.027477094778479882
-0.04614482833769616,-0.04798832187732134
-0.02423369914788898,-0.11617757991624814
0.07266074804886793,0.047328250791788845
-0.040021299439015875,-0.008106654769096888
0.0580894181399947,-0.041382980229238656
-0.10708675922315151,0.09723425800354088
-0.03500939892832512,0.0826169183280549
0.0545116719806078,-0.040642541800503015
0.039522163455703016,-0.06287619739315015
0.05315384554165606,-0.027628939246469912
0.04632044811488855,-0.03725096078196516
-0.05827963752018417,0.11189391318077681
0.02011885978350559,-0.025004917051036822
-0.01590971222128342,0.06289470956799169
0.052800176812618727,0.052676703904008214
0.014557635298568489,-0.037867421482996245
-0.059171624476169825,0.05044805256004053
-0.04777100786021017,-0.06893434971993288
-0.01209600314674774,-0.016446009721142657
0.06367262488008253,-0.011907088842183736
0.07061992396990688,-0.04450214297947871
-0.09670195941037336,-0.022745842252469776
-0.04434472057358061,0.009256192417452916
0.05638550526170347,-0.023838209540632285
-0.03776789418502077,-0.03577701523765251
-0.016857230899700575,0.022539417783500194
-0.006313925327094826,0.15020060724628692
0.04404485423836284,0.011596693072502329
0.02364350368335269,-0.016871665659597773
0.09851319406281002,0.05659641303917444
0.016755761174177368,0.0730958451949566
0.06571925038713297,-0.05281907384106955
0.029126553551721134,0.02391933532338568
-0.02155696803426209,0.07760098009295682
-0.07880627665415338,-0.013448785693785811
-0.031976309781185486,0.009207585713503864
0.0025826274108781515,0.04366642832023698
0.0984667461880551,0.005832137761867806
-0.02113095862873947,9.787211929394163e-05
-0.03302557481656004,-0.05579857415037722
0.021191624778354585,0.009029842873194395
-0.058792519613546854,-0.05726800935786564
0.03414520880962995,-0.036916459566798066
-0.05396191639508841,-0.0011904302941905098
0.03696975638346221,0.022644710407190335
-0.025249476090468348,-0.010799055183260558
-0.021861431961727393,-0.08325058223112702
-0.11750418095251358,0.039676693997936226
0.05412199353136174,0.00965264838883146
0.11751805506012145,-0.03858872682015654
-0.11507541210485334,0.02060617467477204
-0.06356985060445539,-0.0077314252471284
0.0437427586035531,-0.030465185872510476
-0.01569924864032938,0.058933878350133286
-0.019966673245457624,0.014219936246153664
0.02101236017799762,-0.01945647789374156
-0.017756218976567064,-0.009325851357172569
0.00797218051191654,0.0358508947714556
0.029251466832606217,-0.0017366999958655493
-0.09902867201141943,0.024592138269592737
-0.07792475836641723,0.03917073077578801
0.01966022199629853,0.007235776512351879
0.041194067759253813,-0.11153965462070344
-0.04437398426293775,0.04539962389146117
0.0433906904841153,0.038042769826592396
-0.023760822771137023,-0.012355083499353586
-0.004718737733418282,-0.015049043281209819
-0.030932530259912702,0.03721674820791532
-0.027274530786709918,-0.06577291679042954
-0.029530634399214356,-0.0933835245496275
0.0650465413415748,0.022356593563754558
-0.01229618768456964,-0.004707726774143896
0.1756626933440697,-0.008033707357424234
0.04386472273217587,-0.006505064061591554
-0.03555828908358749,0.01834062112173846
-0.009122216767706607,-0.07931471925611294
-4.688028097605418,1.0349788045979316
-4.136726824711963,0.7550957521714987
-3.505241000997369,0.6931861733506725
-3.11265055760567,0.5594632059968357
-2.605784116978596,0.3859454151559083
-2.0861706598004734,0.31673723635395673
-1.6444801912095712,0.21732327975462712
-1.4263328809969826,0.22556643437638052
-0.9806958899905306,0.21422641479307286
-0.7879763807489959,0.14014980042545624
-0.5267631416377073,0.15845415430478904
-0.3914309344057816,0.058473367643405494
-0.127222141701117,0.028698654997346452
-0.05593753901214213,-0.01697969256276119
0.08292754768870969,-0.023891049333958907
0.21086343813108405,-0.04597645587964517
0.3064059962317015,-0.04874188209579791
0.4615732864488993,-0.0506436291222631
0.5346662438386844,-0.051208106419956365
0.5740118058105761,-0.11857980456532617
0.5247095433013923,-0.15676136273457353
0.7479112178212031,-0.2002118382365198
0.7278999692926291,-0.18319690763718485
0.8334269214221326,-0.10436782307991167
0.6826540808749592,-0.17230429972138672
0.7671742805761805,-0.05203297775131398
0.7457155751709228,-0.11804853401064057
0.7702699716660956,-0.0234406566043181
0.7318596581076428,-0.18769845735784804
0.635572740154116,-0.18665512346264737
0.7506870405644457,-0.1241578334484987
0.632925981462866,-0.17036848635735669
0.7754876233302607,-0.08710401613411729
0.6802703835260682,-0.17415798004257765
0.6827384208919408,-0.1896790857066694
0.6748079023098347,-0.061533647457692686
0.6418479328842976,-0.12655901867325572
0.6417173072197035,-0.11018207812918308
0.5855225665045697,-0.1341010618696587
0.6287295754243121,-0.040938923955908396
0.4798606440836275,-0.09637706725258519
0.593433605909495,-0.1347480134047228
0.5401278272753891,-0.14512058898980165
0.505957705071622,-0.11923914918022152
0.4154440285072932,-0.12347692502551448
0.40950450776969205,-0.05970341201379409
0.5408046291205573,-0.04030860467624481
0.43092508804277996,-0.014189811171937357
0.2770735896138111,-0.12066715960517668
0.3283384056747961,-0.04437376154893837
0.4117154172182895,-0.011052917253674958
0.3134795200093598,-0.06125593334243222
0.3360572456766323,-0.03619797732285654
0.15762681414593752,-0.014442375160776365
0.36454105943784565,-0.061688694177168414
0.4337214918453983,0.012753185493303391
0.24380703068769902,-0.10078273849882464
0.16598386714893737,-0.046469466197569476
0.1740571843480366,-0.046350345573828944
0.19030198652808555,-0.034530797824372794
0.21260313811326836,0.022861636594651874
0.21726644542918738,-0.02627652910445593
0.09156454869570245,0.001966650924249136
0.15141453497986881,-0.10113159037103119
0.2657514821470781,-0.07170320259674322
0.10216724354422542,0.0069203363841169666
0.14419682420517993,-0.06570564409964508
0.10913608900831895,-0.03290751994834969
0.042289613087888575,0.03828149670854092
0.13716875261076777,-0.02076784850491315
0.14035841445739422,0.03615991093673782
0.03600625312827759,0.045630230017462484
0.006345925526462445,-0.028675112146792577
0.12069074498861476,-0.06855782056630536
0.06564330747511334,-0.07990141849455
0.04732711332463461,0.008563823410487833
0.17093873353544828,-0.0005950803729512719
0.14871404191067952,0.030618844099730837
0.002389804402758898,0.0037780303457593464
-0.10501620303395964,-0.016664314827597143
0.08553296891867243,0.020509413865552238
0.16305963544114693,-0.0013771725503913673
0.012360191245422602,-0.0025689480126848893
-0.04965005080291437,-0.07668671971193142
0.05006314049720005,-0.02384050336107768
0.00886631742686985,-0.06289918323470092
0.01341324315443284,-0.1264869808830336
0.04766024288797019,-0.052960618548091344
0.12266122380331833,0.02692619572700862
0.02680271095429,-0.047460987718248755
0.05732927265858398,0.03194576333012028
-0.02088639427276174,0.012536675381281049
-0.060910902572198666,0.06275633142137242
0.03473349738927238,0.02981258186782513
-0.021958585673697448,-0.007954388526531136
0.07167680204371096,0.030108198614222377
-0.005454320335973716,-0.08146678789318894
-0.034201787403631355,-0.03886017586857674
0.041726165121204986,-0.05841967807532024
0.09055308581621535,0.027802347664178696
-0.022722952256224654,0.07754618708630265
0.031974046836169195,-0.0911066345711036
0.06377385873442652,0.00966370731750536
-0.029959024973477105,-0.06385711172261706
-0.014166535251305765,-0.00033181033517128145
0.06638300046762315,-0.002986730308653516
-0.07293390007893254,0.05262616114836105
0.06940806655360313,0.0045367106963269885
0.09546049969989004,0.07367357121652945
0.05153919290782526,0.03599561052194758
-0.0056400883912746495,-0.023263804882157593
-0.02761126968484194,0.08259015232503361
0.0967877138694439,-0.006624199265224111
-0.05870127823729153,-4.8739828885337004e-05
-0.11948677984296563,0.01393899289597434
0.014864635331957022,0.06714385242580741
-0.0561141267381102,0.024518311663564732
0.07411613493944871,-0.047003696914812605
0.009429652552959043,0.03172146986541444
-0.06279781418199083,-0.0930210188281127
0.005105646178574081,0.050998438868341794
-0.0810979064717752,0.01785445910658112
0.02804097878147532,-0.045728548317262266
0.03140143438369178,0.03036922103653049
0.03995683329509765,-0.048314245078101545
-0.0615995419935785,0.028245732214543837
-0.0047255984782265045,0.006011140364221408
0.0569783116789943,-0.07953245928555429
0.008269447321226996,0.052374166895218004
-0.03205530593427172,-0.05999619396247273
-0.04869829938000738,-0.03233691210698914
0.0922104465884449,0.032319787778534566
-0.05259374616389144,0.0024663331197912414
0.05892159764736332,-0.07657778657334534
0.06136454279074974,0.025295941605289963
-0.04077665457529815,-0.0517618069861102
-0.08455161584467707,0.01746656655962872
-0.034769787174210046,0.039263306576265034
-0.04429751856456681,-0.02065829956679887
0.09738432333380152,-0.027636479234928894
-0.06557023693799238,0.06867995527938413
0.017993988121068342,-0.009572770296800473
0.019742011550857697,0.017228357785598856
-0.048661990160117026,0.04195321541659144
-0.016860883872444568,-0.08752405535100019
0.017013655719976248,0.009322250926112184
0.05660447325120126,0.05809909449003736
-0.016092115278987528,-0.010476849352066187
-0.024581632666162416,-0.03504862975854301
-0.01146116785454697,0.09307339052709461
0.07802567267430612,0.06244076587018628
-0.023791483775932216,-0.07736696907733713
-0.031495723438141505,0.049886587443836526
0.016197456688075575,-0.011794465792664495
0.04465411503047848,-0.001908961001387233
0.05128826076465905,-0.025432279940132724
-0.03801809211360146,0.05305151674867172
0.0330821438735317,-0.04489199420323765
-0.09576536704378115,-0.026097710826509524
0.029760362761243893,0.07503333199942151
-0.004933706121577189,0.06363161195077742
-0.00518159369516151,0.01249959139837891
0.03464622922196419,-0.03399328796679024
-0.15915689107785813,-0.018822450052588393
-0.08036929881554572,-0.06197730539093356
0.05751508682353278,-0.07733452091531134
-0.04787788644304361,-0.0229861063659015
-0.01690060999828117,-0.0006393252058611238
0.049648759858519464,-0.06039812759204132
-0.01776738983282523,0.0009881541646702807
-0.08680404803251865,-0.09191628220263896
-0.03404273363189714,0.09197760668502693
0.08647590376766748,-0.08298894087156652
-0.1508660195053267,-0.045836812234843954
0.06088087307285008,0.04983884478891222
0.11639425077363119,-0.0010962648449736254
0.06049665620052572,0.02709428657780153
-0.05090517147363849,0.012074872654380682
-0.05804154005400392,-0.013093255450378552
0.032735079660668784,-0.0161887030506639
-0.044846415652930266,0.04931244351454915
0.14193493364489312,0.05465061838085267
0.07584680304291398,0.11105973577307127
-0.09479834011539998,0.04628146372710554
-0.044219017446145654,0.016679308438409493
0.004243715706565388,-0.012641509634503074
-0.05399803231288579,-0.05323384168759507
0.010248793872761999,-0.02806912339051998
0.0461713541174726,0.024417980857819165
0.06229728628878219,-0.023976866242565197
0.009871430229330722,-0.025080091542659368
-0.05960255470750548,-0.0554031262343721
0.02506567554327915,-0.05158123547075648
0.013069390891308501,0.006854879679054394
-0.020551587520250776,0.015396113687676113
0.11758653920669007,-0.0002944382713174695
-0.06256956244131719,0.12030205628803502
-0.07620589076022935,-0.04309208571576585
0.04234098766616637,0.037916494360102554
-0.025142556203872263,-0.03526601090103003
-0.09708755962256695,0.0961020927018192
0.04466325548133944,0.07671525413522468
0.0567505439514164,-0.09404031941019723
0.05650402836978746,-0.015413832446864603
-0.05524474156468828,-0.023729814620589762
0.0014992309251926914,-0.03044702791302647
-0.043870534072494353,-0.035248389335481335
-0.03912661270949699,-0.029275967106646324
0.082457305792414,-0.014336683104830057
0.05082683027565809,-0.011705221544333365
-0.012619813470660417,0.055519027885055784
-0.05783081634966792,-0.026183497490422303
-0.04803743767462826,0.03699264035106084
-0.015401885271315217,0.046969610344373094
-0.0270030130633793,0.10452458280086713
-0.016212735767052275,-0.026856504410786023
-0.017191580882462823,-0.026151190038140513
-0.05515454321685466,-0.014914423785475566
0.06216229592589401,0.05281316430576298
-0.08735808974650808,-0.021510173347572034
-0.003441539709352126,0.11588580078852834
0.09222706004440079,-0.12527253439576938
0.012446409966298613,-0.022507782681917582
0.050674857397115775,0.08483846424162841
-0.11648646098501636,-0.021552554152558474
0.14100322548215088,-0.01740772732510158
0.03036653118426448,-0.10169351893500231
0.08033530556229228,-0.040405942600796774
0.023944522740416918,-0.027088969998182486
-0.009146618178573863,-0.008158456036555434
-0.06649286445809992,-0.07481092779935893
0.04438366245222536,0.04181935840573564
0.06076628389139314,0.0031369332198343917
0.0911302714987128,0.06506015750638154
0.03432570159567665,0.004220329830446585
-0.07623629301000258,0.029784460199833968
-0.037409631267789636,0.12023498894916299
0.050271130232961043,0.0948988774278618
0.056864691880729235,-0.10727926357050446
-0.01653843718267875,0.07969333774851305
-0.009365727841468833,0.012398087685960039
-0.12236759216465512,-0.05946276104630304
-0.025113957613815865,0.04946127710865601
0.0010430410342232802,-0.03577102271797314
-0.07606744854658033,-0.0006387992209707424
0.07275468443987278,-0.024328110084537627
-0.047090480550738986,0.02208542363642575
0.05891163823761661,-0.01879408512294933
-0.0053465850433080065,-0.027310046376523654
0.033444691745821424,0.040008963464967365
-0.06810351790439305,0.07316793765538127
-0.020794144862948966,0.008259920746151853
-0.061907444020807605,-0.009179845987780131
0.02657116678794735,-0.03781430975379661
-0.017243921350068116,-0.02917107051790382
0.0430941135389314,3.708577304577243e-06
0.027653999599233023,0.022020177301219072
-0.05244812723125955,0.021176204276705475
0.04895521273886059,0.036610489393583925
-0.034294258695161305,-0.03469078982844841
0.0220344360014732,-0.04599138398654716
0.021602634213420773,-0.06346598099981118
-0.06930180341157596,-0.11837457060057442
0.039569690221013254,-0.05186855140489402
-0.07492987835501837,0.08052150718174646
-0.004312249020405164,-0.10171627222441727
0.006046749577639907,0.07688183590420837
-0.02696173849199763,-0.010641519521876981
0.0024018106504787168,-0.03881988802148457
0.027305136940887115,-0.027181507117631794
0.00041809329360735156,-0.019904927040092155
-0.02555051379873195,0.018938243911639886
0.0031370373072095066,0.00502928808519441
0.06316472344491905,0.04590622363817475
-0.04189264185031007,-0.01254424295917701
-0.1206837046767923,0.003113777670661509
0.10362188732610991,-0.022323616220669334
-0.04028187599298842,-0.03664623726158957
0.022848043192932474,-0.003645732653860048
0.10121497105251359,0.08299177916582179
-0.045711319868937575,0.0010947491486541436
0.0743177851056936,-0.02115739401632865
0.039720109959231545,0.04752473437189326
0.00873721204456009,0.026063825087535603
0.029115225575750962,0.018575825100467062
-0.06237317189478504,0.0651130024967561
0.08170888295452543,-0.05957510696166016
0.07904376697917449,0.10391567646073614
-0.04200036844703126,0.08757184977149919
-0.013459264966997434,-0.03557942145968482
0.06555425023591291,-0.0056326028933955784
-0.011292737060996403,-0.049799988433624674
-0.04308338361534785,-0.00564944609415602
0.0616522120147881,-0.06819733324589657
-0.022559223019215806,-0.06849391262905628
-0.0515413399080754,0.040817970065322
-0.05434444642632783,0.05705506964023743
-0.04780649662758164,-0.03333854967642217
-0.08580137559828789,0.0536230488618256
0.019653124804842582,-0.055861253443180874
2.2357652710993747,-10.610434981464529
1.8733714791262281,-9.175855036718417
1.7008884551514651,-7.736478221981571
1.4259014470260731,-6.751096510304161
1.2730833387472367,-5.577104076233403
1.004238338985704,-4.747669300017017
0.8179512829735898,-3.8453428103835585
0.6323506217518422,-3.2082262828796315
0.5481775597423538,-2.4416881997998363
0.4010773227718472,-1.8137830836041005
0.3678638877476973,-1.2755963049398145
0.2145623897579631,-0.8282081347180851
0.029957313443624067,-0.3717956550041449
-0.03245846333772278,-0.0022255127569821495
-0.1178196237157423,0.2859469774606677
-0.10865344785919133,0.6142158171046395
-0.13679216561877233,0.756031416812416
-0.16385109117261262,0.8524448653862877
-0.21853394993223488,1.1809666759205264
-0.24151553959036168,1.3185217591279295
-0.3021368238454857,1.363857003860649
-0.3702032175167372,1.4767379718576161
-0.34801786564872167,1.586110037934243
-0.28325702633375277,1.6655136420007723
-0.35115237044202463,1.711432880892509
-0.37147825017482267,1.6983379929311606
-0.39130471875927275,1.682636819325129
-0.3841296218610296,1.6108068312566695
-0.4431893230726158,1.6282626725276532
-0.3528542986101553,1.696387267982056
-0.32475218564014763,1.661811897652209
-0.38955125033413274,1.6417050638638577
-0.36147141299727953,1.533863689824867
-0.37300800896132663,1.5567630901915968
-0.23634289971643374,1.521297468852898
-0.3492681064167788,1.5135332965013042
-0.30985757584908774,1.3741977073799923
-0.312398111303659,1.412508582467955
-0.24117299798303,1.2944132077616204
-0.2579766245363129,1.2946873895706192
-0.20332330353150677,1.2364774781154446
-0.3263696328030544,1.178834927257551
-0.3335108106964779,1.0748360042002487
-0.29768038489020654,1.1478205875445182
-0.18057674185782097,1.0958001392322012
-0.22048779784325317,0.9698764025033606
-0.06954587060891537,0.9801259400528244
-0.23928485021218643,0.9984963893824492
-0.10663491440085986,0.8985125454300459
-0.18113464689958728,0.7787500275674212
-0.18454765383490512,0.838745605068706
-0.1863438972908595,0.6730034112902045
-0.10908111735615628,0.6985624350109974
-0.16915585193624777,0.6334951691965701
-0.2234078622562961,0.6033006845142233
-0.05288795451602849,0.5505960193482262
-0.04394896907752083,0.5102330823113296
-0.2716522702835707,0.6474325200714122
-0.058405035431915275,0.5039261912486735
-0.09478551165501761,0.4190541620308908
-0.06928667928709921,0.5493079753782286
-0.05039478466022651,0.3642731602198271
-0.09047192291237018,0.47223080150445684
-0.005410381887031045,0.28830990149098007
-0.0215132407103535,0.3873943648019295
-0.09402644285697491,0.2666994631716341
-0.04919596872616467,0.2896210980296848
-0.03303276565199291,0.162885856747207
-0.0060559017469876825,0.18586819363227092
-0.061522782297103035,0.28826193411237705
-0.03379328604932707,0.295272812167668
-0.12348967372543954,0.173814501513277
-0.07720259579426017,0.050619584741266266
-0.051250649077407465,0.22321716473136977
-0.012111808685514366,0.0884410731419632
-0.016334549125069337,0.19557538556236467
-0.15421517238177843,0.14898425271220073
-0.01399145079666389,0.06766817974307644
-0.07664481794248205,0.10750967291535476
0.017441907345894722,0.17430737630157256
0.024946635297942263,0.005671685590917158
0.043944820713048324,0.12500113346892186
0.02964461922385283,0.1533355846139534
-0.065177064078448,0.11827491591923613
-0.12719535332847406,0.07176711618471808
0.0052510846240750204,0.19010897431259083
-0.024293778629618703,0.11211486599181905
0.04847661137025797,0.03690636311355455
-0.014467707996530701,0.029999238746967017
-0.009064574576501115,0.0780213035426155
0.004321053546428385,0.023300626846746466
0.0051923172379731855,0.03536181225266254
0.02488792167522945,0.04853223419420939
-0.09927835941554533,0.016346053406975557
-0.10312098399682125,0.03520776408366624
0.01791789682135923,-0.0019550077528672355
-0.023349091250823163,0.06465654917926571
0.10405700917721557,0.07060990264039643
0.014183517683090343,0.02971307555862181
0.04130423270836755,0.033720843420312535
0.016718835353251988,0.08291235535697158
0.023297129691822727,-0.039600664657572206
-0.08116464574170434,-0.007794785020873529
0.014093870310975688,0.03919267180249348
0.06544865059476024,0.0168562185315919
0.020741085099684295,0.006810852224684501
-0.10702153611791394,-0.0963286579921325
0.01936934464715072,0.006649862517515818
-0.04849602098118307,-0.0009824850614223437
-0.015107601837939848,-0.011664900699918662
0.054310200385500995,0.07787307311321934
0.012225975299213267,0.03353369090529723
0.02474325951432748,-0.032866438676496426
-0.014869248675987408,-0.03503818594211286
0.0365004333156936,0.010554256773227653
-0.02068470220264226,-0.06474323728981256
-0.04541633983214462,-0.09053025094722256
-0.04267774927824779,0.04076599323963059
-0.006267858909861014,-0.03744692834398694
-0.023727644576671633,-0.0008565137822809862
0.03016286660961208,0.05142923950836916
-0.01710477940191745,-0.08958152533176214
0.055128209531809365,-0.0446080657709403
-0.007105786245522261,-0.026702489558909363
-0.005159632261590235,0.06924987752249338
0.02371434861947876,0.04995104613528717
0.11586598180209802,-0.053213032451950235
0.03344161203166346,-0.004681608470277987
-0.0644896303554683,0.018455648251932744
-0.05678087789579425,-0.043581210376043136
-0.008227525423101761,0.01002838986865966
0.08183347219711834,0.02576408470883987
0.002241910868332326,0.036888938764200116
-0.055846262798654615,0.032788750637079964
-0.002784095137834104,0.012671047037814654
-0.016319724283101373,0.14790711322191358
0.006453826239174948,-0.020019765865888963
0.03608830420213941,-0.021585455506894478
-0.0771493136241489,0.024227725495516755
-0.08365840399975798,0.13490449514842243
0.05622306543595265,0.02669780723472935
0.05930101761020933,0.01562528347206835
-0.031473037218690096,-0.07909587076862853
-0.05656523311573659,-0.03216761794573252
-0.0016746283933026023,0.026082206675834448
0.05730086821552626,-0.04886897206990265
-0.028625740874499928,0.05751551720126384
0.032579397402589416,0.018480778326357004
-0.062322220612186036,-0.04298883369136246
0.060979213825042254,-0.08496802050147385
-0.007969892641254297,0.01958025543347806
-0.05976361422197612,-0.10382462849710461
-0.053643855433777254,0.05382090632163358
-0.05299220133813533,-0.0138808308178711
-0.07349910345998015,-0.05553230085000905
-0.0031913705225747498,0.004067526110488327
0.01736982295003299,0.039793970426525
0.012186884155154638,-0.07388425125029485
0.11726418570501879,-0.04919886570446936
0.03506384106416187,-0.020002118838958242
0.03569096365013816,0.04626096602871317
-0.08187245997551973,0.027928404048454862
0.024149486054250338,-0.040080803776328125
-0.08374827113502491,-0.013278139662479028
0.019468017836306913,0.012761757497264131
-0.09567972190492771,0.04112255650982802
-0.011349003223671595,-0.029230599362312298
0.04926680984356812,0.06237569189140219
0.06079834000837538,-0.06917905769812775
0.06521770982604717,-0.07145008208858661
0.0005271216911370887,0.0015165790844361253
0.10230505143517485,0.024402086879746744
-0.048782984748019016,-0.019234469614364445
-0.028715583387558398,0.12021785037340703
0.037696522039354925,0.03118059592131448
0.02571173564168361,0.008785367500171996
-0.023779047915759473,-0.06322555972211613
0.020581774521354543,0.09144161008387544
0.015108037588099773,0.05499108375672644
-0.08854691359344513,-0.002035605583164601
-0.05406553874935713,-0.00993199989987064
0.046347478024276745,-0.022399503377434744
-0.04364941567928819,-0.01377486918031025
-0.035667084911424715,0.0060712517378531256
-0.15921145154553742,0.08991031616710399
-0.011510706781406782,-0.05204885626058002
0.04071851281793866,0.06738239651799299
0.15404922626828987,0.0007273082222533193
0.004413126723680518,0.03301286285200733
0.004850252857562375,-0.0857559068949936
0.08416328605750273,0.007753303727236753
-0.039506083363865255,-0.1378324594043028
0.013414737695703914,-0.03766713716059026
0.101577981009172,0.05576737451242412
-0.06073016948398008,0.019922116086843373
0.03626995961541103,0.006596471922924011
0.05354412142042335,-0.04071154733873988
0.017513086832002353,0.07153116828749997
0.007056566313684821,0.022403291961998226
-0.03818205211311788,-0.08211758365236996
0.02658000870163988,-0.01591938310093883
-0.0031270574663947647,-0.02776165482217201
0.03812730360448456,0.000907732436760518
-0.03793768172597387,0.12473615992731865
0.02358825694263688,0.005628316948566598
0.008632323103734567,-0.0930698726445801
0.006296557051440997,0.0018684547483980157
-0.04348129307112068,-0.028223613286446254
-0.06535599321300936,-0.0880031470379936
0.06103286795849764,-0.04575713072036638
0.01264346779556116,0.07825049857741212
-0.01982197091625972,-0.0008883343653961796
0.012226317284027203,-0.14896752844539032
-0.0015462588643635894,0.03032931074215362
0.02308071207517173,0.051163398640636557
-0.014261263659635705,0.09901229389645318
-0.04946372973152581,0.04110911723725443
-0.11404422926359055,-0.003476288817011043
-0.1067170394043506,0.00033517357348563336
0.04905488426416263,-0.022146322369373986
0.02082416364930418,0.03450169273183976
0.013870224957625615,-0.019605634496471472
-0.01742967201894534,-0.10301649883248042
-0.005514332818943438,0.004083783474558806
0.1500616778203138,0.02942189987908065
-0.021681160976564053,-0.07179148505222652
-0.030030495144482645,-0.026985902365878785
-0.09883084621435068,-0.03984868263141046
-0.00010695792706877719,0.013104128329424085
0.05724579196257807,0.09900890101826242
-0.0007779777300059056,0.05733654735691963
-0.0078983679401354,-0.040522880398637995
0.048983078184678064,-0.010760527518734112
-0.03179419818393775,-0.035182390367968865
-0.017445961895766676,0.0650806872561297
0.10419186550423787,-0.0383136625290775
-0.06764545991971128,0.09154613674701775
-0.07616408557631538,0.020303904901960216
0.05245110457503406,-0.05678734873303474
-0.07726479081046589,-0.04875758920500933
-0.05431532364640342,0.0538926700527476
-0.0006459924797070221,0.03963657102859628
0.03297578222137291,-0.03017286595508961
-0.01754015948563665,-0.029447887493036826
-0.0351122800601176,0.10287796580246206
0.032402206709551705,-0.00209773319608986
0.03351942143000255,0.035363893895731524
-0.009947805874168086,0.05286400098303887
0.016523283079762988,-0.03318272888332456
0.10046979897501307,-0.052595228603363006
0.038905380230960865,-0.005859677691883303
-0.019996832991776355,0.024841595622822295
-0.044449115647874966,-0.04114541882500569
0.0263855652298757,0.07995491783601483
0.09500154512555387,0.0081833001410552
-0.009309354640974116,-0.11474189588747359
0.09808368473421972,0.020744825762094486
0.035095990906000345,0.0787957551514712
-0.04876878878683455,0.013053110718552714
0.021939307388622643,0.013190573536014022
0.03239885354746936,-0.048747179497890224
0.011087267537901027,-0.06243930934910742
-0.06299792676112857,-0.01364328854989981
0.0687920585716723,-0.08683142625527146
-0.09179441651368633,-0.015051619373799402
-0.08776333074331993,0.15543741030012287
-0.05425967280811534,0.004363169940763896
-0.04576670519014085,0.030241913996219366
0.06914953129537821,-0.021640786668848982
0.08811256239719074,0.053697208093132276
0.006903533280805874,-0.031901768993800164
0.04171876782846655,0.06908698763434629
0.0033048665119592945,0.06923130820152394
0.018960598742209532,-0.02552393438690098
-0.1332604230823478,-0.08839974728747385
-0.007236162649733476,-0.0478473992885466
0.0666269463746986,0.037179134152072135
-0.028018337812976385,0.07605082892395801
-0.009933346765527633,-0.013924667272019405
-0.0012252388443369545,-0.07048829402533532
-0.012985940331053401,-0.02286633053187445
-0.09271497888540442,-0.0042285316453673
0.05340494886228471,-0.07251105055478677
-0.16489529026390695,-0.017635950833366734
0.02238163474069975,-0.13174370189036552
-0.021880726060906387,0.0836001954584558
-0.09071523712606859,0.0899572760876359
0.052402104029270105,0.016867879158398883
0.03698609678144181,-0.044584044806746236
0.033191725347134646,-0.08217065341584555
0.008689927674850457,0.03213570587066918
-0.018632513810793474,-0.012043859255781395
0.03567355417674601,0.0935104731619129
0.07541711788889444,-0.08662006505638929
0.12011501404829505,0.07245365080482201
0.009142047613751328,0.03424452062942799
-0.04068678975336712,-0.013774731577875269
-0.03852247818382176,0.02054491944423146
0.13137846928484048,-0.032698217607952176
-0.018437120950177383,-0.009083117306248277
1.5214592591883043,-3.0753534572627794
1.2870713868510326,-2.6837452783944946
1.3313573540200827,-2.322308429027569
1.0461755206918728,-1.9354585360302627
0.8964708649386227,-1.6533504954211398
0.6033316186455331,-1.3676763276793726
0.6364929061003773,-1.1139661178549178
0.4198583563000876,-0.9432654152076092
0.4377634178438187,-0.7449973290351605
0.33211877127772216,-0.48679879617566024
0.26651205611592116,-0.30616815294541894
0.0813663744351951,-0.3524619974831764
0.050855018167933426,-0.16763337796168193
-0.023534873165124565,0.01975403337414442
0.027412878333747386,0.0925877572263229
-0.06314212980741961,0.1326856987620356
-0.1302134130268349,0.2581616144633988
-0.15401706922703415,0.24296781612192137
-0.1564537530127831,0.3604980843883204
-0.24193556015862533,0.4472880677190111
-0.26939263977809486,0.3341530878749201
-0.20791098622202475,0.40642285281954893
-0.1888656938298297,0.42132074623649407
-0.20045201286339656,0.5163587170660008
-0.2483334438955414,0.45050724071611853
-0.30012903221618414,0.4801434974917833
-0.22663887902145385,0.5134085207358315
-0.24129888568161553,0.5268045070269703
-0.33455205591265386,0.5109069299243965
-0.29745860944528135,0.5468399649405751
-0.19460839352728912,0.45855809678813303
-0.22207752854763782,0.5003720419949511
-0.250594042637457,0.5189552293426898
-0.20344419362756877,0.4370378603500131
-0.16367319530577346,0.46437800169188215
-0.24671140784539797,0.4171736144854667
-0.2735633800045427,0.44527258370045064
-0.1339059694681703,0.39216225820491923
-0.24540084827099395,0.3819393220984748
-0.1746777438816428,0.35845788906525267
-0.267208026740844,0.3030109186566059
-0.30539002854651803,0.38531106509591206
-0.1813673909729925,0.3465368314654578
-0.23065862676921547,0.34118316365789264
-0.19162763618402917,0.35267814489769816
-0.08372081332253004,0.2830843062065705
-0.15578717693299898,0.24827046637592462
-0.022261781226081342,0.17567161218371402
-0.13540800642311787,0.2967952987055139
-0.03390316141122565,0.16097260272088698
-0.030973700931334974,0.22174537218943274
-0.14828240523297515,0.16743067700743078
-0.11977011445523336,0.31824144876502286
-0.113872755690148,0.1531622030814682
-0.05877257885386848,0.23359712076731853
-0.05484727282014734,0.26767625145919277
-0.16564399455264112,0.10062568837247987
-0.12358031775224465,0.25280238916196923
0.012634025808233126,0.20086328593162084
-0.10365819541989658,0.07718667937514159
-0.08160482189414651,0.1341983017771612
-0.10116238761904697,0.10850614770724411
-0.0846014228363225,0.08583327553964544
-0.09961301798925329,0.059730905322112296
-0.07879979540116402,0.1093147179012271
0.008557568100901351,0.16168316481181977
-0.01918444070716257,-0.00209652957689041
0.060196135731382674,0.027055421944199423
-0.035002831715552955,0.07630381977512399
-0.13063866454007872,0.02350616699453458
0.01222922300261426,0.0578077719575241
-0.09968031508171032,0.033681539133206144
-0.11987276657657323,0.060709859038828036
-0.019562538105374498,0.029848461671177263
0.03415284057658487,0.03226392755518111
-0.03834557646819681,0.025723081230430232
-0.04731491817989315,0.09044907484481632
-0.08494638472047553,0.06707904219079566
-0.03295233357430436,0.09413316894707746
0.019810717614479098,0.010659172739696812
-0.05732072763580308,0.12374096001777085
-0.046221548075200486,0.07489376204001555
-0.022769416504277152,0.04867874912291249
-0.06511216191496907,0.030242766339625034
-0.007658727847387461,0.05853954269171592
-0.009452763858332807,0.04005863375466068
0.03269626844155999,0.1221368084207567
0.053716409045896585,-0.029900760152364644
-0.09266902500470041,-0.04956793773077405
-0.014542464380760952,0.021273945150415783
0.03647479068942769,-0.035097642587440775
0.041770150090359094,-0.039704148098557296
0.07295321505540185,-0.03081392874870897
0.04786006400397888,-0.010657237930471308
0.014499250023338597,0.07979376103091745
-0.02133357578030893,-0.016266479491961094
-0.06452250559001138,-0.04852808913013551
-0.05148369992717286,-0.0545255584748437
0.01384731696006583,0.11757984536793076
-0.029381818035190882,-0.070482656119483
0.09930201071914069,0.06079053005125627
-0.031000700022039973,0.04212364148228901
0.030401325302119097,-0.024010486180803745
0.01208937831694508,0.027799539016794068
0.0030954752443589748,0.005208383219631053
0.0339501987972869,-0.10501825379550268
-0.08190839129740136,-0.03948511355330996
0.0071464082464920385,0.02690442768045853
-0.009716739056841638,0.05725360576121514
0.06111003175929284,-0.008608728747174688
-0.090037960468492,0.009069197927038721
-0.05564736713838481,0.008510415481075527
0.05145673223630564,-0.04393441449507725
0.0010525778678239402,-0.06556834297633392
-0.029163202849895653,0.05569221298100202
-0.06913228510851654,-0.10592293696630942
-0.00800877937613828,0.08227877768054463
0.028937520529643358,0.1121081579118045
0.008147603526868118,0.008633275156544697
0.07977390029811468,0.08275179705592249
-0.015862095009898918,-0.038993026601449224
0.07621427195730734,-0.04108877495517139
0.04829805416803873,-0.05656872004166689
0.04675475958641676,-0.08421069877592222
0.033768299615436814,-0.01158629938429485
0.05914510239003817,0.06240953151800588
-0.07403728935533846,-0.12308547742204404
-0.04053070479608563,-0.01115093871920878
-0.06390862172280343,-0.0026673920690530144
0.06742214522105305,-0.012478868156839004
-0.03797251075517728,-0.05211916228648604
-0.028935957708413906,0.05664904952452613
-0.0346675843088857,0.0402776173056482
-0.013986258233000714,-0.003570458822978165
-0.018432865238047172,-0.1382128114049834
0.09249588812885126,-0.00908761684560842
-0.0372915041094746,-0.01627771259390591
-0.07242491299212314,0.1125240061557796
0.00991225431801216,0.03774534711707472
0.0273083316513568,-0.017154534098368902
0.005181369215696785,0.047899284623152696
-0.0630187736256473,-0.013115687089501171
0.002997303756181442,-0.019214338628319092
0.08340443948660338,0.03352666710212339
0.0063814321972158914,-0.022025602656266702
0.0846428060705046,-0.03326744823204414
0.05449594275943284,0.11041598891336774
-0.08843282457337862,-0.05118870527017898
-0.0052614931233691655,-0.00011122799001042107
0.026814881333355002,0.06340419059274692
-0.03663942025236508,0.031249596734366274
0.04382078742102177,-0.009750751470688143
-0.009943646513303702,0.054803078428345295
0.08886115433474093,-0.014942818192344182
-0.04644244138360153,0.03461465923581922
0.00434397628109923,0.039462681412400544
-0.007709034735171044,0.019457981267852132
-0.07754912493619112,-0.15036103535036036
0.06987700399088104,0.04059345288330765
0.008577958031825435,0.04066914436110079
-0.036382540398504165,-0.06315901231642919
-0.077420135569752,-0.07196365160960454
-0.015698027459088913,-0.013416053840598519
-0.0672595587215878,-0.019898499470418822
0.0015924459688662746,-0.047020405208414266
0.017632921929075937,0.10193058967560666
-0.0037019576076899614,0.05535711702421171
-0.006143108178094578,-0.04017087534060777
-0.005019940211546006,0.010458504396930263
-0.019829480465209867,-0.004350765843676642
0.14391115607438823,-0.06679175895401528
-0.11137824694781537,0.015421183895703397
0.023141373043246913,0.0014453164496190255
0.04672552487341202,-0.05316941349198229
-0.023186525303884625,0.05531558352596177
-0.016943294806640086,0.08488322718097638
-0.08207668468699127,0.016064317792546662
0.02314258054226556,-0.024199393169849683
0.0005346205728058284,0.06935608393300015
-0.03204778925099007,0.028314307340607053
0.013346584791217723,0.01825195475265733
0.03260445452111179,-0.11900313788495523
-0.033565113955775265,-0.03596951958096394
-0.035228973570647845,-0.025290252233818422
0.025032422227627776,0.05380088193477755
-0.047333479952399254,0.0012045946597785862
0.03665778301437013,0.05709121585236807
0.09977580220315958,-0.017516001572705345
-0.04172421561441297,0.012277480340084947
-0.025904749496082485,-0.11358415221449977
0.04058486248198659,-0.025973947943895296
0.0856077128801419,0.01209739951328712
-0.07885681967833111,0.05877189237625182
-0.0003553712233545607,0.03275023893616608
0.05840467053258051,0.0017880060887938516
0.014113583172477843,0.033754691836675114
0.1043110399833028,-0.09427949411773712
-0.11037264765047945,-0.003917061726418065
0.0008832682598473708,0.06288507821326837
0.003769257643536656,0.050189896177622144
-0.06268354154410923,-0.07267164577338915
-0.021779419377603894,0.032866941282710505
0.042982186459278884,-0.07536771453569704
-0.14267578329495653,0.07387662666276239
0.0026705382148853873,-0.08871539527924574
0.025338726344234886,0.06367619371650353
0.028778054723198377,-0.0334927626405558
0.06863256712268463,-0.06773106354330782
-0.0029481159357443755,0.06152256373173118
-0.03090265861522945,-0.033037232500952175
0.0004105081681272122,0.024577479725358294
0.04540726219966559,0.06725519589786919
0.12958851024048978,-0.0037176979319676466
-0.08301897708773381,0.01619506460199886
-0.0362341661949446,-0.05741058307360449
0.06542807914600145,0.09691575376692849
-0.05286288246540812,-0.027309250166634685
0.03301245213180225,0.03250284065586083
-0.045592655713917934,0.03853305689020881
0.032164101240160656,0.04711284491285807
0.01673162849829298,-0.013793471929545158
-0.0051382289961462635,-0.01558286959536706
-0.0115277374394645,0.009926695543847099
0.0046144506396158715,0.09680602446383763
-0.045179160789286944,-0.10616256485086237
0.025445978687638326,-0.04722666324056206
-0.0020689354063015268,0.08874369531637727
-0.024447717880895545,0.019210093730179272
0.000378853452583771,0.04647054116069175
-0.05410618026260463,0.04528678008777913
0.08697964337145465,0.004842344490114905
-0.07454498231910522,-0.04118339464747906
0.08556390630214654,-0.13047184707370402
0.04316624904790754,-0.05120275833575595
-0.07790455346493744,-0.019116875134822638
0.03649072955536746,0.06552508136964612
0.06957383725597363,-0.0593352510549061
-0.08114034977362936,0.10218452192780651
0.003513833156033849,-0.0070343837757912
-0.06098474948207652,-0.1615642148712236
0.08177776638943546,0.07742486068857236
0.04459007952567728,-0.10220571971649843
0.028148389898386122,-0.07167406343905747
0.010127612809740675,-0.011174999026493094
0.08625869998165031,-0.01906918174297233
-0.03505401782093122,-0.0657500936688785
-0.04318485731509569,0.022641241368517848
-0.005623125727902221,0.11706602442922955
-0.05031583924464108,0.00823364277860118
0.028025738952571655,-0.0746183751954964
0.054373964543793396,0.010995054192627026
0.030007673292873797,-0.023721596431215533
0.06878790332167192,-0.02936363929358255
-0.03670259507911594,0.03175181524771618
0.04353674818251955,0.05674459502946124
-0.02338198771089447,0.015052871639309982
-0.03282901471364732,-0.07226765161746548
-0.06977815463617937,0.03411038939901236
-0.10463064310552528,-0.0010836156954677056
-0.012383617779730335,0.04245189357394093
-0.01197800926002109,-0.003874625702569812
-0.0025435515544629667,-0.005973691758036359
-0.05770297756336874,-0.01696472725368242
0.012864464284027592,0.0013858181962768043
0.1215646569791075,-0.04574193694959448
-0.006508202827582715,0.0434820224347254
-0.02108110684544447,-0.003280818988212371
-0.022853822834998285,0.012518433619255429
0.060208036870122605,-0.07566109894125772
-0.07160825709543962,0.03542168333587236
0.0039417231732498045,0.0625061118728677
-0.003819305175765562,-0.028615050038554076
0.02155979247435297,0.04760186815157956
-0.06337940927723422,-0.07100715851037176
0.01950750902480109,0.019268677848590127
-0.010413771625578825,-0.036040242809785204
-0.08203312351250647,-0.01914197653001162
-0.018821053444693387,-0.019483027960725773
0.012193052000467797,0.005149852496900267
-0.0699902994858616,0.029445092610057535
0.001960498119517335,0.02878578245765973
-0.021807615807578562,-0.007388021847679321
0.06723646721489378,0.041866753910274945
-0.026752530831605205,0.09323211034302424
0.004953146149836334,0.0176095612063406
-0.021859069840299818,0.04776470212270567
-0.08563642978153214,-0.07463964636763788
0.05018115010851258,0.03535366321924723
0.07186338349301541,0.011024932062019453
-0.0199260781847415,-0.02283815034201091
-0.005950759999612972,-0.035098693203469915
0.030586898038875647,0.10389760512314103
-0.0579068106897943,-0.029587076094041806
0.12800307159371652,-0.0003932385553888781
0.029441338372769202,-0.059323997668963784
0.05009846883722692,-0.06329808611172956
0.023874246882675317,-0.03538529244470094
-0.03934196978997696,0.09622200643286369
-0.06876676282145724,-0.04079548211790999
0.08058312902439997,0.025980475719983662
-6.39614408862515,-0.5079994905892621
-5.603098976318282,-0.4696635076308516
-4.83795016413737,-0.455265645979552
-4.203078994897562,-0.34244778358373157
-3.4858879154087927,-0.2804577583335431
-2.8034689813514513,-0.2350806784212007
-2.3604743985743193,-0.1708386751690557
-1.9340332689102124,-0.13550706559400533
-1.4957593085001095,-0.18977181613576571
-1.0104110346788044,-0.11548588036147975
-0.8703736020908494,-0.10196842321919397
-0.6355767770410674,-0.05226209925225103
-0.18474109916937176,-0.0061071191906405045
-0.07884228079084299,-0.0013821741259245567
0.06329544205608839,0.015404482378528882
0.3577590476136305,0.06075446792187525
0.5414055418210569,0.07904979469839885
0.6158718102928422,0.11827206801563762
0.6958943554419404,0.04241639619645518
0.7982235070980108,0.057347219134007
0.7965209527590926,0.01712073407107159
0.9310989220102641,0.04799641864994295
0.9370633980538994,0.09440297577506951
1.0438464766260647,0.13430405596806225
0.9794504719594945,0.0556787624613792
1.0568537346854912,0.11520993841215037
1.0239996478349471,0.02217567094445258
1.0306545759451362,0.0696768017551617
1.0093561366116157,0.0953182190273278
0.9886972563832233,0.06933718481094284
1.1040658101907208,0.08051140709144093
1.0538500942730273,0.11618636594112935
0.8841621884571768,0.12340172025525623
0.8885947984037562,0.05112465217844467
0.9423685214064323,0.12789992849298798
0.8851095692124137,0.057967626239972814
0.8441432201344564,0.09197244761624943
0.86405988537862,0.07020204001819182
0.7305662809675336,0.0064562040724789604
0.8497858309489232,0.09744814046693492
0.8764068046956126,0.12264569667527721
0.7297719189485364,0.05548798282408475
0.7677627615024645,0.06120488178246634
0.7598636643355134,0.041071524097381094
0.6762182878151518,0.054914985601054137
0.5954491493048767,0.032976525330193934
0.6016377713864047,0.09711430154920396
0.5677812529176994,0.03822459531072666
0.5539088765372955,0.06476449518890423
0.4869584380924443,0.016987705160335508
0.47929496169914876,0.044107116496821266
0.4509607501672297,0.02456444779152734
0.36509391726838536,0.05203081008403379
0.3954807727270001,0.016073009970179585
0.41189813899806943,-0.013624931082013944
0.333225481601799,-0.03958414550944041
0.3765378406289584,0.1252385013368699
0.3172068034927819,-0.02775029044979862
0.27605896389712997,-0.03262294713622911
0.292897097025491,0.036644945270747686
0.31637750504361883,0.025229312496836014
0.23305902333614129,0.05737151888649876
0.21637046846604735,0.04654121819817398
0.19270960200797016,0.07821769724651158
0.20476852584921182,-0.09025310572776889
0.09514405665698605,0.04126556271133083
0.2021199299085725,-0.1158759196539455
0.17788232505672094,0.028528871399515494
0.07410252411528433,0.13521298957438593
0.15125973165840023,-0.003047546319345989
0.13347100035015563,-0.07796969606339046
0.15391399715844542,-0.008743840641421738
0.16070686221645422,0.05157424660037902
0.11834532633345579,0.04347071464508585
0.13092986213091493,0.016750160898731156
0.08234197498940185,0.10172214610537929
0.09990954297315585,0.017037723917170736
0.11223383224830673,0.081075191411217
0.04788205671396129,0.07026139611100055
0.11517165688580093,-0.04884577278909985
0.03152546324983799,0.06611086373703302
0.11628006726498075,-0.0311561587370707
0.0469913773014792,-0.02562509411478273
0.06005716637725103,-0.06259436414596684
-0.007122653471981592,-0.07124695360601221
0.005773714800900755,0.03804168561468766
0.008621884019908932,0.0750717238271531
0.11020599097600065,-0.03303787902901239
0.06292328626633267,0.006616273006806259
0.032180582972482816,-0.049610571454862695
0.04979742383732528,0.006061013855444096
-0.029409354566860217,-0.006984617038935365
0.0653177846578138,-0.006423302806762741
-0.03371224247910409,-0.005703605827788956
0.10445227726755568,0.03508978150884056
-0.03248255627736246,-0.013772654879110103
0.13796625402202567,0.05079385836090286
-0.01467770907566983,-0.07203139278850014
-0.015045601053776536,0.007526512660381334
-0.07445817355444781,0.005137273425153771
0.06003828118577369,0.05829601346465732
0.05621683793672984,-0.045010304280065354
-0.034622615174244475,0.07990552157892802
-0.021532589102768264,0.0591769444962232
-0.04016758634598769,-0.032442818978941204
-0.08564434769473359,-0.0320937912160457
-0.019504376053564747,0.011670015253827673
0.05206262875067659,-0.00016040169338494073
0.017358187299700584,0.013416006605604859
0.06699282802357445,-0.01635931756318879
-0.05830872800513778,-0.00916711619247258
0.0034896487476319075,-0.061572615524598875
0.08252802987257203,-0.027143700543684996
0.028131279281145297,-0.08241758305833174
-0.03724891483994106,-0.038242645689410056
0.08522198925165253,0.07922911981096631
-0.02248803599172753,0.032850044592965325
-0.06616320305416576,0.0681965837739917
-0.014263693855657017,-0.09628411348443129
-0.028954091814264064,0.05848456747273761
-0.018983147408477848,0.09986622295932336
0.07429907491151826,-0.01152981467656665
0.04813406087365737,-0.1252378086583208
-0.0361725946643245,0.06808495084195018
-0.03466015776923151,-0.03261601174778486
0.004369066237181101,-0.044449058590226125
-0.0648213368667785,-0.004063170438729271
0.047239805793182536,0.06143370674536469
-0.03482724446746767,0.006687031459347469
-0.026567444638579945,0.018566791795199676
-0.060024196803503085,0.0011627128709567197
0.10966899800517503,-0.09757468436221371
0.037571832990324384,-0.05923049721344795
0.020074790268192918,0.020693595651918202
-0.024941379096135932,0.04013198479327728
-0.024625180293088498,0.041255972147561805
-0.10065554537668882,0.005192922184999
0.05677544945236946,-0.016801671352455718
0.0749213310460605,-0.028635803518590797
0.010383495610115924,0.04692941322143723
-0.05339909035337523,0.04549889564580814
-0.00880985508357223,-0.05262144324548394
-0.04843564666993715,0.013711787370056296
0.07792056424429447,-0.025057154685171196
-0.007310500585601626,-0.00442615332398676
-0.0911821401647692,-0.06899671995314528
-0.01503778367233371,-0.022817263886147004
-0.08021906279879969,0.009259024708453172
0.02309825892378626,0.01398717316502733
0.011711180472907517,0.0785787331585604
0.04996798296152993,0.07579092748375421
-0.03137122844320274,-0.030596517776182282
-0.0017366670966451822,-0.08389632406682905
0.017207831974433884,-0.0995900068391703
0.001755150544719676,0.0048959922597350426
0.01934594165773944,0.050217122973717984
0.0037062503151086452,0.050907313957815586
0.030415828451330472,0.024300552108223898
-0.022607302254626874,-0.04688315526235903
0.0054255111551509295,-0.04234300923669456
-0.007655099463259249,0.01844103671372401
0.05751217721317975,0.1364960817048347
0.03293693067851641,-0.04159253822789333
0.01564429771990352,-0.03149138352131082
-0.011852252247516223,0.0461523490511636
-0.08396656833864623,-0.06158799579064954
-0.008852559892806516,0.025704041665556364
0.030678668616508916,0.019616422573881392
0.09306775038991641,0.04086404527806661
0.016964770600274702,-0.029936117762872493
0.023951774993222312,0.0847560792068601
-0.05370853282114651,-0.0268358869548886
0.036213805690560624,-0.006241467413348242
-0.0436850192962097,0.0705496641064842
0.0024765520226689586,0.026062161921890717
0.031939294819529555,0.012178224728525165
-0.0544964494796813,-0.03101202896370384
0.029766406321427023,-0.04712016697875983
0.09021028492743935,-0.026051046598362833
-0.007581496187278911,-0.011788641810713808
-0.007469269139107308,-0.07050117757780225
-0.06591303147995567,0.021059602653932287
0.025150484192019727,-0.06904364671712188
-0.0021360236716289898,0.11941443093551986
0.06698395159125384,-0.040464859143843894
0.08899238113730126,-0.03878777291309375
0.020605173300233596,-0.046249284157761625
-0.08401500554409133,-0.009723237223189136
-0.01427261999693646,0.01163971266921526
-0.060365743289832255,0.010300922937156549
0.04274006821090537,-0.0028688906071549806
-0.1322860969194138,-0.08001656884282016
-0.06150236583021656,0.04804217209733933
-0.056062198651469,0.002601606287828325
0.017778754989294675,0.017070876641044792
-0.03924988958332652,-0.0374690159216269
0.021196162917060904,-0.03224872015179682
0.04753219947107009,0.15070632087610333
0.08811536806121127,0.06827642801870756
0.07335351544548821,0.12925026655874147
-0.061346983261696575,0.07781379370607458
-0.013262890049686525,-0.02919423693104005
-0.03219994666360104,-0.12489615467745122
0.026066598911014704,0.04439045923750443
0.008992084106126785,-0.03022864403862122
-0.02921122530651006,0.0221768112686251
0.07847042973062156,-0.015722035717258782
-0.0370769184709811,0.015007534792465735
-0.05399166901551532,-0.007157867995965923
0.062463539725371546,0.031267629518263264
-0.06501831367396385,0.009340210511092385
0.08762986553314699,-0.07299678448614993
-0.05527329231436347,-0.043262902790801853
0.06406014180253333,-0.10424205856060664
-0.03853564176949894,-0.06126927001581679
0.04707103544601525,-0.009456906861664982
0.023521280128402974,-0.040802125138957646
-0.048698017918908265,-0.07606169358192878
0.05397729735592929,0.05890130248351105
-0.0004040404145464714,-0.056221821349620664
0.055299235698759344,0.04793383969916067
-0.04194875473813206,0.029717706315660775
-0.02496974711341525,0.03944397357622765
-0.06209444480188864,-0.09547549706031777
0.019038043025055996,0.0513800813423952
-0.09030140680889348,-0.10509230124214558
0.016038637559878714,0.05395943805633016
-0.009291165630798737,-0.024160055344658093
-0.048994240131779804,-0.0375449161635614
0.09763034184980984,-0.11062807564850903
-0.0019130895719806675,0.03466733596287256
-0.05286233055661144,-0.04528959925692952
-0.07666718016341946,0.04571226655842372
0.0461431470899841,0.11889318694237928
0.022639946994418132,0.03307889812607897
0.094304209806927,0.028162330177891694
-0.0717320179581426,0.0668278534427054
-0.018206131124261168,0.0047743801327173666
-0.06848397067042183,0.07208346416311119
0.02460244337549742,0.021900743583121572
-0.021865905629040172,0.02263024077019438
0.117306874980391,-0.09259563540603548
-0.006586125863703312,-0.02335794006701443
-0.020964603396063333,0.02496780712943669
-0.006446320586306778,-0.03819265044740569
0.04282007662944855,0.07415552471232534
0.01911032386544572,0.024588010486745505
0.016875941124893788,-0.08040849355918246
-0.07755181071108992,-0.028140827833210487
-0.02827825802659103,0.056334338923068335
-0.06589242119561646,0.0023654543015677217
0.030813585672567714,0.026634829365118004
0.045381586703734156,0.0002724068976451364
-0.026036475414047876,0.07616395491038407
-0.024138304825652438,-0.038483774298617164
-0.030330993683955976,-0.03859787561610701
0.09507084697596935,0.09876939505443037
0.04572496249984219,0.02278783514062699
-0.040685596510956074,-0.02891913303995287
-0.07305238208160063,-0.014597521811323351
-0.02193982187783837,0.011472705796922826
-0.11093976780311965,-0.04667370766970215
-0.05149811337355017,-0.04818770036189379
0.05802113503450565,0.029432310585043583
0.035535619252829935,0.03659469003491644
-0.08113793745450436,-0.05561571161482031
-0.10877746321824601,0.004176329057593912
0.022178345856086863,-0.009996856886113924
0.004408826477459708,-0.03806414585621658
0.08181646380888774,0.022294283173357295
-0.03908419709786301,-0.033873701472484585
0.02115016243842422,0.05915562106097211
0.057600047047548356,0.04836067932645802
0.09603112293603124,-0.032791377939546104
0.03224963341988439,-0.041888367360338116
-0.02609143294127122,0.00444215194946467
0.059884105900590866,-0.03490642209850323
0.08053425447314055,0.031761233189845695
-0.006980155526029805,0.0768460975347298
0.030906891106215893,-0.022259853344471295
0.07122043707941687,0.024608462610136272
-0.013679326029074138,0.019159793591641598
0.04541402407027966,-0.08126427913864685
-0.062005029279206,0.04104140686785286
-0.05618352802307866,-0.008587789776851274
0.019376792815198274,-0.046516119982669676
0.0033939155641070596,0.014441440170090351
0.06966464469236183,0.05965003485310189
0.014449065114468468,-0.031044950894948797
0.0530893336272228,0.004249085487521946
0.03704617739777793,0.05256353356746113
-0.081507707085544,0.04337104264723835
-0.06372945434174176,0.039435426400612615
0.03613841683707225,-0.04760997201240707
-0.08979173947300978,-0.06162710832696241
0.05281636224891505,0.07641578142445048
-0.008943350499669912,-0.035921405879392805
0.0005236101725673649,-0.07545472687669401
-0.024656999809538456,0.008269366669989887
0.01838007946672627,-0.02078602756837588
-4.416223634661134,9.120075225039656
-3.9302274215938557,7.988110177920787
-3.2787583595561958,6.718450803457023
-2.8393280370539835,5.742389766725903
-2.391814072793174,4.916061492480402
-1.9163263470025935,4.136166828168376
-1.6561127833049079,3.311520306276964
-1.3070810308213403,2.692113606893555
-0.9805659919891954,2.17827496289642
-0.7761511826214902,1.6007744328066957
-0.5395760830196137,1.1062636631101357
-0.4014589226917364,0.7815839268094658
-0.17362046359077854,0.28436873939911983
-0.006430552667363521,0.060904995889607814
0.10354195358171511,-0.19142072144242098
0.1944332704876229,-0.4788320842807999
0.350509892582008,-0.7035178876403888
0.35755271627147023,-0.8519493971651482
0.5288154942279175,-0.8978858979460909
0.5204740213910285,-1.1493562210496227
0.6038434270474426,-1.1206662181310187
0.5250451436010511,-1.2617405760032119
0.7028001511653658,-1.3603157045658294
0.7720339229628158,-1.3620595262312738
0.6989429361511562,-1.3982217819926297
0.8437668091032897,-1.4169373986779936
0.6550244087012511,-1.4862205061332219
0.7696420012832146,-1.5188864400796853
0.8184095197447561,-1.4749767575138106
0.7319906622077178,-1.4445881799059268
0.6138154510207675,-1.4467501585393827
0.6557511954210096,-1.3675597358606995
0.7302844040581205,-1.4384985256943912
0.5600586764264386,-1.331793115407441
0.6967405100353603,-1.3970209187072922
0.5452913778374513,-1.2278639853664466
0.6845780624134511,-1.2384566675382194
0.5154629475825344,-1.1632147949851597
0.5225919900587168,-1.221541177218892
0.4961535438515319,-1.107432759607365
0.5084828082639851,-1.0776621543718312
0.5294553832253656,-1.0698065788084181
0.5117954940671975,-1.0112924111142645
0.4138928458811901,-1.03611010212521
0.41026226161057144,-0.8404945291315712
0.4469098361752411,-0.8590724005347468
0.33286579684172096,-0.8680817642574689
0.4060305592689435,-0.7530916668843104
0.37309385523400984,-0.8182493005766499
0.37470015422531217,-0.6807297227016933
0.2531336774588996,-0.6305053948506767
0.22791283966352166,-0.5668442640556618
0.3085846332590405,-0.665775755805044
0.24655466472513954,-0.5661387681888458
0.20247835209196102,-0.5851773529874138
0.22869503964093058,-0.5142248177215395
0.24670158821556326,-0.47758982675737105
0.2524060757007965,-0.4750686035273337
0.202498953172433,-0.4697861489442376
0.09642673449130129,-0.4064673396019627
0.12474429599295844,-0.4259920660943841
0.18701488943096353,-0.3549613437218965
0.08751892877269163,-0.3295158080759998
0.29290382033531703,-0.3236570079814382
0.13019033847909608,-0.1977382217695479
0.20663283457869244,-0.26454136242440907
0.14151843663442865,-0.23024681656368073
0.16469865101621717,-0.2917072358414115
0.10589919091772738,-0.2078635805093401
0.17842697224037823,-0.2039273838194867
0.1780325737216796,-0.18274045964492713
0.14283314431631552,-0.06940078365536675
0.08652648719026636,-0.14374205497304293
0.06540441303138661,-0.1494225652386096
0.12454804532337849,-0.15760014889100243
0.010657422574766345,-0.20573924684438055
0.015162098318412053,-0.047542437997021625
0.061117551811532084,-0.14978929192198912
-0.03741269854910667,-0.10387475014679769
0.08135980297023301,-0.16152841662969034
0.07766434711035747,-0.05262014483364815
0.12382399703367361,-0.14668584456734773
0.09067528905370399,-0.10498513301018421
0.02359850794753584,-0.10986377428286145
-0.009999028888687776,-0.045020891723981715
0.056438127766662,-0.15188980605595115
-0.07465781409535824,-0.07147554596787956
0.025570824540507946,-0.05128816158614173
0.02730588333444127,-0.09371455930792434
-0.022601989777462493,-0.01427419956175105
-0.05880104088882522,-0.025341726862913725
0.06805122530777805,0.0064109895749963446
-0.05408935571186457,-0.10734480988930352
0.06436555987808715,-0.15565515795932888
-0.05529586259873802,0.01900743085927689
0.08634519289902132,-0.05629482891160632
0.106741081168326,0.05210777682986235
-0.02911000425530305,0.0067842963072230035
0.01738240150640594,0.018389368475219763
0.00221041464446178,0.0025765425027644215
0.09697714494726187,-0.03037570499103686
0.005367411598936332,-0.01077246694623768
-0.13135807201931712,0.04274704053423284
-0.03254059494707327,0.0728164099176748
0.05664740758966705,-0.03371698537257102
-0.028564815122167013,0.08040309417091857
0.11882345667993646,-0.0378596083536706
0.045719054832752674,-0.014069065028273122
0.06408354979653268,-0.009775132025625594
0.01778328063982733,0.013309482631580266
-0.12069736620521049,-0.037744365944284694
0.02883748439125896,0.03666328735428781
0.004651436838986826,0.0944190285812739
0.03293387086060748,0.02824374435849864
-0.02209897100505007,-0.03501504379126896
-0.011742671964637309,-0.07386888746603111
0.031186954255821707,0.010324927496045988
-0.019826998824554666,-0.04648650824586034
0.041466154563080046,-0.0640921605950592
-0.03495708824344054,-0.006126950664522495
0.0028009401601829242,0.009602028434105354
0.004880012204723786,0.01847551119483911
-0.04297871976807619,0.053882570149623235
0.01615964476813427,-0.050751002892084465
-0.10180919512844215,-0.05211944291206799
0.06053671567253594,-0.04003983517985088
-0.07039245401019444,0.07781354982396525
-0.004528269072978944,0.03585018772206631
0.01198778891713147,0.12269536995819735
-0.04104916152027826,0.0065789933490506035
-0.012724900776348073,0.030803582598046712
-0.021651378361648228,-0.019599661821458853
-0.022307172140028978,-0.06533341645749398
0.04361027946908402,-0.01960575509276445
0.0122088228134783,0.02678491757209521
-0.03759997003108356,0.013206287281931791
0.00018369006705636938,-0.07439692193587209
0.036926011356477745,0.0404521640602522
0.07227126775901986,-0.054384806564703916
-0.06290542016785465,0.015337989736573576
-0.00259098227227927,0.030658403666886217
-0.030862351951833848,-0.027167363424700334
0.007214493430587625,-0.013000876752049525
-0.08215175836195698,-0.0031694173614795536
0.08461408192795872,0.011608058076238157
0.016702883666887176,0.08015719246616461
0.05833783029524575,0.01382828627597774
0.07582310773653254,-0.007234201848630962
-0.019987577602396243,-0.09624351166225875
-0.04442670526265369,-0.03751175471697545
0.0028565571596537104,0.0029586439803573616
0.019505189173225263,0.015157005807393705
0.03117033056029619,0.05398736048322636
-0.03136321971046859,0.043225299580085766
0.0020725533395088876,-0.0024101568599997044
-0.04024134887384727,0.03328560037693254
-0.05557308314038974,0.018435399401626914
0.04197352287614134,-0.10194304075903253
-0.057770713231075965,-0.08321419127521563
0.07280248028961796,-0.011874904610065018
0.06015997082702453,5.704922221138817e-05
-0.059605212589291016,-0.018079566006453666
0.005866920714789474,0.05623054653595686
-0.0012892626853610364,0.06088881284595756
-0.02063405723652802,-0.0018825306959012736
0.03960841172774851,-0.04766223341316817
-0.022103933317727965,0.05439254414059205
-0.08137772321522166,0.07152459138608332
-0.040683328532154714,0.06209076062751474
-0.03903721452061848,0.026107351294025853
-0.007608098679682717,0.08258637643667019
0.01026473166367671,-0.08897161924943855
0.047016313031078484,-0.04160716465964141
0.04675560204954046,0.05168113970152146
0.0512544842854307,-0.1031677818500032
-0.05068818714043469,0.004619868748490072
0.029054028423532642,-0.13021217350212755
-0.05691175979738802,-0.04239559215651628
0.08490834131374861,-0.01961439404529071
0.03932155542400903,0.07409138394088267
-0.031254776194872234,0.005755522139965101
0.05873537877181236,-0.04908057239368379
0.011698583204038875,0.03171937601699589
0.040431729882021275,-0.01849809328931803
-0.06499636533646555,0.02724848926772517
-0.03027374381908441,-0.018456069866307642
-0.033954886122081064,0.06174971828753351
-0.007976907561940642,-0.015184121366161618
-0.00876308729313384,0.07804172227236011
0.0692815492568809,-0.047292479013606704
0.07376285704602804,0.052578676598912036
-0.054924547150501754,-0.02156075087938923
-0.02041554271252303,0.06322346749208015
-0.02855888489658785,-0.07428592619271254
0.010417815525247431,0.0011337384871792126
-0.04125329220721519,-0.02145031197944614
0.08194632434388573,0.025821583721819835
-0.04376178600139486,-0.029262924863984238
0.03574252137960236,-0.04584056263444055
-0.11414691256743786,0.022727001443665053
-0.003896996477230392,-0.019376299260281005
-0.08432741470157089,0.08428519876150925
0.004752845841717028,-0.008304959358425663
0.049641361929838146,0.011732987575485476
-0.08126560281703814,-0.01625643718495967
-0.0333822218924084,0.019343156205669045
-0.03542869152094186,0.02666601959215971
0.03642441960889036,0.04504292760393613
0.03544615794685,-0.00128410221085681
0.07134404096272459,-0.043835166169396714
0.011611996800458189,-0.03960664825072224
-0.005593334765479439,-0.06181058166119237
-0.04300429237620951,-0.05014385805101794
-0.06836697287069182,-0.04687834178112475
0.021511872499000884,0.11395531358147386
-0.010596227522341455,0.11005718007707392
0.10495985922508685,-0.022015389545053467
0.012223512381388192,0.00803192841440757
-0.01351614515609656,-0.04245436510581279
0.04187905995984687,0.04020057689806954
0.009593826961178636,-0.06749897585226841
0.05040621895734128,-0.004691030554749373
0.014503546197119755,0.0013109387974393817
0.015010704527679783,-0.07362460210056712
-0.014384719418969162,-0.037499317591247916
-0.0242425523420293,0.015329498645608834
0.058810494829958225,0.052197535408382414
0.01887935658790261,-0.018053640414459195
0.004309137826433643,0.0410778300695585
-0.030787048343561847,0.01137982970404024
-0.027204003604350317,0.024574351460303994
0.023256621182338906,-0.024663275187631017
-0.0024382100605714564,-0.07100422177584043
0.044295964428085685,0.04711642894088744
-0.043239367638772924,-0.037238937895208116
0.012238520087407691,-0.01787830588027614
0.01564908118653608,0.07820959871953108
0.027805543447340833,-0.0015322715287655005
0.012097360863147322,-0.07053987283297848
0.04470682362975362,-0.059784083917259576
0.009308623655234462,-0.03334152007068743
0.00022190985852139737,0.024833150534049928
-0.0009707340371827421,-0.001795956141884436
0.08087188817629212,0.09538499714358017
0.013124202230874106,0.019104322747044343
-0.04664008542399993,-0.04896846164842826
-0.008754005693354095,-0.04395172286548684
-0.06882317285438688,0.029272111192557453
-0.0595479480755179,0.021897870492186493
-0.005481953242836958,0.032126662936769274
-0.04107362997999939,-0.10500979216298553
0.04909552738640137,0.039495260933079056
0.05268358194837318,-0.04868093943434516
-0.013375886684383744,0.01643844120681023
0.06893471191380669,0.05524025494216591
-0.030911874832252183,0.045259029040247714
-0.047048946991038836,0.033052802474248036
-0.011203417467286342,-0.037731619947058634
0.03480114709676094,0.02195620769118698
-0.013784654583825093,0.059450948536516585
0.017044991696337178,-0.01731638635260358
0.03684059976137838,0.06224053496361485
-0.051829373586909026,-0.026036304624288048
-0.06186371702066794,0.05563228416303091
-0.10275184968014435,-0.1286495666372959
0.025859091562803766,-0.10782158006094937
0.06178102084805422,-0.020413300794368514
0.026390017618782693,0.015559869854866305
-0.05086229912178352,0.037977608236081886
0.08590944591680226,-0.04084872101783958
-0.021967349159460307,0.035576058080609735
-0.025478595804078758,0.025251672094253025
0.06026705199816454,-0.0007356271451952057
-0.062346352689661474,-0.046268312217414544
-0.050074001980077595,0.03489818356737113
0.0211551117032103,-0.07344929041581552
-0.039596459867603434,0.05480251349812336
0.04424419300011265,-0.019776174727625682
0.03710640840016968,0.05941047804002773
-0.09531642027821505,0.03036922855758696
-0.03564976427471743,0.0944581044087422
-0.09081946675339589,-0.020036804280262815
-0.032622367771097956,0.024162745884775873
-0.0974053727849154,0.07874872901157381
0.04184501663115399,0.0040571146336068325
-0.03382245907464045,0.030468281297850945
0.06219317204254138,0.047721728433088424
0.006590902044677993,-0.09696655565480652
-0.010585348697989716,0.03798543567044136
-0.00022699370347914125,0.08499404011366957
0.003486748016378091,-0.006097680749925994
0.07228894177879974,0.09293929562217129
-0.004850377974920238,-0.013742449474875941
0.028802716398205468,-0.05841572074019205
-0.0020410501200417257,0.01914664368740729
-0.05503957187540939,-0.017561619723886642
0.13012232881102345,-0.1523896561317162
0.036290704133235936,-0.010018360787329464
-0.03176250590270417,-0.0031843599716442697
0.044705645770310214,-0.046546956816164345
4.223636618253741,-5.358405945300374
3.78781127826781,-4.686394623743869
3.0411222846887696,-4.014013490552436
2.615226197053428,-3.4137465276967824
2.2537812421503083,-2.9745992555957845
1.9923265242477286,-2.463916717473299
1.543705442992709,-2.0052739581321517
1.200852839346465,-1.6171938390306237
0.9350505582058515,-1.2944942974098685
0.6489824739824243,-0.8417220666375373
0.5338424712178556,-0.7672270593807142
0.28568470183261946,-0.3998612349409794
0.21134756405926017,-0.21394586207167296
0.009296546959082833,0.03244789672021247
-0.23457194784529095,0.14858638892034076
-0.23719344886737684,0.2143039260225486
-0.2603541339655091,0.3756984471149751
-0.35948081886202166,0.504363183054279
-0.43287133856043875,0.6536032675733824
-0.555994108737595,0.6260718586814994
-0.5132387843971997,0.7279061128872487
-0.5788239016205002,0.7929678198793664
-0.5138863454590794,0.7876455829280484
-0.6277794335216978,0.8086611554213258
-0.657780472565952,0.8320186214387492
-0.5994608769849674,0.8310833146381061
-0.7289226627161816,0.8925942521946427
-0.6982595407890556,0.9555857047120122
-0.634158325055531,0.8255341553320402
-0.6966224783211968,0.8648518434494509
-0.6377598024386171,0.8783729993452906
-0.707113010779236,0.8491689887719507
-0.6114782832838276,0.7804627158735892
-0.5795195593043696,0.8278893769631
-0.6247018048216739,0.8026870111409466
-0.5281767346760886,0.7696074980077269
-0.618991607664337,0.8835926708422233
-0.584817473762823,0.7480071624927105
-0.5243066769145012,0.6715157538038694
-0.4264637356298565,0.6739984630933149
-0.5730439312581289,0.5254424466016672
-0.570959839126263,0.6030715377038367
-0.5095701341996997,0.5712116975676846
-0.45061896638556204,0.4916952386718969
-0.37136574531116984,0.5226986937644956
-0.452142549646257,0.5345589861035249
-0.3625497816864365,0.4367979936263343
-0.3678471711091509,0.4856427191527572
-0.3171538830990964,0.4566623345697414
-0.23711923965760975,0.42772575051477435
-0.3315057832186477,0.38248178369822516
-0.3364437221932417,0.3038511437901746
-0.2511691653608908,0.41910197600950466
-0.30700301212521536,0.29949362304959426
-0.23042346778575395,0.356207999397846
-0.273883959403966,0.2968488538103593
-0.16646239118296458,0.36387557789424185
-0.19776792185730302,0.30060843454142916
-0.1628627591188099,0.29672752844978073
-0.2533612754040824,0.2206333566563973
-0.1901873036111905,0.2127488236353577
-0.1812545745434479,0.20296655279473869
-0.280062120213214,0.15988253400926009
-0.15834283854438586,0.18323403752873305
0.030131864660510016,0.2615237604234973
-0.1777512459855883,0.10564854290413359
-0.06805129541863297,0.22038799028210393
-0.19565386381611444,0.15940376730222633
-0.0444080587466818,0.16069990605498696
-0.12750886043307222,0.03549187709334116
-0.04709375909017126,0.11733703616757926
-0.1398866923247879,0.09127732058677106
-0.08071900198469989,0.16802972105890063
0.0038429330672698422,0.1507013395322935
-0.08554307722234752,-0.03313226303279162
-0.1090134711380944,0.0378284885960154
-0.056022457056673094,0.14421293705742508
0.0022377105739368255,0.06204083203487159
0.021267663825086297,0.06546267387046276
-0.0092475502114013,0.016760689691369582
-0.11873185543840448,-0.04598220571796481
-0.16094098416459318,0.006919714142226661
-0.10950043497455922,0.06224664014477592
-0.03411371410577377,0.03157503506387378
0.0028801564685452105,0.013115465826356126
-0.03798618850329309,0.05622991141225509
0.051631744664480644,0.03805887688346229
0.013852795793575992,0.07330849610208032
-0.06299068498174006,-0.02044501941324991
0.005879502964132063,-0.026085058228584014
-0.03621796725054023,-0.022869058567264386
0.048777631187620664,0.05876057822526754
-0.007447354225797646,-0.0024304020489824343
-0.04363678384787396,0.0582791689566185
-0.010686106515101781,0.0323172870621915
0.05322835950032523,0.08210762285096013
-0.01229909078305501,-0.04359079434148382
0.03508202814250705,0.05584725147721598
-0.08222727470798416,0.002333816819647929
0.0053943064049085596,0.10340669463054127
-0.005636888858073153,0.0762457319579134
0.010618501666642756,-0.03826322888082975
-0.07024793342265206,0.003980947950126101
-0.019389603127878217,-0.08658891097959562
0.05178743496373689,0.016306367064973303
0.03229887447251345,-0.011333116282418928
-0.11028533582028886,-0.0129443906818865
0.035275939251399435,-0.038840365889441855
0.09849532807824402,-0.045881686189361795
-0.06721929366313455,-0.03721128971270701
-0.17694416900390492,0.0688945924500262
0.04158974365178014,0.112462738296156
0.0005142329839978171,0.0668988338480251
0.02997507095303056,-0.03467334235805965
0.05633519512555189,-0.006479602987435674
-0.00628864942678389,-0.012767550251091237
0.011249002626562695,-0.017594997366864526
0.0021728932915253477,0.0002815632245502589
0.03098854772104281,0.04031754785674365
-0.011660776388183886,0.0829610042198904
0.06851265737359459,-0.0328553921317009
0.11022595426807653,-0.005821428879651754
0.015287058647034224,0.046467967995425435
0.04256573667869952,-0.005568303026018306
-0.025758791066432918,-0.029529744889847383
0.05485094331721877,-0.09807436617539922
-0.10163812536870219,-0.02615816871440082
-0.04950498648004525,-0.010027376573167482
-0.037671469820452136,0.03559335142939105
0.0509077200729769,-0.02609843995143952
-0.031102772094075783,-0.041936873593889035
0.07266399737886423,-0.0760567422819499
0.07579526371436432,0.02341232926130668
0.022320772708078786,0.1137950901230523
-0.0752510675790895,-0.04242672873143418
0.038889486779276936,-0.008007673127907598
-0.033447216820039274,-0.0023084269823831173
-0.0020776298393707683,-0.044734836489504985
0.051434186506370466,-0.07382771805819294
0.027094637823942086,-0.015822795822036065
-0.0303077851864193,0.050849571661977955
0.014383670394992342,0.005426960175596671
0.009473088775268694,0.004337701902411943
-0.010104653786355174,-0.03906714182030982
0.07523897218258709,0.13213331551727087
-0.08232021974952924,0.04062266517864232
0.06121385362303845,-0.05131352725778161
0.006584842518916494,0.02436951173854524
-0.09668424908923459,-0.0484880476874127
0.019626472101644248,0.014197252394698611
-0.034410011124220756,0.05867077293885621
0.002498893045511253,-0.12729274975922122
0.021980772074729163,-0.08821390015538849
-0.07132830479679159,0.10681610758712706
0.007121554005682037,0.03470853805108935
-0.09253841083846048,0.021952308055393412
-0.11382961761187946,-0.016323266382143143
0.04139733003441713,-0.06532062307557704
-0.005400814444699627,-0.09081560428776464
0.01887020379764853,0.026625742742396666
-0.0013383238661425774,0.0995325575573699
-0.010029629944303148,-0.0421117405442443
0.06925074695117586,0.0877588704890551
-0.023356685381295046,-0.0563524952671989
0.03210535811283201,-0.09988244040059213
0.05087426095728087,-0.03141415080319486
0.0367540417539423,0.05921800987881888
-0.11329358597125756,0.03486043280662322
-0.06757864242823934,0.031177893221402152
-0.02538780634454484,-0.07689466514883117
0.03429906859740043,0.023974257730643198
0.006196276961331286,-0.06161699701177238
-0.08655752898906185,0.020902935268355793
-0.01848729410612176,-0.048916042896552256
-0.015053692655955239,-0.0021467039458586065
0.08243438404074875,-0.022506807371479434
0.002012226520029449,0.05633249717216758
0.059172397532004484,0.052368281202793
-0.009410427027764288,0.04287725336818072
-0.05897701353818643,0.04186598721158633
0.015118514233584072,-0.026992375326363255
0.09941606480720179,0.05278807822967857
-0.1446467016441192,-0.018134261147629827
0.050791508611080324,0.02879765081438007
0.06683956871476351,-0.002004817967816295
-0.04917584337981311,0.0505299964504906
0.04651273422599306,0.027246333986783836
-0.03271005627227325,0.010800547331278875
-0.045717385829798195,-0.028816817775041477
0.07765401485665147,-0.01469899314649415
0.0537244239596967,0.02988648331646411
0.08467605467742782,-0.07468079365767435
-0.059383417689487045,0.045072260103799514
-0.10506914095852116,0.08803092398207149
0.04895589679449971,0.020474230094516033
0.028642833112796275,-0.008881771524497546
-0.04927137841311218,0.08622160600069989
0.012646951293051607,-0.03395454949956064
0.09731632344928726,-0.05835374670941732
-0.030432979537107684,0.052541181750604245
0.030663610542806995,-0.021594938963220407
0.050694132658268186,-0.08860046497327284
-0.1510525315408468,-0.05563164813282344
-0.033097960908672244,-0.03506465302365694
-0.09675712361574464,-0.007549759127044361
0.04880563045931652,0.055489928419126644
0.07638067660553997,-0.10204675080606698
-0.032837133945578356,0.04606798725003051
0.04076301822592304,0.03664563455220114
0.04106420287143523,0.041509363937569835
-0.022857128817958004,0.04377384858890955
-0.011133785894025073,-0.012339081740829726
-0.14187672276923097,0.05659068732900911
-0.031309784219919645,-0.01793560792793876
0.02976854532315062,-0.0489829132668535
0.05394611685138392,0.0496907445682507
-0.0697010042347927,0.02509590528620114
0.10545441753251646,0.02719498718897529
0.019077602513283703,0.006928953138340008
-0.06879607010490858,-0.012742347317841296
0.03618466593388525,-0.030440294257155134
0.04133653392023895,-0.08237706192904493
0.09890531204589162,0.033153132543428096
0.17878005563621072,-0.008735312783218601
0.023959928903077365,0.07865013020869499
-0.014377929949964167,-0.030193947612227587
-0.05374928277220028,-0.03301225700415771
-0.11962738193235486,-0.0429642579892384
-0.0665666599176134,-0.06658393318155185
-0.022524224198759216,-0.08666871164184226
0.08533203183385239,0.06762527791684518
-0.018461530792737952,-0.0018380079616430573
0.03062166419212768,0.0171257826155191
-0.02038445762020244,-0.03907084016840907
0.004226722718628685,0.09549676580726173
0.0016876166816359797,-0.017276182162022178
0.0035839678943421684,-0.05115940646973416
0.03362421625598701,0.04092407413734133
0.019437884840768742,0.037699073249962106
-0.038876056195843854,-0.00765690187718159
0.07119220403690421,-0.019671661491887208
-0.14223878018361963,-0.029073446965698857
-0.015326980708528238,0.07272155004342326
-0.0023402619946447214,-0.07933811266700326
0.013576197901163333,0.0026274523522502305
0.09432197401205726,-0.04034359508468183
-0.02213457899127073,0.06518285654188714
0.023271693024634044,0.016062875710323762
-0.054702286313265264,-0.019632634435191792
-0.018272441373785038,-0.06667558489591882
-0.036076527481545904,0.009084063673266423
0.022053686494276914,0.03284119859718683
-0.034021061512217406,-0.037123562286840585
-0.06902376415859564,0.051018260746809485
0.0038596829528949393,0.05911390175697487
-0.03831288833444052,-0.038118414815922444
0.08106568904992438,0.026836590333552207
0.03895777954892774,-0.120672897555655
-0.09522127224635168,-0.03478361279020038
-0.007433980562706587,0.0007681128200269314
-0.010831415400804897,-0.05172172463981074
-0.04399101476537117,0.033985682002835596
0.02977728027442174,0.003304637735193204
0.04451415399433625,-0.07719604768422215
-0.03947523734807724,0.051774752522990825
0.0026358023530213513,-0.006438030266818662
0.020968873054871953,0.07376463385062818
-0.046251879613705034,-0.006711121345562419
-0.02220843847050322,-0.08259593775545852
-0.05677522502783318,-0.028124577894274628
0.0606475148051267,-0.02597970889039343
-0.035767209995700586,0.11389634145153053
0.010878012788346249,-0.03134529354924042
0.028723711248509545,0.08667802859459739
-0.03667296228208509,-0.045397191266171324
0.05990896257751918,-0.0009495869457486796
0.12019775841839964,0.039969911949791756
0.055986461779521615,0.03341252088331484
-0.05999783354010545,-0.02627655806605861
-0.028713169304646007,0.04456603028009504
0.011437161717717931,-0.07165582920397916
0.04781208518435152,-0.01353624306876424
0.1060596879490971,0.011777816849074533
-0.02436521609726417,0.10547835945885146
0.00021708148916093663,0.07368807085683225
-0.022198135935264367,0.0066213133595451334
0.07364630575336258,0.014241691741664017
-0.1307112858486274,0.03805291810013354
0.026920269326071434,-0.03198647975200701
-0.005438862156654901,-0.08128078745570612
-0.034852332651667685,0.06798903222774433
0.07837070720336585,0.03439980917884253
0.09377551062591666,-0.03299594683866536
-0.030879723360656426,-0.05325738384480625
0.031802623050624035,-0.011373358921952863
-0.06726222033308912,0.022207021143366368
-0.08817031895420346,0.0016081422954681464
0.021520449924119295,-0.057518753779807315
0.036269853299164205,0.0003825204362122737
-0.048651740514664324,0.021065929294439706
-1.1874481092344125,-0.17618670195012154
-1.0055437337901751,-1.9913573452781663e-05
-0.9203347510453519,-0.07974508494659521
-0.6941650606108982,-0.059594614656072964
-0.6139144089121277,-0.09935546204029691
-0.5327452637128315,-0.10220588357938841
-0.4023060435388056,-0.14216399043454986
-0.42188855472722375,-0.06222208175295006
-0.22078493240772754,-0.008441438658180138
-0.2356211078802526,-0.04960969310502185
-0.09131845360277639,0.04476735477149707
-0.12880621400443998,-0.02862126374031794
0.03292080731340779,0.005278569186170763
0.007076008165591178,0.03336523760002008
-0.07955429852311627,0.015108765722106461
0.13710552049193706,0.009198599574978799
0.04094584132843036,0.06329902285774794
0.0625539110266018,0.024366391496861668
0.13298363596193488,-0.06074405462966229
0.2110225851616581,0.04773655745590646
0.23310276304191874,0.02333566612913669
0.12879869285719947,0.010438920313753663
0.2576654260623669,-0.03414173111926755
0.18153168488980156,-0.041935817617013316
0.11417205085475118,0.06396461437962653
0.17925038160593312,0.015559818410733565
0.21363885760116216,0.05266909688530002
0.23223534364974108,0.05471151067385136
0.17418108522348622,-0.008758104284974803
0.20075607230972764,0.04956762096796868
0.14800484674476302,0.0521090292483464
0.2268280772067356,-0.00373031194583736
0.2675269899490803,0.023475157209794855
0.08004051636324433,0.007155490503132276
0.0453282708273635,0.032598666716322736
0.2450471834290084,0.07014823114205815
0.1442810803547683,-0.028280726015455157
0.0823620162014669,0.09741632578911759
0.21385690034688484,0.042476993900678994
0.10980447985888726,0.044009395714391046
0.19322302989349183,0.09180753277301333
0.047118386239973636,-0.024980473147786376
0.10262837531865703,-0.014542145387641384
0.1468825317428895,-0.09705289425689237
0.0883901382582919,-0.009273930603080878
0.11552287095045588,0.02317454871241406
0.09491395633702136,0.11107299371798078
0.09562601704027328,0.020798862030031555
0.13109803543468534,-0.049955946539369106
0.047030935855761256,0.03471652457413612
0.15614497968794747,0.0836238696530714
0.0030964485303136002,0.009839832138681032
0.14386495336830774,0.015405247629929703
0.07530470646255664,-0.018625532463654917
0.060592696302516465,-0.001653248005904235
0.047901937701873704,0.06628802932262834
0.1217714504387109,-0.0029470240088148823
0.03812071328649373,0.04871946474515079
-0.018603483349707114,-0.09054585483122725
0.029645909123799087,0.048753923211006425
0.027983395769761416,-0.0408003642295474
0.031029474825182018,-0.013157389655458524
0.09359344295533029,-0.09579028692946327
0.07508178846785371,0.03817551602244221
0.04294813846238677,-0.0026466109821706406
-0.06626358903762433,0.050465208390333985
0.11077281688706062,-0.08262419631095679
0.04989757346868711,-0.09567367113585215
-0.009766318197120986,-0.012839480815975201
-0.0014818825944286768,0.033950004097438716
-0.09166613339168847,-0.03984518703168685
0.09234360060844528,-0.08232316113375723
0.0031648113951065274,0.06920095215586101
0.14336173976563688,0.07471066168048532
0.005932903525311846,0.10343791280246058
0.06814634821503886,-0.07328570951078424
-0.0683001668804778,0.03720179672266089
0.016918906064957773,-0.07022009029673092
0.013178159700929726,0.056334146868338826
-0.010589599704369835,-0.04076840534488852
0.014113173790382603,-0.004892503926733758
0.003955007027653803,0.030265753691055573
0.06031814336411333,-0.0094394387787196
-0.01905955714676541,-0.029186999153869745
0.10134106051507963,-0.06285411989145474
0.015432967269392663,-0.12833607898934446
0.055879861817159114,0.004607897258441285
0.046024331451467566,0.00409945693507156
-0.07376810245401852,0.020507140633883446
0.03456973860160297,0.05416186995749657
-0.10168195547583304,0.047212642562264734
-0.05191456562750529,0.004582457947099269
-0.036292282710685915,0.050953230142396444
0.05674008720065832,0.11850417163353914
-0.12574555685131994,-0.007347778413182896
0.10367283403271778,0.03864494099894241
0.0010126494993783,-0.0050160276351347705
0.024649087113207135,-0.012377657236991683
-0.02784513277369992,-0.05037256955781966
0.012857656167950048,0.0659175038260695
0.019931715187637675,-0.060933346109524195
0.03307838061922369,0.045730453721832987
0.09568227676022908,0.031787444050161415
-0.05475535832354221,0.0132647128737526
0.04834896771548051,0.055709276368743725
0.01926818732001767,-0.07676152971870986
-0.0010279068299068389,-0.009195987253879111
-0.037220255712006114,-0.09387823522954142
0.04460633960343691,-0.013770970242036504
0.0305429490139485,0.012134069356980606
-0.01877872614713858,-0.020242901997416397
-0.009242791469383978,0.028035972577779837
-0.1200914069482144,0.022974057675713002
0.032462079360079596,0.035141837130608075
0.08226680602430637,-0.04509136914167151
-0.0767272264824347,0.004663527691810394
0.011057573211500362,-0.022678763881481177
0.027352450573567586,-0.03359161078318365
-0.010479179162115992,0.027562109384439447
-0.014487316193757111,0.004052187387337553
-0.012319957703215556,-0.05305813630685341
0.045296737485515236,0.0405543156899233
0.03257474819121183,-0.0069873463546895834
0.03873193061357037,0.04797744309444269
-0.15787540056109023,0.06290043562579381
-0.004938648141511487,0.057721358242838375
0.03179117754194452,0.010849656997594184
0.05446148279561603,-0.0069100932338232255
-0.020295335330184558,0.04706706864305984
-0.034437368525405,0.011082475662209726
-0.005212889680031965,0.046259079381518985
-0.015897052078372942,-0.05332146756848326
0.056713099546923676,-0.00546550229080859
0.04822019998893249,0.012828165810567047
-0.014492475841097056,-0.002900366538891773
-0.055615145747048206,-0.024030359822067283
0.13122510640636795,0.024708754509207342
-0.02091427269488094,-0.034900338212208566
-0.03382316538814453,-0.007293667352497684
0.012812308951205446,-0.0007471726659936256
0.06488219765098724,0.02205877776759467
0.10819238789113475,-0.04083420939496999
-0.013953314900317954,-0.015935992932277033
-0.047886400457103316,0.06768916522994244
-0.07417828757379236,-0.01831882911557446
-0.03107134729804769,-0.02407738441725412
-0.05380087651611818,-0.16709068841609606
-0.06228317945729683,-0.01844798357923116
-0.026857042524430948,0.04911553427455
0.0499971306909736,-0.08504391842890464
0.06712625921035359,-0.01832044961906428
-0.01564697347272301,-0.040176712308558245
-0.06816866623071406,0.03227354790825422
-0.056257085011561604,-0.06329599046286598
0.0374679506876597,0.011932231303440692
0.03647161881079223,-0.03532614692326895
0.08884109991848374,-0.03675225336190116
-0.010450100126037814,0.08309866215647918
0.0053791724507689445,0.00864564136071459
0.05345785608641443,0.013585545821610546
-0.01825190761461935,0.019294855623463496
0.0630726670157864,-0.010234421960601548
-0.012880098470046713,0.0012146395289773285
0.039966599590409144,-0.11236078476437815
-0.08920055213036798,0.09458883797821041
-0.05624255458229553,0.07424181057776191
-0.0516311329524775,-0.014965715388631642
0.08548303262197424,0.03987789850793676
-0.013335223332586483,0.021457385243619613
0.03267171366590878,-0.0012676294105474911
0.004368782714385223,0.11538097279417672
0.028347249186802433,-0.08616076093606755
0.017583250549141255,0.054658783651995155
-0.05695966820996909,-0.050635944854661476
0.0007213903000885015,0.011833420097335448
-0.03278303718664599,-0.07927395609308599
-0.09223928107934433,0.014624068668839361
0.029542123644040505,-0.053177881629867294
0.05986679110169689,-0.06629862582796464
-0.0366555201448759,-0.048842745124908604
-0.05204462845829974,-0.007853234841484886
-0.10821899431650685,0.011412449013227594
-0.028072644742216487,-0.03916591295134939
0.06454257923524695,-0.03608690668083086
0.023080553045548687,0.056323813512937575
0.056740351168065806,0.04261944140341804
0.04804994097634683,0.037804535750710674
0.040551127366362474,0.10047142555444208
-0.04252024869101283,-0.02053311226630037
0.05225971765527422,0.06569836397025544
-0.11096861445373624,0.010823858056248269
0.0836597853163939,-0.05686385808879298
-0.05840541200834937,0.031109975478730532
0.028819085555800577,-0.08723989105953528
-0.00933923642491621,0.021833935259610426
0.053450435725581086,0.02447243469662569
0.0036259391881797616,0.04227133105827134
-0.07356603132645592,-0.050575719830706294
-0.07632499730361449,-0.01283155531614981
-0.0324066711892728,0.013976564279165136
0.03686831357009537,0.03835585072944885
-0.03257963246705802,-0.030224836805689007
-0.03068099839876777,-0.014378806627707606
-0.06821985156498289,0.02533561848813384
0.10837223554195413,0.007929964445888666
0.0017862016716884872,0.02857725120225335
-0.055896535026300015,-0.03030013264860149
-0.02981191995352007,0.039400739019614175
0.07687186317788738,0.04993272863888813
0.009130551613392919,-0.026634805006699125
0.03700821275829033,0.01880399866866157
0.018436609231022805,0.028256013189052787
0.049874144037654194,-0.012283881867271616
-0.025272489274364457,0.019853139840377194
0.0035036341892488495,0.008692963386705733
-0.03790319537597653,-0.05988551468522057
-0.013386246887448869,0.028633184637436124
-0.05210893021210879,-0.07146299990750614
0.003747193090483277,-0.0489552506887344
-0.041736188872311474,-0.02806929111287723
0.057874781636745365,0.05178720949731485
0.016670008520709285,0.0123872057818298
-0.03291443994488575,-0.006152497594814147
-0.1103716867038615,-0.043639735785970135
0.06139842707397374,-0.09692294888473232
0.0052940996269777735,0.14380593822149393
0.002745829151819982,0.07237608854838602
-0.011120952928446549,-0.07145008537560983
0.11962196095837518,-0.06096730996281559
-0.018622103814292804,0.02765407755734025
0.025258228470942837,0.03776710474975096
-0.09034794548665577,-0.023437775383603768
0.009524027219753137,-0.002718514374513665
0.05439553333616583,0.10661674270033988
0.02391992885350619,0.07238822075564483
-0.052648988334405525,-0.03224333833703195
0.004949939745060122,-0.09181650086317691
0.020503544902132607,0.02407689773926522
-0.017221063847667625,0.03196204673575162
-0.10164500810457591,-0.039159118765405794
-0.07538614678849548,-0.10658865671109144
0.04254938699714502,0.02807293811459401
0.00043804101566254777,0.015801449470413263
0.09693077811915334,-0.01772335107198043
0.10275441802047036,-0.04497658078801983
0.014435848136767048,0.0904701127835418
0.01833214817636972,-0.15899320513048282
0.001308154717054544,0.02730884699515467
0.024580554312168774,0.008684874055620727
-0.04352942799460159,-0.05702252675685825
-0.01777685916210931,0.045038829633466074
-0.023916997394321068,0.01636515000078316
0.08901484206002626,0.05251309269132834
0.01383057306994756,-7.623349796902559e-05
0.023285152588619854,0.016255135073821838
-0.05569493625403025,0.03030697070369871
-0.0050367524677127065,-0.024458908662175385
-0.006657053263107464,0.04399305946268606
0.01544413704677704,-0.042129511144239684
-0.005906195304385662,0.004966396778312256
-0.04804876506288107,0.0007490804554135672
-0.04797908136908674,-0.009660753822945924
0.04611061808391888,-0.03840357627468975
-0.03625610014285332,-0.06415492282742273
0.014559208705020279,0.09738747957981109
0.07377517979786055,0.026920639904904647
0.05205536736296322,0.06637854638425691
-0.009416945922871634,0.034659917922976236
0.044285145368179596,-0.03323430577010453
-0.029224479471864594,0.04255511643465564
0.058222440895491986,-0.0027025822983054223
-0.04496224903747277,-0.023230547543447774
-0.07868728950704822,0.012643443654624723
0.07092239727867126,0.03672057890595688
-0.0009670874594807106,-0.09081178156383682
0.03848319986384893,0.049535652881574285
-0.009908676260743826,-0.028288820105668057
0.017093427716174253,0.003022929272309893
0.012120948372658102,-0.0802394148618209
-0.03237645277220377,-0.023858606508140267
0.00406619049292312,0.06457183019136832
0.027420427878061874,0.0811305356843643
0.026403960914464827,-0.014774557493967652
-0.0771424927221883,-0.08806406607475147
-0.08331784730996195,0.020780450596728863
-0.09012481007952176,0.024489349296034274
-0.02489438688155782,0.006192625003097193
0.01177183352091575,0.0764254244485208
0.012472177918326608,-0.07071671357574186
-0.039355606837159086,0.00482333489977093
-0.0023863173954639157,0.006254192697891597
0.030558908214261583,-0.04400777489659564
0.028535292466528386,0.030572429732265385
0.01190782823817007,0.09159350431479016
-0.012514255511387247,0.014873416266578624
0.028091285584046336,0.03574482518336579
0.18090023182668802,0.037980753385055244
-0.055231113986915104,-0.04201668464551397
-0.07076795702291795,0.003474230353168982
-0.06291410616756969,0.04699422141260606
6.863407616743928,1.937533954009842
5.911469519097358,1.7175321837581543
5.183471656080839,1.4346271959718098
4.259891407923194,1.147454151221002
3.540699621613255,0.9581711003433354
3.0331168761087484,0.8435995874246929
2.55450055338077,0.7031330357740657
2.0212116124781705,0.546799632909683
1.578677183915988,0.4230234260363402
1.2103966606104173,0.320889482284555
0.903194749108717,0.30124625571305924
0.5276523104175387,0.07778077422032137
0.22773223008539836,0.10567455422450375
0.05697375930381361,0.05831292739201494
-0.16184211921701983,-0.1522866810063805
-0.42499469121944333,-0.05009520271161136
-0.5087378096727658,-0.050142801628181424
-0.5942209181962916,-0.1675832931538661
-0.6441851921206221,-0.19928881832174364
-0.8919753924949603,-0.24251025933359216
-0.9822817639141083,-0.22828506837196053
-0.9706089524192494,-0.2684730696824653
-1.0004740589237633,-0.2601907861773655
-1.0537237156826922,-0.225656208639553
-1.052454994497822,-0.37954004771150834
-1.0851202479300794,-0.4062109221581901
-1.0395429166494337,-0.3279126003611979
-1.15608451867012,-0.3659572372173019
-1.1294905049157575,-0.3204523787275848
-1.023383212144833,-0.3276850281896718
-1.0145513870948129,-0.2781799564015275
-1.162532588779598,-0.3578051721844599
-1.0732275329154113,-0.29702612055650146
-0.9424532911305751,-0.26950238131430754
-0.92289299919043,-0.28062828266813067
-0.9849643722328825,-0.21169542608653388
-1.006450895373214,-0.26071528785460085
-0.9486826994363311,-0.2648997268324371
-0.8350249866494277,-0.1570982958146115
-0.9114898192519022,-0.3178613561516639
-0.7705661251223428,-0.20450367182148085
-0.8336077078745425,-0.14709713334962718
-0.6999037600912634,-0.16934739990682465
-0.7506658080721041,-0.2126691654622857
-0.6535546324055211,-0.18562151255312231
-0.6531379528176606,-0.08455837551963716
-0.6390958145583896,-0.17677489172170652
-0.6014685887982488,-0.21733011262198315
-0.4346252969918242,-0.128750183967551
-0.568510893089041,-0.19267196574357676
-0.4703500183163611,-0.0835423979214997
-0.5346987273805982,-0.14630858368917052
-0.4458901593735412,-0.12722817619089993
-0.41908747980876165,-0.06663513796376541
-0.4017583904464842,-0.05870927859535284
-0.4356732194281695,-0.1576984636929235
-0.4171057630592513,-0.16733969641782748
-0.25490162152649004,-0.11069293084857455
-0.28907856869578913,-0.109769941376756
-0.3383264103017703,0.011099701396047768
-0.26257428419942586,-0.12315534087962629
-0.20791388973326555,-0.06952247480983925
-0.22181241188455061,-0.02682883507270291
-0.22086326691007083,-0.09010950749688616
-0.2954550405349772,-0.11586262010711701
-0.11211354926502697,-0.06705419673855775
-0.10906595632425001,-0.08284304097561715
-0.12965724505382914,0.020739036875255253
-0.17228474834157081,-0.06104420617708505
-0.2061896423634363,0.002439645969571476
-0.10752220794908296,-0.05513787748595387
-0.18630985957555873,-0.026959122016435466
-0.10845461044646255,-0.08669327893655707
-0.14197996578159627,0.07444905533509485
-0.079949184608016,0.0010564518583712837
-0.08916033675441008,-0.0707398633273194
-0.12358311708111688,-0.046361264228808555
-0.05260562450893032,-0.04075127339138679
-0.09881402387519646,0.01902794047315668
-0.07063378391330472,-0.10181253620374942
-0.12274490052075221,-0.08043406173377868
-0.06317208951414671,-0.06356460688748969
-0.06654218300456642,-0.03440134113150488
-0.12181613719648027,-0.05424586824348858
0.043770045350094954,-0.014147409632819097
-0.06175125909708488,-0.030234107191310745
-0.06512482685798336,0.06951848005701383
-0.004777695644795368,0.03594095674876246
-0.06280053687176178,0.012523282402860372
-0.0407874425632677,0.04595790549020111
-0.03100103634219611,0.0020715390787465135
0.03876214354646704,-0.013048952394838892
-0.06542142687790628,0.027123258135247807
-0.05710779356731039,0.05871575409391102
-0.03389225578286346,-0.028272768154577854
-0.07886844474728275,-0.02096530661571523
-0.07553810594105513,0.004975584067992853
-0.037983787694782306,0.07043800363514956
-0.06531035287604062,0.04503569384294652
0.10443270573938246,-0.03477368343480197
0.046015497363364674,-0.06343309952750156
0.02615374806880972,-0.03713722014179126
-0.02389799148081217,0.02210792566737984
0.07529654401509735,-0.0181573098092809
0.03812927683660054,-0.11732238605432338
-0.020948696629610603,0.009564938055346082
-0.04240266354856477,0.02889723764235335
-0.011137398564766815,-0.12563635200373688
-0.041200222991167434,-0.030468781380922336
0.0368991947498815,0.012768309091938329
0.09053512844517403,-0.014078711141255092
0.04283911955789344,-0.0032593466033163706
-0.04800866623716982,-0.05281962469291118
-0.017257069886378342,0.011420411120675081
0.06390814566756134,0.09211283653547105
0.07097396818210758,-0.03445947414077408
0.006329048805808809,-0.03353518287001998
0.0025401937911610113,-0.06624680135130138
0.036279107406326214,0.03795501155408975
-0.06717191673558603,-0.002958294207349879
-0.01810174803626972,-0.030280267604885003
0.015762736913757854,-0.0030354028705801596
-0.013952108532057528,0.10284945427484668
0.01128755344590866,-0.053332458215081334
0.0093368172400674,-0.014828115744749789
-0.016884920028357484,-0.039626065221926174
-0.11777950014762677,0.08292401131080207
0.0649902319252691,-0.018655014902286816
-0.1175213288810514,-0.04867486800208129
0.016197711578354562,0.033843999595335864
0.008103928343102085,0.017267126601402588
0.053705442253969504,0.009347054055248697
-0.0794193003386563,0.1185055890095831
-0.0622154803760064,-0.05808070462503047
-0.05377685754723703,-0.004154544807684173
0.013120091366207133,-0.0043561356563202955
-0.0058027321372716295,0.03139520698636475
-0.007726112258921371,-0.08136989039096051
-0.036983826141713444,0.020693100725802178
-0.0027230376790735172,0.0011478255824857973
-0.02276665196159899,-0.026810607234523713
0.05397044041369893,0.03143394900976022
0.06036820770546526,-0.035652041876527596
0.06018981980023681,0.017323348669062037
0.03516618276652112,0.09126168234011856
0.0018589360402370544,-0.032386573871060455
0.12174915684626289,0.0816354407743549
0.0058439034397478745,-0.11382253361434315
-0.04857957757797905,0.006425963312681273
-0.006844800464582737,-0.0057327130807946075
-0.017663879600844222,-0.031433873987612354
-0.08508687450356679,-0.013040083447001208
0.09527497708588953,0.09068297746788774
0.003849286347605083,-0.053460953228423175
-0.013740751114922053,0.031062470548524675
-0.08023174193785206,-0.03427070109849622
-0.054879125398914624,0.03376681341654946
-0.022243211248692413,-0.019530942499442327
-0.04611306086190384,0.018109746324997577
0.01559905508168183,0.03419485240234807
-0.07053793586408243,0.00890857658808071
-0.016615194026025203,-0.021216520611043434
-0.0014818457024939058,0.03492909079245317
0.05260949795431126,-0.022874188558648458
0.02513129070740805,-0.08972337843445458
0.002038085489278682,0.08151602784857793
0.07490536003616166,0.07054086300881399
-0.013518905448781184,-0.056908528816436946
0.06820531051255221,0.04656639053284509
-0.005578670679890088,0.011139882432877779
0.01691434392392656,0.0001110805231513707
-0.010128421627476753,0.09069890354946135
0.043985377657517664,-0.07105971766336501
-0.03582829828424714,-0.009370319652276245
0.024464880063256908,-0.03973371744085656
-0.03145919914472863,-0.06586798942665875
0.05273351074211085,0.017315222878857076
0.028367211681705782,0.009771797106079774
-0.06884145189720539,0.029282347438461028
-0.025419852510240225,-0.012602341139008127
-0.14969912024927365,0.07720543157900452
-0.014879553399616996,-0.038410573905242676
-0.029259791014083034,-0.038096202998738456
0.07127372804614962,0.01564207444102715
-0.015159409289815393,0.04927597978993931
0.019891064391474953,0.04402743020991368
0.13047822934476677,-0.08773158397287019
-0.06913676376161698,-0.02049426997896965
0.012204139685989573,-0.0678952591085595
0.05981742450878984,-0.05625576947658818
-0.002205346055572332,-0.0702433624665135
0.06392684745209753,-0.041424762423860284
-0.013522305301916653,0.017335753992288323
0.03764681645972846,0.05526640802881289
0.09894098050542037,-0.0279133069092201
0.052353208727519106,0.1193826326885703
0.07494725104306157,0.03170494096935357
-0.08978680320163607,0.04974583055490958
-0.09501871204694959,0.07582609637239843
-0.011123756173560706,0.027138297612146953
0.08673571749236833,0.013785125288346755
-0.07812109549704997,-0.00032281959589870735
-0.03762315009458687,0.01616115824097046
-0.023525544867121936,0.07647807589186092
-0.07212243660009839,0.10423561196927902
-0.025593482932873647,-0.005188133330523294
0.03951488972162032,-0.09243655582095028
-0.009097856606579887,-0.026149753676459178
-0.10952295295849812,-0.01372135614715633
0.0016089360031227781,-0.046481612748012165
0.03542793592576206,-0.09563278423042612
-0.022135566540247502,0.042783244356557636
-0.07346961978288938,0.019636251308826076
0.038922711166577646,-0.03417771916260974
-0.14877053923428765,-0.019370525417715532
0.04764115274051109,0.024980683156870298
0.08187324782611682,0.03246007177676265
0.024522669221128505,-0.015489438793915206
0.03409304077996905,0.14731039296476275
0.061446096356987515,-0.07475504346278791
0.011245665516147633,0.047879123644590356
0.09792478425606654,-0.05333302334071535
0.03591249592606447,-0.03715275728759396
-0.07119724140200201,0.06103164985637657
-0.00829327469143248,0.09027521708425312
0.04216879306652263,0.012428170224045423
-0.054018663874926064,-0.03504401690146013
0.032304042959056686,-0.012713180099793234
0.0007009648531119544,-0.06371932217038132
-0.009040982427508882,-0.017691168283914968
0.041249006696144785,-0.034626329432926366
0.023801182997769312,-0.030613642806939796
-0.07978731116561687,0.12489456502559805
0.08611092241998952,0.017755020943025192
-0.05953096782229257,0.06654488602341957
0.016672735762570532,-0.04847111800802839
0.05679369918333081,-0.021958611395535513
-0.021891269979744755,0.04217366104720152
-0.001984492684729608,-0.039595537415363466
0.08152754482006223,0.004673696332431747
0.006810591152019003,-0.08661326118813259
-0.10779748446425869,-0.028503517275676425
0.021777835133848122,-0.09439333563269167
0.0006121549114629468,0.0018648068972772162
-0.11506663992589528,0.026853827981463345
-0.031920044259374905,0.002896501334926631
-0.04192342819874847,-0.030186805128854497
0.010305127523272704,-0.06238000712007941
0.03539461298651146,-0.07876557993619511
0.05635033739526148,0.04234660237546762
-0.02883169152623144,0.06446490389073592
0.007515812714190814,-0.06082206319789872
-0.06898156064515908,-0.14575990833731312
0.08832143233758541,-0.017484368748170793
-0.052694866132713084,-0.02543789946286249
0.03474305073456685,-0.04002958102477229
0.058815486702586725,0.0464845164046282
-0.08097901114465372,0.05543184824634528
0.01765097091491643,-0.05901719125529907
-0.01346013018504141,0.06410156968290355
-0.031415827377837116,-0.0018555439857941558
-0.005950716860563171,0.029692143459891584
0.05963726048669112,-0.001998509897538501
0.03051897925534649,0.040666087571473226
0.01461385235726071,0.13925091899914266
0.059481027062413164,0.00873024661757244
0.07162030679358175,-0.04996789687224502
-0.06774637737910522,0.03862519502487723
-0.09337719250737503,-0.04845993016136665
0.002621337462375233,0.04947058751650151
-0.02332275069785153,0.02425075036022066
0.05918951050781378,-0.06919012281443045
0.04537935162299739,-0.002491840542317632
0.07174066515657668,-0.051026039245232295
-0.01791642271538113,0.0023148607094904943
-0.006225370539546927,-0.04743745140223464
0.038138902630306025,-0.0073027754129345104
0.03106866960699024,-0.043772354168770414
-0.03392227075393919,0.13144287254215214
0.021756121392742328,-0.0443596262890465
-0.07219279450126476,-0.06225224793462292
-0.047899962858379566,0.12864030112261254
-0.02641590061485376,0.0014335643709956804
0.07526447365049604,0.026613191326532337
0.003846870197180644,0.05671989503529566
0.02302904598857198,0.07972107155751816
0.041401991150627794,-0.1420250429575307
-0.033943400811222574,0.03205342997964332
0.0610899009505429,-0.013447220618318224
-0.0010121315581279634,0.10361426541890578
0.003924036238114131,-0.055687665436615685
-0.11088423236253117,-0.04016606541084419
-0.0249594845861196,0.09628231426816751
0.03616804785764996,-0.0274427827924375
-0.0655092890748208,-0.05155768483329905
0.09743880989698833,-0.05058796681126764
0.01644821037948157,0.046285416868833806
-0.040011571484188636,-0.05378344057869492
-0.15602534025497278,-0.016713001056207523
-0.01825941815341741,-0.017848653629398553
-14.135446829181639,3.931155877725323
-12.055948018673005,3.361256738880344
-10.450769898626701,2.9312055890818636
-8.859749688033421,2.4761760928150527
-7.485407811701523,2.078298537386027
-6.22376742285434,1.699376098433232
-5.118055774229225,1.3858449283827665
-4.160009348886021,1.1438576189447487
-3.196846922420283,0.9026395351835758
-2.391356953669806,0.646488188151685
-1.629428181942351,0.49760764965235604
-1.1291723119730106,0.30416777699596764
-0.6217250934789457,0.18077155509497705
-0.09656054410144614,0.000958105678625986
0.3876715155325608,-0.13905072913617977
0.723022294188718,-0.1521847702598811
0.9697398935997691,-0.24810931357933813
1.399786738995978,-0.3196481796875452
1.5385290819025732,-0.5500885001808261
1.6984944269962112,-0.4667817081444445
1.7732598536082869,-0.5412957322667252
1.9386700235597156,-0.5810779642676187
2.0423146485961965,-0.5347828096303986
2.1965719336675575,-0.6159418964827121
2.1265891896432447,-0.6115075724888529
2.266092022093847,-0.615998058046529
2.2910845803696804,-0.5527568171336464
2.1750384449252635,-0.5609631932917206
2.2936876098990724,-0.7385856634048256
2.2103066861582286,-0.645211711950512
2.2426092195683767,-0.6038857454103472
2.166156995435137,-0.5556690439159737
2.151331995736317,-0.5573338013373283
2.071748208950521,-0.5174577340696319
1.9798955757010155,-0.5727717484038962
1.9462235996916837,-0.5663890681724502
1.9272880544536801,-0.565641052289802
1.7988490122199978,-0.5436933693867919
1.761098947066476,-0.4587623839894656
1.7409023863257966,-0.43098426635572706
1.7641748709016465,-0.44321064273708344
1.6151218955427098,-0.5702564789162241
1.5224498007002523,-0.418445578705778
1.4729234282546013,-0.3079417957820155
1.3694307976553803,-0.38676655306893376
1.27996400884235,-0.4750931950917905
1.226971527176126,-0.4022316381823111
1.1384520869680193,-0.3066561951030853
1.094905466608376,-0.2792735238055702
1.1621834818870094,-0.2951779607600523
1.0113841250617102,-0.2527657941682805
1.0251010142894168,-0.2302021171926288
0.921566354099323,-0.30492002540607716
0.8929056092280385,-0.23552465505596215
0.8682906186778184,-0.278418458511101
0.7597424583358725,-0.2333182496063957
0.8010136152920251,-0.17164518893673952
0.6644166281488313,-0.19746353403903694
0.5705185535603667,-0.15088703227399097
0.5298671628053546,-0.1612216111210012
0.602978726059219,-0.07193177545324318
0.541686699043172,-0.1714631511912058
0.5371615765041882,-0.18658464603570915
0.5394633002242147,-0.1238180270165406
0.4275773669432124,-0.1262885595974496
0.4409189490363406,-0.16458210022417952
0.3222843637124162,-0.13768729130902152
0.325956748821592,-0.025403795576667478
0.33957913766821585,-0.11402537788943502
0.3011060822723531,-0.07552994778238643
0.21779620362862778,-0.10563211968773195
0.3166313291290295,-0.1634374736425115
0.23339713175964705,-0.0174516101541236
0.13953787332655757,0.0028041508934345608
0.2630267927908679,-0.16026418675364257
0.275283749735478,0.005243440303026405
0.21268400670555132,-0.11208733593907502
0.11251888105487891,0.04635136096220809
0.1214897176511934,0.037720872929333425
0.18450123032111554,-0.005744653208201916
0.1594278025603242,-0.0733249159927106
0.18772032466703453,0.0060359216050510645
0.1474484078310905,-0.03113915844690495
0.12995887626739694,-0.11925981010462201
0.10329743994836667,-0.0419624378548777
0.06022472098441972,-0.011046877257430525
0.1110555302924345,-0.07852932216835293
0.05408413210703539,0.14219144903454217
0.10115108611009946,-0.02455822391263978
0.10329484287510068,-0.05609568490051603
0.005026889180709572,-0.026505078770012857
0.044885422159083345,-0.055123269161314076
0.02227311289405009,-0.09758421601937584
0.13781778419808388,0.08422379249293188
0.056436902927259565,0.002484549180600511
0.06919493659227825,-0.006445971069417333
-0.032039092332872325,0.004148338274569133
-0.04022659759574494,-0.11592293260873215
-0.017518036714849312,0.058650186444914126
-0.025960367882711773,-0.050252298204015125
-0.02767440586008115,0.07096846998473608
-0.032375899485910756,-0.015614101826900116
0.05608459468577411,-0.05830468303214855
0.0978066847553139,-0.00168420128327559
0.06017103227431769,-0.048145615819628
0.10758258868641858,0.03129509809452066
-0.06910124731218735,0.09868021441022001
-0.08226738347268185,0.02737668476535774
-0.03046728985338294,-0.0791219438924275
0.0025366391584819153,0.010786238350162366
-0.09001020360905021,-0.019774257093737396
0.11153974697351113,0.017280042559791868
0.036030098976381576,0.04606247235001866
0.038915236488477216,0.019289297012204075
0.014097660569186057,0.0005506175090836153
0.06056976537207862,-0.08706802005994041
-0.03669665074070357,0.04654258009064127
-0.03567745237424902,-0.10052209311552059
-0.03459510144854083,-0.06735556971300526
0.03193395303548745,-0.00873969235964364
0.07754658484530863,0.0007246666590385708
-0.05552046297339936,0.05434272888879369
0.10781853389563062,0.058934281737314215
0.0002507287186475143,0.021914519514352977
-0.050212669483984326,0.0031313339012057906
0.02054314438925898,-0.01300841942123622
-0.031211587052715522,0.014400717187364753
-0.029206905271933765,-0.01941985737568311
0.07024989692108755,0.030286214662176472
0.0675343746197299,0.035404535737896474
0.004454280520039027,-0.10090905490634325
0.042698247407008526,-0.01900262602569182
-0.11638397792056812,0.06138079896698741
0.02634369546507829,-0.02808553204054177
0.01705377850365283,0.062073622956777624
-0.05160408117625141,-0.03735635370634398
0.04810266448340756,-0.02285006671261778
0.01968907828302434,-0.00664780280877931
-0.04619741414861553,-0.009716198966147876
0.0042159677539387215,0.020378948403653927
0.004097622451706428,-0.03894378292235193
-0.0631739589563717,-0.04650523283897727
-0.016787341340049947,0.03782698425988924
-0.04631549077025949,-0.06293159704602296
0.007426586937733459,0.06964463459868106
0.10150519916680129,0.075362027475675
0.004465847195221405,-5.220260447415595e-06
-0.0011237143384484598,0.02395578359690697
0.013632353099681199,-0.09193586889963104
-0.003024364324504491,0.03929974792941062
0.041255338330069835,-0.023760932414293185
0.08465284822446176,0.0023306511976804263
-0.017633372656223795,0.05240352351266519
-0.03817301291318702,-0.016581578417264577
-0.016956452190779472,0.004396418372585925
-0.07116183289993966,-0.02923062714048892
-0.022089328156499673,-0.05384282300835526
0.034296027693264064,0.027958372358577663
-0.07820180042928232,-0.022754008956485747
-0.0024540284990981556,0.03778839461753208
-0.01363980991053027,0.029772439397440793
0.009677658587328214,0.03196749083918913
-0.04611235349024072,0.01565424062154283
0.019683593886762735,-0.010130786431684816
-0.08112648429277813,-0.006596200734654891
0.0062741718106582925,-0.06795718580212831
0.058583861263102666,0.013272737507152528
-0.015881644979897382,0.020416547692498954
0.004264947014329197,-0.004465718025034694
0.05962130122290899,0.03244322496681536
0.03552110566256587,-0.036279316232923714
0.007705315910597215,0.02007408001456537
-0.03618644844889725,-0.07149941568643906
0.008719638718929815,0.03537662570384091
-0.09985531236136168,0.002898870424672009
0.022983575067363007,-0.016819204124984007
-0.0685981719493729,-0.037135705549085234
0.02819372466405921,0.02473415531080457
-0.08115779506573707,-0.0011772070198165924
-0.017252255957815422,-0.004172438437111306
-0.0440511738973027,-0.08405854015044971
0.017995504565125206,0.002893264156065175
-0.01600971324865614,0.08470495906857864
-0.006207999992815454,-0.03939708658556888
0.009084515351018688,-0.011112015335011906
0.13486169863385128,-0.038860767318530554
0.04855152889231376,0.045344889270327565
-0.012645214918538055,-0.03328063845271156
-0.01865354694455892,0.06514652778166938
0.08736119822629423,-0.007322168539323013
-0.038123976955862456,-0.044954927439738765
0.09994193429277108,0.05757893763255672
-0.020972793429410892,0.06249841075817866
-0.043042759210631484,-0.04386666655883561
0.04513349249352552,0.08890829793818976
-0.027708108747987355,0.004547984333735419
-0.10061568939150071,0.0018169529011937725
-0.023634739605202435,0.012907534457127199
0.050303469191026184,-0.021544706301375047
0.021290079438296368,0.014358524941471142
0.021653997578692366,0.04274595893212436
0.0029748315016972777,0.013978554358796927
0.0599893580902466,-0.05210034378275316
0.02499403619782377,-0.08178506047415768
-0.03181060400544252,-0.0016534893108519017
-0.011707472062055052,-0.020697125749971672
-0.06353215916435481,-0.0845896135234403
0.04000838560058006,-0.06101852141597265
0.023045114750800347,0.04670975262425771
-0.03915245884743324,0.02048778986170828
0.07907655372972812,-0.0024277794241760395
-0.03896083763013831,0.11436858826199692
-0.019721015858997853,0.0524143057857178
0.04629889007217973,-0.022395159369847366
-0.06969455949232696,0.036681576477858704
0.09367713126453342,-0.05357473711386588
0.023456792170692214,-0.04570644768166749
-0.05052846953073196,0.007115408094529686
-0.04941286371070692,-0.009217575833956104
0.05775137473057706,-0.07566982594436782
0.031250676672886404,0.013762195063688637
0.05296103570103398,0.021789638054442156
-0.03957636923707355,0.00997215387014549
-0.006633373597630894,0.0035549322505167786
-0.11534245029879049,-0.017701164331601734
-0.08498783224417898,-0.04634866194469414
-0.043419486729220254,0.010228182078103856
0.055469919786376505,0.06344863199986384
0.027800048374626248,0.04309350214133098
-0.033666494786729735,0.033611670552137075
-0.052762065106211786,-0.013016590979081902
-0.03824324991062702,0.0007379866965762181
-0.041556863184145885,-0.06730682635732935
0.04484987080309293,0.01580480277601407
0.0043540620845605345,0.02095360080176156
0.0160854121944057,0.015368372927912214
-0.015402546683588786,-0.09492405103676232
0.020699313528161345,0.010864739943345934
-0.024609919836393598,-0.03861577453182405
0.05823358737037823,0.03965921503349321
0.013859476767841356,-0.07073099127737685
0.0480149412909962,0.019803876599800874
-0.09456669878265514,0.010543662116011935
0.05578562604728167,-0.050792037204195
-0.04516648983405891,0.10282883764644399
0.05772339149261129,0.07404827986757612
0.06466296276810778,0.011876498097955207
0.10442469103910063,0.004666189826025161
-0.0071255971016538945,0.03731173647157995
0.04771624325495518,0.01106929885496244
-0.033899495919760596,0.029900475865597596
-0.0308825784731805,-0.015603355721538505
0.02492061124795035,0.06375347371893599
0.020632800167588866,0.01453443442936372
-0.004344423938658624,0.038270050080493
-0.06642126383239759,0.011579545507940818
-0.013047046490090631,-0.006875359209941777
-0.042664532703829826,-0.03788821718201554
0.024942739227872594,0.017796487876543483
0.0367957396006584,-0.03845751794644672
-0.03956633802924131,0.06364706606266035
-0.028512546688737324,-0.1012612793865175
-0.02010900836659795,-0.097570958212832
0.06338504328214843,-0.039146436956159554
0.009367524193570644,-0.030937178922912305
-0.024726235771841916,0.028662416128338367
0.07169609748312972,-0.01220566315827568
0.05792784485984126,-0.02772685258245199
-0.030997492492893675,0.015014280490595014
-0.035208818147577176,0.05516645692083047
0.05700158051473951,0.010446430536832956
-0.010068978000491917,-0.04267746712092589
0.028305662982252868,-0.013213907019602898
0.006714887083253325,-0.02108918048419084
-0.08769629483787388,-0.0614817275413451
-0.07506982981001842,0.05526396211388689
0.11742384493500656,-0.08615347718281618
0.027309655291678864,0.013606972227682021
0.0005920802319451801,-0.10255166753316175
0.0166331319761101,-0.03673216512091885
-0.007236885141753911,0.027228677253478547
-0.04533138772533821,0.0540097864594917
-0.056313254909632925,0.006246264151412873
0.0252504446529914,0.047130041329274903
-0.007012634988410604,0.06915875546075456
0.02194235107308868,-0.02649123406054724
-0.08171057152743624,-0.037604211138002705
0.03254625439241536,0.029775726676139452
0.04834028887048364,0.031531173269919575
0.01937431005795213,0.018177830647625716
-0.05067418625070693,-0.03014144903978791
-0.05723600765765089,-0.023600653689805753
0.030496342995378112,0.0582558007843081
0.005210464577586214,-0.03684739605832159
-0.02492749246253971,0.01888760301783702
0.028843356374425762,-0.024891374737194195
-0.05574796527716393,0.09767518773829358
0.053677093001627624,0.02475722800159663
0.00528609075187759,-0.11137802524897958
-0.06871249983280853,0.024955397140379972
-4.867223651551174,-4.431480158614489
-4.292257851137094,-3.7990007287985086
-3.5177234529156767,-3.2938351008140865
-3.042157626339034,-2.8450285510346984
-2.5762628881914407,-2.3397419069421987
-2.1101363053147417,-1.903363091085008
-1.694510814405281,-1.727019117176433
-1.4598225413938504,-1.2062449411837106
-1.1542097494177834,-0.9950315862844447
-0.7764696077927804,-0.6922086433515283
-0.7201251472632437,-0.5435226475493182
-0.38406618894972644,-0.3997386541876748
-0.30119867518737187,-0.18395199381660504
-0.06584703400628186,-0.008678133148817303
0.14191687046050333,0.01415291835557908
0.20426556553900233,0.25778157160777737
0.36069293300463323,0.36200770387342723
0.48756771976053903,0.39042917610466454
0.6228790636823021,0.48560169318314833
0.6371322865966053,0.566368589294807
0.5965628912220214,0.5659425841766148
0.660757488197309,0.5283611805900503
0.7672527352832426,0.7078144690787876
0.8210081836021206,0.6850294256347788
0.786545106051859,0.6853026771684788
0.8013386380160389,0.7621315730092045
0.7422190268664304,0.6726836733540233
0.769239523211348,0.7767661018407541
0.7536471237725971,0.69011983482567
0.7367648660967402,0.7531485227620817
0.7831526339033922,0.7248415713292824
0.7312481495473849,0.6826624759771658
0.6561951356310658,0.6972741006903433
0.7177564308735593,0.6338674166864757
0.6244333590388664,0.6598811486760724
0.7445280080592045,0.6592570515341951
0.714100148696071,0.5693555591674367
0.689265666913871,0.6269667324513197
0.5911446649754127,0.4459956858769406
0.5112993923853955,0.4739538806276453
0.5119745481737106,0.4808378090892031
0.5932380137284896,0.4977257293497063
0.49332809851591986,0.4233748667294445
0.5131225232574392,0.43456442021563724
0.4944842789972248,0.45086164258244044
0.46578032526707946,0.43789806989380914
0.3941759902289593,0.3106021502444865
0.38986110307354493,0.4293752573960091
0.38171055315603697,0.38885684007592386
0.30174870132488063,0.43015392558042065
0.4659819328412738,0.3140700201037031
0.28599198806304427,0.3095512833745666
0.31958938701337597,0.30856955582317025
0.33280383309038697,0.2347000068969848
0.3408083978647547,0.2996195821816521
0.3195639479421509,0.14983383767521868
0.1884231668159646,0.22975987784354637
0.2543730696300948,0.19361938408920812
0.2876958449115689,0.20146345172781735
0.15278224783851554,0.1593807928861577
0.24282082854805975,0.13404782071366578
0.30841169587953665,0.07899182200001553
0.15408436087095695,0.2104753148360703
0.09488136819875617,0.19560379979152798
0.18323023312461295,0.12732003133593273
0.1730182111624436,0.15837412152272567
0.21250575788401543,0.11422879243180355
0.10382060729689067,0.15151933013133545
0.13317669075767932,0.1266760659256202
0.14481830219569813,0.1508608646940749
0.11569169092794916,0.034160649271284836
-0.04825796399314966,0.0833469012462876
0.22811716208375465,0.10497560775966869
0.03719792108338373,0.12382853313970606
0.027128185877108843,-0.01263933147937045
0.036332555668687636,0.08615441212941166
0.008574000409999914,0.07393400050881957
0.051560557206991646,0.1350217956233189
0.0962521899796662,0.15848748684224606
-0.01171120031450018,0.08191164005752011
-0.04150742707322558,0.05998485002081634
-0.020926757808440312,0.03957186518635429
0.07543429376436683,0.020590514927650138
-0.03999745245019107,0.030057899347972344
-0.012218243834793377,0.07713679409834412
0.03702540862220122,-0.13539403856751847
0.05011316548738692,0.06529848223652385
0.06664297634298776,0.0038320926260326468
0.07973717529687839,-0.04456757544998087
0.015455299165404966,0.012183254818926834
0.13069579459541156,0.042230563804843704
0.07177508238793295,0.06380115505983726
0.07159371111655823,0.026900711416126644
0.007091614205367363,-0.11361453084375293
-0.013277669360301426,0.04773457900057798
0.048778440258537115,0.0338193142464165
-0.07897805659616736,0.02239739367253831
0.048913533686828325,-0.06165698154492734
0.03439920194512285,0.0376497576546516
0.01139462302338967,-0.0024390007422677314
-0.007492950577697263,-0.020757303600975108
-0.04831294847011202,-0.006598070180248963
0.07760930763338827,-0.026226152559001667
-0.0072450840392271594,-0.0017550200081966928
-0.01732128818483665,-0.040931971541536966
0.019616646149364318,0.022529251972473976
-0.008423558110255108,0.08306234651838566
-0.014521321911798458,-0.004286672025110906
-0.058969292834971154,0.03550784073349028
0.008553869324255716,-0.05519128496773622
0.010229061745895753,-0.014946614359277827
0.027135680965243828,0.016067476752134352
0.09714521164494808,-0.055380844144056036
-0.10494956095916273,0.04789987729354482
-0.04011066759579979,0.045747391481833405
0.04949505612347101,-0.03506905240714616
-0.014762881515720534,-0.04685319524041084
0.06712463739560279,-0.044037861613503204
0.026707159737435152,0.015604663933176853
0.06956680966854013,-0.06544872067947388
0.0037745865114865162,-0.029320112468009456
0.012580433441700524,0.036447678770974476
-0.005190431220538961,0.07110693697723461
0.014870722099790776,-0.01047133337975378
-0.11251663784354737,-0.056023438646421016
-0.03196641968365126,0.041111040885992836
0.00030934318220747796,0.03824023063544127
0.057947443230769315,-0.004385788781552522
0.031462453989599494,0.03168399157254173
0.05073302627004243,0.03344819522447304
0.061144888084138885,0.04965273799391857
0.022370171396693096,-0.019045727468249875
0.028760685975396515,0.09347005702963944
-0.009958027032797107,-0.011760661322763757
0.014513703182939312,0.03886981287055177
0.05687061819766698,0.021407840505316827
-0.05344471032357721,-0.0004252536482303943
-0.05145519417196649,-0.003870428235144863
-0.05659309999383768,-0.007765581611901853
0.0025975763257840567,-0.06795116540324554
-0.00844371965455818,0.05179295328930154
0.05520274651432542,-0.0017886910803870744
-0.11558048612889538,-0.17966373136364744
-0.005669687566105759,-0.04620281150603288
-0.05305627278058177,0.09628722462173309
0.04011565370994712,0.03252874620699811
-0.003811331703854292,0.027669928608142404
-0.09034664307072111,0.053386098764782515
-0.040944390219508645,-0.07946361968885433
-0.08243965083491359,0.00777556112278132
-0.004602222364739924,-0.02248671945239402
-0.03616361974157629,-0.05034344514641808
0.0020214603968913385,0.029898463591390943
-0.05725764587828398,-0.041341148033316
0.06277326715291112,0.10073589425479323
-0.03953820151238465,-0.05568406200442139
0.07988653019142684,-0.05864368717351716
-0.03249529694858555,0.04959592385496697
-0.027072442689252196,0.10575479088978484
0.007887601195449895,0.013594545298107273
0.03755231423744859,-0.04272369606874195
0.04400472653086231,0.009354081380412327
-0.011130224243774398,-0.007824350048113576
-0.062026136312721136,0.01130925128064508
0.08010127564123418,-0.033604386873627545
0.06089259481128503,0.0519049496881968
-0.06855631634300383,-0.018431815757307457
-0.066747583462202,-0.052920598436575754
-0.041317567116415425,-0.07800731329094364
0.01898834639194616,0.14349972699093289
0.09085140568382274,0.03951757423782431
-0.04386637455265415,-0.016895661432253888
-0.010699579903167195,-0.011174029508552086
0.061632582785267336,0.03094752921419204
-0.018995229424100712,0.04553802847027311
0.0068657113361809165,0.011296672912781736
-0.011813087857548955,-0.06323274819695511
0.06803482679047436,-0.05114389234587483
0.05817755167106951,0.054853721891408
-0.049202882794740374,-0.06062453917392333
0.013419386655742722,0.043984368160402576
0.009686375210370975,-0.006166816857864311
0.06608330289469182,-0.0024494153061029285
0.03170490467496378,-0.05530351204447165
-0.027290726292351502,0.01798200884790274
-0.0028305520346213744,0.0027351074781416965
-0.05864158624604756,-0.008454642547513621
0.051817354715157554,0.031166188737524126
-0.01846011034957465,-0.004353392070656955
0.008163292470749837,0.05772375664409662
-0.02537346767585162,0.01836164121766768
0.0017031454348699106,0.03270282755051807
0.05386628295532262,-0.016278157998352
-0.037514460730867914,0.02741105638621919
-0.07689751721691357,-0.023970103619185765
0.01981129133670255,-0.07340128370095181
-0.04505259368009909,-0.026282831080460284
-0.05776739788180526,-0.015349982836293179
0.05038133167874133,-0.022012203363704352
-0.023770046817058944,0.07417951223950242
0.029097367174802796,0.05220084061492407
0.0963025731211587,0.026842044264320287
-0.02545060640137528,-0.07663052991963876
0.03033368672762949,-0.019080593818639607
0.04865645101602786,0.03403855898573041
-0.08965879960990387,-0.01185843730462718
-0.015385284261276045,-0.016930865143945248
-0.05107623877578066,-0.018257949362082023
-0.007531097675334782,-0.02015278754237213
-0.0023887667880222,0.03557172262377886
0.10124731830351548,-0.07576183557478386
-0.0008539781388635639,-0.0025427811804111214
-0.03224502480817369,0.07658334579098382
0.05941388899790005,0.00846071524818165
-0.0449257502667645,-0.04214698162512198
0.0763747462457663,0.0031630653617472516
-0.06910424002224735,-0.032507428440209186
0.04356021365387001,-0.026353051401389008
0.011679747669838257,-0.0404053819546762
-0.02616149393316753,0.008503657527408521
0.037452919556279406,-0.06238528021707332
-0.004714212513059878,0.06722358808620328
-0.00826341811913929,0.030993155677952196
0.034365638849338055,0.0692200831986631
0.042125206744251215,-0.0003233146589486091
-0.002111355414297661,0.008743563965777502
-0.024285556167500326,-0.026956652178013366
-0.042453935556255526,-0.024883687353989367
-0.0827541228090073,-0.07821522546774738
-0.056895941247419674,0.0720196655567622
-0.06227707445038106,-0.013715339308471576
0.12189117116216494,0.028507608990689534
-0.023169973099799818,-0.04846728554710517
-0.011619650804735463,0.013357802694261768
-0.007500989564905183,0.029651224007300615
0.09460933935983734,-0.040681447446098924
0.08512394176906787,0.006755479362143736
-0.03187066244031043,-0.043345920679034575
0.014800262361169932,-0.026946165110617447
0.017173993342277226,0.008137479511546936
-0.03847044210602117,0.006659190398505119
0.008594457508816324,-0.0354640327214933
-0.04228198012667969,0.07596339433858733
0.013040448469759054,-0.017544224625725073
0.03770759542569455,-0.06360604223346575
0.0224513604695395,-0.0032178025586412137
-0.0048043772138856786,0.01524658285762223
-0.09870066089400965,-0.04271016549359865
-0.04049560797826553,-0.050704891023466855
0.04244038908704334,-0.000603263759979912
0.024332158130175436,0.01083582078080465
0.08066037533759413,0.11754971822851347
-0.0070051518749540825,0.029067816241242
-0.011541228473894907,-0.0060799279600277124
0.018920332063309224,0.009230252757731748
-0.07718961118827652,-0.0020780783662845796
0.045791960422118284,-0.0106230530952263
0.019785367699963495,-0.00650192550382284
-0.05880291861866136,0.03700013677862445
0.03419836229670263,0.05418025867331409
-0.07820736129828237,0.023979944060013348
-0.026638410411708953,0.10229323728665278
-0.05985126350373596,0.009239295529174758
-0.02490877746743253,-0.01096727067597116
-0.04003680211739487,-0.04518687458509277
0.004474504132479406,0.04143637341669488
-0.07754283925696294,-0.0780168307610576
0.06830080604491053,-0.01249101652892985
0.06450626105896642,-0.04812885248894185
0.020434243636652298,0.003298896989700575
0.050269385973059216,-0.02804014088550621
-0.003937143418015673,0.07907995366941692
0.0950142557528814,0.0002830040075744063
0.04872132031770647,0.05520218580716286
0.028338729977132403,-0.01885282784250563
0.053593417529693904,-0.0655139525826389
0.011599185448485323,-0.06284955401513306
-0.003886980630294627,-0.037741609261963
-0.08647739354041378,0.010590917273913484
-0.012272889958131951,-0.08225284669237039
0.03813043674461642,0.013902462028863352
-0.05427067844500448,0.03002313328158262
-0.012891141235510856,0.051873236182935004
-0.04357370315758641,-0.10818328949661678
0.01039806108636998,0.017025506118042724
-0.06910953159382127,0.03851253629904939
-0.06021029990451632,0.04532506307473131
-0.059170353353560155,-0.01641913568521633
-0.07650658336535962,-0.01575105522847535
-0.0514227924335261,0.004044744842083569
0.01573837104852144,-0.012243909537445889
0.025327049406060502,-0.023534281875703406
0.030392396480050946,-0.0003066381346286534
0.08579846617334028,0.05556530852646242
-0.024750136689015014,-0.002427306205516202
0.08155282774939121,0.11803941574777266
0.06461457955253702,-0.013344523049060402
0.046575964937823344,-0.00012036618452831321
-0.008839675072448063,0.009047196583488428
-0.022372975872280227,0.08015502510822765
0.6034270433849425,-5.186404589044634
0.4709521625263992,-4.442799132238853
0.41345631418488094,-3.74208685071796
0.27470310537560144,-3.240085374941784
0.2699563861170883,-2.6883811674494855
0.32133424837728586,-2.2672403489857516
0.27669466813072635,-1.9209673636575888
0.2812315254143628,-1.490194425563603
0.09115416025502904,-1.1365025420851995
0.09753569201049979,-0.9392143065647669
0.02472349727421938,-0.5512841369006477
0.10739356761912923,-0.4879384383059965
-0.008970850161564674,-0.1270969800589592
0.044145327382119556,-0.03480803712311184
-0.04576199777240043,0.1919309222564528
-0.08583276455482651,0.21302849432119583
-0.030074640702667896,0.2788040483479487
-0.03199796633738562,0.42296175412448694
-0.06363313643529248,0.520609827197422
-0.058594652705145675,0.5266727532150874
-0.05538045241853462,0.6508805627905554
-0.15792721086742428,0.6854777751059503
-0.07950519023637315,0.8422914331348311
-0.05567347922483017,0.8202117861707431
-0.08321320161873275,0.8042713259648361
0.017170179879716363,0.8750450911170549
-0.15641326037124176,0.7769139817973244
-0.13609716722307694,0.858039951779883
-0.181817393123337,0.7981741871378717
-0.008914482155667112,0.8184692408614892
-0.13193804118153624,0.8336318441259554
-0.09845741994997366,0.7350723034112505
-0.08654297042714919,0.7914704078355984
-0.015715513703930657,0.7991389906487713
-0.09534693115360267,0.7777308341466439
-0.035550466978857526,0.672110210817555
-0.1391336502568269,0.6819723551120654
0.05549867798125202,0.6109907794789661
-0.07468663639995483,0.7002418777996773
-0.020590604212068833,0.6122168660667765
-0.1341431164240037,0.6957972950644682
-0.014429545802560069,0.5328097195950177
-0.1235038370707306,0.5858744212099027
-0.02076300438880549,0.5321246584724989
-0.10213018500939247,0.4994751671950789
-0.1421459046872042,0.4178901378690166
-0.05091175925949193,0.5146415851463667
-0.013939006521596811,0.42609093377117574
0.00024459974152517966,0.38836861909953097
-0.0010842472757435495,0.4211946559881269
-0.02658846178097316,0.430576469977517
-0.13046375248500736,0.3693022037092617
-0.11786714189984276,0.27369316708184743
-0.05609553535031751,0.3013096320803267
0.052805398950519916,0.34989742478843383
-0.006633575656103119,0.24402501346883396
-0.06750246001991936,0.22916409702225643
0.04718225125313621,0.3088820513358714
0.02780433301558005,0.1801983114888301
-0.0401830819236061,0.2410838499050012
-0.020130518759839264,0.28502618372507454
0.05881606987362839,0.2722231562368122
-0.06415007789364996,0.14178559780163769
-0.03769129186153725,0.19223390777635627
-0.03449380464646017,0.2503269103817939
-0.029214928883572522,0.06014320835703972
-0.06347899533216385,0.11184877891914174
0.003601234570414613,0.22587387381795454
0.016120728802322258,0.0964325532075239
-0.1207527756512275,0.1088244022951538
-0.035544757601734936,0.11841572027280971
-0.05397837904686456,0.1027450922954349
0.032029407026877815,0.09075275765263537
-0.08971990368279359,0.07136909775429909
-0.051092634866923475,0.011167439281733985
-0.03921782076718649,0.1364731741885773
-0.026962172180641425,0.0896132682914659
-0.022071669992598415,0.07845220789426607
0.0107321588499169,0.08203978532416215
-0.024569535008082982,0.0019099709484963062
0.08516781477109067,0.12706395911850146
0.011072478673618635,-0.052329295732631835
-0.016710820559683485,0.131820037637494
-0.017006388498274645,0.11723015802541224
-0.016368606084254785,0.03611894837994907
-0.005340185833442193,-0.00908157015546949
0.08502137707146885,0.020832149467794076
0.054983341105806785,-0.00930055516116474
-0.1263943123216286,0.04909203560354656
0.05563360346379665,0.015440692751442536
-0.021490426117483967,0.03692975411506337
-0.04914745583626184,0.013013999631265337
0.030790368144114687,-0.005175597543483214
0.0023024201208883266,0.0022769678714950146
0.06465902506214341,-0.035974559919759924
-0.07710300043828254,0.022915104756848034
0.0033943455067539548,-0.05344386803358874
-0.03392690550332722,0.023783009003668445
-0.003754941091148583,-0.03515302950594675
0.010208725985817924,0.0657683811043028
0.022354927858089485,0.08755302948839414
0.02884217589817057,-0.005156381645747029
0.017001734378661995,-0.03694036343324171
-0.0026528557376162302,0.09259885032244226
-0.013512754492403268,0.01467556929981629
-0.08779742720513424,-0.014909507779576087
-0.03870429194977,0.04592649055470261
0.08352147290574335,-0.0029179954001284716
-0.030750297231956367,-0.04639935356739479
0.04868698212324753,-0.0475535801394487
0.011992207837622573,-0.029787240205429496
0.022438282409533133,-0.01881681523387508
-0.020109651971571975,-0.013481850045028042
-0.01604953610568255,-0.04015958291182006
0.036151425795837855,0.08455735031613654
-0.05799389140930684,-0.0807334034373643
0.03222556103800925,-0.03815365356974029
-0.016657596704760774,0.062149356371120866
0.13173132746167754,-0.06866803616523752
0.01942378722757107,-0.025821699032102408
-0.04973539070379453,0.0019390403343395092
-0.0002149030051795159,-0.05064685252068128
-0.006659707238320523,0.00016514223356332847
-0.04265106861386323,0.08262020140959653
0.06824583040357346,-0.05935835526471028
-0.04843490081774331,0.031173184414382805
0.04762322474844468,-0.023957468822098413
-0.032819240890493366,0.033540997733167086
-0.0880968779746821,0.04398089331915092
0.016379947425842357,-0.019353593073991326
0.049451580064043835,0.016176179057292704
0.07808383159034175,0.05450899074972871
-0.04932939509280944,-0.02901365796420828
-0.02863020462498255,-0.15585821645938208
-0.02454963383041905,0.10165955951310666
-0.02187765459072472,-0.06087921299439161
0.0564779368323262,0.03232947619254159
0.008580117573452783,-0.03611623715857877
0.05959639759252695,-0.0034024681640865244
-0.006192822032681401,0.05498841558129705
-0.037151483520462276,-0.022167409100280464
-0.010294143335035193,-0.0074900755111899885
0.036708344949616764,0.00859153380634455
0.00023053591706786135,-0.020619656166563194
-0.0248722169994018,0.11455570328625812
-0.00983142529000775,-0.055514991054707204
-0.045057352781091776,-0.033148375138745544
0.014133248029358968,-0.01830468677107046
-0.13188170970421753,0.1668852095891732
-0.07729945023357579,-0.07751757103287009
0.0681098797354993,-0.04831351215177401
0.05502737449308709,0.03646614352828206
-0.009991162359097859,0.04186743194567937
0.008414295344262806,0.04392872338015001
0.08887228537642765,-0.05976315725632933
0.013122088120335083,0.017570801123567396
0.022643064425361042,0.043202586105813956
0.01334986164115418,-0.02997741251527597
0.006946498795831146,0.014546332290083229
0.013317508062790463,0.02591235535244836
0.018674943135820427,-0.006283971387000272
0.06407697630531994,-0.07068139395881973
-0.11320558512756676,0.013299741486747868
0.01545755003936541,0.011518757607438201
-0.031003522027306777,0.024941276447115038
-0.048238468333040664,-0.07249419212170248
-0.02141343679056923,-0.04365631555385076
0.056846288184322843,0.03082602054629033
0.00011175748818111769,0.013138781188497612
0.015636720882035157,0.07730707495655388
0.025151364662170037,-0.07550844788185447
0.05585096969550988,0.011420763960542476
0.05186635760202734,-0.04015438034076671
-0.01945015131500936,0.06323426215995293
-0.028921896582513533,0.0033862880495498363
0.005045885389496848,-0.001848173738864558
-0.02305570924844369,0.05816432374677494
-0.10873875528020492,-0.06639686309714726
0.08919981846115116,0.029223712741594167
-0.03320042884847786,-0.032862319856994684
0.033291324665973954,0.028111026517401536
-0.11035818309353287,0.07065196507160415
0.005466053094270328,0.005155883615806137
0.05574186582976933,-0.09043471057438475
-0.07157976165540081,0.06678538015772353
0.05283844397561698,0.05845244504736036
-0.056533410898988584,-0.016632776507280587
0.009176191116986898,-0.025422381024873472
0.02802887299459461,0.04090318228910375
-0.010134120037652366,-0.07194328530191524
0.024231548468533218,0.00015824972276200612
0.03651741457552718,0.023700675757812956
0.05436103589104503,-0.004506190617501436
0.061247371078114406,0.06852072429522167
0.008398657199514901,0.03263333031904653
0.03747745165049827,-0.004581145112024856
0.002935694961586667,0.023837043620008956
-0.0011598876243314737,-0.019703265248216795
-0.09537988538382725,-0.06448530563177185
-0.015654776881952978,-0.022210998444413
-0.056981003273334496,-0.018794870432364726
0.04453600307535381,0.06924235353209156
-0.05158644395099188,-0.06316948578575418
-0.08517043750917812,-0.029374972022780783
-0.05582536011608325,-0.020311191726900327
-0.09451328708993226,-0.0028348970124633943
0.07062445070639353,-0.0755625439571195
0.04309278393410047,0.014044991352527837
-0.06745585420099479,0.0910308354307515
-0.03710737534498301,-0.113899160593495
-0.043470638930850895,0.03354488196407286
0.013076438242969127,0.07946494214877078
0.044672003890652186,-0.044156661631630206
0.02506117394327582,0.0074053845421044335
-0.0022941980817353276,-0.009463748453965293
0.026858280267471182,0.05570762336941465
-0.02474737619935702,0.05069222569716093
0.05526382855614649,0.022094656312099524
0.0040905379622723816,-0.11813749474904209
-0.029207530265333542,0.08619930592561066
-0.016117738676991632,-0.09862784889965238
-0.09947577200873277,-0.029128122544103213
-0.018712513654539062,-0.012397067530029808
0.051673159026214555,0.007360053807949444
-0.03526224429112928,0.08462366449496324
0.033034138276294395,-0.01958551569762134
-0.02174087511274706,-0.048837724617865924
0.054627056251391845,0.0016107439099497987
-0.031354551776107575,0.004838717591581278
-0.01733366884097176,-0.048895583687910416
0.04826355036744017,-0.008614334548041662
0.042802340318179255,-0.03882512284712427
0.04308950537917756,0.026978977834937044
0.11083318396337682,-0.04490906552715316
-0.03474650287485885,0.06486147693465655
0.024572307151713043,0.0009558584824466074
-0.004290508603405482,-0.0071617379130158604
0.00015426395561431508,0.03678665458010708
0.04733185397817489,-0.008908487283654336
0.08022743472125543,0.013680511085488466
0.011619810568159677,0.06438586627828008
-0.04005955588126921,0.024657292513577067
-0.006709242927339943,-0.07000896039078904
-0.025689610714918973,-0.06887232273371419
0.05863076743286981,-0.02951068326159194
-0.04225634771556857,0.026288402062616678
0.0013902765673835006,-0.032290555542864564
-0.024701442364946775,0.00996571545578104
0.02885618311469596,-0.012452778036613208
0.05737657119459663,-0.020317013565948963
-0.00079453542703126,-0.004388481117978411
-0.11873721784319081,0.05014448320539375
0.07817977218762152,0.1051620301581091
-0.03785707349093594,-0.011496063686654238
-0.0010059595752138495,0.018774655406650496
-0.02785283822659916,-0.03000096786466237
0.042624374497508145,-0.014270475741714292
0.0232706436759882,-0.03274745374678202
0.04276866797847354,0.005693941734109353
0.03525952039970438,0.05093730218505563
-0.015369639019851604,0.02053490198218158
0.01433205560021968,0.02075748901304813
-0.013860976424530594,0.03038977731350313
-0.028450317205043128,0.031729007907994114
0.007608732829419814,-0.025678882527789985
-0.023079178819883365,0.03486161375697738
0.022707342385955995,0.05146324438771642
-0.05635012361909958,-0.03280003737240922
-0.0018451494365926448,-0.014650954932805728
0.09005470252225309,0.07549324239305946
0.009549241968595856,-0.026933859863834664
-0.013249000985963714,-0.09459285450160532
0.017053479298940688,-0.03746301776597312
0.04295318963188234,-0.09029462513949177
-0.06927779269360136,0.017102792536238132
-0.028179750294150065,-0.027269543799406225
-0.023137445974981623,0.00546740409448917
-0.02050937316421313,-0.010727669495172069
0.03189376427258337,0.03240884264940833
-0.05010290113752658,0.04199294716867859
-0.053240041882911114,-0.023812692721722598
-0.0020869346136700648,0.025403219298086425
0.027795130561057806,0.050443230964958764
0.019322556851204556,-0.02949166401983078
-0.10287363311103845,-0.05667945258540823
0.040352941517095155,-0.09410132145547115
-0.03390195077298348,-0.01520357901153447
0.035435667153007847,-0.1104554982319752
-0.016915572401605388,0.07426627037858896
-0.03237086705366078,0.1442587070354091
-0.00897617978854735,0.036413809099274844
-0.04909851995990845,0.09403059316785946
0.004661187486757028,-0.02014956794759311
0.001810377214110476,-0.06564015808346808
-0.027054651188647073,-0.021657349001923613
-0.0111247705334339,0.05478526257411012
-0.0300774808347671,-0.021716786431297482
0.04446612662264651,-0.022694124488393804
0.038667828619111125,-0.005386987447348202
-0.012205221006470411,-0.0950867167160069
7.929429065988744,5.715576900132337
6.8609858064461795,4.977915160653293
5.8992942942890325,4.372588905047924
5.134551435436901,3.6384654147740596
4.205098639051172,3.0471163199932905
3.546779046121752,2.506914699841127
2.910413800476568,2.0863532215008993
2.4098253136108485,1.6428831386685763
1.8750593011890047,1.3425719094016688
1.314810704973457,1.0365095350316034
0.8304363042834249,0.6817438526890439
0.6118090911300603,0.41982099626869307
0.3650918763887074,0.3408243767049856
-0.011090209552976654,0.06688457802892439
-0.30539129516270846,-0.1533121624927903
-0.34028319435410337,-0.2075354743728785
-0.5605870870275494,-0.3977124068503564
-0.6716325186770692,-0.48422482044850773
-0.83524727734843,-0.7414980078972995
-0.848324409510145,-0.7022846571233924
-1.1370355720369105,-0.776866199997108
-1.1885639117700086,-0.8544075801705646
-1.228109816577514,-0.8504700057991398
-1.2384439780523209,-0.8658187618154809
-1.1853353953102954,-0.9019525548443162
-1.3018769421887841,-0.8333199996820094
-1.2709498468970464,-0.9373496381308478
-1.3572419871565982,-0.9491866902715069
-1.2156438731234882,-0.9599786023188588
-1.1902868556051807,-0.9962854609850855
-1.2660982525939617,-0.9710423045518266
-1.198194017926411,-0.7930453749187286
-1.2394117746830242,-0.8460607044912865
-1.083888003893367,-0.8980083080429925
-1.0991580329425847,-0.9029078926700395
-1.0726325155458885,-0.8888490166675016
-1.1985056111730281,-0.8140441618890094
-1.020829249270005,-0.7290862219377771
-0.9592175658337352,-0.716049373732071
-1.0346871429417368,-0.6778471696691938
-0.9071313308245827,-0.6409627059376403
-0.8799611767623675,-0.6023414775467243
-0.8384813634336655,-0.7099653439436073
-0.8499709999532273,-0.5734036770392062
-0.796017800881207,-0.6008069964960102
-0.7898217331119294,-0.5725045227795893
-0.7547943498407916,-0.46075698943675797
-0.6566994021346576,-0.5204887271049442
-0.6641970162548441,-0.443617011238636
-0.5092707800311558,-0.37117280739082353
-0.6051522161583724,-0.3903423955667549
-0.6133167022858779,-0.4279209296409976
-0.5673610271833851,-0.46069933590452694
-0.5460118840405433,-0.3764013160397138
-0.464115015366118,-0.33791032119420983
-0.49653592714828276,-0.2478858781980148
-0.43363421143639824,-0.3291076206528222
-0.35152933050792873,-0.32006161162150587
-0.3736751562986376,-0.18492581513358414
-0.3266555302321347,-0.27539088900597086
-0.33596188600569027,-0.2751676143283571
-0.2635781459601725,-0.2586900930211181
-0.3904984241762498,-0.11557189348283181
-0.21259088071103133,-0.1362870671390478
-0.22397118529302568,-0.10669221008349423
-0.18758139437027316,-0.2746761380041095
-0.14738664835484924,-0.08600100960612642
-0.2636386054833323,-0.05560282681364964
-0.16784536215909904,-0.21269071982024237
-0.19316626202450415,-0.13130782106328245
-0.11817934256700083,-0.09559920982259222
-0.13759965687448308,-0.10882797415933654
-0.15718750849574772,-0.1173643170321634
-0.0734535734104904,-0.15768095412135755
-0.07975882067556253,-0.1169254161061403
-0.18630799083661065,-0.04842062861927243
-0.039125260194282585,0.04031391221399183
-0.022172884604087312,-0.15840664188369846
-0.017659385693231958,-0.01819059933082555
-0.06775633553054683,-0.09207178357958562
-0.08655200809397934,-0.032480173675749235
-0.08153175751445163,-0.018983174078860403
-0.10057517769007784,-0.06411291118476929
-0.04147073736737518,-0.11032520724418948
-0.10169902443831294,-0.01376108443414861
-0.10381078611622264,-0.0020471299189951803
-0.009215425279238076,0.015683106961361465
-0.06757662101529328,-0.029762769631858078
-0.15604271973746725,-0.033794134233510104
-0.015585254298803967,-0.05153744000432932
0.003206527662916632,-0.048504387245003174
-0.16289527099346207,-0.1042925762506047
-0.06163822315047196,-0.07107930960376989
-0.061035321754996624,-0.12176675608236162
-0.06387499332894825,0.04125367369932845
0.010892969723451513,0.05783505065014373
-0.06871808545565468,-0.00514412287781201
-0.0529661733639075,-0.07745399060163434
0.035654320190490855,0.0032677588221743134
-0.056780818823569834,-0.07312713633852706
0.05413838452794949,0.04930278250759332
0.03878527661232078,0.0408733730435711
0.030125990681734844,0.02926540809941008
-0.03680054087583095,0.03070212706307811
0.00446855078820425,-0.050101322100315475
0.00030479421195747777,0.003458291268112133
-0.020257940349599664,0.016101095088626192
-0.03440141525121489,0.01980841429543571
0.038582624121920255,0.01241020244615744
-0.04172376960381295,-0.08183240878864188
-0.019650018014436863,-0.004174226751479865
0.005475628362645151,0.06612652991768889
0.0426429564072682,-0.0008302716370478715
0.03324633697868519,0.025501245600484376
-0.04790936335347315,-2.4847309579389618e-05
0.07924118791200851,-0.008499442496598182
0.05580126830401626,-0.07684617171480118
0.1452056064898575,-0.012412981836516604
0.016160589999041727,0.0109012847638809
-0.07428120345613658,0.05920628285910494
-0.09327119162715669,-0.047373397395957736
-0.03180935847105064,0.018590008063843054
0.11621909126969975,-0.02277855250346041
-0.0202691262787562,0.03251288662461401
0.04060357527477686,0.005588347977781996
-0.03716441195333632,0.007369877285720222
-0.004766946167872408,-0.048779639501613896
-0.09212730148235944,0.09114495977737544
-0.07700036306698252,0.07461903452215443
-0.07810072082365328,-0.036583016189820704
0.09840893715795121,-0.07870571640055779
-0.056029676519778096,0.0155813360895879
-0.004712363875050363,-0.11358335545284096
-0.0070749177380387135,-0.04090937006939038
-0.005257998218064636,-0.0011115944837558987
-0.01016346972728596,0.09624733872720215
0.031128092126414375,-0.035318460452757036
-0.04915670450036171,0.039717766264072876
0.015705291216264735,-0.03267193093586178
0.04743016301227748,0.001034616056267585
0.02682909212147973,-0.03784158468901819
-0.013951214624738594,-0.01697774250844325
-0.03365674735863419,-0.009156370302974838
-0.011662567749563616,0.06529600248405952
0.062474925883050675,0.04807613024852066
0.045457031682300655,0.044105821088051694
0.0076529233871558185,0.059432321616502005
-0.06075155073566927,-0.03100111707820238
-0.010654628817038254,0.0489598918991008
0.027026012686760564,0.05761198264923363
-0.07862141212880543,-0.014406692917047683
0.010957982391729711,-0.15086481407518118
-0.06554235314903316,-0.0491009062246221
0.07858763839402698,-0.020749174955878205
-0.04641355110362781,-0.06406914585831364
0.09728898945039798,-0.02530007967589209
-0.07629105978067287,0.01615293117742194
0.01165166790332418,-0.0069613280100504875
0.06362376220727373,0.10388828521366487
0.029611274132766957,0.07447034937163703
-0.04038309255506244,0.0063272325012331525
-0.02003916704910045,0.036406060943890685
0.05156714330480783,-0.033649865130582116
-0.15027354714657376,-0.026708907219976298
0.00029362700126780994,0.04560063273685618
0.016643251328120088,-0.05450090118991402
0.025984126926441656,-0.022443862141564127
0.0014898003722272034,-0.10269432598785204
-0.07901189676302284,-0.02721033373055947
0.03097900024159411,0.012885626726224607
0.13053997286176355,-0.037548236209547135
0.056170728234833475,0.02226080249803486
-0.037759678150157544,0.051502963619906666
-0.07001453113391155,0.014290784288628912
0.10642790922709539,0.07865715537194302
-0.09300412973292052,-0.04095180655725867
-0.0005636060355622766,0.06645141114875489
0.05438157569588509,-0.07835716164132574
0.013227017976586802,-0.014308079579673647
-0.04478325196734814,0.03548812153900708
-0.04075127662357173,-0.03278664097483524
0.0583124122255238,-0.016576405300532317
0.007857722202320509,-0.04015747808531535
0.011245838360047037,0.010439518261740088
-0.030183300056064167,-0.06859934839002248
0.008658761301987151,0.015261367021993434
0.022116580172292497,0.0128895597179176
-0.07737705345381139,-0.020045966515314963
0.04298787603485009,0.010548774853954014
-0.02449428955843117,-0.07419852756099274
0.020843773660237895,0.0833646246512556
0.036834191720231946,-0.022089856312536193
0.016931357502898592,0.00642217254230637
0.048750920848997265,0.04439265058096188
0.021372424324306666,-0.026583801289009786
0.04632047335222874,0.10755339658756172
0.018790411637319017,0.026516211592806264
-0.05813470357522784,-0.04248485486141476
0.005428386006165205,-0.06494545817286351
-0.02033110615331745,0.02880167559907482
-0.021318728844915636,-0.0065993665682579465
-0.0720871025709752,0.0205346975407679
0.008205218651503603,-0.042338453982002616
0.08010191293455177,0.006677416589460521
-0.05235854201485342,-0.03276844919417021
-0.023096390060015577,0.08237595862081279
-0.03682375376917184,0.09610729335388377
-0.013934284710674939,0.08484882494428013
0.0865409525940857,0.06357414165249364
0.001394593495080092,-0.08025506626900528
0.05929375328633524,-0.03396429686685894
0.0062065939747650385,-5.476793006203157e-05
-0.04232124921806085,-0.02445162381300704
0.02995228722018689,0.02048925067847043
0.03546479933500644,0.04095807597579082
0.03978608662925238,-0.06659147187327191
0.0077456541761420986,0.018594563365972875
-0.08938255008519226,0.02269050158154099
0.06398191910099446,0.020571549889534108
-0.04220705407518745,-0.037655273702182745
0.04739952949515466,0.0473277562668467
0.030988995687606553,-0.025578222685921536
-0.004917202208005952,-0.04321035282010491
0.0800868683762998,-0.003514047475134516
-0.09346617065557083,0.0512663399777674
-0.03700209463050947,0.041102687726389614
-0.03184937027921765,-0.11843531020259102
-0.0630105442538981,-0.002491884214486682
-0.0690692523868414,-0.01827230069244819
0.048294681627403004,0.02466208520148912
0.00481746842278314,-0.01793546033189197
-0.03651598041930686,0.0422869472549587
-0.01557316722289998,-0.022704967580087998
0.0404706858010576,-0.028040687177713308
-0.019125183969067077,0.005976268406690756
-0.015165151236264461,-0.05367176431608784
0.04309162706608807,0.015884009163618693
-0.11486763982190266,-0.005202115831351857
-0.046068087540238306,0.006298520474220932
0.009801293399923666,-0.011496772291855814
-0.0009039250781839314,-0.03615009782819584
0.0017634556796596937,0.03294389527560747
0.0592533702130581,0.034282017633046225
-0.006037619172523909,-0.00712098034708767
0.06019956740240137,0.04776586648858936
0.10327577670849357,-0.01825620953223834
-0.06867322940592666,0.0043772979247282085
0.033047958743562984,0.04742096322425763
-0.027235565556775483,0.005322994021854873
0.03778991548694696,-0.008239841014227998
-0.013534289629231424,0.12768480034166194
0.02109943857952148,-0.12633835711801034
-0.1087481053337964,-0.023722930540036734
0.11543429118674627,0.012627933657359838
0.017440244805405063,0.007950117891899545
0.033135937087089756,-0.07138216297212048
-0.008238568421851541,-0.016359917698447277
-0.09865042866305894,-0.06618444677685029
0.020607737047286457,-0.004011830370272735
0.13615508493207693,0.1066378131850956
0.13606967255423666,-0.0561215428736617
-0.039854816544847876,-0.0816174777102532
0.035900144836820136,-0.056245189225626185
-0.14979569173264506,-0.017173859794400913
-0.02540574836855046,0.09267735606889496
-0.05695040865786158,-0.023091505814925986
-0.00048068657387863485,0.059111435643815505
-0.005013971971102208,0.06252609142199175
0.02245339108377451,0.0003934329572994853
-0.056379394602010635,0.05854109795166537
0.05457757734301701,-0.02228356980876746
0.025639455715123903,-0.042168093555164
0.06477086307492105,-0.09550490754698455
0.003686791882642121,0.11434006708620409
-0.10029540333236078,-0.06179155357048243
-0.07007762467393058,-0.02601807161850993
-0.06627422008631147,-0.004567416402248441
-0.04567292418814693,-0.019618333746519646
0.07733755405631373,0.04294364738184529
-0.017291145117440936,0.0004995306408849317
0.00919636450193013,0.05334304313686434
-0.045111023710312156,0.08267641612737013
-0.01757156369045767,0.01634471472990649
-0.02203052940683574,0.10720257433156764
-0.06407071293515797,0.022128622600689058
0.03591303711019226,-0.025454079144409524
-0.022387082838079914,-0.004183991923783374
0.017812920932812573,-0.10336987657462379
0.05102014126905827,0.009961707923581694
-0.0332579529296019,0.04088596764516027
-0.009075337449903183,0.06622619233939263
-0.038456029241878055,0.0049288889578896974
0.06185511635306947,0.04206905272252519
0.10373595617451895,-0.046181787797894884
-0.012786012177061956,-0.06424247994224827
-0.0004553336174871253,-0.08991579276151748
0.055460233810907714,0.030292852678233135
-0.0038646235039272664,0.013543307967848209
0.058348387289793184,0.01451016740236332
-0.04424565770631739,-0.05693783468167613
8.368126994194,3.9872288265215396
7.254321834156207,3.4748103746192096
6.179702578055217,2.9400897056497284
5.261443664939735,2.5881824976883676
4.418699534062086,2.2550697948125498
3.6544553931840724,1.8249260199850927
3.0850148517619984,1.4469878577376716
2.552275267063849,1.2279307265180612
1.9086430673889496,0.8789436022281052
1.4343188159808111,0.6966083266273284
1.0176139112844476,0.43347719467932905
0.6780605951724663,0.37724303238157286
0.29954761962103044,0.13615711389763252
0.027569308252229287,-0.009004055417297811
-0.2307400159651273,-0.14110340118154285
-0.3732437497208935,-0.2184610925436169
-0.6719469830563352,-0.23055145895415144
-0.7843750561726072,-0.24267360875489813
-0.9297042901048982,-0.42597856331681616
-1.0837571157979788,-0.5170116581490828
-1.032713528720569,-0.4952799149972238
-1.1545838078972672,-0.5339111607353016
-1.2328125915458614,-0.5238378641418265
-1.355406785923885,-0.6302633263289539
-1.3687205828815767,-0.7081118776806484
-1.3321039245452517,-0.6747038480187842
-1.3187647657680954,-0.6622254783805855
-1.349487511125746,-0.6578469767749225
-1.376143942171791,-0.6100708760465083
-1.262972080240261,-0.5711023788296657
-1.2634138219351283,-0.6285602976726689
-1.2419640677425123,-0.6920679167690337
-1.3093374708032959,-0.651286530125653
-1.2758302885268813,-0.6539010633241178
-1.1302269448542432,-0.516023704433861
-1.1439364253066588,-0.493979583048022
-1.0901829020391318,-0.5335007800057645
-1.0350593983502092,-0.5369373412776448
-1.0190299858558258,-0.5256039044638599
-0.9894695729404464,-0.5965956441392858
-0.9605498098856745,-0.5040009460971071
-0.8922037412256305,-0.490381696329666
-0.9036299412734895,-0.45804883225344334
-0.9475735109435669,-0.37582530152297045
-0.8654019658841906,-0.4270008535971073
-0.7017887587557107,-0.3268810921744401
-0.7759158269738929,-0.2628382765758546
-0.7250798182041204,-0.5007920810370525
-0.6943410652281798,-0.26793303475446634
-0.6460307032723144,-0.2972212135877892
-0.6831952185595811,-0.2965484901399449
-0.5845092059788118,-0.30862602425221086
-0.6083415766771499,-0.25245375033533896
-0.5692567179792076,-0.3359642440531008
-0.3322471826400275,-0.2125771144328394
-0.5315664394436888,-0.19699047730379687
-0.43056546812157337,-0.20478865905842578
-0.4530630157196172,-0.21132338796745986
-0.4659095525324407,-0.18951919128963793
-0.3067742278581225,-0.1736560890853139
-0.3113013220498213,-0.1271370312843398
-0.3365609482389905,-0.1529706128856197
-0.31652962899632336,-0.21569340187670805
-0.23201975722374152,-0.13590723050215558
-0.25245923044400276,-0.16238914777169877
-0.27129354901789293,-0.0520410898455667
-0.21806225123671683,-0.11370548158059668
-0.16214518548574813,-0.07391924290276095
-0.059347008289272224,-0.05195261337269423
-0.16202677935549362,-0.12920751847471168
-0.26305242818587404,-0.07115686567759634
-0.14550985220523885,-0.09240998453420518
-0.1285317447037034,-0.08177155946594394
-0.21169144398413195,-0.07632420193570912
-0.07981607253491863,-0.029636217080399506
-0.278775709295402,0.03765506665571139
-0.1152829928505396,-0.05955793940775078
-0.03801223432621374,-0.046536440293777875
-0.07825113844869903,-0.09952142894362291
-0.11090606977533107,-0.07474689314985179
-0.05470861734638949,-0.056284399670702784
-0.10284296246752594,-0.11120299919387695
-0.034697709910792615,-0.0758398535282068
-0.1400529964126365,-0.0027007560602279497
-0.06481741451029635,0.08129718206878245
-0.12544723611048075,-0.0726587395251014
-0.034042623602465016,-0.07465991060739047
-0.10002619133574538,0.0070651447732032815
0.05878427773907266,0.007100023779725937
0.049556936187531986,0.04000125323997433
0.015371202562217405,0.05458677822264621
-0.05866317732243502,-0.15234122089944485
-0.11760517955843497,-0.018352048577804786
-0.060096277077263706,0.05303818175191847
-0.012085229315443542,-0.03756926914565893
-0.04594894744915068,-0.06093694567590559
0.013655114020725855,-0.03846890486968966
-0.004072979570676521,0.018049476875648778
0.017006552263002704,-0.014948600861134684
-0.009038179766327748,-0.05631143825733524
-0.016758798639181238,-0.026314340454145484
0.04555160852449394,-0.0025005175601920957
0.044948368627598656,-0.00671540165096474
0.04800743753266033,0.022035694094249075
-0.12552192977355034,-0.022467480477648894
-0.06192295237959519,-0.06136282078003508
-0.056696093346322515,-0.02028269085245023
-0.09747424675085678,-0.06837612081867049
-0.00919260138055759,0.0422209748035899
0.11536023747931595,0.07775933904914512
-0.024257907829253078,0.006437427438508584
0.017155260111900585,-0.0022429267586390285
-0.009184455425280307,-0.03025807657266695
-0.012172650319220778,0.015891601039224514
-0.06728797458105688,0.03485785503537721
0.028133106716963525,0.035314981294943704
-0.038921532672876444,0.07492000500797437
-0.014691786852594608,-0.06356028615488937
0.0748541228353335,-0.04702870700021616
0.009392286990992597,-0.023278205593543218
-0.07812456154295223,-0.03839961539235218
0.06809530332095638,0.015741592667956807
-0.028410506823590875,-0.0004519452193778393
0.03916880571043668,0.023880214853534087
-0.006386337310609339,0.0015368333070232866
-0.08170044226022513,0.005685709746933032
0.04646735985960035,-0.01857286055637891
0.05104968613649377,0.050396685413603405
-0.0653328911507168,0.05304996756458765
-0.003784577852825062,-0.016411703110142735
0.09651367435116447,-0.001661175685369617
0.017742604535222493,-0.11180251266179461
0.0051174781425784854,-0.062394235114031776
-0.05543496462197109,-0.04748706820702572
0.10314523296057053,-0.0377379910022422
-0.0456992063211034,-0.003563130752961996
-0.0008068183169732193,0.11225865202357349
-0.05046282424492204,0.09555640572458377
-0.0896605723246906,0.0762096068452205
0.06032685441498,0.10465191130785056
0.045608530179140024,0.008970519314946954
-0.0840683337921016,0.004358234294464256
-0.04447782852481291,-0.05352710909969176
-0.004302205763240759,-0.023545339884792123
0.01485551182164333,0.019288142379881853
-0.04627354839303581,-0.05175692817222958
-0.001661537497852715,-0.052024606534004675
0.10436110045579579,0.04455124765533527
-0.0008932200893252262,0.07355865275731051
0.011887749571326864,0.03084861229280989
-0.026853174344026814,-0.05627776986120939
0.06587036371140681,0.020363097510549544
0.037681843763155684,0.042268395162112934
-0.07496370008025097,-0.10930921378881855
-0.029582915037962683,0.05281348963291568
0.00035418553398752946,0.013547388244653095
-0.014360346397432078,0.011614420775705849
-0.005901519591988709,-0.017139405350617913
-0.040140832099347,-0.0008866999367328592
0.07400526800402499,-0.042610541219535725
-0.031867401145498825,0.04766994923690481
0.031155243378895043,-0.05005731523322466
0.03812298268358727,-0.06683701935889158
0.0628718968858149,0.01481927471012855
0.026287992209910148,-0.010542715820976734
-0.0913630643733775,-0.0031031931346545173
-0.03712860495410928,-0.053259656595398525
0.001800917403678385,0.042266858666276705
-0.02024155049937543,-0.0004970507306429877
0.14066815346342726,0.012393639240564889
0.059536472418862015,-0.033490941197701685
-0.07476891539436781,0.044478999501009656
0.02300700449299779,0.035931129158264005
-0.05141147778460495,-0.11876865112597894
-0.02919078791137355,-0.05361054461225038
0.08762145761657955,0.020861560947229733
0.10239706353092155,0.06345694039919772
-0.004143649366307428,-0.034742939645856556
-0.0966735760325626,0.027014036960164675
-0.04720687063074795,-0.011068116201268442
-0.05082761507421441,-0.0753690410981922
-0.027864684244403328,-0.0026000554040173096
0.04685398367197158,0.034152832990194074
-0.023393758507254368,0.07522964012961356
0.035289245104540914,-0.003784488592333636
-0.040599505151584815,0.06251077038942963
-0.047390953781547486,0.05297671645350022
0.0022824058945213957,0.011988396967840398
0.020035966903522773,-0.045039792974575
-0.009862686282239491,-0.03939870202311685
0.00032189595199644434,-0.05022510269601317
-0.027043501936714093,0.08440519230442442
0.03280184635538939,0.017129907333709872
0.013094208521326575,0.019752071971436105
0.03830573113811041,-0.06210918008865206
0.024999673527402552,0.03200446830813666
0.10512312601445933,-0.018925784798708642
-0.02573890683880936,0.03931999040174765
-0.049918062387021345,-0.048527219766590156
-0.014213522935259883,0.06654665532700405
0.006023382042757299,-0.04996991148825521
0.03597551502002448,-0.04113135018196925
0.010632864661216981,0.0088956545857169
-0.031807761749632533,0.0029636310573039563
-0.012597262518347571,0.013493102323333263
0.006437882663929694,0.06095873506440728
0.08356748713016234,0.005452056095921297
0.023646508804064683,0.010035474753168745
-0.036809191918819206,0.01676616580098071
-0.0853650831749177,-0.04515217597928915
-0.06411558998484296,0.017082679244336485
-0.08826319503327304,-0.058935098137440786
-0.0669794426301544,0.012167614766350645
0.0016838079427199636,-0.002463006161619579
0.06671894010749682,0.03298373875127679
0.09313321698243895,-0.02727724457714891
0.005691099952944473,0.015561882633402377
-0.025911410505712724,0.049465024323994945
0.049551532966826024,-0.006559899209938326
0.010381593378787288,-0.01187403818600112
-0.04272160442610083,-0.01918758419413922
-0.04056211345908235,0.03282297310188905
0.015869083310286924,-0.02763208492979587
0.014741854042380615,-0.06916196887991528
0.06909024283065097,-0.0018892803092699674
-0.028073468144387263,0.04178098404908806
0.18848545256343543,0.015836880352741962
-0.0947600474667512,0.001949622328748393
0.002144989140195442,-0.05313062565632511
-0.03720203360008634,-0.04991771784901087
0.024868853048940483,-0.05040497275612036
-0.026535141080474705,0.11181817719263555
0.020579670385584496,0.06594545626008202
-0.035764166406062906,-0.0802677209013848
0.01098837922006779,0.002395230812095337
0.022324602854811637,0.018383280094602494
-0.05835002776863431,-0.028946461562720446
-0.0804341529751989,-0.04620891708508585
0.017661154243412285,0.02035876698533796
-0.012844805456146729,0.025373876237576816
0.04232997831499025,0.037041503098623405
0.08264381498729903,0.02460612587911122
-0.11407583642690129,0.016018322049664028
0.014180947017900243,0.056145564109396404
-0.08837191824016243,0.024344817646342908
0.058212078829247726,0.0032213974129203012
0.0836303646559443,0.0286794772042925
0.057576112557576,-0.026055134066920956
0.020298195529345836,-0.04986058086817467
0.01824920685714587,0.02007893514422876
-0.0093328640323028,0.0004362674143534497
-0.13338155027352222,-0.059958440146329846
-0.04403513321139539,0.011644009577514325
0.043040194143713024,-0.0009407055666106766
-0.05142903791042679,0.014610296972641426
0.03968873620070257,-0.048108838981950175
-0.013448209784087107,-0.009584092783110426
0.03465988750094146,0.016936316301938138
-0.056250922397328366,-0.03118533637351029
0.01978109255523275,-0.002071687054475751
-0.11399434897816071,-0.011191511035127536
0.06283103664804499,-0.05797358329777166
0.02032142724404319,0.0005032251456407108
-0.033716476346621185,0.07450943403208918
-0.015052403023664583,-0.03530733286624508
0.016320400618579485,0.09846845088052775
0.000630977307258019,-0.01807152885847508
-0.02861523009953633,0.0456132009241762
0.11669840459229536,-0.08210692033678751
0.05925174764162447,0.024176270302688183
0.027659970800130752,-0.04854035779764622
-0.00903834757203396,0.017164793320902164
-0.0802088741696764,0.024332277411345037
-0.07895008113011848,0.006748640111654058
0.0649549188390735,0.0556012081921595
0.1142115663134353,0.0015450064004785139
-0.020686801129786672,-0.06386113696932089
-0.06578983452932413,-0.0015091725481250077
-0.06116862308336007,-0.06003050253301949
-0.030026944482496445,-0.00830599824391387
0.07250499766905075,0.0012277018001297917
-0.011237492252540147,0.01740301009248022
0.03642564763641988,0.041260993041602884
0.0016603830054441708,-0.07863250471777831
0.021699766169780144,-0.00738254141373134
0.017327657295939818,-0.056264909127334437
-0.04444330705302694,0.02026196989721461
-0.027557984181337782,-0.01051873291132431
-0.04588517064879895,-0.02833612570346605
0.07279929519625007,-0.02040858414277357
0.0014469466108499446,0.057653828383321254
0.0778225097092228,0.058788443765532175
0.04058780297501364,-0.03701650831560124
-0.0794683028190378,0.04103855793238584
-0.019781401264425433,0.04505458148626176
-0.02636413153462005,-0.012953250620590506
0.049497011317699,0.015317868704874053
-0.052331797696659105,-0.023515661747164223
-0.003106622001956069,0.004957858426048033
0.044702087892034295,-0.05323759138860175
6.9369316467976265,-0.420500341251667
6.084617782680782,-0.3351220474383343
5.122788180702113,-0.26747897606621435
4.409686108505682,-0.31467293424149034
3.601915431779074,-0.18534482037791436
3.1154259212446784,-0.20109483265655928
2.56501702588192,-0.2478229436023014
2.0448332682977295,-0.07293477971539504
1.599030828460712,-0.06550982932751248
1.1431693243775962,-0.11917476208237726
0.8524595600099416,-0.10832221384202645
0.4546117483236847,-0.02342906776657351
0.24251730727116344,0.03788742738165145
0.05195762617510023,0.043113670611878915
-0.11206199727390095,0.09479389889649992
-0.38909969094322927,0.08895060861363008
-0.5467225324245188,0.0745241122347873
-0.5460851049464399,0.05251764491847778
-0.7841961663057279,0.01255656406010024
-0.813144660731058,0.007177748928555799
-1.0022167845690817,0.05986439436552513
-0.9339187418470236,0.08046697804214817
-0.9595415436350602,0.05211729160938713
-1.0552880669972167,-0.04272456642070732
-1.0406562920059796,0.022959213596589256
-1.1345979255922836,0.001965186778085354
-1.148890634756182,0.1345981152298796
-1.142274760898564,0.05763682452787416
-1.1242253415797494,0.06112034599010578
-1.0371035957635306,0.035305565071896965
-1.0408648121992612,0.1451388155054239
-1.0855009608592825,-0.0052317555357069
-1.0902776492079345,0.08456385117131138
-1.0453298017547175,0.01452263799230305
-1.0366115386066543,0.0694970620224207
-1.0246205220797455,0.14182286768161123
-0.98481607188378,0.09752246470632381
-0.7874941169813592,-0.005824166738952419
-0.6967470651133258,0.008768779978329137
-0.8667678623636256,0.04327376927353507
-0.8669986281810692,0.10183373289934482
-0.801466467471045,0.010741453683742436
-0.7872602055948379,-0.005068309905547262
-0.8124063653440048,0.0038461412791144234
-0.6794053756206373,0.048495296350103814
-0.5771615626523178,0.1170205628622199
-0.570451230687007,-0.0027606420739623716
-0.6480333714125281,0.07530394658128653
-0.47415306446376726,0.06058818539106596
-0.48946415114568953,0.051109271631546924
-0.5073357091467312,0.014744769505887174
-0.43918172883689965,0.1539311686870894
-0.5129733739000315,0.0701961261715732
-0.42826126073631876,0.023105356614042345
-0.493028453571393,-0.017564983485294297
-0.3755954455695118,-0.013404400746969471
-0.4224999193511517,0.05273307089105672
-0.33181333063665924,0.0339560898438603
-0.34323144360501096,0.03435592205022814
-0.3080686642472563,-0.0008890099472272867
-0.2732931710385808,-0.06300466447692087
-0.3168339634691794,-0.005717346802409267
-0.27762977639195624,0.0028389550675041886
-0.21293496995837974,-0.034744598817398484
-0.28262179956666533,0.020713237849851455
-0.2478374525341342,0.05665010026400453
-0.20323683011487373,0.01931997116912356
-0.09496139436138343,0.04414546897441149
-0.14083970299837056,0.009199957553033579
-0.13261141002597923,0.01568731926987028
-0.06357590112578355,-0.056104654582536856
-0.19280110218107518,0.0357206815650158
-0.14712855868807004,-0.06988173515146746
-0.05621865187029083,-0.028085145711548
-0.09938639612259591,0.04340360072693397
-0.0811165518711221,0.09337917125309676
-0.18729510480679956,0.05773987772694791
-0.04874485461694161,-0.011055734426299504
-0.10756798788065429,-0.015388079183425878
-0.10014502046834492,0.010108705232135803
-0.09722845056276913,0.017472241639798804
0.06032756924428158,0.06868316563039231
-0.028494318903264985,-0.0029175809575149765
-0.05680703707666726,0.08507825949845807
0.07648923428826462,0.012021814459151323
-0.024883086980118305,-0.03976266385407352
-0.14078902371375768,-0.02271855658943523
-0.06944593688770134,-0.09297808721692663
-0.0669617663468576,-0.036361077596341426
-0.06125534588802483,-0.05327190011798917
0.0424156961661271,0.06976724270721446
-0.056336061192117017,0.04382884302029984
-0.09267459131053464,-0.03332404390173292
-0.06984725968052119,0.09344753581303719
0.06320166101932019,-0.10912829885477521
-0.05051324492697638,-0.026947816501082616
-0.021926941226354035,0.03593078339201513
0.04910567580020589,0.005556339938526297
-0.039715459789005425,-0.06726695396622004
-0.03639859878384006,0.013690569657792754
0.01848074783798445,0.05097744352874035
0.024041203883712597,0.040765600507306356
-0.00014619082095043874,-0.016651536200620994
0.039362890151324686,-0.06796570833497634
0.13162002014608487,-0.04568848035457778
-0.06954046173956596,0.04825827112499185
0.007487319884289467,0.025976535354328548
-0.017357042938616146,-0.060744300479602435
0.06341102687670785,0.04389558355743309
-0.06063271624963429,0.03304305554042411
-0.03940939213036727,-0.050153941810575114
-0.01509998552804865,0.04040987973488122
0.004451398595351753,0.020465449716037084
-0.07363153929778311,0.0015044029608920796
0.06762881826927265,-0.002901189256664497
0.026953020492252355,-0.023522045648426245
-0.010949931721215892,-0.021425956001475906
-0.08751083496226575,-0.08902108002194847
0.0715370744196738,-0.063693172583943
-0.05053952699249825,0.06262282223060912
0.010438101098357015,-0.04103432398013258
-0.0386777738724019,0.033960762020851486
-0.024283336229755804,0.05491414063724937
-0.04956128360600881,-0.061252549629005094
0.03121936443268986,-0.060087157145472164
-0.04699133179849986,-0.004647128512901824
0.0822249460820973,-0.07211783701598964
0.029719816552111214,0.005614825286720471
-0.050932849422940706,0.03854279727030701
0.0744329147297006,-0.023050435785346064
-0.015225873326761896,-0.030603667809003452
0.021196461247541296,0.04573757692114379
0.034661549827127575,0.02491737020557195
-0.05143073153112425,0.08192529551383926
-0.08670895093474593,-0.041329921840229836
-0.005046281191172888,0.0234962335050775
0.04610683161819126,0.028328326415423957
-0.06227992372113218,-0.1475383954977401
-0.02678707312179067,-0.0669098929917918
-0.04271899472898076,0.057471334673698374
-0.06179352516204803,-0.0304374118107983
-0.03063724938089006,-0.05900273903233551
0.03282304778611499,0.08619277893549049
0.028273953320516063,0.08182386332557952
-0.01703157107237168,0.12908466930707516
-0.06993104312936811,0.10226079731295072
-0.05761717844803552,-0.06861918054786201
0.04475011285834186,0.04473302881918303
-0.04174067587826501,0.0008536016637080909
0.06247325229867729,-0.032996745458933496
0.06425461002023795,-0.015191863037962477
0.05254472199566805,0.09096980411954658
-0.04129885218901838,0.051109258907891975
-0.0811747390808335,0.032778568507300675
-0.006257753438167125,0.02696126421392362
0.04222384612914286,0.01263822457668777
0.014959496771324705,-0.1382444012570926
0.043961975783685485,0.04726429533360066
-0.022782988987359802,-0.07535650923719686
0.042122357567858995,-0.03989833812521039
0.05631530280360948,-0.028116753596811407
-0.006366101833728932,-0.08360357335511817
0.07166327777290886,0.10539382949276177
-0.05929381347104306,-0.02451032073389323
0.016151729601031846,0.0695365275530768
0.023585527970179963,-0.04382819854154269
0.03759598466041647,-0.062212315684409804
-0.040390065709885674,-0.010775009418589453
-0.0450550857959578,-0.0038676890758843775
0.06149616306432518,0.005066285592937375
-0.06974585744450286,0.010633078854577949
-0.005924192274615308,-0.002968093593671707
-0.07683672754521835,-0.09763570201179646
0.015101721976161924,0.006379781790913766
-0.09935403497726418,0.07517214178345126
0.0038782427644934447,0.019966121931868083
0.0542399371864044,0.02066289862298755
-0.028124370493492548,-0.05467881909445519
0.02132440431876086,0.057420817679864955
0.03324935889949499,-0.01368821753562958
0.16122496347438883,0.06680095068060622
0.10030939721752855,-0.06748284806125804
0.06041883552092642,0.05171937229458365
0.009196884057491209,-0.01747697498862768
-0.005245337563796909,0.02614842065577668
-0.05137394431525716,-0.06719373007332358
-0.17570624551100114,0.03169144505721026
-0.02293739547582733,-0.03602582252817691
0.014553486867185952,-0.008675396291734968
-0.06667643081397985,-0.016749020414492916
0.1311137276167698,0.02225755035313694
0.05892813535826065,-0.01842512518172794
0.008029796380142243,-0.015097685767653087
0.054329138085316274,-0.005476888028452143
0.07589694500189881,0.06474640852120979
-0.048498702009287756,0.0713690746198668
-0.06351309231401225,-0.04583573700826854
0.04661878471834755,0.04751298074594902
-0.029462428821117333,-0.007708350959832845
-0.03383652654723515,-0.04300456567509523
0.013236263266482865,0.02776032436688675
0.0342293311134122,0.025731912403310738
-0.098471400106541,0.0009180040832318773
-0.005498299694414811,0.008436628491081346
0.05277563610885523,-0.057757811027465744
0.07570465582631213,0.0024312849336202893
0.09353962341103648,0.02633065075962711
-0.10636336077701103,0.004761295932505051
-0.009294662530442931,0.0026380030621669165
0.024584011262749735,-0.015556987580936207
0.08845635353082638,-0.015909004026146333
0.056219517266102054,0.03137241261305587
-0.004516861052067465,-0.025295174116015992
-0.04403141764510468,-0.008903297735638
0.004113956023203025,-0.038991450869034834
-0.08472972564062305,-0.08821291303554016
0.0073266598972482645,-0.03550036191401315
-0.027232520919479853,-0.07144229667070578
-0.09242156236322333,0.04240626926858483
-0.01450535035888031,0.009932374724115667
0.009476512565696881,0.006693437484659403
0.056447702331081456,0.08093238252008508
-0.0469148940253767,0.03787473699265366
-0.03231627534196445,0.0230681653349662
0.01894604592110458,0.020237185003581723
0.06575646646604624,-0.07355166361905432
-0.012232074637260228,0.036034014604645795
-0.05265498234097308,0.04988053267514783
0.016378830832860014,0.044476011889065956
0.04571282332463381,0.05596774456392954
-0.050404060432029156,0.0410576314778441
-0.07026203471034809,0.02225439566230731
-0.012589202583819164,-0.033677003396306276
-0.04739985604102845,0.018713684126782152
-0.04782496920273431,0.0055595335568029165
-0.008945905656839883,-0.04038097527334632
0.08755177029797104,-0.0358983385731111
0.06292935518084035,-0.01449129561632477
-0.035227161377264955,-0.0069924152297081805
-0.026490638196165768,-0.020551518888677275
-0.08327709646815874,-0.11633071641438188
-0.007071367029809757,0.028312986302783665
0.005084158993346379,0.07654772906927937
0.04103359514526123,-0.0092064767065873
0.038467405299929716,0.03576934275603195
-0.05862804798362284,-0.004415035183851433
0.06821208470995097,-0.0940272264521361
0.03727294471650679,0.030825734541557577
-0.1208196918786056,0.008808311610525744
0.00685384928638288,0.008928786078869051
0.04406208831733319,0.04941382813647662
-0.042638125046877286,0.031190238257830724
0.007095024306819266,-0.02124875331354813
0.08681703980342062,0.05230905841463475
-0.09038143559072394,-0.05522912117259218
0.027681426289340907,-0.10638186408281888
-0.08309727712801213,0.027720468975253876
-0.007876202296063266,0.044608158822549926
0.08344520897477484,-0.002138022302208508
0.0005680277935454919,0.0214591261094064
0.04719561975645331,0.09934536580108642
-0.009784987998253997,0.031279580418863126
-0.03169010396106034,-0.033247979324192656
0.07515402660966539,-0.02229932294881748
-0.07945164042800346,-0.02765089807858246
-0.009957359485577858,-0.026908158699625026
0.05232127085565537,0.10271567794480874
-0.07400954450187931,-0.04326546099201114
-0.01124432130626706,-0.02476281382268994
0.0432740208898031,0.08331095065494803
0.01434314788610475,-0.05029117591291095
-0.011129772722268637,-0.004788519142867976
0.009808007780141658,0.020181154618232885
-0.08051102079427824,0.006547706114198963
0.005324780086649685,-0.004756304108617031
0.05455404814831078,-0.051090046790441004
0.13878856924211233,-0.06644644916045335
-0.042686514708067544,-0.0004731491453560128
0.03881428680713977,-0.014482224175278382
-0.03014706559908749,-0.06778033591198097
0.03537575091086954,0.01827588302295965
-0.09642879437697527,-0.12243256273152607
-0.044184556067928996,-0.003064439329890376
-0.031085697774191668,0.0008408550546821023
0.001274129537995737,0.026088308468109278
0.010502313308306418,0.10170101641638933
-0.04243088687532845,-0.03148439346239184
-0.06769800944337047,-0.009698832011426907
0.007493432729395826,0.010819530625629244
-0.021989166672504293,-0.01637740301706151
0.027584830540632734,-0.0814426263547803
-0.11611510317285159,0.0480826386256783
0.085240988057844,-0.01683311284720521
0.030027918995297078,-0.007926119714417429
0.09489500659841621,-0.10459003969077077
0.029640034766650374,0.06533692498736368
0.001221488244620355,0.017270100553469395
0.024259059147421068,0.026689149380908217
-0.015972389617770918,0.014622227016448075
0.07719503783496101,-0.04230567138395741
4.067878931571019,-0.2747115741177184
3.5016201901682598,-0.16341318622695428
3.0245516598362125,-0.06170085853153538
2.5812282952822714,-0.08357141281805192
2.270270654109934,-0.03434867647873035
1.7998752400397657,-0.07243497773109832
1.3875678620838658,0.0024320122158297125
1.1472757686150326,-0.017879095525058106
0.9028330088596859,-0.1419995964732727
0.6843143546558441,0.003836875688296444
0.5479467407885483,-0.05184743319434426
0.20196736064299264,-0.07482883191905546
0.19222025146467958,0.024043828643193207
0.032867291828156155,0.033906121317418006
-0.03595213011792531,-0.04131503681873222
-0.2297229379543777,0.02662927787203536
-0.2873823394675019,-0.028474449204612076
-0.3223578409825911,0.007576488124982978
-0.3770981631142867,0.049184767961633166
-0.5410658067339148,0.012070102187888104
-0.45223180631036886,0.10511042389309828
-0.6316389031887056,0.09291809505428605
-0.5912190562619484,-0.026496913881387057
-0.6934933489560522,-0.061044788283701995
-0.7529885815647361,0.1224384764796739
-0.712814709828095,0.08413360046902459
-0.5738963873230031,0.07692976798990762
-0.6762604744729677,0.04756305327339267
-0.5839278294542578,-0.0873743378075961
-0.6608105701040536,0.03062281868582464
-0.6502438101646301,0.03575679724479809
-0.6094309938441851,0.14495653140496495
-0.6416850557774063,-0.03563466956102497
-0.5903441688239819,0.05034703223390171
-0.6520599494842629,0.03560882745036508
-0.572538461633764,0.028163409196397024
-0.59167163314087,0.041955839082408214
-0.6387962525512358,-0.017717365515289418
-0.434320714412233,0.023372160942328694
-0.5134533138132389,-0.03705488991808406
-0.4033117500662587,-0.034449895456163636
-0.3225611987946312,0.09900124906639388
-0.44744406466741543,0.036244230067615305
-0.5837657377330622,-0.031863154017060275
-0.3642324740985439,0.036713154333187836
-0.2988548677714037,-0.14075988335021258
-0.27592217160980353,-0.024269018082230455
-0.4124971587005045,-0.00013799012209169542
-0.278135591277581,-0.0032717110153544764
-0.30525521039710907,-0.07054882480380537
-0.35051711734583957,0.11443296440831131
-0.2559046574716054,-0.028536017738949586
-0.2895776361543504,0.018937499808269514
-0.15598154213911872,-0.015278700762813444
-0.24249956542522372,0.03596271285081683
-0.22777893315552916,-0.05304176134335434
-0.19963615931108436,-0.00784871572435657
-0.2067715271266395,0.10931924346833559
-0.19156632575361268,-0.09136432002823741
-0.18485362064680116,0.02161368049566633
-0.1014515620340822,0.00626266077041253
-0.1457156185298458,0.08648654268615281
-0.15579812984007185,0.011365181348469314
-0.18915540296175193,0.03333616148109204
-0.13566882409578332,0.05519528279180923
-0.14160974524881492,0.055648334039899994
-0.15305613147599745,0.08747544386329406
-0.0912545739907577,0.057489436494486734
-0.10860155722870507,-0.03853163533458359
-0.09992060238453893,-0.04633913906155718
-0.12086356289134947,0.07710219825809857
-0.14997567533378503,0.010100114952420945
-0.12035047029161255,-0.06362803701087191
-0.016912593896769287,-0.03862527472876155
-0.02734153945513624,0.006901946877112326
0.009452369376262974,-0.07018817964801034
0.09845225692249343,0.024166341046518554
-0.012376648499495671,0.03455018704309287
-0.03925419339765857,-0.009775880071258652
-0.03216278455078787,-0.0043236687722515415
0.02324332065117589,-0.05245043196698436
-0.07360661973424938,-0.0005516159447344609
-0.04608068329768161,0.0162119129946665
-0.11307394412894724,0.046651531168245906
-0.08035623035640951,-0.005519615963104267
-0.08969948848614102,-0.003038336596477698
-0.023557024796129603,-0.030252531323313146
0.030667577847548765,-0.008130411168736824
-0.04647794508166862,0.03987442097421222
0.00619087624929161,-0.05560096951156392
0.02249394812634783,0.04843233132803252
-0.04908302096172363,-0.025429971452913182
-0.07855227641851881,-0.02041588116292388
-0.07090823622008323,-0.068756663565321
-0.008787218153266614,0.006570402406248379
-0.019978052382532252,-0.005058668002495879
0.026251115856485305,-0.04582593403437605
-0.05832897398883674,-0.11312736328021433
0.037556379019939364,0.021288298095936325
-0.011874353372789708,-0.025273074345860985
-0.028610835137790034,0.06057814484397603
-0.028199170281866512,0.07671376293329638
0.12008229881121332,0.06299288933371211
-0.0004669482341098227,0.05709489163329522
-0.10210260419338175,0.00689682270429505
0.05141321086321392,-0.02835464590632906
-0.019382948095333148,0.00017395824772476224
-0.010429975232974589,-0.01343759007594375
0.07015955209042021,0.04231824125619377
0.02259828418866141,-0.0741028901541444
0.028436384357169907,0.004906084606935555
-0.14852308598270053,-0.013505225623675982
0.0017084871195017087,0.07818065517971798
0.06383557170563228,-0.01562644090407507
0.08932312930583744,0.04510612825335659
-0.0399558062708941,-0.041278306256649064
-0.045449540625441286,0.0896382289902548
0.016230557038232982,-0.05422451274312991
0.07747125538499393,-0.10887902553520384
0.000246973453040443,-0.0043784778208593046
0.052342960479741255,0.007336837592737204
-0.14244057324284076,0.029745412882812766
0.0010083902070322686,0.015178054865908296
-0.0031207349835102706,0.04160664612471808
-0.04662058869775058,0.0031714129319048807
0.05622199204739946,0.06777214420687488
0.03335240889249976,0.00948283777330087
0.008421980693380834,-0.06943056253923123
0.06208250207937399,-0.010696417434952029
0.017461072342913424,0.16795118928640232
-0.04023904438813718,-0.08618350179285325
-0.12736617641782957,0.0691413052789594
-0.012454776327061488,-0.0008487157631315301
0.06393655765342618,0.04297989654438384
-0.026487637132111233,-0.010306726665717556
0.02946036438026144,0.017060435429304324
0.02495936586534264,-0.01909953285168286
-0.04880388585662992,0.0036317681400866303
0.003149105468042023,0.041627797543873024
0.03812285629269667,-0.12888951873404011
-0.051109560918438664,-0.04161770993512485
0.0030192500159949105,0.09497744857971396
0.045538345356916206,-0.06435718325565652
0.041030915606751796,-0.011848657622476777
0.03589316125969023,-0.036177355784204834
0.10605676938746958,0.0642775667062273
0.005448174934296116,-0.0463242210033769
0.013865635257630363,-0.08751159533101109
0.05360927405612947,0.0632278609026487
-0.014151977583527021,-0.061545326537615214
-0.055174839042956156,-0.11065908312675561
-0.1343910523130733,-0.0021191272117253475
-0.06599865677136998,-0.08086200641490496
-0.029294306239249137,0.002543098999792333
-0.06508580414676832,0.036745664490467095
0.0556728228962953,0.03596786388378251
-0.004949850574431694,0.014358905453730982
-0.0517056503214147,0.016344584397222525
0.009170789636060463,0.05696151423224147
-0.04121292426714806,-0.07385327193590926
-0.03521010707052995,-0.006980877592357963
9.83285053664587e-06,0.1472284235501482
0.061889077959187896,0.014494522478692002
0.04134889031191148,0.11034648951476085
-0.02932817116524833,0.06708908067209565
-0.10905831133280952,-0.040551224447652065
-0.028937804414832572,-0.10629399817997864
0.09928452776594549,-0.023355175410193114
-0.003189179624567995,-0.019746157215525965
-0.0636716964297822,-0.00942298370328336
0.034286030737786896,0.06965813793076807
0.02566407171145596,-0.04911755546442173
0.03861108947317127,0.029176044941087807
0.07028268476209361,0.0026237654018705196
-0.03431698911452043,-0.08939586153318657
-0.04236062886635146,0.013688462944250026
-0.018320270945771662,0.023844908378969534
0.08624418257756443,-0.0038672242003466323
-0.0008324109811432816,0.01626711936355099
-0.00022042075104723897,0.07560787381167099
0.06774113625416811,-0.04317233204810842
0.062282990304870514,-0.1309864111231007
-0.014513900171914666,-0.041400210633750524
0.037514435857653024,0.05844454537624154
-0.007300311964613887,-0.019448349029285356
-0.016434986161922988,-0.06852775164730368
-0.11366790825874437,-0.05234827650828152
0.04348949498527884,0.061939551079132016
0.08435156087872243,0.05200617529493742
-0.03330581156569604,0.007925974026997693
0.07848370602223145,0.017658376900831562
-0.002690712022206991,-0.0309887181791316
-0.011929140653120078,-0.028982504258267535
-0.061611420130671744,0.011725632087534455
-0.03893648834410138,0.021745359184213102
0.02265232686698917,-0.004985459341139987
-0.029641657126631797,0.046432879845635905
0.023345016639628416,0.01957519767814111
0.05555499558678473,-0.050727474953773756
0.0277191844306288,-0.0006235304173908725
0.05031530172500163,0.01700126618927752
0.008017006263144631,0.0080608708685479
-0.036365068530951755,0.014584260984327985
-0.0459609059126342,-0.009196582032993329
-0.08064035982933421,-0.0368999883712257
0.002759208112467366,-0.011890214447879324
0.01941256681456001,-0.01052956772591375
-0.05321412139066277,0.057048994613664215
0.09907828652709655,0.06341835140046807
0.016357410577101356,0.005808982153988569
0.003756736305832821,-0.013705706950510339
0.04377196784075259,-0.07304776515813734
-0.03774163575842058,0.00255627650456235
-0.030963302253897203,-0.015993953990194945
-0.0541667152813016,-0.054907685019658384
-0.01870017415981703,0.11861048938981003
-0.060002549814460626,0.0691165893129918
0.009498707287827608,-0.006268450111753289
-0.02216998765183072,0.06505963309323468
-0.10223097771725695,0.0023793478152165292
-0.09758416494033877,-0.06059398856198048
-0.032740667280312094,0.06954149682984397
-0.019491321128890512,-0.06381431883386457
-0.03957875018781751,0.014731931440229704
0.05587707883667142,0.10680034024639119
0.014383168710654565,-0.04034996107440893
-0.028206717563222163,0.010957157616932759
-0.03569848260576198,-0.04497011707255172
0.05240155884837058,-0.03782214986410956
0.005284973885809081,-0.04299779140576271
0.10731641740211839,-0.03155521772741775
0.046865976499900944,-0.03044350935507026
-0.08063097676861088,-0.014679315673407961
-0.0017315735671752513,0.052510602446870364
-0.014697300599384847,0.011666879767721499
0.027964679489277493,-0.05843668334369388
0.000737053533439648,0.006361930812297318
-0.03453809754014295,0.056773678450605464
0.037533715576793684,-0.02435213705748341
0.014974794139212176,0.052303353620929936
0.08985289102144275,-0.04192510086878284
-0.03754388382917539,0.035740509964198856
-0.026484473007294222,-0.08604196048138132
0.028474218379622326,0.0029881912145722812
0.1537467608545522,0.009557951388418185
-0.009206900971258765,0.020040452911124468
0.04931887799282294,-0.0318292406714112
-0.05781471162411114,0.037680148151504424
-0.027688991824004805,0.06621951934832772
0.05595472872365445,0.02821045507745925
0.06404207141855721,-0.008820182301009241
-0.10392237357673938,-0.055381812053207476
-0.05190064064752649,-0.03745688497573752
0.022040808829099128,0.014450417812261512
-0.09887374275352073,-0.03401284432105088
0.10946309145791003,-0.059212177383279455
0.06837739055400166,-0.007931896020772159
-4.069756524681433e-05,0.08471542653840333
-0.011462074425349106,0.09735232695881524
-0.06835944582818074,0.041705502681315225
0.04979108169373259,0.07118373437098278
0.03351274662542925,-0.027852316249835578
-0.042799476234428244,-0.03412453518998107
-0.07064391778321612,0.02917032484035467
0.012695311858297195,-0.027122952863697355
-0.05240242860371229,-0.013383205250340265
-0.06513610901656597,-0.03899211100325165
0.12300432698402712,0.03213812335088941
-0.0003485730410437895,0.0648414144244844
0.11120058606184118,0.00021187118044615344
-0.027989519587026765,-0.061409497600825744
0.06698292622071185,-0.017062025456278822
0.00032309455366626074,-0.03728671529505832
0.025014551202705022,0.019469753888661928
0.09522116587904225,-0.08996609680790965
-0.004577883155637591,0.006535806358639193
0.030334208716986083,-0.017509892062381977
0.024592259740496225,-0.005523272055272418
-0.0018138581609117022,-0.03627707036462944
0.03280654515180758,0.09999129001975081
0.014808393309988621,0.026633235370882136
-0.08322033875517015,0.020657511368925706
-0.008949797512620167,0.034671273100975744
-0.03180901497953052,0.022206038168776643
-0.033093441873652575,0.03794680638025734
0.08296742226084533,-0.013285912187900054
-0.08226442332527677,-0.13127784664096523
-0.028268842776235314,0.007236362089159464
-0.02920425865878407,0.0118959558629967
-0.08087404649520322,0.025236447458196396
0.0024044532046134624,-0.028608140059142386
0.021306415067520637,0.05060724277385222
0.013350264489966322,-0.01960912942257881
0.06800948232568549,-0.008172020480619723
-0.05541357208355213,0.012843147901558112
0.01957466327268867,-0.008896864498681892
-0.05188827345946406,-0.00024193859887304894
0.009718935638219343,-0.02385080853158177
0.06271996821748457,0.0001230939353644954
0.009146171029659471,0.028955613312684144
7.157623237342292,-3.076320215254204
6.246507538260764,-2.6857657750100423
5.36918400687083,-2.3136632466381193
4.629049274566461,-2.0315400984644283
3.8046345248711795,-1.7252630966497278
3.3301594653673754,-1.4208379604142503
2.585146993097497,-1.1099165402747442
2.0427789292165515,-0.9007868086702693
1.6920968056631012,-0.6876420868418432
1.2250565065411718,-0.5028134485109076
0.9068358647484065,-0.4259245454287534
0.5697754243763273,-0.23215985507125325
0.27840192661569674,-0.037074799615289936
0.08056621485625864,-0.10599124264878962
-0.15846249782455196,0.01265596363409334
-0.40442590117475813,0.2020209824949632
-0.5467170805974442,0.21468328226206013
-0.6718549419833294,0.322743267634301
-0.8506625625751048,0.4174817596127917
-0.9030535023039558,0.35402497895368545
-0.9555432502278716,0.37478702554179805
-1.0559489592024334,0.4647015191836596
-0.9879928940609544,0.47519469423037175
-1.0735654347655117,0.4792864927219675
-1.19793211388452,0.4317033720351462
-1.091984088519729,0.6027707513892937
-1.129759273826113,0.5471515326872458
-1.1598519505783291,0.4597613979125563
-1.1309078259914818,0.536772612181565
-1.1269141988861568,0.4395685500088431
-1.1668620744749838,0.4923091496193779
-1.0563366080479526,0.47297849702980593
-1.1924970012060883,0.4590400131435013
-1.0591387054547305,0.5386302149374677
-1.1280385440569365,0.47844287350319564
-0.9088685682992712,0.4513505365133893
-0.9293880398136679,0.4836667066061483
-0.9954610852926936,0.3800582910093444
-0.9428144449670857,0.44215641858985527
-0.878777658591455,0.25396507930733864
-0.898334477086666,0.3868613675053294
-0.7708467451862622,0.3158136164444219
-0.798484650131666,0.3311028123383654
-0.7881397298836024,0.34450601149133336
-0.716193121586868,0.32430405538615464
-0.7044996663383253,0.18526923084179303
-0.7042826391678354,0.25347486770432825
-0.6017571120162967,0.328099083846587
-0.5794263264717534,0.22256113008095058
-0.504481626449882,0.19202451683020857
-0.5463779065402106,0.2892948951752365
-0.42105715085033113,0.24291393045043144
-0.486582518769326,0.29286600516133776
-0.4258971895695994,0.1755428415978767
-0.32526640767478987,0.15634892776458859
-0.4299352617606356,0.1827413638797703
-0.3590185403737859,0.17763582537637415
-0.27888706214925874,0.20034331563393848
-0.3639875742025645,0.09455800625320493
-0.4183745941032577,0.07205877582286571
-0.31044943174017087,0.12792770965260084
-0.24409612838234107,0.13974520963522813
-0.23152590083946994,0.06327760980567812
-0.17520253809590208,0.12600667247973127
-0.1457257064047468,-0.002242412804620633
-0.14600802580144703,0.07426724522700462
-0.2176594701290102,0.022786202234725474
-0.231270588946264,0.12925740443586953
-0.13378895770762333,0.0062369628440367975
-0.13646979672797466,0.050211687768719884
-0.19094559919711143,0.051730018280854176
-0.25175157786848057,0.18012973530579646
-0.1809554208843935,0.09856624168347873
-0.15463220949761142,0.030158348024985356
-0.14554927832042885,0.00641484530233026
-0.19861643754493968,0.05070154134300605
-0.09301635383541128,-0.017586819295526593
-0.05182032936249506,0.11941341254378796
-0.11472073883425278,-0.008248693411067147
0.00020673799439904078,0.02902232177873427
-0.14915678326026552,0.12551288044203923
0.042397729488310415,0.022209204049994928
-0.01760182333178563,-0.046690820983903994
-0.09805613113364611,0.041800256216687974
-0.0642762347809758,0.03682350448984077
0.010965670422223212,-0.014973197859224525
-0.02289729062482251,0.020098287559038655
-0.029745794931777314,0.05446498486374059
-0.01168105112619737,0.07112884048470929
-0.06012347694189556,0.002908682220977181
-0.05487654289237566,-0.0858604947467441
-0.024363054292699155,0.004048930090151618
-0.03197255926097117,0.07908351319835055
0.03659798919705906,0.053315357351227416
-0.09854098335869357,-0.030225613010985003
0.013089534382725018,-0.04737236153683555
-0.04119584794020156,0.02526304787580501
-0.02322559364236868,-0.041364569488617026
-0.004568344734944829,0.03997727075710944
0.00860691280387639,0.019769968387442046
-0.010864622076025489,0.021282732983783345
0.017048463128113096,-0.04525486412911647
-0.033965723450038315,0.06409844516873717
0.025357214590394285,0.0022303379187733835
-0.0839294311931923,0.045713581232885485
0.030752949431504306,0.025073264251596537
-0.05622939250093155,-0.04409096462076134
-0.00920427593724676,-0.007893207764938957
0.021129982991355593,-0.020461548236222357
0.030393356875767275,0.04747467268477471
-0.06549491642032472,-0.004240199689021607
0.002092902442340479,0.03387085209155799
0.00273959450851913,-0.008374769438861406
0.01949847814493854,0.05810083690358915
-0.09265953429906142,0.007146936651772455
0.014353324688550384,-0.025168696645798454
-0.029935130455790965,-0.012413313353653394
-0.012683780496675066,0.0015024149411338146
0.010970287324100497,-0.0018456897906843272
-0.029682331475533126,-0.0016608225336382319
0.07173991557445782,-0.07438163442623011
-0.06207253860093029,0.03300821640912671
0.002102826008048562,0.00905878150800326
0.0721356904518132,-0.10295768107060192
-0.025902573930673474,0.055570205433722625
0.02086535612380986,0.01714056480959411
0.012854978430258544,-0.03312510914119297
0.05506656505757737,0.0859194656200383
-0.012765796737791237,-0.05035816689059189
-0.08984952512783811,0.034367045696266856
0.042027029853198325,0.004531171257013782
0.11490778009970182,-0.0191279986228354
-0.038236084895360886,-0.01901723094746156
0.07344691807695766,0.04974016495164809
0.027349322048137732,-0.1496512274297688
-0.11267450251266187,0.03655319318271433
-0.06318353692795088,0.1151377227680438
0.06092773473250583,0.01649183652693953
-0.014926518515920778,-0.1596496543496298
-0.03473895437462594,0.01772631287373877
0.011949308160052545,0.03047605681482023
-6.562126417348265e-05,0.009122267041902343
0.0381416022263853,-0.03371521642063211
0.004896477080752819,0.033870591376892356
0.07168644379097565,0.01562123572301027
0.11360001547436265,0.01010183960182073
0.009543207137306858,-0.06449501790085348
-0.12481145150064532,-0.033240511586850964
0.02950123009709009,0.006033972214662984
-0.09395502750151866,0.0216020224477107
0.03170996881582039,-0.025755066032216858
0.030591906846663963,-0.0400354781058925
0.021414533775990473,0.08139093031112643
-0.09950778328660835,0.07309333789955338
-0.017733415933318213,0.02428383130888942
-0.03494824270713772,0.07128461634223547
0.09974760480626668,0.014993049420608062
-0.06789745332983266,0.008090778073451156
0.10514107979037549,-0.03895809752150438
-0.024473491944025014,-0.10597961485377186
-0.02139566082120236,0.041937251275928275
-0.062203880172223176,0.0820504082407954
-0.04844471998502529,0.030828638792296043
0.012148673558965857,0.010296988101055855
0.03655366873641594,0.005646142232243839
0.031708229962894484,0.014513024235932785
-0.008202570935552838,-0.026401799370964374
-0.007881774625173425,-0.013690630578631131
0.013368675993530085,-0.027656311852479368
-0.02868680867457085,0.06797324640184382
-0.04057212256814985,-0.12117262334595857
-0.011875252762004965,0.06908331706309592
0.07686193889623118,-0.037613257118110234
0.017973000819878966,0.02822197096187516
-0.08139397813940764,0.045108127871064926
-0.06299101438873887,-0.04027284374427278
-0.04372999544148262,0.0006201045255918528
-0.0938843634703066,0.08100176958383065
-0.016017991565620712,-0.02681295279535178
-0.09509995197579958,-0.05098394206877471
0.05558151142204948,-0.06725920630959657
0.07984587405401797,-0.03266358971922423
-0.00870202604835342,-0.011344143792823386
0.04346525081974584,-0.04378889127211583
0.014453918499537775,-0.058750652196087
-0.03888459720905398,0.09479070239286833
0.058213341685296946,0.030964243528242112
-0.0055880767516791885,-0.0747925348439459
-0.06923028065566594,-0.008234794207429967
-0.0228460202514909,-0.03695060733162608
-0.028792956958205593,-0.007762582418193879
0.13718454606653518,0.026925333833173394
0.004552891678993164,0.0044029444204455705
0.04374773870498107,0.020719420661331273
0.0013413960273849085,0.0414987914805825
0.014897042242207774,-0.03637602069696653
0.136501695428691,0.017188773508425268
0.009056634353379292,0.03508766723737207
0.05956190149398069,-0.016615252667687208
-0.05998536974812044,0.009824202867107423
0.04314100576624144,-0.009456068172249546
0.025065970332111692,-0.03386722162805692
0.026024762945078876,0.018213443787904907
-0.04815421449653273,-0.004063428765343254
-0.06543024949840934,-0.043069669924715774
-0.019431065676323866,-0.03993694843752332
0.01445165149146586,0.06457590888053522
0.05123950775955344,-0.02611793498870938
0.005973194612109309,-0.03345480194909274
-0.03933488430191232,-0.022573875580002303
0.0058587770460511255,-0.0181336801832134
0.00257279625388497,0.09144440914688058
-0.05868674272488303,-0.04571987410607824
0.0876447392541315,0.05133026528358581
-0.005644311435323485,-0.06081434731400856
-0.08580627240672442,-0.02516269549155882
0.012687379230379426,0.07581849935560744
0.009455880626726507,0.023267782302665407
0.06156239937769188,0.033912905259993804
-0.03314320395633019,0.004334860194864228
0.0671516019146202,-0.008381457172243003
0.05692709987385481,-0.10283784176148089
-0.03728728808757932,0.02066904585593805
-0.06895495704738751,0.033871996551166475
-0.014177715280203864,0.054171537677888564
-0.10204914207591684,0.07053014881215076
0.002909373927870322,-0.0007125106239504156
0.00393822410151984,0.05256066372533517
-0.0473516451274973,-0.04693488677225163
0.021146784940584425,-0.006444092256395087
-0.1300720576337084,-0.016631756506119824
-0.03399119671096572,-0.005666688251272663
0.06482704740201814,-0.021660158555115997
0.14063187710802813,0.06225333084995692
-0.012325885779441218,0.022900840233807382
0.036665441024888855,0.06659473426006658
-0.00647900699604192,-0.04674403841800161
0.02897123002569188,-0.02514097044468057
0.037734890406791476,0.058283879980450176
0.06109344620182515,-0.018070247076578127
-0.008181831705431216,0.03609862910174105
0.016207728508892225,-0.0635288538704958
-0.07678555644173118,-0.037623616141217564
-0.038581230196871874,0.08840410789993185
0.06614879440542162,0.013402449181158453
0.010703760345718256,-0.08159549236199187
0.048054669826629946,-0.033578791758042605
-0.09783038786628816,-0.028395642290458285
-0.018806718866062697,0.015068458857756355
0.020828200745104136,-0.054471783025226234
0.06563882231174879,-0.02320826544594985
-0.04814731171150337,-0.06058253868952633
-0.033133345899267426,0.03689334485590272
-0.03689749792428122,-0.04844584708774858
0.037924185412506396,-0.03338046418530235
0.04946071303372604,0.0955511386166437
-0.04473085701290649,-0.005674105734079396
-0.09364585933953806,0.026555796375418432
-0.05835503892143783,-0.001585397752770945
0.009187716971868449,0.04501071980092387
-0.04432932994647577,-0.07637725077025087
0.029148721360848583,-0.07680626727095247
0.018395696888225916,0.042330672133817394
0.1115219632400055,0.03518729455765912
0.03888872950027232,0.11441581942099262
-0.03227149716082029,-0.016667824704835157
-0.041282196057064166,0.0017983029607102513
-0.03494896389003724,0.032613988170079156
-0.034444705418532326,0.06311211658557044
0.05891879143777483,-0.05475947246205532
0.033582244072141804,-0.0059192564351195544
0.06406846994778816,0.023691069224617344
0.034005385125455895,-0.06747970063368065
0.0562241230111394,-0.03982715131806742
0.13126876664482598,0.02351514174506283
-0.05146349897456058,-0.011753202645695987
-0.017503850661201553,-0.03247058981919224
-0.14260225148295919,-0.06790286756120179
-0.03356794668820267,-0.07130905637541615
0.12881504092002655,0.11823912496858073
-0.09428585413342822,-0.03351594117147434
0.09388834780100941,-0.052409153245121166
-0.0053285866632587185,-0.04620743365411539
-0.09210766824733421,-0.07729870676626602
0.010674288210686826,0.014313873985743061
-0.15853574239796986,0.052804029597064116
-0.05616931237429988,0.005610955049315781
0.022112524068849913,-0.0027152001304827575
0.0623808604237065,0.03515144679449315
0.08711668429350149,0.07162395903428972
0.1457842971850567,0.027504790564187576
-0.07363934832007199,0.06944793632341026
-0.05991752897460468,0.016838091426491158
0.019816075097222142,0.15397036607024686
-0.01863233151794783,-0.019322292239291636
0.08990226001177432,0.016975849111436646
0.030950796845113163,-0.013874691317024413
-0.02905768742942796,-0.046336318795350925
-0.03167925192030847,-0.018494657093197923
-0.06723579743239942,-0.10220644194823442
3.882261273384167,-4.23016038004421
3.355211119654623,-3.730822687507728
2.794708333345892,-3.2018728655034594
2.515264330926647,-2.8086226214836767
2.1968681549006592,-2.311156955868793
1.6949959648954867,-1.9939625629292435
1.4979212056865998,-1.586129576945052
1.1509383076517843,-1.32193690930922
0.842470077088306,-0.9321288482284876
0.7427607931111938,-0.7885072685678423
0.47951205280251524,-0.5005848896443057
0.3340377769979996,-0.3069747704430271
0.16237766136866072,-0.2659550741069828
-0.049207721366712164,-0.07528476308684211
-0.09601130713392025,0.15486476241171154
-0.19108627752473145,0.10225220620506797
-0.32024377251443104,0.2516156733282542
-0.39339655791772093,0.451277772854947
-0.42170658944556105,0.5219751146553496
-0.48763568939242113,0.6155770748714505
-0.5960014669249745,0.5265262949313344
-0.5432887362460803,0.4142271011489831
-0.6173412043138948,0.7039384684420241
-0.546487983487504,0.7073405806782824
-0.6065314942650634,0.7252550525063423
-0.5800876425098015,0.6727722055985309
-0.604384548832686,0.7646517706089878
-0.705218854351834,0.6858216429013534
-0.6709727895600297,0.6766570642599918
-0.5569297949657699,0.6902097630844715
-0.581283397158435,0.6261927379936407
-0.6202195260729096,0.6940007321120818
-0.5468283729738934,0.6965985829255155
-0.5673382459232186,0.6453750709240943
-0.6072790501805474,0.7025904214703883
-0.510140801646008,0.5902602392299517
-0.4832493433952415,0.6121418799177353
-0.4778011564151,0.5143781778570005
-0.4875792216995748,0.5449977373009582
-0.3252776331645808,0.6301851097903484
-0.5218592239900642,0.4655483627404413
-0.5051725993029866,0.4455695835336825
-0.412023159706292,0.5248522145802046
-0.3811759814165435,0.4115051313816083
-0.4750120082594766,0.388518848976109
-0.4311441236726321,0.49410720559924415
-0.29866098417079195,0.4073717366882501
-0.22354661058667263,0.3501498906518906
-0.36038376875912786,0.524637005315946
-0.3321459534116921,0.3842552300338127
-0.269682461723094,0.2764869630718475
-0.2998366001951211,0.26538542248795693
-0.18135029362119193,0.3095189549817732
-0.30287990579053603,0.21050933799588856
-0.2192517102743522,0.18657633245573235
-0.2935658974483087,0.29035601451990944
-0.22815740285278183,0.23508217493160377
-0.18903204659861442,0.20590907793433347
-0.08177649253019352,0.27128506133453945
-0.22226570699596354,0.1668424700743532
-0.12022353327521285,0.2233942398400925
-0.21435461633082262,0.11297199626136187
-0.14877926341034778,0.22360212789579106
-0.17328072810451864,0.17372908660600667
-0.1536293640831008,0.12308814090787305
-0.04966751388357545,0.04265135866701977
-0.10420619581081768,0.05638473731257246
0.004518230434953419,0.10107666047735557
-0.04311633626658057,0.15359372411737265
-0.11873745397002616,0.03375070954977792
-0.15026173106498947,0.11488842686923148
-0.1294216065791675,-0.004867124267578779
-0.12691455277967584,0.06279773503290688
-0.13878295474772864,0.08184648713819925
-0.0629623697844086,0.1344209648361051
-0.05707052834952691,0.09910533282981772
-0.05906092233765528,0.11769928297035112
-0.051965309671885465,0.029695366382550388
-0.08194112991838093,0.015525917438811192
-0.10944604148871732,0.12058843329900724
-0.06738557835143197,-0.005038395882545229
-0.12028271865134407,0.036796029648502135
0.04311445947100941,0.002123476360286019
0.035677927436419475,0.00292501494559113
-0.010743020974255918,-0.06522621868295407
-0.07568835038890198,0.060699124793605355
0.11524682500743635,0.02401846403576985
-0.07133973762096835,0.13191662675269927
0.07155895755418099,-0.01185334104713162
-0.06036913068425315,0.0923872503410107
0.022229980917547097,-0.006624254957386121
0.1893495232734997,-0.0027247595964923306
-0.026234787401680594,0.0008306381795640137
-0.0004030668081451954,-7.288033096822504e-05
0.013905879197203888,-0.03295741948198358
-0.005383720473097672,-0.04088744910292827
0.03140992499908294,-0.020264266684358448
-0.05557673180102416,0.04110091331668917
-0.021529971983629555,-0.05424617839461478
-0.011945922772613492,-0.040326950917410814
0.010000554649222863,0.008579095703200857
0.03520429688747832,0.016987148517524267
-0.10418706864816119,0.001995410399414796
-0.026287158141969517,-0.006745360555157044
-0.04520662389751842,0.09697718427431422
-0.011968470364436202,0.02879978388384781
0.0028288563760461337,0.04374572956389664
0.09384542333255727,0.03350837201742665
-0.03379016931619658,0.05335558794289508
-0.06992064296833234,0.05547744913525368
0.07254168876689487,-0.03373227606783474
-0.06762178805509947,-0.008376597528462574
0.11317190830827863,-0.03794344471847706
0.035592261995343696,0.01889997403688632
0.0026055156578789207,-0.17265373657353594
-0.0365293580381963,0.05587231060084992
-0.022172584629703663,0.0842012393880807
-0.014957600397049372,0.029716017578559226
-0.09315177628154542,-0.019526649235414025
0.07891066769696987,-0.020365448042625724
-0.00044645877945407447,0.01485074591010834
-0.011571845951950805,0.05735662529692297
-0.020793225478001744,0.02133771742017175
0.0013732753154288273,0.006112392808917587
-0.0032524202420528272,-0.0186243220418682
0.061673196547107095,-0.04330315003837375
-0.04321735572334533,0.0033006370944197016
0.0004178599340463468,0.04740201566243828
-0.004285491805760806,-0.052976865002747495
0.01653226572307065,0.05018301070309573
0.034925939161397496,-0.08009943773454171
-0.03507889125770028,0.0283648812562025
-0.01998358281014893,-0.04709556332370905
-0.10597938133491346,-0.15366672611219034
0.0050936320152201444,-0.048484980052389555
0.021977127587613065,-0.005277530542518009
-0.024658949469872578,0.0608115238030122
-0.02727078208367686,-0.023047831285234768
0.020339100072967048,-0.008663019470116402
-0.06427737556483891,0.11836750934642434
0.06355583153536604,-0.09446565141381624
0.06247873829354067,-0.08328630909957102
0.07722071193283923,-0.03665677274507169
-0.008759991325211073,-0.03282262022990691
-0.016311250201304965,-0.013983104741174264
0.012464499221722169,0.1268320877972439
-0.019582281063409847,0.024327019751757765
-0.06559427630510181,-0.05824634988903926
0.030378040314979236,0.01533365278244898
0.014394383589788354,0.026737014461104186
0.04913879350309332,0.10057816571556677
-0.007577400600962297,0.1016678361562317
-0.04882745123744748,-0.03369488920033892
-0.010564421350206573,-0.005342756077488346
-0.06276642398772952,-0.040166674720871896
-0.04225645422308677,0.004479450771718199
0.03542296253535619,0.11360927325819037
-0.015722101398610883,-0.07124547341296045
-0.03275269954814358,-0.008382924815057632
-0.023578419980078223,0.03537592829146559
0.00814657165940266,0.0609291499637769
-0.01827551634744402,-0.037329508348741866
0.022976754018600345,-0.06004246348066225
-0.052649884538088124,-0.012033063974780094
0.01268646193924779,0.07005695181923899
0.01934154001924128,-0.018817655052302047
-0.03166408473659039,0.05400549606467088
0.02361215250671479,0.050565667082929054
0.04675848707267782,0.017048096885004145
-0.009254784016465293,0.023153444496674756
0.06318813982083514,0.009870084993076473
0.060501170164405524,0.08309434900346688
0.07433625118171891,-0.07425742225244733
-0.03990770203396812,0.024391179139837172
0.019312990158627086,0.059470109992846104
-0.06087031737255588,0.00894589355239396
-0.04264965576777883,-0.0017238031447974825
0.015215629167555235,-0.02782513179373084
-0.022617679742072797,-0.12777665392262819
-0.017780220165549095,-0.015828807302290582
-0.05625737530567543,-0.03559398627604446
-0.01231976831284877,0.05552235947103648
0.016865281808261898,0.056792593354870816
0.022818488404004286,-0.10662033342749529
0.07655363591692943,0.013951124155013657
-0.032111383633796266,0.0015817322116276795
0.09535845782619148,-0.027077313618420636
-0.057704981714552434,-0.036642206004016464
0.030495677266233652,-0.08599376647927175
-0.08722889086231336,0.030213899410605174
0.10282151529051486,-0.011024148722379813
0.006036330741526161,-0.01457686977717061
-0.04598508123960855,0.0028903055853520695
0.01619313784991118,-0.06237358801935916
0.1109219957889611,-0.009341270511139668
0.02755958085047877,0.053860898167646706
-0.0651232912226161,0.01694318546304598
0.012007503075058079,0.048974454675519724
0.04774789749142846,-0.046146006898997956
0.027333465597497865,0.06339136120648231
-0.06303316622359247,-0.022878450917414275
0.010367185401346997,0.042845168140877576
-0.04605212860869627,0.0082086150269329
-0.012786306521934998,0.014453037740731794
0.0721053045422522,0.004700139261549056
0.06914560737543339,0.044706779853782685
0.09867498865492527,0.03175014579400923
-0.04390937845108895,0.07620541059539052
-0.06421924206022578,0.016959107682979313
-0.03863995833065351,0.03398338787680635
0.04496331952078633,-0.0052130508965453695
-0.043328630471778665,-0.103044331439649
-0.10615653751206271,0.0622964947946365
-0.04467604904611173,-0.06664191707671394
0.046852195466585485,-0.009137055044293865
0.052303804907000956,-0.08754037801179654
0.17610860401527315,0.012473326966999793
-0.06464625608874448,-0.01509502837711181
-0.06495568115302176,-0.030524014995079927
-0.04796016892715237,-0.09252254806267314
0.03408403126250584,0.06385498483277416
-0.07494622805759801,0.01839830635360155
-0.06739358102627271,-0.11210679341639887
0.09762485178152319,-0.05799860690724835
-0.01411570785166876,-0.09478761899090347
0.0341384619640238,0.0036778286145194676
-0.010038719623255317,0.02441793623896589
-0.0663867807923659,-0.0229426758096085
-0.06957180485766831,0.037906705225262745
0.008853172159993492,0.013871286095549527
0.039255901237106296,0.03103544338929489
-0.011131400471337186,0.0496913232850801
-0.03396774017068473,-0.06528726804452462
-0.011552060595502848,-0.01960812327659657
0.06381754527493678,0.05359070092137942
-0.049386189546495096,-0.04231514497546374
-0.0277764094076885,0.012066605669131392
0.031387064361629205,0.0069854177188704535
0.03744269391006868,-0.010409990343249319
-0.006745740978976318,0.04821965203888138
0.08772464294878742,0.04598296355584332
-0.01950630991350933,0.08148543473513137
-0.021512254871315188,-0.04497036612031286
-0.022841870624586865,0.02322882731552619
0.0416156703459599,0.08307995306877436
0.014127727039710405,-0.14136292340559445
0.026853419820657434,-0.1024168600707999
-0.054904054164007836,0.0026018418130263066
-0.05641210773536789,0.06893809154977017
-0.04708387816051308,-0.11388865033649245
-0.02665994780119605,-0.012711606864697422
0.06176765378059884,0.07407443552398146
0.07837644536669112,-0.055838335004775676
0.0043970120890424475,0.052368135468134944
-0.026169412659822755,-0.056227087479313285
0.019878621446858185,0.07825335691731462
-0.0034610651932438733,0.11428752373852732
0.033597770278788526,-0.03649848000272504
-0.020254913041324152,0.1368445146973443
0.013681795725285613,-0.037784532561589285
-0.0050295335701891365,0.006191516699926397
-0.040935809455139735,0.03555107664643026
-0.07504545953931674,-0.058052824226598305
0.10446728617875854,0.01750210032689127
0.06625701401929078,0.12139305299224686
-0.026200905412449134,-0.021171640193018298
-0.13627837916098892,0.0013866431344967158
0.023460563866797315,0.02217343763069252
0.02240177037150442,-0.1171504356810926
-0.009397491522046225,-0.02906797439219425
0.017434983153772236,-0.010232165914916559
-0.053308035695762306,0.06491078410984333
0.07124845695699995,0.045607773779163516
0.07227054371575062,0.048120589185650445
-0.014524180812219258,-0.04191976505596387
0.010041719827013552,-0.034701213604867984
0.02234357162512366,-0.05732134578352873
0.01689617678827398,-0.06392248044594885
-0.039778237675579,-0.06821065722922717
-0.031668061322976164,-0.05806924816997275
-0.03740642124049964,0.01018517138516647
-0.04404549518351842,-0.011689301150188694
-0.027450332785665454,-0.010125409671123325
0.05697326106516882,0.02404183816581965
0.04124776813802923,0.10857323917332973
-0.0006531825465177013,0.014190211495185918
0.028996304928582434,-0.03330002843017585
-0.06467966548512555,0.022272326784875406
-0.06707374124549027,0.03529307737386476
-0.008352244563189063,-0.039645447097667985
0.0875991041478446,0.055187520016088065
-0.08349176276833398,0.0516492759730487
-0.06121366451939132,-0.04338341358456689
-0.09705759620256332,0.02278350458537209
0.027078966734359396,0.0440813785602392
-0.02282658495675843,-0.045800480631529125
0.048714356930594616,-0.048658449013619584
0.07819267983059379,-0.0010906171951200528
-0.05050469438118433,-0.011566178644060907
0.07461143626946119,-0.044052196818923056
2.7226372457046835,-12.815680355431123
2.339633493058865,-11.065539737797367
2.043609025524673,-9.669867020065121
1.650131334119889,-8.07041191310388
1.4252772874284956,-6.695905785365219
1.251538170618505,-5.771705909036809
0.9133314477585616,-4.557501130232462
0.7678264297602526,-3.8024733666315633
0.6170879745567773,-2.894703394369077
0.5160139503596735,-2.178617137419844
0.2593534795188522,-1.540532004715836
0.10639660470460459,-0.9897731725825883
0.12841930483918512,-0.4251577825653357
0.02072546687281778,0.005692634911860325
-0.10093909120356327,0.2585486406672131
-0.11498127180075714,0.6132223684612983
-0.18936743301846554,0.8299205879092482
-0.21029935334641298,1.2500913332142074
-0.3201507920410828,1.402206785340733
-0.27782452688879444,1.6006724449708392
-0.37052724765013145,1.6637815334379606
-0.4783669959213327,1.7570804520052354
-0.3980247201506578,1.859488337835589
-0.40165510533914695,2.047245942228546
-0.42071211368962463,1.9618425512599467
-0.29653344950202326,2.0075978669922483
-0.43389741079861477,1.9934406026964133
-0.4322222626763409,2.125499696693191
-0.4657699234867693,2.0578178333200436
-0.4881476604483016,2.052523868338661
-0.4594483221087845,1.8750550967239754
-0.40028654345749676,1.9136366895775407
-0.43533616979573586,2.0285441419080157
-0.3227130664309145,1.8488625258861697
-0.34164422499813646,1.9091087789884054
-0.4526719883075848,1.7380917006038008
-0.25588995554902577,1.7835370618768938
-0.37989702706052786,1.700176228618459
-0.2620403230748723,1.724719053476611
-0.35496146882507135,1.5491707361787075
-0.39839714488553,1.4604333055663314
-0.18747983052911982,1.3676346111645452
-0.35539523616608215,1.2933808751303992
-0.25543057490157717,1.3194445809129538
-0.32118962938114837,1.192264487143477
-0.12314964810575571,1.275759488115439
-0.24025219495642347,1.1693825723284759
-0.2703587735381616,1.0989334569985767
-0.27592811089566516,1.053804676037349
-0.1708635722504662,0.9875572815258661
-0.30217492804778134,0.9742232844931767
-0.18046057260960338,0.8136239943497219
-0.14579480979881573,0.8490572976813828
-0.13986220353344925,0.7266722218049569
-0.10038633167803701,0.8062301924049351
-0.1989035261408651,0.6958239119824872
-0.17625032104046812,0.6684572190269404
-0.09562703325932109,0.6111870543887771
-0.09460746825430841,0.5357928670284893
-0.0498456337585083,0.651347356490516
-0.12170634056424963,0.5466684028618232
-0.18871640590163863,0.5716458942078795
-0.07669165055709479,0.4050243575798963
-0.06121223380603638,0.434127831679664
-0.03365603164904844,0.43135742109435543
-0.09263753820257692,0.41920184446946607
-0.15345733017669214,0.31704240659449007
-0.10583827951475461,0.33404296154198215
-0.08691477851006148,0.3383031178809278
-0.0692253739118092,0.32156897541063667
-0.10885670976740845,0.2641557034697208
-0.058075421970042534,0.16150808016129203
0.01560504077990131,0.21729057087453202
-0.03375080107578414,0.3218137164451047
0.014108516230240974,0.24837396517855265
-0.05438650820718617,0.11284656417043863
0.04052449790865944,0.16251998216546826
0.011173444538611604,0.1794121454538186
-0.0751629839414808,0.11734665405090175
-0.11610220946351822,0.03618306055000185
-0.02280971172842388,0.08202283098443329
0.007772555045013976,0.12150206757979844
-0.015691548505388828,0.10060049647572396
-0.11386650905489201,0.10903764721288885
0.015763478908906566,0.09080320272416616
0.0047768734162059075,0.13878613929433697
-0.0874915805097281,0.06582025370047835
-0.07808582541142768,0.04868742252142198
0.017177676503589458,0.07955596572586615
0.03204288493109701,0.05169844716252914
-0.08103521574944725,0.16186831448164601
-0.00817030251279907,-0.06906472729136397
0.017514402325197808,0.08075185758602113
-0.07472614910582642,0.04818640601568158
0.03788388450272763,0.10061242189267247
0.07391871607518352,0.06546502433975421
0.021174046706218967,0.10349752360364436
0.0698434411619635,-0.11564258879389076
-0.09112311879795959,0.0488776219535752
0.0014468571849997015,-0.01825880916429508
0.019577782408648037,0.09783574040750717
-0.02125911477994333,0.0060249413508454246
0.022023764105824174,0.045216051390857916
0.11828851186946941,-0.06015121599010049
-0.0035151977410285903,0.0058334518848260925
-0.011856372538673929,-0.006204803003423839
-0.05831303250479348,0.05558577033177467
0.04463811573481015,0.011567981878210846
-0.083905804355158,0.09930956569983268
0.036210501880636174,-0.12527203221020877
-0.0018111566135711743,0.04992528542244906
0.0007662443782587482,0.07996455160403321
-0.034955463246850185,0.017156723498211894
-0.03605582397982963,-0.028290622942017202
-0.11110471422998787,0.0007690596569960668
0.00024736626317706234,0.024205808297867233
0.062190731561547946,-0.08238640929871953
-0.022784986535717176,0.0009691498289600702
0.07170226588227535,-0.04231809769425319
0.028312130563628655,0.03381642442007053
0.06019813961644546,0.016100861492200122
0.06994883726099159,0.037690151696858305
0.014139573934612924,-0.05012671267290038
0.02573502947108667,0.0215773913982689
0.02929613092320734,-0.0160895524767655
-0.05094676637626319,0.11146983297166545
0.05819376209245106,-0.04293282534330854
-0.03282030448394842,-0.05823194700579351
-0.027764414984814117,0.036246377666076364
-0.0362970737853587,-0.033890120125519785
-0.0661045550193978,-0.0882308500711228
0.07219067871203241,0.025283822510458125
-0.0021751514833986997,0.02845874479815168
-0.08725534344986936,-0.029360408521600833
-0.012384451076043823,-0.01379047464298038
-0.03392869057641644,0.023974916235876838
0.03278470597740896,0.034058568242071596
-0.0725553983167337,-0.006069052507719096
-0.10023212645845091,-0.05396893504325212
0.05533267797525197,-0.029034495542732967
0.02262009495514105,0.0816717610382369
0.04477398936087475,-0.022854167716825247
0.04321093124764215,-0.0769770522903866
-0.018063667162733124,0.016214628260589413
-0.013160614354559525,-0.048701284743234804
0.004149949594931939,0.007470867332888681
-0.014398967878582837,0.030915504929701784
0.016120781142169322,-0.0037730213123474375
-0.028016560664851118,-0.052997414175806834
0.04829973104720316,0.05383643217325837
-0.01866908926150453,0.00967276046286073
-0.08858084125706754,0.04618169553443148
-0.009930528482668934,0.036786118390767945
0.018357301716261428,-0.0031958025367731548
-0.011210046826973494,-0.001801711755038916
-0.01858202120163615,-0.021253167419573518
-0.08531885668569773,0.039390837569916036
-0.05024220638461538,0.02153589332308319
0.05936509406420824,0.07342727179780656
0.051536816427379284,-0.036161098947607266
0.12592980621015828,-0.014556007038739025
-0.04807810973535329,0.05792944937057358
0.00454596781135992,-0.08043829922041212
-0.14843317583626994,0.0035621767039224744
-0.03478982519621044,-0.012477120012834138
-0.014364149037097415,0.001769837378340999
-0.04432416895507306,0.024144423518428083
0.0019500484261852843,-0.013076810597900407
0.0783960140210593,-0.01016813480992
0.10429137682981532,-0.05783152294100911
0.027415339639293233,-0.06614771081490393
-0.006195236614086188,0.13455361479473607
0.1283140766399427,0.03484606606960214
0.07001077272828078,0.026124693435461026
-0.00015429896406763777,0.06767854094120139
-0.011073981132838305,-0.0366567704308763
0.07346765467208237,0.041629450270249294
0.02901623817912941,0.00030011888409205156
-0.03407872146061089,0.009114937523419964
0.0051151093094624345,-0.07436328254739963
0.0005183792238008782,-0.009618152026339574
-0.04661355119412018,-0.026434530167838696
0.03025880674195057,-0.07950362081280932
-0.1157317239491228,0.08025463714915039
-0.10219550209203905,-0.022048320043343703
0.03636166367812611,-0.014978575192148874
0.04981696773509742,0.010554450288658878
0.06985584873568766,-0.034658215431805785
-0.09776766791368632,0.030663191310617226
-0.013750183737432479,-0.1192962282722077
-0.006501616310725607,-0.01915318539070398
-0.004397480458629293,-0.08521261311791381
0.05753402812557985,-0.010940072540581889
-0.001416934772991687,0.039832482852058
-0.03581650570729236,0.010772438697562246
0.0008939700898558008,0.009267268327131865
-0.07134752404281415,0.12131428611341162
0.002670222008623241,-0.05488383515368616
0.08487828264439388,0.09996157949587324
-0.014226327978115353,-0.00048453171697111774
-0.09652532815466808,0.02811083446757738
-0.026880569073195547,-0.026658459913239473
0.0855297801013996,-0.02433679129884414
0.014587916631359023,-0.022621833450795333
-0.0790043070298421,0.008889134155469195
0.06906947625811995,0.007213300106057504
0.0842219950481884,-0.0825622345226386
0.052580401015371155,0.04588684077431471
0.01773655476920019,0.024518612658599306
-0.014299563274800428,0.06925015552335835
0.055506432878884786,-0.07303581201436765
0.009726343117836076,-0.0779026903370591
-0.014666681838586803,-0.042695066352179185
0.011694031060173436,0.0831793247646633
0.009507647643249656,-0.04688435973561332
-0.06808722899684665,0.11404702801784736
-0.03457698887546187,-0.00900633125339005
0.04349649459589311,-0.04405356347999774
0.001655178199959204,0.011747591400778483
0.07112719821321051,-0.13600147486326558
0.005129999470735346,-0.027844480612817822
-0.06678860215447237,0.08629521745266865
-0.029387493100254004,-0.0808371341250798
0.12374717466326167,0.042251318112344456
-0.061933198940276504,-0.0007796817641202618
-0.07784429967626247,-0.029976150257359932
-0.0831973588743877,-0.12420564756137634
0.00021010211858185607,0.07026124761531383
0.08133092145286458,0.09797961808385278
0.015671944936920586,0.026622113137677726
0.043426371659816165,-0.059829012414786
-0.08468946225591334,-0.013931203178109038
-0.037914096082534,-0.015829017303362742
0.03487966877286019,0.006449474537841752
0.018992516338815102,0.020948427725045547
-0.0002877200160258213,0.08020989720917236
-0.023868008894932784,-0.021712670038130325
-0.020355553559742855,0.02129719156591558
-0.05296209078594221,-0.06236558534668528
-0.06557677018683375,0.008732379534254039
0.029454015454723766,-0.017023952286762192
-0.03882385201555203,0.0960796333917491
-0.014871769133298582,0.008850266038038592
0.01863931022170198,0.06730295320905584
0.0291141099883786,0.011368703765220459
0.001954205900312993,0.049152947864581416
-0.055040947855928654,0.027192763043368675
-0.01912334206796682,0.12515797843062346
0.11832226720441671,-0.07907003770093046
0.005207954443807894,-0.024483390384027682
-0.11027541379341174,-0.009822708643774611
-0.016760239929509032,-0.1554683766643633
0.06561016514981535,-0.013033990897490999
0.08147998548329578,0.049986109905767434
0.08827477126727211,-0.06888416851686499
-0.021392130734085475,0.029922368373168074
-0.06520414719332995,-0.04422411765973916
0.015606274108269135,0.050091093690859526
0.09369487973600012,0.06037568671247688
0.04162302799605221,0.009470704806467773
-0.05956366239305683,0.024362449086128415
-0.022710557024528802,-0.07278458133317137
-0.006618923192958027,0.057878983858227
-0.06723441582276152,0.12188379318680355
-0.012364462028533554,-0.08313358234582999
-0.018210695624745477,0.07314229645536365
0.04784396615296827,0.013284062130316299
-0.09384699291181901,0.024879289237395873
0.016821007059667825,-0.051966707497354166
-0.018948027715186985,-0.07070310873550635
0.025010796701482485,-0.07032764248961192
0.071505238571477,0.13955035709626995
-0.003744340111581113,0.06507047607218862
0.014669915712707562,-0.051244233044277755
0.025443772132513216,-0.029936973494767587
0.025615238686152737,-0.01004773748052459
-0.03187385594450056,-0.03039754318952552
0.026368086417464038,0.005025144059920897
-0.029197253164141575,-0.11063469016784239
0.005985390898665623,-0.0075177689048386755
0.07361601682587729,-0.060502404458991105
-0.019657835038233755,0.04429202608933478
-0.015550414244666917,-0.09180735789592095
0.017364429688463807,0.02783216090455242
-0.01939416197810842,-0.12761619081365988
0.03312009767781186,-0.09027042927713633
0.018953222769327226,0.07126638145488352
-0.009605976438784365,0.034538629943417866
-0.16234638501623344,-0.006127593163609691
-0.026145374348877263,-0.0009701366868330452
0.043785012335378834,-0.08616534984946658
0.06735556192266984,-0.11129523808742489
0.018633896730883552,0.01477883860154268
0.02392449163942384,0.047716652550263125
-0.015670325463951605,-0.01315481635667437
-0.03435315777756377,0.004647334513386031
-0.01767688921076128,0.03521367552678252
0.005369731879891278,-0.01995689246925946
-0.05812426557480493,0.0687874169246512
-0.04726832799531008,0.04413506344088811
-0.6912333262630379,0.12154992595613703
-0.5372193256525196,0.009247128805995763
-0.5863167527026353,0.08094176787074694
-0.4905283184087454,0.0955474850482575
-0.4124715456815149,0.11269340730609784
-0.3267978532883277,-0.016688225940215854
-0.2623602086300003,0.030234135032741853
-0.1673938735380744,-0.07641112390802038
-0.09730228184388276,0.013721814372084015
-0.08793317036345402,-0.04006507385426455
0.008423419257156423,0.02105741391936236
-0.07400739529515504,0.014824730583512866
-0.025238733101730308,-0.07159477902130007
-0.0810084257598362,0.043253716949349
0.04732797859114282,0.07694797669030237
-0.02342468614782099,-0.018214659318102264
0.0613563530074077,-0.1310319130882338
0.06702179775831293,0.02927946039242215
-0.03841755058243082,0.05116474570117612
0.13272267310765506,-0.17383494944826783
-0.015861136465490006,-0.05649847892970078
0.14953690607637055,0.0395808663675563
0.17128811381727074,0.08738050966907229
0.16866424160056842,0.010424628554953422
0.22211411753751176,0.0006672625600674907
0.0686650415488429,-0.003030046277341325
0.13111109775166754,-0.05228557725707496
0.08586786297853871,-0.018021573274847293
0.14124991522535613,0.03601593394066065
0.1211706214173,-0.0356602935014839
0.18928277356645312,0.0731327170345614
0.08238299129752027,-0.057587801135485284
0.18455130801103672,-0.04675508895952647
0.12459989110662736,0.10295604046528826
0.030050896377382036,-0.0564167944043494
0.12346611571399148,0.0721578768749438
0.016888633596692036,-0.025469910048400404
0.12249745608872835,-0.03901958435024
0.08313836622782392,-0.04893760212565704
0.05822295998055199,-0.06356035518135915
0.13288721707515028,0.05707667040380608
0.04188648881528014,-0.03492632255307471
0.11593491554758274,-0.025420387845575685
-0.05223382014546753,-0.06211998868289225
0.0814407171140307,-0.03308518523648786
0.03257078993080623,0.04466775505627644
0.037617488703442795,-0.06400721952196466
0.04046255735194754,0.044239867344280995
0.057158005074432,0.01868926803060847
0.15311123672373422,0.017328330039525677
0.0533599845648156,0.034643957666543386
0.02291423333050099,-0.011706080955719872
0.09287420594854334,0.05150873494026563
-0.1126444850586453,-0.032486062591034585
-0.008391595012179238,-0.0916344105662505
0.08124266597015806,-0.031520371769925656
-0.04106300038819475,0.0023756835396123808
0.08594777549876807,-0.06475173194154066
-0.05014777239962626,0.05959901149887475
0.02096418377819861,0.036929249719279675
0.046376119415690586,-0.03832777181691355
0.05458124007165033,0.098838613708468
-0.044512169397660964,-0.04307896807042485
0.0818321116293293,0.021821331802724924
0.07049147965949384,0.01615875653358264
-0.10962989168965412,-0.0697551317325147
0.003785209970387969,0.07714105894907186
0.08686109741002024,0.05798119895334111
0.09268169295264655,0.027517750053002436
-0.0005006976076455949,0.042276087024168026
0.07986362396463234,-0.008890913571666065
-0.006831214165961209,0.03438095512966583
-0.0393996861776906,0.003156448171213848
-0.04120848744076405,0.06735527955298141
0.060786379608429544,-0.06929294506514988
-0.012186196155764537,-0.03281894679445531
0.07380229910805729,-0.0005450610342690558
-0.001962232054910397,-0.040485477061185604
-0.092945838962883,-0.07487360446239742
0.0838889339424278,-0.09384135166798761
0.10073559815666674,-0.01690168255297684
-0.03776289785078249,0.028060849543558447
0.013603682434903869,-0.05880275050374504
-0.09880962856748005,0.05822098827027419
-0.07014601696321364,0.038239117032255084
-0.030570282486424613,0.08245416899224663
0.05879303484434279,0.059376520503650346
0.03587417803448138,-0.08871199000618325
-0.034577752817542926,-0.0003080848981943454
-0.010974941106660578,0.03360988321581299
0.1477258990809,-0.03373420701475508
-0.04988383167260976,0.04871276576461856
0.06027566345373281,0.03614313207521393
-0.015325283772171482,-0.039522098868231006
-0.0032782722259561484,-0.01915272945356271
0.05805749169282977,-0.060881205026785366
0.07336256196460687,-0.04781255936325633
0.013689685282393805,0.014852911483461715
0.0352100659874112,-0.06191388048254179
-0.013673529137204082,-0.06772839016848393
-0.03625774105928298,-0.0758484530671624
0.025531344754906225,0.10733399458593823
-0.003806605499363987,0.06391648966896978
0.01548396065337785,0.02549963534336685
0.04909741964546116,-0.014923613637488781
0.08177606477183522,0.05853677472624409
0.03265716213460683,-0.017157324412350256
-0.05727747167886013,-0.08193100365459874
-0.05995670064306005,-0.04119267214703391
-0.05179327164302751,0.07398907338935556
0.023451271985727808,-0.05172644398492823
0.014962430632249783,-0.006210785064439182
0.010789623277619044,0.09392821971350859
0.013181498924891661,-0.05833452991622028
0.04293945497765972,0.05858097590444798
-0.12641904345198565,0.012155692886050121
0.048944547159515406,0.07463951785814575
0.066014323368313,-0.07911663344976189
-0.015533641709420764,-0.010965409838153693
-0.0431526683537114,-0.035944559251454955
-0.1111977032376473,-0.017776878721327896
-0.02470956282920293,-0.010064927498998249
0.06980373179231836,-0.07011781382534905
-0.027438242986038502,0.02514928557430254
0.03100421780765101,-0.046708037324149534
0.003176672203450127,0.010133589869328741
0.03342893372036201,-0.012110788526435372
0.056233008095497104,-0.03456918203483006
0.0030861509659274693,-0.0319443133258526
-0.03427562050797438,-0.0832081307956355
0.008290734258449195,0.012563400845577347
0.05759944547922086,0.03791694724947216
-0.02573507620412248,-0.016789550508824226
0.015515098214014245,-0.0012224204197334512
-0.02451612186484122,0.10262342834894556
-0.016578152159347166,0.04960843260724138
-0.012354500485105904,0.018923593093232126
-0.031408800678388464,-0.05597877718942525
-0.0486722725337294,-0.027917878563395455
-0.030805158858700832,-0.04117644670605605
0.05225672847624332,0.05433470311101855
-0.046200928549853026,0.014477572572685353
0.03213237109954098,0.026580743002883916
0.006578408417488173,0.03793533572896124
-0.015049960537950345,0.018651592669382915
-0.006983933668687105,0.023293126599717173
-0.07991988269332223,-0.09702643713420132
-0.05797764109892167,0.02653911971200013
0.032394233784871176,0.07570864890890489
0.03605923124625276,-0.006940515704232018
0.0056626227147279955,0.10606740921044373
0.020817910224375506,0.008454579839551987
0.1214388348831914,0.014612410908786885
-0.006329598585032405,-0.0007266758073646369
0.0022067830603600784,0.003054490043799816
-0.014867616321423789,0.042347786938958173
-0.0929260096170957,0.03905361717888791
-0.030033378088765505,-0.03913851133223763
-0.03810367156869319,0.060673957152035385
0.07048766123962652,-0.031260699580708276
0.04153928748868868,-0.01043456427285687
0.01683695271040467,-0.01908492183146676
-0.0486078235252746,0.03397591295510646
0.0015626633867816863,-0.027418861061618234
0.02854342460925624,-0.04865883520774177
-0.08117815480026849,-0.040085397847318224
0.030500419099972944,-0.03475035283168273
0.013742400054171324,-0.004861018719655719
0.11846201033868348,0.008399547209342178
0.020759227453762744,-0.06557954701640929
0.07780209001863453,0.06849274532160435
-0.06790427431428783,0.020379861042724306
-0.10633385453227573,-0.06710476513513963
-0.06993670369212042,0.018585072376882103
-0.0318609165773514,-0.010914937150024569
0.02469983020413523,0.02115862857477098
0.017698979525625328,0.07306136503258691
-0.07075757240477017,-0.003462093042243125
0.009436089390836106,0.009807658934619396
0.026614380837540287,-0.00028560580633074303
0.09255230059532818,0.0013384497739318216
-0.049616428054333694,0.033140628462233715
0.03407991434204643,-0.03689432237164503
-0.10311817616089206,-0.03403486437057636
0.010214861706956894,-0.10984528279621078
-0.03501594992473407,-0.05834682305774504
-0.04677774155639023,0.021893177859072115
0.02333534912306516,-0.027788663329246944
0.02538355164447982,0.037594429410658735
0.004908729688518673,-0.03428771853306897
0.03499209328712338,-0.036674696070459145
0.0302476155051792,-0.01692986904121393
0.060897157002381595,-0.05047962007798511
0.06680883546265956,0.13213861848900613
-0.007962607037732335,0.05325508049141421
-0.011897530189673357,-0.08977844290124856
-0.07423010049223301,0.039602039386549354
-0.04894686962859059,0.1294584726405502
-0.049137581683069045,0.09073102602516925
0.07444309926303552,0.014188473379954391
0.016691239417484488,-0.03456439323735362
-0.01059158030825709,-0.002037063307632035
0.02307614609068994,0.08366410512295946
0.035420544071075644,-0.010334484377909015
0.02213423154734451,-0.04796580596791078
-0.020123697625956026,0.0289144498396583
0.012451328004159642,-0.10443157477148513
-0.05618795511851492,0.015661972712868476
-0.06007786599932573,-0.1403578841279923
-0.02386279582964367,0.017143088952873975
0.05872248978566711,-0.003461964728001434
0.05567196259991309,-0.057091582781683914
0.04693011887622023,-0.02906620829980028
-0.0009699454600525081,0.05708381607790841
0.018510655950306727,0.031214759578388998
-0.00611148153933024,-0.005301733220260936
-0.13342242420344283,0.0387257310733236
0.0006678877810245109,0.005867979463654291
-0.0018492214605549504,0.0057714311412009655
0.00694345260358808,0.036747593616679376
-0.036836368586303105,-0.02517010046425972
0.042099025691874306,-0.061571486429730024
-0.010825939605439164,0.026070318675232153
0.010197466729625335,0.07075266113753688
0.002832696338787833,-0.035972412511370504
-0.04312417624981398,-0.010325059251224258
-0.005971494372839283,0.015059043347917137
-0.004104597545690132,-0.09692282743187532
0.03800170917605138,0.022491340089480633
-0.028927948390652124,-0.04358695781896001
0.003031537509467167,-0.0061591607703175184
0.0314001955603923,0.041956471298045445
0.030268218001514843,0.13707412296083418
-0.05844780999118823,-0.004389803398634228
0.017068742526197476,-0.02756232369829017
0.04934719024725681,-0.0062180974466915645
0.019065568875544878,0.039477292103750804
-0.0885667845865654,-0.019724208022022044
0.0713282810569014,0.0883413380377162
-0.021238482954895156,-0.00026492865772211396
-0.03151228926823839,-0.011922443709548407
0.0523092195489462,-0.04960681225110246
0.011167265984223435,0.026238745786490228
0.02087737173166577,-0.08300656815056848
0.015258354469823633,-0.06586366217038613
-0.10165952345098252,-0.0468871378056019
-0.03389500991333505,-0.03765768073742134
0.015566146105673258,0.11386549067522689
0.056469221460754754,0.0869600244886676
0.006089416993274194,-0.05890422565922976
0.07307620980700429,-0.020513699150908976
0.05637477349243926,0.037554022615844354
0.02793904969160598,0.051907724764216956
0.005227497249981887,-0.030506912153811294
0.021899229023057052,-0.05770666720474604
-0.09583130226722426,0.00032700942818789623
-0.016558326534789735,0.034618409233809606
-0.092606805114932,0.00441611712720111
-0.047036022529804565,0.050019164709201966
-0.033788434823335614,-0.02875797789976141
0.1242024110884131,0.02193302669474507
-0.0827846755075459,-0.05131381239517786
-0.021447657292153997,-0.00017477378568905898
-0.05565557780306683,0.04172373058756178
0.046040861412925266,-0.0005238306561581099
0.02367762721417206,-0.0033057523608296174
-0.11209222753273661,-0.021006845725118135
0.07898887663778018,-0.07631530115568151
0.037602507134395044,-0.06784389476865646
0.02454599480772964,0.02052345565290537
-0.058037853251168614,0.06977924708658398
-0.021877335836247062,-0.005523607987437323
0.07929885999087191,-0.02613245278894073
-0.04304656042613109,-0.08800127794151279
0.07966371427529452,0.04933156466092249
0.04556137523435006,0.03647910153777421
-0.021404126940650713,-0.08433594677263702
0.15632187499965994,-0.005651978166284162
-0.040240050624369174,-0.04060202962903377
0.016045779526943048,0.006719197774970504
0.059773900508822184,0.10661836940427903
-0.03975411859349724,0.07834185048589393
-0.020713434332227026,-0.04024492993547697
-0.06311015388919389,0.032713918535444836
-0.031646311975832696,0.023320466440026718
0.023426235543072254,-0.00573441626394019
-0.033746321494840074,-0.014834202499512133
0.05624797212619319,-0.05162226109244437
-0.006914759186107269,0.014189392183935313
-0.01111594073927257,-0.0012766748821774736
0.01728783309511461,-0.011124684870421939
-0.00337000383762584,0.043289177379850025
0.06095815527022324,-0.06222113824798767
-0.025433469017150576,-0.026481769254482295
-0.1287031389504015,0.019851302627059253
0.02214599954949081,0.0013820499022372118
0.10557010693509014,0.050605275751912204
-0.02079430061691583,-0.04501334749477828
-0.05766968747906488,0.07897808345137718
-0.13101255119787591,0.06732983272756446
4.64506559010611,-8.457211938472415
4.060425251603367,-7.33388513591391
3.5550828811511614,-6.331273659757875
3.0169840203089486,-5.303407366759307
2.5175605799182095,-4.48061739416188
2.061268140446936,-3.779368626655808
1.6818631787355913,-3.0702200798214805
1.356620388603836,-2.399646309319375
1.055764359061439,-1.8638712756251952
0.7879052052375106,-1.4699887677911174
0.5477275820633313,-1.0422529455471425
0.3679252437312973,-0.6247864334903517
0.1870557461126236,-0.2610252899349722
-0.002168890633310605,-0.041877907292449515
-0.1200409675101761,0.13553613460274316
-0.11689458654973052,0.4598383020833663
-0.38811757406487823,0.5830472079169707
-0.42037261649306507,0.7337788486792913
-0.4372335043218142,0.8357715046609896
-0.6134832448582346,1.0003556654723755
-0.5737873889018658,1.1233086351179915
-0.6302763073839281,1.1963063621746926
-0.6904088983828117,1.2304368014099263
-0.7054252796715651,1.3422340384138398
-0.7959237421686906,1.305535561095125
-0.7397459703237182,1.3701597386420645
-0.7932434540764224,1.4349860006100774
-0.8119357263457001,1.3586110843948016
-0.7325581375743812,1.3099040886713325
-0.7453357889608367,1.3618666854792656
-0.7925688108537323,1.3185374683789155
-0.7796035596271906,1.351503490885914
-0.6141824207109664,1.2913375124663293
-0.6043162960078677,1.3088674213381848
-0.6832603963063086,1.1177542822122906
-0.6923931886466542,1.176293249372293
-0.6509903760446382,1.207187395578629
-0.596980957525766,1.0438901076405414
-0.6305342030522465,1.1554464303265242
-0.5317519935409604,0.9858309163034856
-0.5155038127442446,0.9669306626361522
-0.6215665630025974,0.9070442019717844
-0.5079164904724549,0.8641629448199535
-0.49262352945530336,0.8399030487004635
-0.43416056573191175,0.8481424283713547
-0.5257891418803268,0.8092002655491927
-0.4156392950735238,0.7140600441933982
-0.34190904244564546,0.7454387441555712
-0.31236296177002904,0.7085809053007693
-0.3141243653102726,0.6516956022123048
-0.2756695091863544,0.6065912378705279
-0.3787157721333941,0.5349526218718635
-0.2940297100697607,0.5311026605289256
-0.2482702818334077,0.43310399701895436
-0.31716386611747893,0.5764369790665126
-0.24479191736639958,0.49959498239772226
-0.2945343477500706,0.5424411458208375
-0.23432458899972625,0.43765139578974116
-0.2707299314213528,0.36475996344737066
-0.19428149438009554,0.38923736830609557
-0.22763577660580406,0.3003468687658231
-0.1830550080692263,0.38867235003517486
-0.2015011270790056,0.3058718057692396
-0.2287739223672321,0.2074860008656688
-0.04590045776017615,0.20182865515021714
-0.18530517069688432,0.20326039516251462
-0.0010574092982734706,0.219661110369411
-0.02185718537761558,0.24653048830629112
-0.0904033486224223,0.22846774162311007
-0.14744035984458634,0.17884945039997635
-0.21980169441493047,0.21609123393374918
-0.0111032017850492,0.23641934652725477
-0.05331825439544314,0.07702437522414854
-0.10454194617576568,0.21795518511710932
-0.11410163352167087,0.12931950011026763
-0.12364203799697814,0.10701396545773802
0.03109229076640524,0.19630639959998655
-0.0114974836568002,0.08709370306487055
-0.09558882555357473,0.030200321901781457
-0.06935233332847807,0.03367436623416443
-0.08809413240802207,0.001969552973883598
-0.08964467635645348,0.11672178049492829
-0.03503729443665439,0.044117890047308865
0.07684954672495554,0.019534212227072384
-0.130021921567867,0.11397559125752266
-0.01261619281572398,0.03447880507777706
-0.0657143194399664,0.04637445438781562
-0.10464936220769455,0.007360540669182208
-0.015610127829135633,0.040225720310263516
-0.01370220286429797,0.12578269277862045
-0.009665572957435904,0.16808217715886095
-0.09318092892340077,0.06272585843133542
-0.007008222947848555,0.1608223016304045
-0.008569146425719987,-0.008267031971773708
-0.013387586221806917,0.022566941299709115
-0.005118652060953416,0.04473327008331148
-0.023957148104501398,0.010110306442135964
0.02194706070555183,0.04530541118226683
-0.04212194243721722,0.003795226984533554
-0.0104968746296943,-0.08757410313813227
0.0008128486144169302,-0.08355883697784199
0.046676413725511054,-0.039780532573654916
-0.02900415376342552,0.126777784845283
0.01607313482115722,-0.12561263924845142
-0.007935286573350492,0.03720540566361615
0.01594131007767634,0.056787701895602415
0.00979513475529515,0.06606223418174678
0.02307171947498902,0.010705335421801158
-0.027798445205055942,-0.08223966416706682
0.004242620328893594,-0.00815956813062359
-0.042944765326297554,0.057974843995875026
0.01675306348658734,0.047624932795470254
-0.01057731593115964,0.11810027940306869
-0.10174318345708608,-0.07439278558157719
0.04076118853538351,-0.060382668789395216
0.0849448529264794,-5.559663652661764e-05
0.039152050827722835,-0.036216860520970784
0.03506223166124652,-0.04638233358651598
-0.04510413068224098,-0.02506519872668788
0.08013358669235693,-0.020266248448892493
0.0940275317267926,-0.06621103202923458
-0.01821504152399723,0.09092439496446397
0.02318127776724933,0.055148991934313545
-0.04412617173206988,-0.015422311171806192
-0.049769399279387436,0.040890970835094104
0.011664769916600697,-0.017607018058547266
-0.09081957592049422,-0.008756471404216395
-0.03583770684111075,-0.024633170632232686
-0.08079333343362949,0.011716329442696153
-0.02638442256598402,-0.07506751926074115
0.002695450544945034,0.032910955249379294
0.08024494715381623,-0.015925574237884224
-0.01267722113079741,0.03620612941108492
-0.04726521598832732,0.02464534583198833
0.02464911533656537,-0.06525060369374681
-0.012358707604818712,0.020600350328892073
0.05638975038984328,0.015529255498316467
0.0718584763275692,-0.01008903007191696
0.039497661678627644,-0.0561139282229034
-0.09246532012709059,-0.05094481737492126
-0.03140407426713992,0.041999475299838065
-0.013487286582571765,0.005064592650309992
0.017070952532713228,0.04421584054119241
-0.028527364834782687,0.04564477458514225
-0.018113553078471827,-0.006571698941719215
0.07871323244334312,0.03597519817292173
0.0220052930897079,0.03749729096375619
0.058399334210463005,0.004026991989146637
-0.002510040817933821,0.06828107680449316
-0.03752164152975021,-0.044932028926740336
0.02312208462097728,0.01818903277192828
-0.06765046070655974,-0.02030319549112657
-0.019658741666366848,-0.036098070351576694
0.06035357829604785,-0.03384867204671119
0.019818616774665614,0.045415722721118504
-0.019543322651104027,-0.021762630844428515
-0.013586565330949,0.03713552278513098
0.0044881923414178395,-0.07830925667727728
0.0022476777195628486,0.03407308042323652
0.06425373721493574,-0.009332498692348685
-0.052261127578243576,-0.0745072216041898
-0.008157816729371355,-0.04825014116443631
0.0517945589383847,-0.058797237319770136
-0.005162508420074655,0.055624831590078
0.018179652310344047,0.044663918140618035
0.013148878585025614,-0.08527452085941266
-0.035979908453913315,-0.00577176317041612
0.00629928132308441,-0.029543854141071062
-0.055345988524861854,-0.025837768298676102
-0.0005071745159160642,0.03619147697581858
0.0395320126983011,-0.04468499146714152
0.0045849235325119905,0.04729239800654045
0.04601781009912124,-0.01811412344964499
0.0309085750633509,0.05124479287354643
-0.1325481598447495,0.0587949232344866
-0.0827585937999743,0.014797189349349243
-0.08711208271010204,0.02089152757914651
0.07733030371697516,-0.06282937285503525
-0.03198846901595613,0.04968546510318323
0.047344239127316806,0.018663723223359716
0.012450130142820249,-0.01813807889465139
0.06867323928972634,-0.057198254095277026
0.007044951306118876,-0.10085892212724483
0.029634530415302493,0.03029996756807814
0.050085964782458095,0.09773745252226572
0.0047030610127931985,0.1363208705786527
-0.07342909797539918,-0.05563910195363842
0.014666844723833445,0.026108836447498413
-0.06304046980127424,-0.038564621966464346
0.029356313642771845,0.03190052834199387
-0.021634820580134082,-0.047151875094694554
0.05065170383814907,0.075911418972749
-0.011905284003670958,-0.0227878577763053
0.07882074479222718,-0.056307215869304206
-0.03736183955330176,0.02395278440287608
0.03793699515476537,-0.00494662351674886
-0.0814711956777511,-0.04965581247416769
0.018437744638191717,-0.025112270282046833
-0.003603105461380346,0.007209505063999015
-0.12998507581573812,-0.010128026575367696
-0.007338573364506799,-0.005199176344851085
-0.013931434874776024,0.02544511335867849
-0.04234549333762726,-0.054754823936399535
-0.02949553864258801,0.08984314439906423
0.01645245474316451,-0.05257272291407054
-0.04130241946582659,0.041088740170953
0.09120982679671305,-0.021425466091061114
-0.014704178275939724,0.12178198849906507
-0.010419334238871345,-0.10612830593348303
0.019887093598362403,-0.08953534542038637
0.01629651977474561,-0.017701310907644964
0.12166379707752044,0.007420795761011369
0.006021997796554726,0.051909976281989456
-0.03439626666696348,-0.016844759475670244
-0.044412953294254987,0.06476572157375715
-0.06562306766631307,0.06309089379731384
-0.04061387487866601,0.030153571042261455
0.09933032136123496,-0.01791988027352253
0.058023660979418586,-0.04152061822649706
-0.014730229316221253,-0.03663013596340649
0.03853255279063862,-0.057996155320156034
0.008896593593862323,-0.024893194464138804
0.007200681270752978,0.03882393614305002
0.0316700767353001,0.06467559212524855
-0.027864195633014267,-0.03589689658337429
-0.11505737363992101,-0.08463214730646318
0.04986445736184675,-0.0326309437909183
0.029248327949941526,0.13813276903492053
-0.05358303801154209,0.015832141267585444
-0.010176287277960654,0.07549223139809697
-0.028911746297896383,-0.010176667748274722
-0.04799768095705004,-0.020416812430589112
-0.037320778003506624,0.01740945105767653
0.10345755478675119,0.007615542713597657
0.05425276893003202,-0.047790528539456284
0.004939946314674393,-0.01510896505812798
0.027134606264661923,0.06914506380985658
-0.017650975674366094,0.010576027394128535
0.09100542827776616,-0.06558897026809775
0.05997931176540927,-0.06586423503451631
0.06056377041503174,-0.02476054846442218
-0.015403633092396472,0.0018474162069554156
-0.0030558068546694545,-0.033609152850048965
-0.07715128508730948,0.05049045370742141
-0.06624342704075369,0.029994002962456415
0.014795448642293964,-0.01728218156113818
-0.07805607682493365,-0.06552005547011985
-0.0492238460864043,0.12097819407603473
0.05232200019321907,0.05773292827681586
-0.038429484544443185,0.04529152152847357
0.011684214287174019,0.050233041437893686
0.05025420362714526,0.03058600741706536
0.004801182236856554,-0.11407853300440132
-0.009430284230110084,-0.02699077591305404
0.04524754441119195,0.03334196452654249
0.0806727341299827,-0.061474642926841606
0.14655076697753086,0.03638451647642822
-0.16966929766333685,-0.03850815810757836
0.0015613638668179747,0.03064359384295869
-0.04144973113075193,0.0704041903017494
-0.0009129488823013069,-0.09275253994374408
-0.05266029597697467,0.06920945678004815
-0.035715212698874524,0.012318733628084711
-0.06087708137979297,-0.06090981362927044
0.005596545352516535,-0.008475113001624773
0.04984398063037727,0.059837625483390486
0.021596290181315474,0.0034443646307407982
0.034602739619717854,-0.0004704182063922941
-0.07154820198378034,-0.0360396648860815
0.0006195937080236409,-0.0015288476371108535
0.017210045869023843,-0.009853769323490157
-0.004156884413963127,0.03314345818897387
-0.001370909103829563,0.04628865412814018
0.0020968404158620045,-0.04014924944968747
0.022112918187102402,-0.004656782469402211
0.06167513122989667,-0.11228030934214484
0.01183861196218644,0.0488316373957543
0.06190975856607157,-0.040839984418235484
-0.03843533869437454,0.0031493451134184188
0.008375296836932113,-0.04026553858884651
-0.03537268907303649,-0.017603653497455053
-0.03465334692538874,-0.036793903727400754
-0.01977589334791408,0.10521648528689223
-0.028380918075215558,0.01596009342421157
-0.08525523220219101,-0.03104715621700228
-0.026931883593539888,0.018332097251566273
-0.0029214974346894237,0.017656007054491187
0.055052295050399117,0.06490900331447065
0.06077945523570359,0.019922631645067558
0.04087343249792266,-0.11121537758466146
-0.02838582116297362,0.027358582411414957
-0.0025056087230320313,0.035816967259435915
-0.06939124192673649,-0.06055007662414015
0.0931801588780675,-0.049175994682319174
-0.0015801982690290457,0.02047714289918353
0.0035962125687212343,-0.056015491404885126
0.01529221044930765,-0.000459177723558633
0.07456052346267995,-0.05564766613136174
-0.031748185961417354,0.02823371272118906
-0.02568927373655008,-0.04141707385184243
6.625811398401442,0.17659653436313436
5.680699114748548,0.11351308240651761
4.882516343969621,0.14263089300914178
4.172103836729568,0.14774734135340967
3.5621990150987286,0.021677525233793946
2.943579086538876,0.08978769347229855
2.4380641322931806,0.10340540785115004
2.0040006700067283,0.14875005291810123
1.4961311280264966,0.09448520455897097
1.1718225046750945,0.01559155597712885
0.8570732188851653,0.01185512403303072
0.5457745719426305,-0.04671402387111737
0.24092213107467153,0.035345940900239
-0.0426139909570329,0.054998226912990784
-0.1647558279987238,-0.048005849324295025
-0.31381399366313434,0.1033038354469356
-0.5281846065329496,-0.0012342210062431837
-0.6046529831411813,-0.06277618573812534
-0.6945901764255683,0.008480310809882652
-0.7726099346067355,-0.06815397186768812
-0.9395122520654522,-0.032992268312122486
-0.9567073063014726,-0.029250765453258006
-0.9159682589221072,-0.0005618998713576712
-1.051546202952285,-0.07742923319965045
-1.0142692711926669,0.013785020488395347
-1.0740206409365327,-0.02974623751359376
-1.013969779321712,-0.11640562443502465
-1.0853735505358912,-0.037863928387092335
-1.0613149496921868,0.06437929869193272
-1.0312542912185367,-0.12399360681142046
-0.9935430234631797,0.004167665563151797
-1.0652692586225925,-0.04540847884331844
-1.0396850755541784,-0.002583019113491295
-0.9076030562546813,0.035896426328428446
-1.0142157922828905,0.01040928160682239
-0.9609447783851411,-0.025205780713625246
-0.9456741907714001,-0.09862119223813721
-0.9454052360935618,-0.016639635020384336
-0.8039032287219907,-0.05791137928962112
-0.7650982076246955,-0.058622694371405645
-0.7641785254227614,-0.05878496318710605
-0.7493332315677101,-0.05555206294137811
-0.7578554187437122,0.0031074139227673415
-0.6913597875135904,0.03323384056880159
-0.6922054268000566,0.016844661626112378
-0.6027904227982512,-0.022886431629432245
-0.5920193043687518,-0.06345395873391446
-0.529529302732869,-0.02647828314632721
-0.5135458749933905,-0.010904005536786091
-0.5100695211158807,-0.002111771929135458
-0.45487546561436515,0.02788632332741994
-0.5574815558938967,-0.017550601562184392
-0.4973198196093884,-0.0008420476523306637
-0.361842803862629,0.04249701132074146
-0.35516350128449,0.018201133588864764
-0.30620762638755467,-0.04372861118111684
-0.3120608732416156,0.029001241659779686
-0.18611750298365587,-0.0033887009899503315
-0.2631634087212362,-0.0134007555793162
-0.24348913595388177,-0.12369655015788035
-0.27404926366077736,-0.02010227280839183
-0.2714681414328507,-0.004678097525729518
-0.24350034128684445,-0.00921447250729517
-0.39842108977240387,0.04054413380434199
-0.23622398297882966,0.04649275690037394
-0.20986685394243085,-0.01250031870145514
-0.15096664812109126,-0.057015785361471324
-0.21475579337451323,-0.10585030333637303
-0.1272283744091195,0.014005338510695877
-0.18715039375014003,0.014935500265395613
-0.1222583223979989,0.0028961949822965023
-0.11584129788304091,-0.03864162909550046
-0.12836340036264637,0.029798446657291474
-0.14574831413237327,0.0063229103109021245
0.001129468563437916,-0.06549398102035157
-0.07934238845912694,-0.004931679309864704
-0.07446947247672836,0.04855382980519401
-0.17347742690823298,0.07361182145905465
-0.02221152939450636,0.04123915146119952
0.002264370844321295,-0.02715893157054422
-0.024989514661164697,-0.0019831784162313362
-0.03842054204803409,0.008479964321707813
-0.0434533365728179,-0.02002010445913519
-0.051671175282614265,0.0061456730860408385
-0.10802236353699028,0.03712974494444594
-0.11068175512690244,-0.09800403383433516
-0.060725613843204795,-0.03286937643035513
-0.033045478669541,-0.017279837556383716
-0.05989827584447123,-0.04871697549032532
-0.012519590366814754,0.035546371547236055
-0.0770039033791628,-0.036153524304197784
-0.044192437028930415,-0.009559077205801248
0.07144008522222016,0.06422675295909093
0.005539105792371001,-0.01775976758151745
0.020347414736317928,-0.05379314042712181
0.016411717439213224,0.07094545212177518
-0.01793689040022004,0.03625384672580006
0.0149753883314162,-0.0729979019165761
-0.04309813277178351,0.018262897057206733
-0.03575390016378139,-0.07272274191803912
0.014271202914533244,-0.04654464427144586
0.04256749157347545,0.06073132128247162
-0.011686170153473271,-0.07982199798220065
-0.04690577981635712,-0.02454774674041657
0.010038871947675294,-0.06222728576776773
0.017208611395373895,-0.04815121147822396
-0.13156747504628918,0.008708362329858901
-0.08377895829500569,-0.008938545352989186
-0.03272217161017109,0.02526075806556292
0.041299646406595406,0.09584636888439564
0.03253449076788452,0.017641821051555626
0.020565356725855577,0.008190055713152287
0.009775463385476529,0.055342547408558894
0.0007598976652507111,0.046826961421078506
-0.03990873615928867,0.0770427097861352
-0.04405790528233098,0.01714638989956433
-0.043840655697055045,-0.035322474744073004
-0.11052171292022855,-0.023279760285639182
-0.05234971168944743,-0.0684183586705962
0.07425972775043001,0.043988794447614804
-0.027117348713538467,0.00626134068594703
0.04426929340282597,-0.03669316446782583
-0.06359318150042233,-0.004587529162982975
0.05460165390643616,0.012786425134116736
-0.012514064427828646,0.039061199120999396
0.1382452729219343,0.07951673094590851
0.025418514560892048,0.010041669138325037
-0.011881856847223319,-0.00456021301036395
-0.10430546829417899,0.014530781579156845
0.06139866317411599,-0.06538071806619963
-0.035261884307008086,-0.10491232768436991
1.74627782989472e-05,0.008381872672119237
0.019822373575050775,0.0002694425693963668
-0.09024067643009245,-0.12127612924289302
0.011769014315856892,-0.002553414778867575
0.0410370752050709,0.015694960673606297
-0.030363788472022323,0.028251288846810555
0.09160902675708776,-0.005635373359688216
0.01644592224382746,0.07133396409864814
-0.05208234177348424,0.06267664374662933
0.02655720397685602,0.06306851958336471
-0.006698081829721649,-0.0003402617084213972
0.055422906595676905,0.04509387668042381
0.0025041606600284,0.06347196662513714
-0.05805655189761037,0.054020794957022875
-0.028300631662284786,0.006933413375630821
0.0613579123901626,-0.05601297461329132
-0.03484418386854664,-0.07121288385133329
-0.03759426568162273,0.035539953180457745
-0.0038542515888582915,-0.07381271324688675
-0.054479708132015525,0.0019398581793230452
0.017437680156443477,-0.052171959757410735
-0.006887214947516436,-0.0028079573830306643
0.09171985917883427,0.061361681643493815
0.0937807167309009,0.06830524851041264
0.028192001723940138,0.02878834531621937
-0.031467301677746834,0.023336972273870465
-0.07630801101992747,0.007156713456579259
0.07212307445431822,-0.037696776967125666
-0.05344783062839959,-0.05448544131775921
0.04414004963900481,-0.08444639318533886
0.042427653767564716,-0.12184880401330912
-0.007307690398147091,-0.025133081671254304
0.08688777515691223,-0.04998664373967406
0.008030701547075544,-0.04085502558395292
-0.0942858414065718,-0.009507920488010656
-0.00737442622733659,0.025254427237655065
0.04791895419930377,0.06829252634105584
0.050447050001560065,0.023638407766142365
3.958259159391603e-05,-0.03507440271196753
-0.00761376784254068,0.09030633267788901
0.021796543629321204,0.05329224699065311
-0.04462217003062286,0.06521235004990963
-0.03299942757233978,-0.05181068670019625
-0.06637672443077293,-0.0035886121738284713
-0.07655216745666087,-0.027640816244372396
0.03362679375008672,-0.06955783011945964
0.10619231534795379,0.03224333999953421
-0.024633040470557126,0.03196176169413404
-0.01325769963419998,0.0031269231137049562
-0.004303243141506932,-0.01912847474858737
0.014718499425636973,0.013184424425568766
-0.06111473999407595,-0.004571878053712706
-0.03633080819823353,0.06699114023005734
0.029982114334853198,0.05611227131491907
-0.08691716724375811,-0.002353346603432171
-0.026618786152675898,-0.03660605520974168
0.026222704094805236,-0.04150859179819828
0.028497726168256493,0.04786925092746972
0.03763158793484462,0.01460177082181314
-0.03426246059299344,-0.10557916511798471
0.001538948949442646,0.024500355996696564
0.020043245710640544,0.0043278919422369486
0.032802499896138135,-0.0014212261104356357
-0.0007363123161987194,-0.019436674441599723
0.05474160697217398,-0.07683743733456377
0.03132681389632845,0.014908565275181012
0.037446972666486764,0.04475709460051888
-0.07093544387927929,-0.0972700939966609
-0.035469349231288874,0.005819917397517714
-0.09891109522235147,0.03721539025331887
0.09018900952328493,0.011279305689993182
-0.0658263575674273,0.021340129452229118
-0.047537208750703684,-0.003987711562056934
-0.04316135606057858,0.11978471115491778
0.07428952247827908,0.025091913982907617
0.09434692139949712,0.04310494999524571
0.03454038307978207,-0.030902842153613025
-0.012720981652890312,-0.052051896714036386
0.09111920419141786,-0.03873933985939192
-0.003533600516003651,0.025610923449552576
-0.05371761630873213,-0.057399161838688206
-0.05245014329982261,0.021690471864722137
-0.02391791394707195,0.03720788916264193
0.08039782779536908,-0.06218083906433439
0.07541271379350642,0.04883785444684206
0.006186606684646684,0.0017800688469446196
-0.01274020545312922,-0.04444122778714588
-0.01465973142329345,0.06757926366655374
-0.06117712973526731,0.028609145670870473
-0.010965007136326865,-0.004883780567972148
-0.04639154430630673,0.00040612251413591014
0.044916328442759876,-0.0065095565102087265
0.001069660064136792,0.014801918355418744
0.028508857099767453,0.036721271935739
0.006891261616331715,0.03170303114921664
0.06058957613445205,-0.06855428558384064
-0.007168585256768284,-0.02605862636259274
-0.024973368896463587,0.033368875439689055
0.020976534370058718,-0.01588840436496404
-0.02209416254055286,-0.021716208512918465
-0.02087289564750101,0.00381872223814302
0.00020226405689946145,0.0017485854859542163
-0.008414931412910467,0.13184478599566007
-0.06620778884555731,0.011073577751900402
-0.06401275398331273,-0.04169895021808776
-0.04443801047870052,0.02714334071872629
0.029712569114289704,-0.06418244755161408
-0.018605481213827803,-0.019142293153996327
-0.033514534779317096,-0.010190317565854472
0.09411333244930253,-0.048767560803522673
0.006451272939663983,0.02782233393746157
0.010477010956260859,0.05228963817606371
-0.08533187274526875,0.007606559839494811
0.08155471969868078,-0.025611526202751797
-0.10327929489446985,0.05781050806043676
0.03897923130778176,-0.028959017176784063
0.059571555854848024,0.007586010045199442
-0.020153082169135944,0.10856870837252004
0.06501096890224048,-0.033191594660540676
0.03435841022236552,0.00806126599310138
-0.054611057064997005,-0.053231262468159395
0.03545057821379557,0.014212829641544557
0.11607371448269958,-0.028215021344365782
-0.03119486246817755,-0.09703179544603849
-0.031267946789905465,0.0541299901566866
-0.03534629728635896,-0.07059164440557715
-0.005053501661425424,0.005670177069121941
-0.0037320239152945187,-0.024141493383819174
0.0032667489064584117,-0.04209696580567657
-0.03455505287395878,0.05790897145205954
0.05957886101127786,-0.05382652637981453
0.035595181664267055,-0.018810049538355328
0.07492015502221985,-0.048162823131395374
-0.04631318539053727,-0.022742997276167784
-0.038463707081708896,0.09222789355688081
-0.104477200043979,-0.03964642115135507
0.011084059854320417,-0.0007453608345336987
0.004230730775087189,0.0053450214621523
-0.020092622411102788,-0.09263554891098834
0.05942645850925298,-0.02091598203140381
-0.07363255105935053,0.016147996181283434
0.10179974876085209,0.05060077625018611
0.02681157768406328,0.16422598335345315
-0.010351203624229857,-0.07859580602570737
-0.05122949766468143,-0.028570200068064468
-0.08689154084530366,-0.0118510028834266
0.05798467110415638,0.0792194278416467
-0.05111107895887096,0.0653714413773163
-0.046269911881791456,-0.07295844416990774
-0.05603987738266493,-0.03807718487658193
-0.021824786895105145,0.08083420720154037
0.04040997024852182,-0.037102067978042996
0.029812436223924606,0.010296581916664266
-0.028047197730550682,-0.010531822146119264
0.06932707266476858,0.024274897995996567
-0.030670679953449034,0.021930152529700514
0.058382417011718576,0.0338222496240961
-0.04410002952660712,-0.05105549783069453
-0.08123972461859222,0.013985756175212855
0.02189752312916056,0.06895973252507029
0.023368799109757435,0.08068541457098091
0.04535511491761118,-0.03998506686625322
-0.0884909689510943,-0.09722369966320835
-0.07687014700615473,0.04711993810705965
0.011253243793583532,-0.03217886167275623
0.004276414956844041,-0.05265711884702998
0.029906000857495858,0.02532157947268609
-0.011876598746537109,-0.06940579612239023
0.04628560699401081,0.05830568057410953
-4.489284285147731,-1.5926817090524317
-3.9172224543066534,-1.3157953355847127
-3.3596059058111334,-1.1617047777545253
-2.8065430167567698,-1.0007219192364243
-2.436980220054291,-0.8189480571045702
-1.9937577634820132,-0.6875830455833994
-1.6286949717258457,-0.4924769157130191
-1.3065645850230354,-0.48950805797470487
-1.0421744781230973,-0.33152396500378606
-0.8905597257565774,-0.18482034759696642
-0.5122328026137312,-0.14948993832358617
-0.29400193719339085,-0.14724233686569296
-0.19399485331573876,-0.1335121998990554
0.021718171089259546,0.005620843957662325
0.12365854030546504,0.10175345678572065
0.16234316147017763,0.053956558753609385
0.2956432273842543,0.16448878356221042
0.3605403797588122,0.07134934770777343
0.4507319621518926,0.18049846697059158
0.4903664310492729,0.11100718422728578
0.5998936900478479,0.2407652564281848
0.6905024122952053,0.14170743731942811
0.7733040405834504,0.19759245334940753
0.6813134848905372,0.2870558205246034
0.7487994756406655,0.17817785860449134
0.7396562600355573,0.26953516293195856
0.6864568214188356,0.2480487104645702
0.724996240350504,0.22502344592663737
0.7586548734679985,0.16547777100190314
0.6316251841710248,0.17312724605162452
0.7853420112487451,0.24986286335328478
0.7430372460050714,0.2513495666003426
0.6347273921597145,0.33722644106929
0.6849661901159338,0.2372652773793937
0.6273833071314932,0.31876420895062635
0.5847452382702223,0.1635968060024592
0.5840567731586775,0.25801349915151445
0.5239607335566264,0.22006969283168995
0.6048470827848575,0.11865062069732285
0.5304366691610943,0.09761082896603379
0.5976892029621195,0.10717082901043729
0.48811813940412296,0.2053952236356169
0.4278837650797005,0.19795690685857975
0.4419986612323109,0.2119799880739874
0.5359526282318987,0.16302196963063695
0.4694219094810054,0.152774687736781
0.3658247932894156,0.16154280352689898
0.4974764318547016,0.13887423897299497
0.3503792216019691,0.17336382667465608
0.37677497352559775,0.09708528930525206
0.22640057669420205,0.10974127065336729
0.3213354631794478,0.15195186683928652
0.31755995453662983,0.08152578915489596
0.28930051882702157,0.015760309433498376
0.2687588428364203,0.11675864665072194
0.22921020592878227,0.12017487312759628
0.2041028194195896,0.1849523529411646
0.1638596460749866,0.09120132992680793
0.24830257286461477,0.09095857618987799
0.1833658288807849,0.03763996547081838
0.2557436039104634,-0.0014558948894257823
0.26538212256646804,0.03897245945860107
0.1903341269931363,0.08750613019096345
0.060513064199214234,0.05361624832432751
0.16700255277405007,0.01404964791413036
0.23982537478967883,0.07185982574268185
0.19442154702023823,0.053693080426310005
0.09110210056593576,0.05753329837789398
0.08456085412000194,0.026924646241196545
0.11835545313655192,0.01758084211961673
0.08669321477648165,0.03916384382404249
-0.0044022513745560765,0.0511566883029765
0.09417127978040765,0.024448187146267827
-0.03921074164618213,0.05910693378321295
0.07850214763362508,0.02305881727051548
0.03008172742397259,0.016258998624723124
0.03836236889515869,0.010738688608960585
0.0171849266617944,0.0004757657810065133
0.14974180635892334,0.012069729884833564
0.01786088276675996,-0.0473921195825043
0.047100747837064444,-0.026644223260346316
0.01940686669837309,0.015087636619363472
0.02305190356762038,0.04773650190130697
0.07946055246775531,0.08350222583401759
-0.05980473058116804,0.022867474650564934
0.008203653310009523,0.000871612212367635
-0.014290581166286113,-0.04070245680358285
0.16819763052932218,0.049562998709826056
0.021349293153651666,-0.019787057774331998
-0.015864528558761942,-0.032983345460906054
0.07184314586073665,-0.028189345790520758
0.11398048935222868,0.006813777191835173
-0.047915788701368436,-0.036555324779310144
0.012766889039875147,0.08055948945443406
-0.06737119850834286,0.06785571279954794
0.014935804122198333,-0.024438486884924865
0.04540757405830564,0.10544063567560251
0.05778408844218783,0.04774848698327413
-0.0316376375154036,-0.06128919495298782
-0.00477030169031714,0.003936600252790119
-0.038273669530032584,0.0690820100651336
0.0011864193203510636,0.08914581880279146
-0.006817094515357473,-0.01911047548885049
-0.03795815608490455,0.015571931640536604
0.048027187290431206,-0.07736756511170295
0.018566164720230087,-7.600178833068807e-05
0.037633932796153194,0.06311490852693769
0.11572021636691586,-0.021712304766338786
0.037704470932441524,-0.05860664327850845
0.07379718707812573,-0.0352793872504983
-0.005051944945493318,-0.021329954156374488
0.03066060830154,-0.09987170754088492
-0.06403054802167843,0.02206483378066805
0.04878649074481781,-0.08034170651640771
-0.013636696585884425,-0.08375035227306252
-0.06829379167427163,-0.00016642298302969524
0.01644462705647997,-0.020915820031135582
-0.10607052018410149,-0.014021532445511218
-0.0012854490191700936,0.05396374865968612
-0.12699012746717722,-0.0006417633233794517
0.008389278604484966,0.08756881284744433
-0.03237790494401147,-0.1112317845802355
0.07238179064491582,-0.0239627074138203
-0.040832758677393166,0.017092159483118964
-0.026279296874100088,-0.06347007412503052
-0.04053746015567117,-0.04947672554440964
-0.028487547071070568,0.030493495577856952
0.03862813653480514,0.15296392675017056
0.06896333106608796,0.0425038162249252
0.021018459488824453,-0.07174521424269145
0.07101790592948297,0.06303380877652034
0.029242166325279,-0.10080827089274408
0.00011247200877038087,-0.0032665210748406906
-0.011143853999017916,0.025254372645600785
-0.009426257434991606,-0.03232888077979885
0.015175848541074354,0.05831690550951795
-0.033550421832865635,0.09755239404153948
-0.018319628251329864,0.06250142363995695
-0.027939700822967994,0.025418385597450924
0.0017867687922852819,0.016107599484394212
-0.046629576383258924,0.0201949689614609
-0.07006243596370557,-0.035446083219535664
-0.0008791339919049894,-0.11057273594014827
-0.007970864002880943,0.05184216910933575
0.03695307357761391,0.09337444862421664
-0.045468733401928835,0.062252313714308505
0.07440115125790114,0.030819454544110135
-0.027744093354378257,-0.08972189639603499
-0.03532940986316897,0.0664342116401001
0.07133696334649131,-0.02092680370910172
0.03129308317987184,0.03782374029524088
0.01449655313354637,-0.0751668427647495
-0.005932646047521427,-0.03325544118536597
-0.04432749766387423,-0.013616911462924899
-0.04239043578997764,-0.029645175979437798
0.01355070369609664,-0.044821645209803695
0.04869349039870739,-0.053014170044529144
0.005430948887342863,0.06766347791479682
-0.04719629702094183,0.0865016526362977
-0.00981461605175495,0.06463652441166148
0.003291947682892416,0.14160638320783786
0.10255524288918774,-0.06761236426256502
0.011844319438702296,-0.016324132399618028
-0.026017796616758824,-0.013053601531752602
0.09094109343398173,-0.008939363688654733
-0.04409333524810397,-0.009015897145767735
0.053737355389115206,-0.010416124317789842
-0.011249013810586484,-0.05149712412540719
-0.010608974479111515,-0.07975721544571204
-0.054687387654585036,0.054478425466543114
-0.0077748002747540755,-0.029607873336715947
0.008843167570115893,-0.1314335673025503
0.0012441342375656768,0.054134510928856794
-0.009647573553092464,-0.04381765964104999
-0.03806364314547739,0.04368169326214497
0.014025844137806743,0.05024320697548777
0.01087055532924863,-0.011095674299509419
-0.024390607017138723,-0.044010625974898285
-0.07364303212841762,-0.035727643768622135
0.12589883433065274,-0.06209633936339766
0.04751967227540199,0.09417994066059314
0.021354288759712715,-0.06373873379408831
-0.053113288485694764,0.06649832526380227
-0.0012630344618375234,0.0171618472505128
-0.00843197505882675,-0.039487055101407285
0.11712980624641217,0.029442127640982675
0.01724394304137986,0.0005529959801347743
0.01484699239008263,0.0729300398333382
-0.1253917574025989,0.011885836269581406
-0.011125715563624995,0.018311395935850266
0.03816911031080205,-0.04400116143994803
-0.11802136693747024,0.0005677585132764663
-0.006978799367561043,-0.04837160277326562
0.05064350932671726,0.01803236714806917
0.06489008856410916,0.050538758812676735
0.04240915541002041,-0.018730486115293706
-0.006115463017711507,0.0005963019592045847
-0.055086755577156865,-0.050845335404561806
0.030721195156270788,-0.03780760134525198
0.050825489626396526,0.020085290493344163
-0.027832439218729767,0.024176257176431952
-0.04688131218008097,0.005407822534395474
0.00729263068813789,0.009918889778901837
-0.023697361299225433,-0.002788780029361927
-0.07585672171510537,0.11215011920581043
0.024198241079879626,-0.03936643776297753
-0.0777205493564737,0.015076714061807654
0.047322507874129865,-0.04570314609868075
0.0036219676167564743,0.0610311816527898
0.09373559335115157,-0.08450145989476886
-0.08236004059471727,-0.05347277726522163
0.055845465450465495,0.08424189357803982
0.047525751813331865,-0.03139606499676553
0.055274856443867905,-0.0376932797228859
0.002984887408660937,-0.017359966175867204
-0.03672830783501341,-0.0256526556208222
0.0016376788195492029,0.05498228792556843
-0.012227800224447144,-0.015866897628756253
0.043331086534670354,0.0625521295334995
-0.054465089789268485,-0.08330045428458369
0.0631984492865839,-0.032937885210631235
0.043934202265504485,0.044469055994501405
-0.12725141921387514,-0.04601700915207303
-0.026697680142536297,0.02684500780445354
0.006436029696417583,-0.046997871135732755
-0.01942504864509831,0.04692785707206039
0.005727383114003984,0.05873386460731068
0.012689360633237202,-0.04144381686138833
0.06640752632650848,0.005956033973883078
-0.01056323968095783,0.018297346694490423
-0.1018353958075808,-0.024499632573044897
-0.02836837332551577,-0.011489468590205686
-0.062017383859333114,0.07325468454948422
0.05622501492555095,-0.014371678217488401
-0.036286098286093964,0.01621431402498366
-0.02065748330434591,-0.01596064196041976
0.0013351760278614584,0.08890862509220583
-0.07492539521845631,0.05737350425872144
0.013186104528123677,-0.012291172958362842
-0.04031918995615971,0.02533036490250499
0.08966003358371598,0.03461562119781297
-0.061033344868698575,-0.04156358217626518
-0.05379502498782804,0.006717261799118048
0.038536356238458816,0.03226490179860027
0.03630367396095137,-0.04137915938110324
-0.04262979697808899,-0.06118928348053364
0.07840015795310769,-0.07673214674877264
-0.033071114563004975,0.04404212526113123
-0.015537218520474756,-0.02437588752657908
0.08030325575681257,0.08113203672404623
-0.004676673110480343,0.010559101049401193
0.006824215004773898,0.04258241468303309
0.02866378948247513,-0.040753488122330636
0.04136997181402008,-0.03656767708822798
0.0047407002252407154,-0.07775930621798771
0.08942794580192182,0.03186177375523512
0.018787442591981836,0.04269279119308643
0.02077947069289955,-0.09092897213623251
-0.0725614117561205,-0.1442856569136042
-0.024225552966229212,0.05956502617558411
-0.07482175179553413,0.005057665926298275
0.10410087024115894,-0.02242432937711245
0.011624661339818376,0.013498999576569396
-0.05105133413696601,0.04035784870618596
0.023163412169409953,0.04437083120878288
0.0041554364239598995,-0.14356229740741636
-0.0033398662195657353,-0.025190408236691865
0.0575316320757784,-0.022506865720502714
-0.030291411889832975,0.08847782137672514
-0.038907668525396774,0.0056882888621503855
-0.004347587197491133,0.06932032468648472
-0.0005713565683475455,-0.017177540277939735
0.0602455462595454,-0.024730442851106392
-0.0065286721231822865,-0.06091556418824193
0.0038480723959852707,0.06397720597863438
-0.03254374112218949,0.012680628596773779
0.08037579276471042,0.0204135922850195
0.025585452969804,0.15558923878899902
0.09829210622285389,-0.0063937397498625035
-0.044422352913471574,-0.11988809130037557
-0.03440883758286515,0.02182307026886148
0.038780535796839516,0.02553952638583982
-0.017407714659874597,-0.03978283376414848
-0.02174631979423465,-0.01417308308858103
-0.07913813484211557,-0.03182752019961034
0.028819915182843645,0.0799891627996932
-0.006073642971301968,-0.017206934114545852
-0.009914165499383046,-0.025867156585124337
-0.11012443910768882,-0.06375920537995192
-0.056169355013056275,-0.028770453240344142
0.0542733836468825,0.030342210410221268
0.01769118621512496,0.011975713598512345
-0.011859430103128892,-0.00038568849360353513
0.010912914727814266,-0.035305383332690794
0.053609562515200965,-0.056323997923920704
-0.0575472648158324,0.009741140993335798
0.06651169978108806,0.08937843540643792
0.045547524863965225,0.00938628032366012
0.03342059864804546,0.07912411562009623
-0.008271534424542863,0.07537531711847024
1.0823922847532357,5.419699120725329
0.8964767872631874,4.616893878866542
0.7222411681232007,4.028982796550432
0.7261276549733777,3.3075489706139867
0.6238842550867555,2.9279450010540513
0.4805221176084527,2.4333231979352687
0.35669773872622756,1.8772135322344115
0.29653843444768363,1.6647360169747343
0.287274019536301,1.294769760747428
0.1680165921348627,0.8613751439188891
0.17417396680167413,0.6226411338675076
0.10265980131326692,0.2913769265876066
0.050590363586695906,0.16278517153977945
0.0016808865639180819,0.009053096581791688
-0.011044513137431804,-0.09420728808574205
-0.07278255961491233,-0.2741366662332553
-0.026628123141718224,-0.3175218316067115
-0.16647894646392325,-0.4882138331622884
-0.10559393390219499,-0.6185476920468362
-0.14437611622144253,-0.7030696266101992
-0.056595143860449504,-0.6730722317424658
-0.23301553019717966,-0.7088655757421898
-0.08556613693751279,-0.7358983871920787
-0.20573215380130688,-0.8248883209097193
-0.18373187424563048,-0.7838430332795008
-0.12549722636418637,-0.8406523234334828
-0.19200027747519574,-0.8931411321501794
-0.09814408165214954,-0.8396188895542316
-0.23763074472577594,-0.8957706096624763
-0.2232590063220323,-0.886413483304812
-0.17634743424083427,-0.8558782073848579
-0.217102025219308,-0.8956610105365348
-0.15066990969907584,-0.7547533542915482
-0.2232063758878922,-0.7564634895314659
-0.16918409167246087,-0.7404573398830854
-0.18477907566665192,-0.7216427322136211
-0.1883415851528939,-0.7395517019970873
-0.06717380807517848,-0.7148471764805274
-0.09948866724734232,-0.7834299545451736
-0.18919456168313786,-0.6228132594861499
-0.1842728287829607,-0.6624064835258996
-0.10649220069774373,-0.5746219295938856
-0.0539170421756719,-0.5917282205071597
-0.06707662668902545,-0.4638763642559487
-0.03635439807779871,-0.47115693280055
-0.11003063382524043,-0.47702282488871045
-0.077079307873407,-0.4532808681423891
-0.031190420218836945,-0.47087553810556615
-0.07612094823227959,-0.541543836708659
-0.01627091011678311,-0.43886907269993436
-0.09722288280177249,-0.38971474826504915
-0.0735700151541714,-0.3818128480206874
-0.03984572950842083,-0.33651498254962153
-0.09855958307235332,-0.3964121342104547
-0.10384287278321637,-0.28944607172344006
-0.021264600936657316,-0.320702271675612
-0.046042655386068325,-0.28341292685575853
-0.11872171463833273,-0.21927306146879266
-0.057934703683477376,-0.34353075123432675
-0.0639289036822083,-0.1586835984329355
-0.10320370971275439,-0.30564303965445017
-0.0530705359159249,-0.20268571515791514
-0.08170600410609,-0.2157306568104319
-0.012056320717997292,-0.12401275930018452
-0.009781298477756387,-0.16009840227443803
0.004088809462788522,-0.16612846347142654
0.06471478615031165,-0.19843374393784438
-0.11394333885792747,-0.10589007646799935
-0.0629595580936001,-0.12783131214406587
0.030972925648295083,-0.1884433377028549
0.028783240632186784,-0.03509837919951829
-0.0005727036600960758,-0.053800492889017434
0.03535507626517042,-0.08957343020413232
-0.04249436313208154,-0.055916823214588705
-0.08293386606517542,-0.08632229695822066
-0.009612731305029435,-0.07287121345278796
-0.08672976145711031,-0.11293550070297234
-0.05003709711800436,-0.056384444119716506
-0.0637384079472034,-0.04565720225221173
-0.05828350559378761,-0.14819239894549896
0.12695448092515432,-0.012969269920196334
-0.01772257167373882,-0.08258252545508021
-0.01061499297578285,-0.013499899313709457
-0.04654381143041941,0.005795242784043961
0.018740390762318315,-0.05083638103691143
0.04287203356740878,-0.13487825034482698
-0.014374359531816247,-0.026966067097722014
-0.03429724173784632,0.02390108775509959
0.06787396951432306,-0.058244605014465045
-0.07650264964749968,-0.013756022492851343
0.03324492760917825,-0.028851599180767757
-0.02165057526770061,-0.09276324255935017
-0.035737307467234296,-0.06648116684325409
-0.09445993915281216,-0.030117587629198916
-0.0961115970488903,-0.06425648685246275
-0.021234987412440495,0.12433765614411009
0.05554632869872254,0.04461617585134275
0.10237966529044551,-0.011080625360608783
-0.014683527448059855,0.007443861009144735
-0.016212639089660804,-0.05176547738903863
-0.0024301082394447998,0.07302026968623308
-0.013621755051137543,0.04760395027345174
0.028521704692634015,0.1148273029846254
0.022357668524997175,-0.1288356251310845
0.001630746055541303,-0.003393861485312146
-0.0013484909555334691,-0.07076617578553505
-0.037148685769049526,0.050809807078858495
0.004761793900317544,-0.035289091676681594
0.007860482941449452,0.017258415699959628
-0.07804586979724788,0.02897198736563443
0.03389898092723049,-0.11215478916743488
0.06778914595603323,-0.04246164698809836
0.03307438930904271,0.022241904461515798
0.0416402576086185,-0.008660673343993164
0.054550514297856297,0.04792868628442491
-0.1097018354680562,-0.010077031186078424
0.05225221473718079,-0.0535540615421621
-0.002996210894171571,-0.023483016062089374
-0.000700707513834966,0.006018559120846924
-0.07408739907954465,0.03737019843931874
-0.11758179489392041,-0.05094849620461207
-0.03263269853990883,0.03597761246591884
-0.003209130267828996,0.10875975053416838
-0.07636984988489183,-0.03806205363975552
0.012070017900632963,-0.016289160758343333
0.08238010479342514,0.028372751332376173
0.07659986200209332,0.04351290824873795
0.024029148792866842,-0.0932148248159996
0.011920260167558839,0.04973296173720697
-0.03468108171266096,-0.04688096398332552
0.03755884515246363,0.015646221513939823
0.12583704636815501,0.0029978014585738035
0.07901627306479017,0.02382726697927964
-0.008354428953471703,0.03333096677123185
-0.020310294911880147,0.02990266934086415
-0.006882112778598508,0.01718206653785185
0.008716951067753498,-0.01701103979489001
0.008949532441616441,-0.023724818582931472
-0.036555415869658076,-0.10186674097202386
-0.04513716379370403,0.011741307916851643
-0.017268343642763303,0.037314681847272796
-0.031857835023331255,-0.041899542731363544
-0.06832004986330248,0.03431702940798691
-0.0637567575368212,0.000564552457199689
0.045099145025481124,-0.08828051622645354
0.05391492739460464,-0.06821160017444661
-0.04101735391543979,-0.011494078524745878
-0.007507771916666604,0.06180830403062108
-0.04915090024377086,-0.02896512145566817
0.027138576891952204,0.040779981227704896
0.023177083539638946,-0.055420079653307766
-0.04436475985512053,-0.046344373543261964
0.09295011151158639,0.022677959263099696
-0.10008177202272231,-0.02242890729947021
0.011825944773072607,0.0120754710717291
-0.05222387444299203,0.06563205434564391
0.007884550269444936,-0.006402004860355186
0.053852931081512054,0.016948323631651083
0.018660492133227975,0.036046937297537884
0.029174476957251574,0.03420588143849859
0.03809591751151196,0.04019231665073163
-0.006392805442478086,0.007333148470662522
-0.00909901013720893,0.04107498370179947
-0.019117088431557218,-0.02125142970309749
0.03378842059023198,-0.022534288613034904
-0.011966368899481676,-0.08368961591547071
-0.07514439381906474,0.07938652607294955
0.0011356762501969382,0.09227912076068724
-0.026458694503849793,0.016756259638901087
0.006546822109105718,0.023853385578422977
-0.007058183280093253,-0.05227805445855952
0.03578013603693885,-0.11920983863752904
-0.013918474331499661,0.01586175895885057
-0.006277437828385638,-0.04437701041417477
0.05720247687198048,0.014372465613540043
0.05806558671520391,-0.05051911720612371
-0.008601476745120249,-0.01869865182720976
0.020830641190248956,0.009801782228290938
-0.005105777480357078,-0.01914428632567701
0.014211516592459126,0.012038681469893777
0.01116532532682512,-0.028336652182442967
0.0469704106570166,0.062404785936202384
-0.044782483778628625,0.037957489132836364
-0.058881885384706595,0.066676218184713
0.042179085748736946,-0.013548012800818882
-0.0009016136216831346,0.07222426497733907
0.00019175800992718428,-0.00811536776409381
0.016674704787749503,0.0046459239321469436
0.08453266354595598,0.04790493027183656
0.06659586094659273,0.08592414700959093
0.02466335295465895,-0.06704439724692376
-0.04936770143726765,-0.0009989065134326236
-0.10351009644554464,-0.02518537854966045
0.03994553279144815,-0.0023009288601611062
-0.021385006002113773,0.029842364197486787
-0.042437159919947634,0.0360898373519285
0.027690179962891564,0.004937601555113483
-0.018323082678814176,0.014103835042199017
0.10632238119229659,-0.07005883370904585
0.08411751986849395,0.013492222984365802
0.019112577101726817,0.04839641193614254
0.05604114922846363,-0.12958583567675022
-0.0484270122138214,0.06383966574745137
-0.06635377690126965,-0.01010067203715087
-0.033730734488561884,-0.05829607403987869
-0.05965065803960422,0.035008160064976895
-0.0010859355842133163,-0.07662759391063673
-0.03284196503673516,-0.04873878845790612
-0.058471766150076,0.03766943682525629
0.04392127333786453,-0.14069654935788056
-0.017384508975620237,-0.012468871474694904
0.007036432839649106,0.08327170369486085
0.010364695917053121,0.05620845223107473
0.002230752897007509,-0.035615472007419435
0.0076640773511495,0.023180402080996573
0.039228223682513205,-0.01119430065472321
-0.02190702831104339,-0.09465671962824783
-0.012923986219936463,0.045918969668711465
-0.024400700575993604,0.06324538016209594
-0.08145823921275981,0.006455710451788317
-0.07399120294387349,0.04733550148819222
-0.032680094091341025,-0.02493931245161749
0.0032237203724502627,0.061383102738870994
-0.024880283695711835,0.05051062584107831
0.0077654642250719365,-0.006070828142461862
-0.041532430079821075,0.04184108449927526
0.0007462639282232383,-0.06174395095242859
0.07877071408040467,0.0441511903149597
0.029307828363401553,0.011478036130635062
0.0894953952805749,-0.06193100369194434
-0.02893907548137327,-0.011954384303037725
-0.002122077630958923,-0.09873283464769415
-0.02260726442767244,-0.05240016060115235
0.11763118372873017,0.008661522930792524
-0.03932811985585932,0.00984155183219567
0.021123147592386166,0.00854705628026424
-0.05406361906010403,-0.005792641634947084
0.012182969115762903,0.03199571230632435
0.03818850236913006,-0.001511988095672382
-0.005448666725418316,-0.022150410187878975
-0.0582981787514724,0.011647968256680592
-0.020512038827014287,0.13260340311146418
-0.003877951573584214,-0.02116445079696456
-0.07062687495612247,-0.012574694967370412
0.07423953525346277,-0.12602696114099532
-0.059203143263707236,0.06286998519311782
-0.07292871877989779,-0.05544975753033083
0.08591787906318356,-0.06686781701197027
0.030656043764174766,0.11253280556739118
0.04968954677158219,0.032081361794838205
-0.0337972578006091,0.06915410253491236
0.030186571137245842,0.008814277821299725
0.006208483265133856,-0.07076346502634867
-0.02297153387159501,0.06593189194577787
0.06395268080140282,0.00495084778828634
-0.04798332965495988,-0.06219211009987814
0.016241431926300884,0.07941192463739402
0.030894814687491452,-0.12168712623071198
-0.0430597491674874,-0.024654025482334828
0.04145841226275529,0.040389082213453865
-0.03088772268014275,-0.03701883214594508
0.05898484523262318,-0.021908757846980997
-0.03603854618065886,0.03420401516906422
0.018132643174021565,0.0032704552102510893
-0.0785650255158705,-0.05997425050768185
0.014964421020912376,-0.014298075502137332
0.04869326313657701,0.0029759269902971492
-0.05013103470509472,-0.023466971465532442
-0.04295935842370114,0.05207448854013562
0.03541960044610633,-0.07726009925196996
-0.008033678630822699,-0.04114857385640909
-0.10664769363025649,-0.006233010497779119
0.01545455687171332,-0.013675014259275338
-0.030782586555455477,0.0026663170158855547
0.02332683459339926,-0.03131516201906072
0.0259543665834622,-0.033494291911534864
0.1063993088280179,-0.03271301874814392
-0.10106129686506253,0.004200242909227082
0.02448401250365134,0.10286874641346169
0.009470623045081769,-0.02334207787748575
0.041454887707597365,0.008993593327443497
-0.0032324438032115058,0.03986362233826774
0.029492605586679706,0.006179672975648042
0.00412689204517587,0.06548666765487107
-0.010637094627161173,0.061697660068739814
-0.03519834878787471,-0.015998746612677354
0.03571479896424426,0.032672212392434105
0.005138943038006412,0.00973749066809853
0.06515750045653011,0.04966477764100714
0.023396237732946808,0.0479495637267814
0.0022885991507013057,-0.022961623842772352
-0.05062995192383174,0.06063802277007993
0.08377208200762605,-0.09128104391888302
-0.07539767973538367,0.001827542441129872
0.0964339624334237,-0.016506408070847974
0.04093058378400322,-0.12452829726629155
-0.03107778274300131,0.10446788200980389
0.02931662641421192,-0.07518941367206876
0.010447174647342933,-0.00637138498613914
-0.07777553705190074,0.04586147701343675
1.2320598233210502,0.8121504434367387
1.170302309255242,0.6372438708353002
0.9281400156066961,0.650239132512426
0.8860739703651713,0.5739308450143453
0.6429530166023306,0.4219291906091226
0.4825607348749306,0.40997952444670377
0.4123097059998483,0.2625872572356183
0.3849971425320404,0.23566881645101573
0.24428990759621272,0.24324873915493783
0.24238408823751045,0.17590688766981383
0.10834762883348406,0.047934938701155685
0.17422132620472033,0.11026319782212524
0.046437097441831936,0.12874667672555506
0.0563929863722666,0.06390197277964896
-0.025699519468858737,-0.10515109328794281
-0.13191413586635298,-0.11151244554142577
-0.07723688118576304,-0.028886315465345064
-0.11633296914336363,-0.029490819486125724
-0.12677275005131594,-0.19090861718558197
-0.0838610595701948,-0.13852823034825137
-0.21085966599121567,-0.07483374419122113
-0.28725053439266957,-0.07404215611307446
-0.16756251514217124,-0.06732535684412637
-0.1891370346420264,-0.18104673794347514
-0.21698309169567548,-0.1799032014687434
-0.2352275614680545,-0.13303661081779997
-0.16098255473060127,-0.1426417083057454
-0.1154033821585046,-0.03698801889073536
-0.16051944422461484,-0.1209950885678786
-0.2200644084466862,-0.15210425316205797
-0.2135352586481763,-0.19378681695877192
-0.1780437125683051,-0.09118783274090866
-0.13872205431243345,-0.15547690079874474
-0.22165585660589196,-0.09851914774024254
-0.2049442303423319,-0.12455801072998315
-0.2132310099480465,-0.1641399016849326
-0.2127875681161633,-0.023587130701305387
-0.21391464616408054,-0.20896524826015853
-0.17817155320152758,-0.08965263618890165
-0.15134788026074317,-0.1975636136693967
-0.21795920349544157,-0.11228209906471202
-0.0656322696004171,-0.08777484125475607
-0.049858913702038876,-0.10175553341832963
-0.04572718742840316,-0.11189720558083736
-0.19723173941565264,-0.02221461260276473
-0.21685504837218,-0.13140736021290816
-0.07743405154527008,0.045726812675016146
-0.10186544610268246,-0.08650841907681511
-0.08803446587639621,-0.08755959088704415
-0.09382641019693103,-0.07403660466301917
-0.06649095145789381,0.054498539669525115
-0.09721796974645187,-0.11961660401893368
-0.007601455581852129,-0.07170143980461144
-0.1831633429473743,0.0076490611784915605
0.08156825744049813,0.03938401744559538
-0.1815845322465548,-0.024032695948423298
-0.09236501236265068,-0.031087128437765708
-0.07529665255279296,-0.09524680887230697
-0.08444420606804502,-0.09558631002229155
-0.05790479517287996,-0.048267713342557514
-0.03438178707017598,0.05376386958544597
-0.05594942295757392,-0.07621742527533892
0.019876296648159444,-0.06657867976381597
-0.043882370684128695,0.03346667712734803
-0.0677107808291168,0.01206014382939603
-0.045066044474370806,-0.10474008023052439
-0.015525824566185228,-0.09232263732520822
-0.009593029947317377,0.00903319553847828
0.04417019566162237,0.00238048696918124
-0.07464768555725226,0.03344941500847712
0.05539249899669628,0.009664323845952595
-0.03178085095230922,0.024507264345133277
-0.01958454770297607,-0.016372930102069784
-0.058459708245469796,-0.05219602021270319
0.022936910387458813,-0.011156852508551291
-0.06608673724390703,-0.01713166491107377
0.02161749714715813,-0.016634737250057253
-0.08508887589467055,-0.03141897028846552
-0.058210685698258005,-0.03366577119956809
-0.0746080088256157,0.058500220723338645
0.036881620541480115,-0.09852440414731345
0.0019864682857041165,-0.041884342136856025
-0.056824085706038495,0.051944510309242686
0.044426048620279296,-0.05994896134690571
-0.020749606701592958,-0.03144199897194392
-0.07045455895605403,0.04179874822504864
-0.013219790710745413,-0.029160769413304782
-0.08018352551998308,0.04227779711746162
0.12219089095495564,0.05126710538071466
-0.07173027241988861,0.037606171181455816
-0.05165109961309159,-0.004070986496068702
-0.00958126058641539,0.005440397598167338
0.014425363040106286,-0.06971226226897198
-0.004341852758928363,-0.011203268651649017
0.004480811635216063,-0.05894855362276478
0.031856591675700825,-0.008981277233880487
-0.05675765115637841,0.09245708586819579
0.11560147784342126,-0.06475821201490793
-0.09560369074601878,-0.03407139424225882
0.018163251705225772,-0.0416332395268904
0.11236757014807798,-0.05121635245098548
-0.07361618076509899,0.022720594282443274
-0.0474689317671306,-0.08366054665077996
0.06202429867159767,0.05141742022056742
0.05867178758148374,0.08546886882254319
-0.06558994203383534,-0.030725125940026386
0.1070550920613192,0.04702712938163345
0.011862828200272537,-0.0436134282819621
-0.04957084168854409,0.05900974519267965
-0.049333773930672495,0.014710042973962025
0.029567183106486858,-0.05479733370335401
-0.008426526349432301,-0.01280703644804027
-0.04809512278654719,-0.07046415601737521
0.025756808552746157,-0.08515949377287436
-0.015347476836095563,0.003794533124994644
-0.055720417894358845,-0.0012742923060876342
0.017310788188426532,0.05252225006517916
0.03994141599364225,0.073079097222015
0.03364570927660231,0.08223311538119135
-0.050546007263408244,-0.0025363305048433753
-0.043195046344388734,0.04586915446625885
-0.07184318135793474,0.04441224725908289
0.05760396836176214,-0.09357173199516976
-0.009871778525938471,0.07268430457197368
0.02985990536572257,-0.02647703587700939
0.006669777059079422,0.00387201219660209
0.07774007859465037,-0.026416188706506902
0.011534054698909084,-0.05563417802966994
0.06502916701841616,-0.01522463050965178
-0.031661638207845705,-0.036804502720654914
0.05574476937233778,-0.001955386624952241
0.03536423914340695,-0.029415575235837897
0.003949229576914161,0.05658426305059454
0.055141383140628934,-0.00230288685434537
-0.03024946732026984,0.02073097672858713
0.01159869879357572,-0.0834941490235342
0.020835473733880696,0.06395263808535841
-0.03740265100050254,0.04638585983809881
-0.01973840551207574,0.03242652540432393
-0.03880726922179397,-0.0287557372568518
-0.16516670130871997,-0.02258659211123431
-0.07343291308546376,0.04847904894676652
0.1043470485749109,0.007682801578255622
0.07877930719864674,-0.028697035753484694
-0.02575757321846334,-0.08781761715404436
-0.04133890580415209,0.06189007251462347
0.012380933470250164,-0.028157785423066073
0.047275423758074024,0.054585213609203466
0.07051728395636805,0.0270965505838928
-0.034655852241955935,0.04229422907255492
-0.046527081362112754,-0.01471972585673813
0.04126868183069628,-0.02261426402404127
0.0261062357888746,-0.039905046161150697
-0.00866842876163255,0.08331418976192637
0.010254686899778,-0.05414797486923976
-0.03791968124779865,-0.1066264736357243
0.02079514701751574,0.06340473762472025
-0.05191525089639614,-0.04679086558137692
-0.01680479744497004,-0.04911587022498326
-0.05585663449701296,0.027287003275925578
0.04493204919251582,0.03784210167476901
0.0809928247456885,-0.0037424739938286015
-0.022452932429270933,-0.04069382382420375
-0.07022583317808577,-0.023373424044873938
-0.12122333859503644,-0.06386263219351508
-0.01633392535798469,-0.06260631842306312
0.11454342544981416,0.11669116347672215
-0.04185168338548331,0.0132159021030941
-0.036551425039460184,0.031240987700301776
0.03767386437444249,0.0833762302550484
0.0031888030855602555,0.05604940440345223
-0.0714036478910044,0.04288150007322908
-0.016032184489120516,0.00529177889844842
-0.012291020272462948,-0.06309152257797546
0.0755661866854583,-0.12387075519128331
0.1128062526069351,-3.571664581972006e-05
-0.05574218326993971,0.04831764713847511
0.015654546809600055,0.03374685579297824
0.05766336462969407,-0.07330663924809253
0.03879961578460814,-0.049415316196192806
0.0656424653951006,-0.021844165284720343
-0.06716028404438747,0.028832605534197604
0.07736391546049894,-0.07875401787387842
-0.03682760325740514,0.03546876601924502
0.09111948940791212,-0.02036331420936231
-0.05909026164047818,-0.00479006515908423
-0.019688973243583246,-0.003414082628731621
-0.022887115335220747,0.11285880864063007
-0.03939584173694205,0.06845114311648041
0.028669376962256028,0.02918242335107355
0.05312204515013136,0.04818369837596378
-0.03256540616817226,-0.015302380929960079
0.016454398584399337,0.015347728263265028
-0.046311417009664915,-0.10397270998232902
0.012408453781682115,-0.020989748692163378
-0.03227616678598941,-0.046390143249932646
-0.0695591903724264,0.0413921379981298
-0.020244935146386644,0.03509416470970072
-0.07807589217001142,-0.029866306277873254
0.001146967377132096,0.04519803896738039
0.18250069190393198,0.13960378080021815
0.05322112450048291,-0.1132003037525548
-0.041988080895897506,0.0490765184078389
-0.0125669674714555,0.0009871991887810336
0.02288056126310658,0.03826984725843592
-0.03119688448841429,-0.04918616326660322
-0.050720480766548406,-0.05707401467864692
-0.013081831783276722,-0.024215521677747175
-0.008091025419263003,0.11235691272557836
0.02311511357667119,-0.0646128280938172
-0.0908642588994547,-0.10282641137332202
-0.06957214004610719,0.006789753830229356
-0.038074376384974684,0.009179073614420854
-0.05053644841319168,0.0018141544346794757
-0.03290103996400355,-0.049853626486951914
0.1008228797495988,0.06182803944257243
0.021758805972871387,0.06015629628943431
-0.03396573273718483,-0.06957870258705645
-0.06301831481362269,0.0067088963463547415
-0.04140839315703135,-0.028269256947779077
-0.0052407916797480025,-0.07657757127767215
0.03251801632436146,0.03349784478702823
0.05752594130681605,-0.055699257149174806
0.05329509220698957,-0.04303180601530214
0.1042313839271368,0.008696638441261506
0.10053378943173089,-0.06887290573755386
-0.008373931448863468,0.08141133745172784
-0.019226600496315104,0.0479244658028251
0.045634487865912676,-0.006402529383169549
-0.03931596733494924,0.0554081206087449
-0.0059939309100328145,0.07116515235176857
0.0021964944975604154,0.059027475153560084
-0.028501270751302755,-0.0020573455559627484
0.06293970309182399,0.01380709214198872
0.06587463390482426,0.011022899462891991
0.01310420693024859,0.025587926029201957
0.019824401982006544,-0.031152889012937078
0.0002793411559235959,-0.05117999884172267
-0.04262327166537196,0.006222780707012221
-0.020612456109997446,-0.0869203760487729
-0.16774801035599113,-0.0026908031070971197
0.039226749765203836,0.0061608126155979145
-0.06532713377785256,0.05147981152094302
-0.09350093630946005,0.022101112766385662
-0.056302365655516724,9.638569874808895e-05
0.11017756914300023,-0.02093499071335029
0.013089976920493898,0.01624053707758198
-0.08097440205748081,-0.016056845421286506
0.00845077319094683,-0.1083129778147667
0.04501456109258866,-0.01761338174194268
0.08353681076933887,0.059353500756019556
-0.041233297390969814,0.07256394061193243
-0.050411001192847346,-0.010346784688019322
0.060744853109508945,-0.05413435757551495
0.06441305560615955,-0.007699463377132976
-0.030988045157212863,-0.06772513934597818
-0.028786908199043573,0.06874742024522713
0.12826001420273755,0.06097488320763132
0.002142958159070696,0.04682249717656923
-0.07577237566638362,0.041656429623592256
0.04973680092075157,0.11944074027444535
0.029869470833240642,-0.041516280415490055
-0.0038434732901051517,-0.09491647026727552
0.015231555077445698,-0.09407384339212323
0.08479952022419307,0.06999480158649125
-0.04760795683328636,-0.05268947052710501
-0.01822618313202529,-0.0339084182050054
0.017941507192012797,-0.07776715927599791
-0.098339250922912,-0.056586984181983664
0.061285844138869644,-0.007880831862675533
-0.023569211028810128,0.0292205284280874
-0.02423851154974179,-0.04087823825683944
0.048432741815553154,-0.04048009548422818
0.0036655636868605703,0.03603493216763335
0.005496014054869153,0.0019260575139082234
0.056183115368614596,-0.01332252082396801
-0.041736552165535415,0.10218180653793005
0.07426799139070761,0.07059721898728445
-0.018159616278256956,0.08181551305761121
-0.05184551515429234,-0.004076657515178613
0.022658111868320223,0.0837097606662606
0.01417226333828105,-0.02654185670382474
-0.01507022530387976,-0.052201396881508474
-0.0328178557984356,0.001219867011196035
-0.025250283261360543,-0.023292599795788266
-0.01875918628219278,0.033396312796582124
0.06880590823064937,0.012495136228173206
-0.11489020296923666,-0.08523480399170248
0.02075102294548621,0.0014253966275272738
-0.11307115592357062,0.07279547676877077
0.0297087598663568,-0.038945889527356996
0.03836040803278963,-0.008645825750108072
-0.015544019746844776,-0.08794159968016584
0.017525440107437805,-0.027837869500101434
0.040263906995343664,0.018742997356580398
-0.007696018975123672,-0.04333714791944022
0.023441100312850634,0.026350808170657485
0.042796784955493626,0.08786364927593959
0.09652171696406549,0.03546039048627287
-0.05393652395694354,-0.006007938073367407
0.8462484356939892,-4.404833034992003
0.8217661969736653,-3.7990502144414533
0.7095747412082252,-3.204431984645867
0.5665332338353467,-2.748331231074712
0.585982026281987,-2.443270637964521
0.3807646432521464,-2.0191908768283326
0.34805367633202433,-1.5687293532581488
0.28303890785532954,-1.2697189693721802
0.19426326296023855,-0.9860435798447699
0.12933663974027537,-0.7902688108262985
0.18696051641967704,-0.6369271781706789
0.052600880762747555,-0.3077970631769742
0.041710426442434674,-0.2623276193690518
0.03919763328930688,0.018982073231512804
-0.06732923489355021,0.0623625448753245
-0.090446530349261,0.2988998344253482
-0.031093640140040457,0.3113232568669527
-0.1167267928366609,0.47436322025588307
-0.05980697087995692,0.3911188706289158
-0.06526305110822699,0.5169064662246016
-0.18110081702267564,0.6010469150539676
-0.05526695759613896,0.5325539600662088
-0.2524077771318742,0.7356082034840704
-0.13843327423226426,0.6094428527669594
-0.16195551887052168,0.5732059211846485
-0.14761834976208404,0.6356933876944931
-0.14853879123196528,0.7770724563371019
-0.05016238123039779,0.6887544609611408
-0.17862697698949467,0.6107955286831981
-0.23701442942776374,0.7663491733323288
-0.1413649765697265,0.7110874468010863
-0.1008883169755263,0.687107335663427
-0.043894421739523556,0.7921258409018508
-0.19524641207651086,0.639201341306973
-0.11090270219749761,0.6381021176419093
-0.25045567702319266,0.6907983757233411
-0.13072776068819428,0.6327049397922417
-0.16750128747468238,0.7347675828570547
-0.018679016356149894,0.46753170967473817
-0.15078912805988165,0.49430072479037784
-0.10081590806458617,0.5666266323607558
-0.04412432786808268,0.6420386413468975
-0.0895016368330105,0.49633385308261785
-0.15999874982359213,0.5006747371843705
-0.06363280468474783,0.5086467627558113
-0.09673095470859634,0.4197824632362022
-0.07971772261798524,0.41469517477807627
-0.10605985331551643,0.27360660073608456
-0.1040230093505565,0.3203045453460013
-0.07321679942115585,0.3839899191495382
-0.04129573209814645,0.2951085314567402
0.02626868085904921,0.2854093177848402
-0.06602374659725596,0.3943144499757213
-0.14179763432077622,0.2301884397469118
-0.0561837315041266,0.2050591967478844
0.01687273874865336,0.16149345853404623
-0.10297112627864778,0.17672334644433987
-0.10642713857699215,0.18575879166840484
0.016730215748528676,0.12798008205971834
0.015439858137840483,0.216811739412359
-0.031232769934419716,0.251972836612568
-0.0646043219624027,0.2549235552728446
-0.038378703229155,0.17615798320795378
-0.12663025695574454,0.14972994366043366
-0.04091863856090844,0.10026088976097351
-0.04214582699196702,0.11572179920717118
0.030783195541376103,0.0677763355814954
0.00824468414229236,0.051084414911003045
0.003678761755197657,0.13117368126394888
0.014683179587906929,0.10012201024327419
-0.009393373315282446,0.0945121298036151
-0.03324774431863613,0.05026321919565785
0.0003968675123561319,0.07585540276128111
-0.029102579729198524,0.09583658137008143
-0.005939933771749041,0.01615891208726896
-0.0635675097340388,0.006629499791577197
-0.01974665138091794,0.13911789446567197
0.01899024490490516,0.005889116331935361
-0.16676402843471114,0.08595268991697126
0.09931414060107542,0.1248410461860005
-0.012937924407775962,0.014368073688737423
0.00992282505219798,0.11515438894423871
-0.06021977909929903,0.05127469603735767
-0.013522319363054662,0.04108803447891107
0.01574652687794492,0.05870015805038607
0.1304182950645283,0.1032843464742684
0.01743546573054293,-0.009170583928213965
-0.03254969851507406,0.029550789301236773
-0.0644986476224173,-0.09212043942304023
0.01836481481660039,0.01581520203958981
0.048478672354870064,-0.04916008015447571
-0.0375850289962597,-0.04069246185581364
-0.05635793562417192,-0.10281120343310915
-0.03484662673827415,-0.007963162070704036
0.1175186982217795,0.04238568753365331
-0.024634068479307797,0.042682307733783134
0.005210611605366549,0.020666938461670385
-0.04293117953197508,0.05216235907011556
0.0025449231078215253,0.0501219610737097
-0.03458483424056268,0.015580802649974666
0.005592619109891395,0.04795018475401916
-0.03636441365942319,0.023709888912937294
0.025058174371290612,-0.061485352113860976
-0.011399517530908251,0.03153925673704782
0.01428446548648828,-0.002025621612945753
0.01364137562895669,0.0818635130792552
-0.022650786951356368,0.05091866151395508
0.014176040953291436,0.0013949489672179481
0.0515737389237418,0.017465270125238946
-0.06532630035021353,0.08941753081592577
0.03948688722486575,-0.04940446817192326
-0.010247900198231215,0.05763240501304302
0.03362967712359962,-0.013021456524151064
0.03702716386535281,-0.08418859057516614
0.028746851464259867,-0.04819685995804121
-0.037527142492960505,-0.004006226457414917
-0.0298598815708341,-0.003896670955185427
0.05960945223802618,-0.02342237072929375
-0.016129583557163183,-0.09335089739010577
0.05958916281909302,0.07611551549645465
-0.06875439329938324,-0.030065956263008543
-0.04495037742905503,-0.060854503705906865
0.042425667160977974,-0.021751887136188707
-0.1806257922100635,0.0037881624006322117
-0.04662924752701598,-0.02482839543758303
-0.057769856555957275,-0.09197927958602863
0.015619355785621427,0.10385695759007757
0.03312249882235526,0.0468220006685725
0.029590159463349187,-0.08751813977591288
-0.0938736101396017,-0.022564772531587507
0.10089587132076833,-0.006560885783788693
0.0009609664147091669,0.05527207426846931
0.11251098580227546,0.03312184025295159
0.0718065712660466,0.051210607304778
-0.010198602895012043,0.041492821787815715
-0.06664568295149247,0.08764676050713323
0.0566003905752662,-0.037699569171681935
0.011637559635285594,0.05277543173613619
0.03010602209494846,0.087316951584615
0.013609804013325169,0.009476974729982969
-0.00032571692939487376,-0.006025690939016948
-0.06211588853695895,-0.06731697846500108
-0.03930616009996407,0.020179226864946248
-0.025001232641373973,0.041180936516204796
0.018529689851414902,0.030023477523808784
-0.02439964692106357,-0.061391094497163075
-0.029924358163689456,-0.007280249791406986
0.08787905161025654,-0.054140631908496405
-0.02305462706435997,-0.08216102390232798
-0.04942155514206741,-0.009102438552697042
-0.014352198691275391,-0.029363642721223528
0.017858154819279045,-0.010143892511565132
0.03219662123392038,-0.00013822917284731623
-0.010091651267220126,-0.0016648119988717076
-0.09426181566263647,0.016326828647165545
0.06594116765003596,-0.08200090869656294
0.02182401456081129,-0.003546325756186172
-0.07088377702337127,0.07856839598203588
-0.019590516929301926,0.08689351667604771
0.037820940173390494,0.05626236361505521
0.05047077969128104,-0.03770769724920646
-0.1412535790795399,-0.06210165948536205
0.021312995538680574,0.000447178527315302
-0.09580665217504315,0.09329804661012175
-0.04363604265203507,0.054482422966629585
-0.057509748011556616,0.01193379011146179
0.09860051168520662,-0.018017612459625527
0.017515639981248797,0.034963136361913054
-0.010728353099900667,-0.0005347638611755967
-0.058677608130869696,-0.1808319596087971
-0.034977897936334296,0.01807039117932167
0.10196326463193903,-0.0011337410668384642
0.14058442135892502,-0.038471537295678634
0.03498950187141369,-0.013278610542518363
0.06242469412044127,0.048802654615976465
0.03677477483670069,-0.008921718303251119
0.04095447239180121,0.02137728389538952
-0.012704418429992705,-0.093746307150816
-0.011495038089685336,-0.031103326962651327
-0.022688747424698417,0.0658705806514974
-0.03553320501774446,-0.06132305038051031
0.019255347613840085,-0.016671952058617275
0.04768347584957763,0.026817973047187416
0.03112764761779562,0.02644427863504735
0.0175716429708552,-0.013258172449417734
0.006612245456253626,0.12199022695100428
-0.009137884548873806,-0.07038927293472154
0.013501747893790864,-0.05575794767013202
-0.033189229527391,0.01136844016593018
-0.004157994353265117,0.054473341486818906
0.022759520611003375,-0.0268074509002101
0.016624110217863954,0.042717841439108284
-0.009723077808003307,-0.04278803821423931
0.015128454981746154,0.02020408051895901
-0.04875901343303094,-0.07857424672156639
-0.08298523967334186,0.012472555824127245
0.08289890399638973,0.0745527204656238
-0.021796798253965223,0.004987348541649513
-0.11538157504435755,-0.0034320523214585045
0.004256175192578685,-0.012593567683750478
-0.0312256199178808,-0.09744983064446709
-0.09385371082308133,0.025404360539317793
0.012666275410060733,-0.043373346452422114
0.032754397962468755,0.045995400301916525
-0.014714766950521659,-0.04442449649760463
0.06890588712238792,0.011186472170862018
-0.03639733606409847,0.1008103463615164
-0.0446035084006937,-0.010238813033959744
0.14638805037981925,0.015543927113347025
0.06916234750888693,-0.03778301406768846
0.027592025463375525,-0.0012323002158917944
0.009088368907886592,-0.02542418592932271
0.015410680208738313,0.07489350884964188
0.035905701352149696,0.07809408662104397
0.048367408307147974,0.07700341873246222
-0.017733784120706326,-0.009089396594798528
0.058489129008782094,-0.0606147390448293
-0.0975700067563035,-0.08761048189092863
-0.0026029639830765852,-0.10172062581714336
-0.002814245142881252,0.02324088753012836
0.03134173392057839,0.027289878834926472
0.02106574414262445,0.003503392092792648
-0.07069637795758558,0.052508792261540094
-0.03544907359336624,-0.0005313252878095674
-0.07303671591080033,0.008526678605245202
-0.04896759259577473,-0.0012462403156078578
-0.042396720628107565,0.004747704245832538
0.05931998486821444,-0.005666800803344155
-0.05573807259541597,0.010994143776928133
0.05088058020590518,-0.03393014034025575
-0.0342680681181613,-0.05856208619949108
-0.017371384899722675,0.01924747812660442
-0.021404843925413995,-0.05053579382701968
-0.0036306741387220898,0.025894471995598033
-0.0446876563622326,0.03704071415324923
-0.05353869407370179,-0.01193904439462594
0.0077519987256556115,-0.08980939006492147
0.13337878240401985,0.023311698573524796
-0.015480370800119728,-0.09495743734334178
0.04930370073390039,0.010430823348578238
-0.1020362850503119,0.06487181052499807
-0.0401023478642976,0.09973359462812192
0.02415021863542799,0.023104013448137055
0.07020332958971093,0.008576096434895526
0.02090997812438643,0.06858990512035036
0.014861242423619424,0.07030837075017732
0.01280044537265198,-0.005864473636230097
0.06555345689545453,0.07841699817048683
0.05910477883979608,-0.0020614291396211966
-0.0670222340322332,-0.020271497063353676
0.010734055442547977,0.02670914282205177
0.08350882566218504,0.05374964260311585
-0.006334970579708592,0.025459395301259728
0.010870771633957138,-0.15398490473426715
-0.04832844554679067,0.02618968181580586
-0.047227700394041575,-0.01678489632207129
0.03736711567731008,-0.016181659266775644
0.038850063458185743,0.01601208550872859
0.03174054622115118,0.006753897518979476
0.03296535409797122,0.08361688839893178
0.04219682710229011,0.016278950965511352
0.05498884821081956,-0.06145229992194408
-0.09418529606206574,0.0106006129657477
-0.01083589099822022,0.0010941717935801995
-0.053991109990680464,-0.09105436993852017
-0.02250415238160786,-0.2041751019048274
0.03301179549661897,-0.04080000232267991
-0.0018711363890921429,0.023628977381025616
-0.09239791017813494,0.04436108552759336
0.06643122249457362,0.011201737029970155
0.017213754144126393,0.0005339935378219029
-0.029670013390724323,0.018422259273357715
-0.03288079705718635,0.07413580448458695
0.03722827304058426,-0.020746691226838657
-0.01969044133771397,-0.11124679179818427
0.000179294124747275,-0.058296057021540754
-0.002235860907277386,-0.02784523858425634
0.03308287808432437,0.020184270228323434
-0.05098714687314637,-0.007183725855692102
0.02000170703082164,0.01707045225900327
0.003952778133157621,-0.09185653150270777
0.044830883113422385,0.06256846924918824
-0.014569510022494684,0.07784048575675533
0.025638444722555005,0.06770690498939178
0.030158401344412576,-0.021796063523319673
0.06917289443755581,0.041689933250695865
-0.04794280156588424,-0.04413315828970103
0.1041242003105919,0.02409850025592367
0.01659716513677867,0.007208947112779767
-0.11490593275014288,-0.004710794883529493
0.01470882926496507,-0.004771252990942599
-0.02805442659314679,-0.04264851964107378
-0.08063204452900602,0.007332277890864528
-0.11993023027737627,0.012421278628095077
-0.056445317265292574,0.06885249118834001
-0.049189521406727485,-0.04540367041643605
0.030526421114727822,0.003252484895180017
0.03769717349023363,0.05376416010320548
-0.0030852674159186425,-0.005612803909003202
0.024893751326801432,-0.020352749889874382
8.62413798669987,6.83167401832363
7.456490136169368,5.880727126625301
6.3353421632105,5.138284583023915
5.36501672694299,4.276383752375394
4.530098086218212,3.6850455463528573
3.8613125818104925,3.0029348453036238
3.1609568451794825,2.4379240346801145
2.583815752198634,1.9940135866115032
1.9142543975681576,1.5334622026439209
1.521901139967079,1.1904205570203643
1.0284204595016138,0.7863052727604769
0.6722040032957342,0.5309893822730546
0.3503100791926132,0.12696508286996053
-0.007726253136351731,0.16215609740318315
-0.19082306370544838,-0.12978086694031282
-0.44710357678245494,-0.2714095511271116
-0.5548808463444524,-0.4666873457965675
-0.7993941917532936,-0.6090372475203151
-0.9559381109373216,-0.686598598390666
-1.0122763957168779,-0.8197291761721417
-1.1783657278357278,-0.8996146305408829
-1.1094870464290452,-0.951889392806773
-1.2638988464903085,-0.9906914299694393
-1.3332063455948062,-1.0504966233389663
-1.3324606664541137,-1.065631839074572
-1.4424884485626945,-1.115371627525651
-1.3534115010282792,-1.1632016810798573
-1.4258161163719374,-1.1099502447891079
-1.3678651265139934,-1.0537718384086237
-1.334959885747577,-1.082710336825882
-1.3910125037898982,-1.0810699016634748
-1.2172790565572602,-1.0364323871319252
-1.383888525754389,-1.0397805304291872
-1.2159915479560748,-0.955427815915452
-1.3409978937690439,-0.9710736624191088
-1.1567811377109811,-0.9967145234969698
-1.1771393114173212,-0.9888085287810447
-1.0434255505153072,-0.8640358113668056
-1.0971525936192412,-0.9032733926067844
-1.1136695258183276,-0.8711703322398524
-1.0132858014801058,-0.7883442791539056
-0.9778676862881053,-0.7569669637212523
-0.9672562438582127,-0.7888309790265817
-0.8618858431472378,-0.6864470244428842
-0.9222316165518165,-0.5726103307619416
-0.7931247540347419,-0.6700458190667248
-0.7750772729996402,-0.600694017754057
-0.7128882510589868,-0.5653562905874492
-0.7005007107744546,-0.5255615302935163
-0.6415283728155421,-0.5871190757767392
-0.6025372116230955,-0.4299312538539811
-0.5881054565441713,-0.5012612821031533
-0.5758291062442561,-0.3881650731338554
-0.5422312405172528,-0.5123074616064853
-0.41320412155919356,-0.3226891594858634
-0.5076425436831012,-0.46277802688670594
-0.5034116360912931,-0.4037258072041923
-0.39529802291864413,-0.3479585586358215
-0.4455327731737526,-0.3678149251815219
-0.3551714493460979,-0.23932263717419625
-0.3191400934756215,-0.2008189714830843
-0.2960733911948091,-0.2654861278923873
-0.3289589913047814,-0.3410563620466515
-0.2568441420717637,-0.217707884057551
-0.3276712397325401,-0.16923995573566317
-0.21161662738711878,-0.19202762574456989
-0.14535597895044378,-0.18789600253299688
-0.24589331564076208,-0.09220406037476742
-0.2586272753522652,-0.14906822353056792
-0.1558143936788129,-0.057991763935485274
-0.1533110360646277,-0.1559755912189644
-0.21195749472360453,-0.15628832089997613
-0.18539594807450122,-0.13529366836508927
-0.15420071356259507,-0.10939219382300952
-0.11467632480867047,-0.15015447914004917
-0.08859005723223537,-0.11922117167609533
-0.19316278520679325,-0.02818229222513119
-0.12142561530257281,-0.05251366289496992
-0.08734047775507305,-0.08214748720478338
-0.07613013901309265,-0.16603680908272772
-0.057240832264190446,-0.11416003961307386
-0.11669537965915834,0.07926158737177678
-0.08931602989760945,-0.1242667285287757
-0.1441009923465332,-0.1696668055169647
-0.10207515019186456,-0.14055822370207566
-0.0633431938319079,-0.014057467612709922
-0.008621130628505867,-0.023128695140887768
-0.06640844239009766,0.07243506491067006
-0.008664181905940732,-0.15310602743874852
-0.024269374927434226,-0.06954188100784911
0.05466715662637413,-0.08240300438547463
-0.05442623674319201,-0.03150922975252062
-0.009729630768750983,-0.014809138578452168
-0.07216758416961888,0.0665538645304744
-0.24020765446241363,-0.12236919151477049
-0.03100963182580277,-0.009778006998736027
-0.007928480502306344,0.030847443902757985
-0.047429986927507925,-0.05391815837965054
0.05870217466167071,0.04154685925159652
0.09463904540205942,-0.01228826286811778
-0.008711342163944725,-0.019333756163573176
-0.016479980859577217,-0.045307341482474874
0.020043357012993708,0.006589636593983645
-0.05055072781002081,-0.04649857453324149
0.11424980082685172,-0.021931371289145178
0.03557583527919359,0.028388174453129394
-0.060777915399649406,0.012610333066830279
0.028593770261731884,-0.058527858604321616
-0.05655583952731095,-0.019352255444289323
0.1218667943303862,0.041993099435139555
0.021638701638009468,-0.01122902421395123
-0.04491231118012957,0.018238776127936555
0.013002871258667174,0.09375715343214314
-0.031641801593831995,-0.033356094760168736
0.09863240677536576,-0.020523253945715216
-0.010827515628637815,-0.0434353854778133
-0.01484102362562721,0.050808591312810486
-0.1166624591474505,-0.04317286269350254
-0.011442242778811163,-0.0061190688729767795
-0.006226569455725807,-0.041769446838208324
0.0002785146304075392,0.07840572924661206
0.06193391576622899,0.08469019353942192
-0.04579233966768188,-0.01529575880686013
0.03251451787199709,-0.05869631374518989
0.04635341658035758,0.00912653094614072
-0.03639150531317928,0.010115835813305066
-0.1468840856585177,-0.03375520107031957
-0.008783053617654874,0.05172008086391261
0.009753653441624224,0.07774809678048156
0.05291168219089372,-0.014804790048007475
0.058032077628648975,-0.05199702719107303
-0.07128509986467041,-0.02771368903604085
-0.02551497341051813,0.045783875756585476
0.07013722817878063,0.042238099067844634
0.016253197780466806,-0.043336570326341306
-0.12024450307894491,-0.03807870964277919
-0.05540386878621937,0.031800351944962654
-0.0817455909719386,0.05659615991601354
0.11495848025215703,0.032534546639660086
-0.0660443337629881,-0.01502694626119552
-0.056841927041225676,-0.08004561190437025
0.005950400883340146,0.07260411552920279
0.008553170805938145,-0.07928565198097957
0.03893365389873774,0.056310393949583086
0.03462807073079643,-0.05627660980741769
0.036389596384857385,-0.07023326810230747
-0.019361004118936487,-0.03576933940286474
-0.10010121185061584,-0.022037349301913874
0.0541251844216462,-0.0725194159584024
0.0502405289158578,0.0849333072287462
-0.00696371226818282,0.08964494868144367
0.01239859860984051,0.07508152120943234
-0.02140252048738784,0.045495463864777326
0.10353916922722718,-0.08426953992067283
0.015492466804860845,0.02756706092863778
0.05798482881814964,0.025861625191969193
0.06276920808066459,0.004124513024056044
-0.037878650973140374,-0.05045253646484983
-0.08159797946101509,-0.002417519394389095
-0.07417372489680459,0.06063779506267723
0.01444576147503716,-0.050022693409076814
0.07675785568427775,-0.0352765464488905
0.033976014123910186,0.05430256296252462
-0.00028294764378806406,-0.06396728334304828
-0.014503833733705049,0.01001492474630478
0.038069565388942475,-0.016931403255447508
0.020389233893952058,-0.02098352774519499
0.027532778736239747,0.08603275788989295
-0.014945439988128409,-0.023601274231749632
0.08837656430765821,0.06610694295807595
0.01468091515885869,-0.07243372580510753
-0.013368659225596508,0.06688326411970867
-0.04781338262498998,0.02961490368491279
-0.03366067729110793,0.03446024353814607
-0.010926267030099815,-0.02406571681930629
-0.07291076096773193,-0.026135020172815777
-0.07861966675835746,-0.1173162625523697
-0.007464332922128496,-0.059602585277433784
-0.0523580227745458,0.06510963255263054
0.02402988872254768,0.05131530731404922
0.09360323452004327,0.006285965103064308
0.07207065398512935,0.04278204173292779
0.011312182190395594,-0.010687485673088595
0.0366177772836872,-0.015167498198003355
-0.0023154063003181027,-0.0443343487201204
-0.06114191750795753,0.007350520332819183
-0.004842592135884088,0.07494924647673246
0.06226261271228764,-0.06516869301952039
0.021018672944587043,0.04034628126371719
0.03003793751761417,8.983127787086549e-05
0.060875253821718,0.04767088993668437
0.02273827423366106,-0.010612295376361755
0.03359188234528338,-0.03607828515124665
-0.12897991658395713,0.01863861172718012
-0.13821564589047097,-0.08838973175450385
0.05710522213098506,0.0013458147797217046
0.03593083535303927,0.0651567195710594
0.01892982517696274,-0.048560923424013074
-0.0268912170648101,-0.00471534445619437
-0.04355471108660515,-0.025104948772006447
0.02367027164777616,-0.05234659434229915
-0.05187270397315262,0.03779657841183715
0.039131240115688505,0.058581454279448844
0.04931617475258272,-0.02577989501305526
-0.07480249059496911,-0.022350519264508713
-0.05296044407138102,-0.06941028620853432
-0.02389022081157737,0.04513354154527719
0.01631930553398718,0.05609867658662615
0.04310612764466241,0.02775967695425795
0.08565696681531931,0.011667388612320162
-0.06433548786536188,0.053751678134110956
-0.0570727169184318,-0.006718317820923166
-0.001697772479925504,-0.01310499201790119
-0.07699037047627072,0.05557292615451319
-0.002888339487724308,-0.11711375353127937
0.007341761330073429,0.026956532097523814
-0.04212982583009212,-0.030911485865270826
-0.023888372011134362,0.04371833831006785
0.026084473844456377,0.005907332440592402
0.03476516852846162,-0.036370977378894
0.030689218650537246,0.03852962594464637
-0.0035986767616069983,-0.07870447116810741
0.013843667381141907,-0.012728551270671979
-0.01736198505064464,-0.0706804703472507
0.06779219338141436,0.03388786052854363
0.014540277517567993,-0.029929275221394443
-0.009355799208159692,-0.0611301388127392
0.0834010391393602,0.02458189120039939
-0.08016275908302503,-0.024958281578536037
-0.04078341628101358,0.05055685865926257
0.02018975525470646,-0.02190231490925362
-0.027350553087259363,0.0034283633402492145
-0.03561390809396936,-0.022790868949885357
0.012761604674034229,0.05892699000771378
-0.010000804647290994,-0.012954746627077554
-0.010568011541704591,0.041738104935831515
0.051210053098422706,0.03005050506913988
0.028070332614159293,0.02208159741916932
-0.003326871929159652,0.06089410589039756
0.020997661034271576,0.018990609980844477
-0.028324515329559957,0.042333423345638846
0.008594961344683447,-0.011360099907462362
0.028528568683747958,-0.00729233528359075
-0.03859132484536439,-0.10423087008196133
-0.032179399127475986,-0.004803646106626184
0.03394861618801201,0.03419620950220523
0.004133757167396041,0.04359108560893974
-0.0077081863793172275,-0.09901916780587802
-0.004332907303702945,-0.017022218943435585
-0.03255982187716998,0.031145088142886263
0.02902530054445824,-0.014703713400612575
-0.06760314459372568,0.02874519724546835
-0.023273842206731097,0.04189472212270441
0.03370959328553781,-0.0007251723421142341
0.04695264497695834,-0.02584992398412365
0.04704687458322322,0.023395420532382978
-0.007178283863288341,-0.016067792320346025
-0.050133133057967835,-0.11708841245441834
0.04013532362558548,-0.015447900886219404
-0.06309196894911338,0.007798082678351824
-0.06461985513216371,0.10087464109351901
0.01672087421153997,0.03452841976347824
0.06705512593413496,-0.07190955326435625
-0.02792975070682893,0.007828846402153918
-0.004677514944124897,-0.0348025117787997
0.03094512406800573,0.017278423950827494
0.028241531040944255,0.01449685102966762
-0.04690604242031721,-0.0021879530023767944
0.033433223904057716,-0.0016946821434739318
0.04930587216660737,0.05300350680965695
-0.006786331235594885,0.03139634399581338
0.033956243466166,0.06365730546769642
-0.0026699413934788193,-0.03922969493531425
-0.015370370317240246,0.060026708834048786
-0.035834336704869456,-0.019743554419715162
0.008914177849339601,0.05054066165749313
0.010111157391629627,0.006053872358525322
-0.019388452648593554,0.024900125229641867
0.06168293444649957,-0.00440652317585143
0.05982021111856116,-0.035082305377581675
0.03223483657615745,-0.0751020256569048
0.02651343109487603,0.08618567472468686
-0.08857392376860874,0.07690351103456794
0.07139488815775222,-0.03329654619626136
-0.007280923869428076,0.0073078285207775415
0.15343279526687426,-0.011347034354363471
-0.10488324576596134,0.03853261351870747
-0.02834779678417888,0.02178630570028981
0.030150431759076432,-0.07952210536354067
-0.030365870329612927,-0.0486550199468959
-0.05208405960513342,-0.07295112555213906
0.014900611092023248,-0.058582301274939005
-0.06621299008537132,-0.010143698386290149
-0.03774822563193442,-0.018687846525949084
-0.004179343990266978,0.057602421396998615
-0.020475556624255868,0.053885179471532006
0.03430748046847397,0.029045384264932396
-0.12593748685392614,-0.026316843203912477
-0.0011404362949654755,-0.04655871096113278
0.03217983911925613,-0.011140111998703598
-9.318343815858285,-5.61944375592722
-8.047182449318178,-4.818682871743658
-7.040609273002275,-4.177174426171664
-5.945413376388024,-3.5811294063073182
-4.986505900631575,-3.0147028504680335
-4.181359724502137,-2.569968415487325
-3.3378751551704164,-2.0459322855643958
-2.9036622977494213,-1.670347518814868
-2.255401581259061,-1.3096393785144713
-1.613417722563798,-0.9688143077633944
-1.1354598751872362,-0.6648753722787932
-0.6971193202761149,-0.4892990067557299
-0.3495477293086117,-0.18386815338674728
-0.07224221212087428,-0.058246015616561835
0.16183594535490842,0.16550010058843045
0.426690583588826,0.28136173131248493
0.6509221598958369,0.40923252984346153
0.8805113704941915,0.549493697029028
0.9634101070629175,0.6420294002579987
1.19732211391046,0.6359282470214614
1.2106237887046627,0.722160074374601
1.4175726292228343,0.7282185742384922
1.4302642824382799,0.8645587972989801
1.5224460461977458,0.914287630256042
1.3522537157936922,0.941346490778865
1.4795182538487004,0.8791666345100643
1.4660102630271679,0.9443566217888707
1.4520774214441836,0.8973393032605638
1.6149095962269753,0.9408074359565614
1.5284902866108683,0.8642836515441458
1.5328100677604897,0.8468633684785942
1.4806351944432314,0.923095540796714
1.3835421146339244,0.8497283570280418
1.3948429067869865,0.8584342901033971
1.3116132213046665,0.8143881552805614
1.3135727721161743,0.8333351635932597
1.3047371142463304,0.7714971621350548
1.188756340731832,0.7075254119240656
1.2760959598753974,0.7246890640458683
1.145549653470606,0.5965336352999534
1.1709673085411518,0.7444505151230356
1.0417317792108605,0.5799911439467691
1.0352919532200284,0.6638703691902714
0.9063694643470656,0.6641772307436888
0.9143295831669165,0.6051178123488962
0.8950055431756518,0.4300706495171821
0.7550378048975352,0.4338525070050221
0.830501500397564,0.48429308787451264
0.6390605465912227,0.45876530548655614
0.7429073054493494,0.4005054435940081
0.6959879555303324,0.4195291151083761
0.6454525416596439,0.4514443453571746
0.7033520582269277,0.38266095258765315
0.5339407077170191,0.3976974250026615
0.5779018504316535,0.2913386387248086
0.4916739190093214,0.2891840709355841
0.5528196377029181,0.2863061205563276
0.49224197848828133,0.2532446249066539
0.49549173822167963,0.24831789908624163
0.4487719502113996,0.217165126592906
0.4235694569790729,0.23407415556110744
0.3436547669745953,0.16290507430054807
0.3084660918683473,0.16852839470084305
0.2656763331082976,0.22016415253190477
0.25631031246364844,0.18668427022349204
0.3003473069993015,0.17046775085274496
0.18989989227984394,0.1987832883432042
0.3000623189987086,0.08630045834777494
0.22164704106534447,0.12539085767194535
0.21431468749114027,0.1770833332091257
0.17530045155424384,0.09501412057564124
0.2086148164047899,0.1559304201942844
0.10244192308429369,0.10054013461409736
0.19769150124910861,0.08255743275770641
0.12972119555334238,0.00200542288377753
0.15002765714626434,0.11265042343029005
0.15728185395193395,0.12544853901694358
0.05371284487593196,0.04487969550568488
0.07860062224511603,0.04760638670116457
0.13734050386278618,-0.002911996420738562
0.09446140825183404,0.044810986722674764
0.14929081281894066,0.04508673205700283
0.08859381073709804,0.08780961571674419
0.17634366732425216,0.004677352474407811
-0.003318827556229663,0.017155282303643934
0.02888062122195805,0.1165167664097601
0.09468242759277051,-0.012341048336468905
0.046154999268799894,0.029307956034727765
0.0722729670270462,0.06044971087575392
0.06963187447355149,-0.02022893228825644
-0.06666030476485954,0.0027849889809700677
0.005245971609713185,0.06584712512829258
0.11449248178318884,-0.0722574167485572
-0.004684141715723719,0.013472406284652773
0.002416492552190343,-0.0018157838032464568
0.002829963818027104,0.0258291546984082
-0.04939404368451454,-0.021396794097616408
0.0656880888442755,0.11417841932966541
0.0036843823191891854,-0.09034977314328965
-0.10163442878909633,0.13630337879097365
0.01467848148797479,0.09643946087778346
0.03240837017554755,0.06281687002164163
0.0663021558806546,-0.060593581787037845
-0.015380092970342686,0.006187987897898281
0.01650269941680854,0.014703959166925355
-0.023189569957123287,-0.03153454823881039
-0.057267518380856884,-0.012317096957176421
-0.043330141056982366,0.02206868663242343
0.04049569005019438,-0.10550845462264818
0.031182492690938972,-0.0499617840852177
-0.11002637806796825,0.06275262297675153
-0.019148883640494885,-0.07950958340080526
0.0015833685446142512,-0.05186073659523262
0.08117642655870597,0.03652897243188452
0.022696169145439184,0.009202164102936769
0.1010326046906111,0.006991529002705436
0.03890741230243688,0.06490246331370392
0.048935873671349,0.07676508097298446
-0.023531238224652924,-0.009881107561673635
0.01484529346425138,0.03294193345710785
-0.014218671996720066,0.05484700431888643
-0.0185760446102525,0.02392081314685753
0.06408350802825548,0.06692970545277939
-0.029743121688900934,0.010623324874376422
-0.008942307392149022,0.030257735445624732
-0.014586928671284426,-0.043331660277509614
-0.05207344563113857,-0.022003696150015177
-0.00871963483571889,-0.0153413035341768
0.01185528706102083,-0.004593356239763133
0.027111615892992894,0.03520699697630921
0.025832613210153916,-0.0408087005635474
0.073010411462757,-0.044228167191403676
0.0535985516177406,-0.03792821750194306
0.12844071853162844,-0.024437749043063003
-0.00564271542018536,0.02628059559580198
-0.050607856123454115,0.02309040095862096
-0.012078276186784004,-0.035171722353000846
0.02931874738054931,0.08986019358690323
-0.08079749256904953,0.021315009857706894
0.05465051276910441,-0.042151783819666444
0.023782288065410342,0.027401828579584068
-0.05126776852295247,-0.05705343076564122
-0.03968867279612346,-0.02062426404715721
-0.03418941887243984,0.10243151352500425
0.01858954810964515,-0.08643080039329157
-0.010464711015747724,-0.07233105903485834
0.018876621179507915,0.1450413743271818
-0.018550678570002435,-0.0645513200311197
-0.015290323499210362,0.08940466826593352
0.01722016351270484,-0.04006262978142451
0.04045212358894182,0.054812567878756095
-0.002637780797419083,0.030453744798369202
-0.020023200910103706,-0.0053275177854302195
0.010671890777679487,-0.05876518488528333
-0.03676555052392559,0.007090741270585999
0.08100842171831596,-0.04501788856730623
-0.06625188787111994,-0.012763981654549651
0.013673223865652218,-0.03343337270723221
0.07804586742522722,0.010578036249834642
0.08176322627292126,0.010681137976216427
-0.04117898869873512,-0.09036921330366675
-0.0159018527847041,0.04739552356463142
-0.06994868385155047,0.055952302714079506
-0.003492148284799986,0.08609455982885914
-0.07431437644303385,0.009695460978604822
0.04358110337812174,0.021853994696200422
-0.09273465075491467,-0.06305923587381576
-0.0055473467414241945,-0.0866538941556277
0.030924756405129233,0.01779353343290466
-0.06234664943682855,-0.037376144341835296
-0.0081377086455976,0.020800946895459936
0.06085509233979828,0.022821083159456104
-0.044490386514940805,-0.008244232524737737
0.0023507258141946784,0.007926732184389305
-0.01295076965505348,0.029601405763384533
0.02459741916517289,-0.020833316121522845
0.038022120028932474,-0.006397278025526905
-0.033423170574343464,0.038964168209140504
0.0668865540999611,0.04093360971769474
-0.07715099060068256,-0.0119850092674649
-0.07487821709683377,0.03447536829907517
0.0035400530290842945,-0.11760987579149997
0.006596273912737844,0.06519030381479693
-0.05609096275212894,-0.056284175199678155
-0.06382801199652627,-0.03707188431401591
0.026658244098458503,-0.026441903268675033
0.028874407234076645,0.03519935195374261
0.03801972005783018,-0.03750871817464503
0.014995690742840516,-0.013643183450343134
0.024060927437014226,0.08409332748662371
0.00909927694033289,-0.014209870300828932
-0.04548391088986785,0.024457684748278377
0.034882376931699585,-0.007645238332958265
-0.0540630482124724,-0.0467371600336578
-0.03813671199388009,-0.05643944273332804
-0.019389817405175987,-0.04607895668370959
-0.0062732466289109196,0.09941585262295348
0.011254276568728645,0.04563656808056496
-0.0047445758713963275,-0.033194205238513366
-0.021874148561228317,-0.010474637861080386
0.0008434997117470755,-0.07175595335361541
0.01680187758233157,0.031850333250622406
-0.054187320319135784,0.042520323054421764
-0.0019308806299729309,-0.02495624263987353
-0.00020135979987104258,-0.001788547809835102
-0.013620408595335566,-0.018415535230762614
0.05028883760249135,-0.03090214789132279
0.07732001306409435,0.05736944880507272
-0.035025143311722975,0.05762053254933683
-0.12155126062784524,-0.004189194934939845
0.06664105577489869,0.007995094746315346
0.0012867705431574145,0.03690136408788326
0.05268085709872894,-0.03298531907335035
0.008864803336344214,0.011079765510988982
0.07295036382269023,-0.015140264106307704
0.0797536510545219,-0.08214102320698925
0.055138336454889206,0.00108789550240489
-0.00030453767273739066,0.039172925417780696
0.09118327707441454,0.015684072707288447
0.03269178768065717,-0.04628852890908134
0.029464059784143355,0.003312552252770086
-0.023536181234639533,0.0535865302624568
-0.0728660193245163,0.014523425252589605
0.04468063580815924,0.1207725369341561
-0.006700583288368288,0.05660657457783551
0.000546106255903464,-0.07513385828212962
-0.043967178787708394,-0.021363309129257282
0.008978732448545109,-0.08958884626932395
-0.046517461429109896,-0.028807462697739393
-0.05295072106343769,0.004233632536960019
0.06216202582083524,0.004589025950710017
0.060226723858818276,-0.044034103511999836
0.016785296170100723,-0.022872083634008198
-0.006323794549355603,-0.0636301100374093
0.02196713573567343,0.025910717676323483
0.0058854601554888825,-0.019669454040477
-0.06926034125071617,-0.07384375587773309
0.055643835507386864,0.03039420926417058
-0.011097008353698421,0.07907192095035784
-0.03578478716804039,0.05917946425249433
0.08879860415221813,-0.12808554412122583
0.004495467121493176,0.030507834728826178
0.025759666692544085,0.056525108206625194
-0.023087218085508683,-0.01237452352328543
0.015297658090008964,0.04752269219705332
0.03779947612554694,-0.012129412521313122
-0.06711640304697693,-0.04918834314954359
-0.16917031632327195,-0.011346514044382562
0.016858502350144244,0.05018432445885791
0.05691854807777285,0.010995232057237035
-0.0638926844280415,-0.05531632959278295
-0.012487085898395988,0.05689039314512442
-0.020576053464324857,0.053290691310335384
-0.022807487049181178,0.03748288263566828
-0.016406249714138295,-0.07346175358536103
-0.03188428631528985,0.0711920353051829
-0.07534724883246363,-0.04324378583933328
-0.0333349486434401,0.01356301694091601
-0.08788552896936627,0.014264424681269242
0.024754050757824546,0.017298535088172882
0.02872471403630822,-0.04559469269830543
-0.011641140549655184,0.0006650936455444593
-0.025710383727163416,-0.029494642143648837
0.04655030587005213,0.007329808498954262
0.05282094028727537,-0.005483544824275575
0.07967552241086129,0.03286355365055231
0.046249185627380215,-0.05717525652455743
0.07173896402608357,0.07371078594498617
-0.0551675413176528,0.09769352859238256
0.021907916183397123,-0.03830257951874778
0.0652812868104822,-0.014990993149071251
-0.014620455141805298,-0.0640143418959088
0.02197558767655044,0.006349391668850075
0.05934162659189267,-0.048813740451620666
0.00021923566623881577,-0.11885889997947266
0.07705965137273152,-0.08345439580530516
-0.11768235492669508,-0.021171644607266296
-0.0027703732468454586,-0.02639809976888874
-0.01710510715681959,0.12477089244995221
0.021623375660099357,0.06998666028401508
-0.12352585799900291,0.008504170970617723
-0.04290166502752576,0.0057094331732513905
0.021430948350853782,0.07488932479649325
-0.05432221483621311,0.03410191794360534
0.0719475813337203,-0.005848843925314973
-0.003821515522388956,-0.043684115057868386
0.04865751952917167,-0.03924792929548732
0.00425418424309757,0.025852765691012233
-0.006547062123021084,0.04282786694865978
0.011988775217192492,-0.09211051182170152
0.07878092184852627,-0.007748385158274248
0.014055830419716264,0.018353032175230787
0.020118342593601513,-0.05714039060166165
-0.11082778983217356,0.053995669262834285
0.04946783060696784,-0.05005823972165099
0.030949657710381526,-0.02272708910381034
-0.03162767365773456,0.024933717776143095
-0.042314695453810655,0.027834342475156666
0.009285465198087822,-0.03592386753563426
0.05423175409992403,0.04901799620504063
-2.895976753123538,-5.1686412032848725
-2.7212013425225092,-4.53118042213421
-2.221914714111974,-3.852582034843909
-1.8865400038713735,-3.3125945422727465
-1.5948898531316484,-2.7695951812093154
-1.303576924676625,-2.3383376184881275
-1.1178586965713309,-1.8288529068176045
-0.8660645786981392,-1.4999325763946205
-0.6272678917988497,-1.1197936678341078
-0.582718901670445,-0.8453720883218396
-0.32284552885405166,-0.7187088034243472
-0.11551602800275355,-0.45639626526894855
-0.11499652245648968,-0.19011480562315924
-0.06286568421066246,-0.153228492660463
0.0021476601641172433,0.12220913850606585
0.07703816796651464,0.25089804392202186
0.23630864007003544,0.31336715353579264
0.28539936344144634,0.45210534580252254
0.36242310789913573,0.5462885419505017
0.3671572806453093,0.6202157531980615
0.36024142088088545,0.7143536456072747
0.3517720890558845,0.805916606325952
0.42722602729966636,0.7469708981563918
0.42301448625793475,0.8094766228452948
0.525057179936897,0.7963916942294871
0.5550114602394618,0.8103230533080447
0.44632385836375926,0.9398749770355312
0.4646794918900174,0.8819992683370874
0.5993178074322156,0.7694873068961328
0.49563089512235853,0.8046444695500704
0.4373080791454091,0.6950408315229948
0.4023611080548017,0.8224542008459829
0.5632009208846634,0.8586697507011359
0.4258966625090267,0.7673849883218771
0.5176567579177394,0.7968527067328269
0.5124389036661505,0.7192144043620854
0.4076948747002214,0.6865043201449429
0.4006681821332432,0.5557504098838799
0.3740160915420521,0.6008770706409026
0.3272336066600703,0.7060480422773813
0.3439278103558019,0.6659670921331665
0.3350030257853758,0.6472556584924568
0.25621997315516015,0.6291753060237276
0.23287655664908194,0.5958082007776776
0.3047316411245223,0.5120676140719924
0.22817563582755457,0.41465462141903764
0.21945742264017393,0.5726422790202179
0.21505430629671163,0.47542520031579083
0.21655281984378616,0.40926305742257163
0.1464036592417043,0.33663442949586125
0.20975275352449593,0.46926924621965965
0.18431103776184857,0.3904432808616619
0.20826721203415174,0.2630324130097904
0.2500444055664565,0.302674777822101
0.18429775809976712,0.34327387625679806
0.14894687004800092,0.2103386511502186
0.08994586689717471,0.25555671613280895
0.14593351164664184,0.24813918434920404
0.19764300066093016,0.26429547534888354
0.11140239195605531,0.07778332928596543
0.12372577946841495,0.19619946802792393
0.15610816473841432,0.2453636118390243
0.15650406828178984,0.2005830755100318
0.11699804874992402,0.26127421552236296
0.012149359676643698,0.19735431145804397
0.11804072855928566,0.12797745800209753
0.09383569746003582,0.15162783289059814
0.04757061034217286,0.1537518220126629
0.1209605187417438,0.15232944314240263
0.1898061069558112,0.17008465469618098
0.010774403173422528,0.05839637612641048
0.07488454796575063,0.14125470164981493
0.0863085418239989,0.1972547338858538
0.0871562889109069,0.008506827778659548
0.06185927038451738,0.015492129003341279
-0.012203912289489381,0.0796011450231584
0.0063935487674893834,-0.018723251063572484
0.020733636541313945,0.06306636867969433
0.03203631485861877,0.044808745044255076
-0.05082839459770197,0.08775244697666909
-0.05175536305273031,0.030589016932584312
0.05915307712847727,0.025917499608695344
0.04480080054473183,0.017685594975951506
-0.03765899145220157,0.06880038736709264
0.0995581586567515,0.008521244208293085
0.036238088425863575,-0.010868516033272206
0.03212959851478818,0.10355962055828961
0.022985559850154436,0.008871461532911067
-0.006660602160782153,0.025677326198963492
0.0780831019239033,-0.04113767968015117
0.0012815610312389286,0.10376068955453145
0.05998434936671943,-0.022568747056602813
0.03942092674001384,-0.00689687521957922
0.1138631606556211,0.08823904326332063
-0.0020323497763706363,0.0029252052294809344
-0.05144034927537662,0.011455395383477814
0.0401152521437048,0.02976530280331406
-0.09117459982933143,-0.026198790986649796
-0.07465194437917379,0.043189932749204143
0.0994645740873432,0.018450090544147674
-0.053988599773117374,-0.06679194471300359
0.09176135230447258,-0.027032738302692292
-0.03542434655113546,0.031671159916430866
-0.03458502377689936,0.06658684771742178
0.06063416171888793,0.028523326997043054
-0.035904543391143795,-0.023712194441306136
0.03308886083063251,0.04374712948646722
-0.019850801958052763,0.01884818147383564
0.010490337983540406,0.019549829624756758
-0.0019209626148898955,0.013716108391635456
-0.027402736680218125,-0.003002753615212219
0.029245939240251536,0.005313034701887134
0.03942339945547911,0.00030331265369591947
-0.0541588972249642,0.05487270835801641
0.01473398658892231,0.0656860869061949
0.052629637556520344,-0.04188454572847742
0.06646767334074546,-0.05770880625408043
-0.13594613441214953,0.04321638164018459
0.006079312420124798,-0.006519232739098714
-0.023147331361149933,-0.011539564089147296
0.028245165697444147,0.06200869945850556
0.01932521423948864,0.07255777292318666
-0.022290149449413627,-0.07852873541294403
-0.09654841991102836,-0.05181521986336684
-0.10977549150200096,0.07096897641255204
0.08138287803275049,-0.056108359813219946
0.05814158428058104,-0.0355955204546114
-0.03873654257206677,-0.02383208083761459
0.06754696989464015,0.07792401204849513
-0.0062792706676762355,0.028474682752566923
-0.018714878585688266,-0.1333523290985493
-0.0064619778632502515,0.056684060670853555
-0.04438680328349605,0.04356795521642476
0.034400354818941055,-0.07615350874427128
0.016928925135334172,-0.023510542381460144
0.046792596983731366,0.0855188380408801
0.016915406618749396,0.07443571116950241
-0.0038164190514837545,-0.010263451513213388
0.04003282271516322,-0.09883734651704776
0.0706285861123611,-0.05515122342868421
-0.06398103433307314,-0.06349179003440235
0.005521583189847007,0.03068912013643222
-0.0008901158754207536,-0.0032919467460328987
0.03430649490272143,0.05318865268649143
-0.05800476100886366,-0.07695316410078148
0.0073202272421076355,0.0148941585062411
-0.007121580297149869,-0.0927175801756374
-0.06636530700861275,-0.04294986675085918
-0.12606315607254687,0.04398117116448595
0.030843531205163657,-0.021089696040366045
0.058275548346373024,0.0690991085987483
0.019387147137014532,0.08739744047125628
0.027479434042761604,0.033785854634064846
-0.007323349938617411,0.013045984518480484
-0.0002579282986264024,0.003699112218677002
0.12580291033668542,0.030889543426090637
-0.049728102071786455,-0.09290902665123146
-0.0482523448511636,-0.08098528942986548
0.006702095063031246,0.04310052450002539
-0.0038534468621117743,-0.019696077003585718
-0.03871995023511141,0.07561698422298725
-0.010086419702943761,0.057269370020599515
-0.08589222785189635,-0.07579405088011454
0.0064546091535547905,-0.023554100434199036
0.0202519899232307,0.05055363042529422
0.05931579636472622,-0.09186790598818202
-0.004051472878762501,0.0317080573503904
-0.0038311496590944794,0.01517678003344491
0.016287855841367337,-0.05427202128981538
-0.051600838859746846,-0.06060020148979233
0.05534930788493067,0.09659823008036043
-0.04069043155377397,-0.029288131972661106
0.08159337304218058,0.04280946290806202
-0.0651920033250482,0.04101002039124902
0.046640398484053706,0.10121879951791182
0.0014939275908833725,-0.028537928901004407
-0.0569682185583635,-0.0027890929277666326
-0.004737818246224955,0.01925410836357765
0.05078290222172109,-0.0025653460999423812
-0.015727568823530443,0.05289155041719369
0.03404383571407688,-0.024701927045252335
0.07858633092295836,-0.02140740990101128
0.017605052556307822,0.06150858729444152
0.09300845161465732,-0.01353826072888544
-0.07827357633162163,-0.02154034212527025
-0.024346210637288174,-0.007674995720719174
0.03223637903417345,0.004582285551127479
0.04441745454929553,-0.15153961896706908
0.03786540053833075,0.07030701305061723
0.04771090423654412,0.0026543677473129714
-0.04248395340611286,0.015447159833427487
-0.07113492562200978,-0.01979840630647136
-0.09771658165335986,0.015977201663443116
0.0798895789118138,0.03360538156123754
-0.029883742110323117,-0.02386549912930922
-0.038504598784346096,0.08274357028423306
-0.028016127036779165,-0.001977976554057754
-0.03022936150600832,0.0003061020743255795
-0.04498391368218003,-0.07963105685066973
0.0593346278455735,-0.0007978998411209727
-0.10426384163883705,-0.007368976682394582
-0.039967835488158854,-0.07751940585954417
0.0794794523600553,-0.04389938513840598
-0.017738655675651194,0.04441569449807138
-0.010443201472636615,0.06309483217437159
0.03133843608457102,0.02130786080331752
0.010985657181357958,0.052878747034544746
0.08691910025819093,-0.005666186022038552
0.009188224172117919,-0.058704415419584335
0.08770085163818937,-0.0024164405049392525
0.02223276134258614,-0.06880686516910618
0.02680289757281249,-0.029501233112179844
-0.046645644670423925,0.07854377040528229
-0.0324035183153219,0.003487710981891297
-0.0033130200020826117,0.04255136517672549
-0.08583050889664086,0.007629552513418732
0.05377526861900889,0.02750573506385337
0.03195269775376963,-0.10223158488233425
-0.01874217539404638,0.03072296536393897
-0.02785592305861291,0.008872188547461711
-0.04680360410889858,0.08165405585733226
0.055501520607674576,-0.08433698182511044
-0.007360230364013969,-0.0657889500134113
-0.06858147760672394,-0.03634607906009879
0.06817234955694962,-0.05408980592996591
0.0034815746250336545,0.048633273828633194
-0.01435397448315236,0.08663390435401412
0.09138278060995994,-0.011216119364081796
0.004112935270885194,-0.099201172231756
0.03379174651079589,0.011408805861269022
0.037762624769122066,-0.061843213301255105
-0.0023690548785632592,0.12845407430751818
-0.03630372236965381,0.013404680875728556
-0.02614539825022822,-0.03661772155064642
0.02292846338473185,0.001113839268393188
-0.018151037110099355,0.08047207706184924
-0.07595276338499929,0.07524643055671197
-0.11167586154253199,-0.09475694345433583
0.034714897400956096,0.005730309698860483
-0.012001682340116837,-0.016539935831360736
0.023948554680273633,-0.06182404554286408
-0.020119849523035825,-0.0767323113058191
0.03190591213740062,0.0833915551861
-0.04835142669662103,0.08024549990505533
0.020835249538892354,-0.01797541258473645
-0.11594691740673663,0.0028482676586007415
-0.06652639982794438,0.008031612396673556
0.06696514170876613,-0.04340074311333324
0.06223842086616793,-0.03163098405203874
-0.05699467315376357,-0.029972137963688902
0.0045262298807726194,-0.056381529349705285
-0.001948596167477763,0.030252949849978363
-0.027787921284911754,0.05835972970755113
0.0015357252447869988,-0.08535162639811225
-0.014642359078556981,0.06549322285303792
-0.03239245837395059,-0.07997383300013013
0.10806637261780773,-0.0351619345354611
-0.014046512997619434,-0.0032191693343409516
0.05149055781932084,-0.009638665817538868
0.033311793101110265,0.02630392671636124
-0.09861004243842295,-0.08646082791086078
0.09329829901858847,0.03270134890493795
-0.05929189007406402,0.10825061740391625
-0.09678219901604199,-0.004038067479346454
-0.0877817359838327,0.11084530706835719
0.029399908335814795,0.06322914490085829
-0.04572386595171283,-0.11407279358603949
0.06134721574789109,-0.023679463150192925
-0.007654707866406978,0.03364451819614819
0.020249465045088767,-0.0016770583317022199
0.0733700955797396,0.03076306754316961
0.03696488114775126,-0.05773224545350131
0.06391496771348439,0.03482353348767572
-0.05502584792531706,-0.046600791587721624
0.0560062163685366,-0.03168099639421527
-0.012621097760782444,0.06609922497728059
0.06328581325676706,0.017474780800770147
-0.018772881689924095,-0.04752800587740366
0.027086348501090176,0.027864227046454554
0.034139533773988436,0.10133513354244497
0.011609570911774458,-0.13045927236198104
0.015482887599282865,0.01689345782867574
-0.08802768806605649,-0.042830501064654594
-0.03704037187280496,0.027713910527195504
0.041161178596631695,-0.0026124866747377143
-0.015386782070644874,-0.001818381109215613
-0.025143060974008646,0.06021417717776452
0.11126899684953642,0.015536326277180202
-0.0111672735502517,-0.028369237171486282
0.011993616236015034,0.006787340345578386
0.027318035488426415,0.044973723747653446
0.008181916014750394,0.04173707097508684
-0.044288846442586814,-0.027713929383630518
0.022457735355622187,0.056422157412965496
0.08551392917298176,-0.00683790648104385
-0.0005044443421143262,-0.03823719867803739
-0.01853548081622223,0.04338812303672372
-0.09354092501744547,0.04202205344652284
0.007655296813858379,0.014070859459988353
-0.037770091794672625,-0.006367706575557787
3.374018585144183,-1.380290355138931
2.9653861868278986,-1.2320842366383578
2.4264818093466944,-1.006796989886799
2.185940156709263,-0.8935867147287538
1.7546608466770786,-0.714938200901717
1.3600052751839375,-0.5718044983426063
1.1924095712834193,-0.596164961825432
1.0329461497026053,-0.4072132670748937
0.7850032055035621,-0.32219853670464255
0.5471584241740194,-0.3317034557343301
0.4408623633227726,-0.23153374734266402
0.3213579722782358,-0.04127857838155449
0.061532692920828205,-0.0053908021687641555
-0.014400464177353564,0.023890216002639363
-0.04171994690213484,-0.0506909367776556
-0.06434168840430741,0.056468410149269975
-0.22157365684622055,0.22900647486571468
-0.27301899905493593,0.12437657430524489
-0.3321253327981454,0.12198507525992283
-0.3473492340707267,0.2388374264856568
-0.48575262724170654,0.16185464318262488
-0.4346343395887083,0.13350376446200102
-0.47094449701620744,0.18352178023569807
-0.4848194285878122,0.2898570404930653
-0.564359394277855,0.21374960817635474
-0.4764011907435291,0.09665979008978856
-0.475469539670317,0.23548712982966755
-0.5513322948656122,0.21130536631333657
-0.614646286302135,0.19785119527944142
-0.5265649045951877,0.2576436739162973
-0.6022378077667195,0.28148818620076455
-0.4899243732152567,0.28609641688575377
-0.5115133196412407,0.31803406499698206
-0.5246897254035436,0.19670758901359311
-0.504583324887357,0.16343295219471315
-0.4679509412746758,0.10864168191908553
-0.43847681795955684,0.24410668394134832
-0.5120774327601262,0.3038110693994823
-0.3528775215793129,0.1388059330344663
-0.4184791252811217,0.18339776231513605
-0.42972417462393925,0.20924990126123905
-0.4417450626162899,0.23801642691429742
-0.32332857992317665,0.09342160403418454
-0.3903548091181896,0.07713165035339747
-0.3414685151662179,0.0641297229078383
-0.3266468030129299,0.10811912273292566
-0.33993600590786277,0.1222044258829463
-0.35262053256696513,0.04210037426324735
-0.2836670225984687,0.11752504969351109
-0.25858417079736135,0.08499627030936127
-0.22688555749765804,0.05508420132610673
-0.2883526884900529,0.036432530659990844
-0.1594263201991673,0.10143188816589196
-0.16336003944638763,0.15260484469020674
-0.1910824829139614,0.18408287773973991
-0.24087462788249525,0.029799219918655473
-0.18219960160738602,-0.0691292856392317
-0.13584830823669,0.10928066992958876
-0.19607941406000914,0.08345576861885497
-0.11539126806300562,0.07036247624109547
-0.19785429291530926,0.12580772244763705
-0.14238434001764425,0.08618730963236486
-0.07147023926598942,0.06549694936892142
-0.12543131943709407,0.10964021823982975
-0.08222821238286196,-0.05130020394993669
-0.017987605774048246,0.10700526050413822
-0.10964185687591364,0.04424172400723018
-0.03200340452140164,0.06236564821202571
-0.12658801038346676,-0.031431049934607366
-0.14292975494511706,-0.01741859412743707
-0.08060585424825106,0.06594633548778818
-0.08999659589436054,0.040659637789200086
-0.05656449317875702,0.046525441079659294
0.005224142167185239,0.024333869541037785
-0.10411188886133825,0.026375670514518633
0.035470725055991484,-0.0351581775611187
0.023616082809849594,-0.016105465029997393
-0.04850865061921149,-0.021613448986236725
-0.052399609484051236,0.09800804407042095
-0.10707461639023017,0.07251740270128165
-0.04031998012258062,-0.09179748014438811
0.011545371962679438,-0.10645541848965932
-0.11311065961010072,0.017897033815747337
-0.036309393836938486,0.17081278022864443
-0.028678327690313116,0.02969083023814686
-0.11347551304151196,-0.04243807211098179
-0.07230692471616362,0.003231504224110301
-0.004172269175144468,-0.02278891537132107
-0.03369157557483739,0.06484933628508212
0.016042247728299083,-0.0035630971011049017
0.07129523365514837,0.0954284010343758
-0.08831764754166435,-0.024653379411694255
-0.0034676155023291196,-0.02768883988621942
-0.02169641890221399,0.04325923753974456
0.08268619695954166,-0.043256860926130944
-0.021478016062882042,-0.09773646111863118
-0.021215563326776862,-0.006285398822064428
-0.022801390910640124,-0.05576835171647354
0.08895962269248653,0.02983212086741123
0.057355785086198915,0.0021984813841125148
-0.025470946476340448,0.04773964302672272
0.10649227086011157,0.011968882076163912
-0.1271286484466759,0.06896849366513354
0.015068036405780067,0.03316736349824896
0.018960543735012575,-0.14464567241736573
0.033049810871978405,0.037887808953370586
0.005331146957987791,-0.01828248361145664
-0.022444999737816086,-0.07900209178005899
-0.004070813146050203,0.03521248023669389
0.02942540584727118,0.08676521412420507
-0.08987265476646436,-0.027991329057761197
-0.03990212474242191,-0.004102663206711741
-0.044999537118070525,0.10107938148080339
-0.02439475770441049,-0.013178835761833912
0.11344037089865847,-0.01437518152934004
0.07642453055659967,0.016075151290521124
0.05765919976872191,0.0606238781543999
-0.058440589033768864,0.11573341793578701
0.06505919889377722,-0.03004098019263006
0.043579867006550796,-0.032524067988115926
0.03047595147526685,-0.006812232041245384
0.03132727751343374,-0.020777953042410112
0.018446169132672198,-0.005728013510828095
-0.009568066247943478,-0.0534741433379958
-0.038379431422869585,0.05515774491270683
-0.03431645589058609,-0.0042417167970383975
-0.025493447180533826,0.0029739542894979785
-0.07350847985108942,-0.025811424659588637
-0.03646260284093261,-0.004834361883480721
0.0115777947870813,0.08347608342153867
-0.01838349831165849,-0.07585880451522257
0.07986670525600928,0.02984521801498813
-0.0478091854321723,0.0035084016957058926
-0.07525471331774287,-0.014747767923471086
0.03619391054727618,-0.04834690161862999
-0.08504997808033066,-0.04492855602487893
0.011622430554171849,-0.015024959847040019
-0.05043384052868648,-0.03249066542604645
0.051350566300369604,-0.07589231264215947
0.06876328311079455,-0.011584779154313083
-0.005239211789835276,-0.03369031815868745
0.09900456682733462,0.07249647022978659
0.04920888167821992,0.05884849439868736
0.03898007749717655,0.07919834692902251
0.009013266963145344,-0.02297990028541711
0.04319317804457164,-0.011815581279900284
0.05407258127724891,0.04523921721960403
-0.051476189800102594,0.0030626175689259837
0.03608966291100477,0.06772329323851323
-0.06816582129518108,-0.09675607842038225
-0.03271561672852923,-0.08134379358275226
-0.053473257471385344,0.06646499531756635
-0.046051956283139905,0.03552894944604038
-0.07463013985737355,0.05941192421599555
-0.030494782397514908,0.04088094528260236
0.05542381671055993,-0.03310187616083454
0.0447006793502024,-0.0029569364931015633
0.04407108538161751,0.005484982773826294
0.03187014355223466,0.041292288465630156
-0.0012672000856846777,0.06411078404993456
-0.0043013067392947656,-0.08062896923027849
-0.060487631595194304,-0.0006540434416470817
0.0156810289505073,-0.07043947091343114
-0.010392195495797635,-0.01689942950575737
-0.02968721130344947,0.01975337612300848
0.0348429946623807,-0.013421614362873344
-0.1578679479213052,0.044132442097211226
-0.08651372963703097,0.04309762899392537
0.008230477323829631,-0.09937306266644072
0.046643250347397316,0.009845032380231381
0.11310418862722875,-0.0015786107645351039
-0.1154707533391971,-0.025339134181046157
0.00023217451649860943,0.0173409089178804
-0.022274942008288733,-0.0038418389845746156
0.057247589136620355,0.09197883749624268
-0.06178670677592722,-0.023385649508260165
0.044706594972578444,0.03968917433957682
0.06500209284133579,0.032284004545270126
-0.039334293461517324,-0.0693045465933084
0.0343558667372191,-0.007281861109807105
-0.002550524928891713,-0.04118793898993328
-0.013803494678442788,0.0060049695423518255
0.09584688945162663,-0.057141963358695494
0.05538195687337728,-0.025267053871865713
0.08762280337523559,0.0002634944421820262
-0.09149561854198526,0.019282098261710633
-0.07240648608402721,0.009522491808287945
-0.026800229559619766,0.03487626691924727
0.043898214765972506,0.014739823346348102
0.021265511187444852,-0.06623371681689913
0.04860883838028595,-0.0026250848065314854
0.000160232902040338,0.07162654362660424
0.022567545961057034,0.0071595220722502455
0.030221653778624624,0.028489064391210323
-0.058537574450674444,-0.09476827500657753
-0.08510730139263586,0.004610851315897365
-0.07961042468974323,-0.03470281165187514
-0.04327048842747026,-0.042953356365266905
-0.009919722014912865,-0.016287162789307176
-0.049325039638801665,0.08257187488274184
0.05002189147047299,-0.025371969486637513
0.04224903847449772,-0.06205590014783921
0.017513631239168864,0.06692343940692168
-0.019287850818702375,-0.01543120166837686
0.0036561178757367127,0.045930518458902156
0.058726423644268395,0.08579490343165265
0.09743040527080445,0.03888682221244253
-0.07739612864819942,0.03260934676767395
-0.05137163130823422,-0.11060765447168866
0.027026237603246666,-0.08329973565601567
0.028293037952604672,0.04382733232884044
0.018427136298912825,-0.029363740248800018
0.005684616414670732,-0.06288158520717319
-0.009043234754652327,0.0034032798289587354
0.0878916239524799,0.03665130032130019
-0.0760076112455268,-0.062441631497711404
-0.09165510438033105,0.013047044643410406
-0.11457707865407371,-0.010459122445785611
0.018952397108623148,-0.002414430195458374
0.023700519611566488,0.044185632165148286
0.003916687551002105,-0.0629047038806597
-0.00820926664932372,0.11752993515004341
0.04411217410824012,0.053912270087457574
-0.019127032346480884,0.04065260247923784
-0.024696291959177087,-0.015625051259170974
0.04508909711707368,0.027083661356304974
0.033940474661292824,-0.12215136999085417
-0.04959699349592249,-0.024427010437063194
0.041192083538042525,-0.00651974996457401
-0.06676174594596407,0.017674346850710718
0.052338301776074674,-0.06915883987256695
-0.04738930667670575,-0.02746687694144604
0.02394094449331609,0.0005349610489885151
-0.002913548127281539,0.020444003415276243
0.06623813714889305,0.07659193423997379
0.04128802042151321,-0.018399292041789073
0.03454736999929733,0.04407666625900503
-0.0009039089153291043,-0.05641709024827134
-0.004118468568071569,-0.005752254490438516
-0.06381967800540933,-0.10373086417031276
0.08630369695844457,0.014063250445148757
-0.03573078425832178,-0.027491983960957776
0.005919316269108289,-0.034284221298517256
0.0036635756828618388,-0.05599006258913733
0.026497901596566197,0.07515540187527123
0.005420446806071472,0.00555051797163552
-0.02693602802309794,0.06694144558296676
0.01370046320637576,0.1170691102067141
0.00889837371362361,0.09620635917092948
0.050731666383140264,-0.01659369844325499
-0.09187761946897592,-0.02066617356519529
-0.11834505338832361,-0.02328121168549326
0.000855689761242397,0.029330740454852452
0.06983573562616317,0.03949683452119474
0.03714678436856943,-0.003109998345614036
0.055480838435617776,0.030472920671039253
-0.00016467123254443328,-0.01607656857572024
0.06811541194461576,-0.14399151204624303
-0.02149824828989437,0.045015579499011894
-0.07284649769561595,0.08356164581306155
-0.15361270249404224,-0.09593850561179557
0.04780895838676563,-0.03088569086738461
-0.036386395071830134,-0.030616607528001216
-0.02719157953135909,-0.031210223915010566
0.009387396089384704,0.01668291654140818
-0.05096857618423242,-0.058296695467984605
-0.014140105807306092,0.056259836655588064
0.007576021814152893,-0.04655783474720045
-0.0686398948741728,-0.016109575802618827
-0.004108934467614858,0.035482554758480875
-0.0527075270185855,-0.07688611248362481
0.022847171251374913,0.05301145010416782
-0.0215263099643202,0.026147245443294352
0.09882615696684144,-0.024767690912985633
0.07576496891427821,-0.003182720953210573
0.009766227391532956,0.07734807118806605
-0.01516265326094323,0.12822286496430324
-0.10083167654199535,-0.01681938120598251
-0.020163812981779272,-0.0034924399710271146
-0.03196291137138707,-0.000642916787420518
0.06781974151911967,-0.028269262255868365
0.028886999016755902,0.01907737948629492
0.009567837438152055,0.06335735813584656
-0.020572860330235972,0.06475044363367169
0.0636535497011517,0.014129524520300436
0.03984640428734358,-0.08522632371325839
-0.05384210983877241,0.04168277055448358
0.12402187034071575,-0.029470764385642653
0.047738228001232556,0.0036941494569877964
-0.008645752071613643,0.02993044233069001
0.09759453228165144,-0.03342394792378952
0.014869646450546618,0.009042384795878277
-0.00045316592117608696,0.049644851538216954
-0.06348951940048575,-0.06443523509098638
-0.015573942376417479,-0.04379211355046952
-0.00955398670689512,-0.023064939725830166
-0.0029504452538390894,0.04646922475179727
-0.04673426233606492,-0.05439891438921142
-0.015584947006563099,-0.012260553217987413
-0.07171934968610766,0.08279290759691338
4.35506190077116,2.132950668318377
3.7625806680027187,1.6904952365088197
3.2792300966658656,1.5705201736266512
2.82655782137007,1.2946271343280047
2.4036506784078973,1.122208629327297
2.0459540927509265,0.8725427979051347
1.642000525778441,0.7434207026172153
1.3145067996218345,0.5737831160965142
0.975503212379078,0.5003983704061188
0.7318861569380314,0.3719422299926238
0.6159097351253969,0.23433319928081245
0.31903298670756775,0.1437329241650929
0.2335661263688058,0.09746776774398623
0.07692361967879076,0.043856627779616957
-0.09920804250547754,-0.044439166468734456
-0.16068549726920175,-0.1080283707888827
-0.34490878882552733,-0.08068308410635627
-0.36845724816347025,-0.2443168575773596
-0.5216634054694012,-0.1533742345504444
-0.582910832085921,-0.20021909764924323
-0.6523495155476856,-0.32567655528306494
-0.6035840191859488,-0.24589404505485118
-0.7227129577616185,-0.44075281586423243
-0.6345315469472906,-0.3992336370533351
-0.7074898629056846,-0.23668004931194495
-0.8116273880060538,-0.30366533032080567
-0.7405086360617003,-0.3433928108805249
-0.724644126065803,-0.38800545636410105
-0.7761036348106598,-0.21918684847205028
-0.7257180189547554,-0.3932756226278668
-0.6858994998326308,-0.4440321543825111
-0.7174524362052428,-0.3854974627093728
-0.6954379888785032,-0.3225082364162001
-0.6264017132711752,-0.24677327839962038
-0.6287411596644344,-0.33436087433773476
-0.6836372376530633,-0.24239980241004305
-0.612508033247862,-0.21603924620074175
-0.5694944393987442,-0.2051662860448975
-0.47568666763379197,-0.20873507857833024
-0.5585578233603973,-0.3309037700215005
-0.4851325020800095,-0.22521610216410148
-0.46233919022577497,-0.34744825771592885
-0.4943562394721172,-0.10582107615124264
-0.49910806878932545,-0.14570864305321482
-0.5169345042646546,-0.17568165176382783
-0.3541391911319693,-0.18297054515961142
-0.46443351637484376,-0.2170235297667662
-0.35745177978218146,-0.21554854203541685
-0.4245815353565773,-0.19307776827471132
-0.3496655420634073,-0.14903864788259094
-0.25283958611602586,-0.16557048660608603
-0.2932028656989351,-0.21056067642384207
-0.3045332844802179,-0.10412841016772059
-0.2506453581569878,-0.1660870560938286
-0.1884348385948796,-0.22071750441359755
-0.21833363904312164,-0.10438266612961453
-0.1282610660421029,-0.058500676384081914
-0.2923287802252597,-0.12136167002584139
-0.15674868944284964,-0.15717930827719562
-0.1067608724302421,-0.13193154338881008
-0.21028859714037948,-0.011645087519079424
-0.142808540342063,-0.04559855068290391
-0.13845824060372808,-0.16588684596996936
-0.18746074892756806,-0.04826950833984664
-0.21603161128377,-0.14445966708451408
-0.12983716861484706,-0.0701265394511261
-0.07716868571651174,0.008039245732744733
-0.1937282451301308,-0.05798087357543299
-0.005488086521358931,0.04653571625950842
0.01860748568309041,0.020250014949642896
-0.094209719387926,-0.02802286621870263
-0.16743342087222657,0.010411358409307583
-0.14294835619788704,0.041579471042719696
-0.0905381140003778,-0.057348574291619415
-0.029677125295406927,-0.055776373921103364
-0.09724193271602669,-0.061350861851314345
-0.0889083793484734,-0.08017777204425063
-0.06520199491605504,-0.07449372770831529
-0.052643410384725725,-0.05786592022357808
-0.053853501869748896,0.017370928765596202
-0.04558371531931978,-0.055553331884834356
-0.10858888705150298,-0.1073579834386945
-0.01798846747345839,0.010188119718455008
0.03461465743231618,-0.10253750973493464
-0.12639792463562244,0.04054137510797816
-0.0027123541264545623,0.035801909057376104
0.01973677411652434,0.14168098247276906
0.05872313859801638,0.10086611319519627
-0.03531766878085927,0.02272891735752006
0.08741559211983405,0.08755286796885461
0.02814734589078345,-0.11754346200420485
0.010678617063330575,-0.004779841979164859
-0.05553395822151963,0.016615534313561775
0.03675743968189322,0.04179168037780726
-0.07408412737622554,-0.08208471830253324
-0.08194355355381844,-0.0039417311888603835
0.10806530531147422,-0.05915355469544778
0.02806119788544079,-0.041474633008149
-0.09905570336960229,-0.08729196062311886
-0.032922357719529095,0.0038058033392268775
0.02718117966017415,0.1476213093893727
0.003854929592657947,0.0691833271248324
0.0001519282272787921,-0.018896367474928646
0.13522714056336696,-0.09069854678800582
-0.026927225817140348,0.019102004420260527
-0.049231218181360725,0.04025228327913579
-0.05528229734247362,-0.08722113815341104
-0.05349727471043983,0.06231983688782747
0.0069687900370125,-0.04853734196396589
-0.08284058058381533,-0.024915049279035623
-0.03139515897985981,-0.04220939739039947
-0.04116499674157745,-0.06717063053459317
0.09336461198435617,-0.005049629950190353
-0.06845524399906747,-0.09742639064616583
0.030144163612563384,0.07052814146078572
-0.0010334313761214547,0.050573783865994655
0.07180678994253593,-0.07489105118393459
-0.07108231783404588,-0.007514964690810352
0.011857153124312859,0.026090889720910247
0.02330578569776849,0.1016160848424899
0.021437743328121525,0.03302251911327504
-0.005593374471155578,-0.0957773121668044
-0.021239441458228113,-0.0006846669381707603
0.00804135664448089,0.11599868986640882
0.012400859669093163,0.02517733043163621
-0.03526700591269499,0.007120611401716956
0.01211015476573687,0.06423277240693007
0.09438701169107153,-0.04293112005617948
0.12068244975276693,0.017041439918319325
-0.1263358613232129,-0.0052391091823933335
-0.014200127250235691,-0.07129709631340263
-0.06140459785753821,0.06899890207831301
0.0969599916674006,-0.04323818626813248
-0.06126014277355648,-0.01541839429648523
0.04377546667582428,0.06649264385029993
-0.10594116974953403,0.04258396997585561
-0.03991026210877149,-0.10205227307019149
-0.0025641696406707368,-0.10681866040195764
0.01675018434778071,-0.011585824249175154
-0.0522635874348614,0.006511332189997821
-0.007853773336140428,0.056339441015087255
-0.043163232080809306,0.0005141987381577836
0.057460926784223425,-0.025969282487057578
0.025158357644730046,0.046112221961623096
-0.0013924406366888475,0.02147870471876179
-0.0148776981931513,-0.043893601250599386
0.008491240048277018,0.022726157301350938
-0.08793971660549128,-0.03891096376824376
0.0024392773313187737,-0.005916550395108997
-0.04445653407445978,0.03811815944943604
0.0018932969352035145,-0.012098803068282708
-0.03639358446799789,0.05756640616164869
-0.0244966017861023,0.07834798450091009
0.03822622958089125,-0.0494062809107651
0.06660182898624795,-0.028259534401023658
0.057076161086005286,-0.05366330989374751
-0.021404237904511743,0.003912726212156826
-0.06835908367858659,0.001850178816052199
-0.03073738598354242,0.025249665467364894
-0.007573950194131155,0.0257980843500665
0.0548246942225066,0.06341054307808405
-0.0009041701762212279,-0.04791675941991943
0.06220019304851396,0.0688763134058025
0.1035419862618548,0.08641205178513713
0.019544016944197835,-0.03834492829118463
0.06883187384725421,0.005495969045122593
-0.10666413417002585,-0.0071895287554101135
0.02342999639587598,-0.0024456371814006797
0.06700323958872692,-0.05754984144284131
-0.013995231132227875,0.015367275518562144
-0.027002337075109736,0.004408946452669916
-0.044104865155487304,-0.01592376810554734
0.008491735602012686,-0.03111534995017872
-0.012527735694744122,-0.13117489737203228
0.058462925778386396,0.025889969343911485
-0.022682534767742533,0.06103558895707713
0.04587041659482677,-0.02963144449931557
0.04383182571735535,-0.08998117603424907
0.01545664703448461,-0.014846622350734789
-0.10917711354646636,0.013236978676791938
-0.09332441753412338,-0.12938547348929935
-0.027052786400807955,0.032848560679342054
-0.015107091826385964,0.12545606509238472
0.014479258278424384,-0.009997139447540587
-0.0002442264511190867,-0.03893552147862941
-0.005309670565131765,0.00238445059524569
0.06770615623487634,0.06524419453394842
-0.048969347524426866,0.08807034492746596
0.048551446526952,0.051462862252275365
-0.01422765914484664,0.006060000130642555
0.035512864886563356,-0.006431135212377023
0.04063694636351758,0.08490460512299383
-0.015857807804260198,-0.007793916434427239
-0.03795116036491341,-0.03567876093366542
-0.04529080723173162,0.002350810500241284
-0.041561968498229074,0.027014887163672237
-0.05752611242528964,-0.035130932769579695
-0.024820763854821036,0.029040452538993032
0.013470496717248946,-0.035998371462269446
0.03393991791631528,0.02542866016016306
-0.0048915129571632,0.011492650789479142
0.0312089550090787,0.01113357769658338
0.12077805639849964,-0.04079916654633506
-0.02983674102042822,-0.05073345714307548
0.06755659973503464,-0.08274496027461245
0.009638351478146737,0.03178233175775366
-0.05300236489576586,-0.021385277131068713
0.021311707044974114,0.015258061777216777
0.08966180278979802,-0.08870044862839757
-0.055687211269581635,-0.07876765578365347
0.07055505554887702,0.009011911498317812
-0.005523517100930166,-0.07892176296474115
0.04058886204963564,-0.03432421045395131
0.08878048503060344,0.07213220489812151
-0.07515446537037748,-0.03651039660914923
-0.08225552638424134,-0.05206020289250981
-0.059289685421327426,0.0834131802999423
-0.021366100709694354,0.021940811121264652
-0.09381598866484826,-0.008124860217234027
-0.02866409416463845,-0.06375506116011154
0.024289967812674826,0.04120776275468327
0.01901150003625518,-0.05239494035467927
-0.03541515394079244,0.0358347315044069
-0.03802336995592466,0.08054475607233415
0.029939358648161885,0.04263020179092064
0.030755576083012243,-0.05178685552021576
-0.04128956903522642,-0.01505749152892977
0.040622803116332165,0.059922886066855245
0.03898821280069115,0.08091595563739142
0.035774709570954036,-0.08723352482722306
0.027730076695282393,0.05674747566442322
0.09651804210666431,-0.052328307881368025
-0.09810630870964303,0.0635325691062061
0.018019022417649855,0.07909465727255922
-0.03260477458666125,-0.021292754944478937
-0.019290796139808997,0.004931252673472458
0.031564126589194344,-0.11663397240936796
0.0582143071187102,0.06577426353326972
-0.04578482396969624,0.04221939367435706
-0.004362095424372853,-0.00500255276444212
0.008053129643427734,-0.03020241261511271
0.03000072056530555,0.00259295968333708
-0.04145403733886918,0.020028523856432806
-0.007192951868009738,-0.052355058674961256
-0.0059868958205770845,-0.02531786494404266
0.00986313601736594,0.008876571091347716
-0.04132522024134248,-0.05383968673305774
-0.043474599337713526,-0.0019759549794143762
-0.08354307440125423,0.05334377404602284
0.10429786734594104,0.08716579628861204
-0.003605485879517674,0.060525212451475796
0.032379423531532114,-0.05411101258764335
-0.08213832637568615,-0.046754392798937776
-0.009045550723352279,0.009184411407528022
0.07346352157046193,-0.008804450527166281
-0.017635744896059513,0.04442752598871033
-0.11907367294520257,0.033797344822692255
0.10388612786570169,0.029122988231136557
0.13473240518827348,0.007731472337764236
-0.05428556512143892,-0.1156306456341283
-0.012073039800312968,-0.008445941779658728
0.011798867806291741,0.02355982957821042
-0.038489600443455105,0.006953967443318989
0.03493677572074211,-0.04913321690784166
-0.043824481316040914,0.11526189172724059
0.04346351153067846,0.025129769807830687
-0.024714772897916595,0.0004342255437184417
0.007013102463419077,-0.06732778719670768
0.14406518166231808,0.01455070739985347
0.003265199258948307,0.013487870468860859
-0.06493479431248055,0.12550022482948914
-0.033397057616903786,-0.05372345791932662
0.01955750104340345,-0.04985976444536229
-0.010963450168315863,-0.004410585797488598
0.004299457582404388,-0.02654493119182122
-0.05364176930622627,0.028518722728742927
0.06476410014120053,-0.06190447799109343
0.0482739419339779,-0.046775878373816755
0.008897916222157173,0.011595041436548211
-0.0026017285945977124,-0.024232686477873827
0.026304642902169245,0.02320095254566315
-0.00843447884089215,-0.04097528911030754
0.006052238508349125,-0.036801854541060545
-0.09114863793991998,-0.026069428277147283
-0.07685374237000873,-0.08581258013540677
0.02449436797299124,0.05767481247958406
0.03398292551549921,0.08131778883511523
-0.04568128905669211,0.010762569086201849
-0.05615687398078858,-0.024358656973902333
0.05935022840185281,0.028695780259412884
-0.05447008861919585,-0.0374670520370072
0.10521100623834241,0.0017542300539416262
-0.09881462171782228,0.013288771626829048
-0.00814157224524929,0.04416402978195959
-0.13086837585413486,-0.011002065551600087
-0.03589622127971782,0.03976358228232665
0.049217372598339235,-0.06645057735340303
0.050089204918579905,-0.009884979661959186
-0.018074876936680695,-0.007039752561555713
-0.018115650628476213,0.04640513356498011
-1.3323087820718884,4.777223462372912
-1.169297732255278,4.198320800479396
-0.9572824213707678,3.5437118435645085
-0.9522265586306006,3.0110844892358455
-0.7902601564493675,2.450066228367086
-0.6692043038200052,2.114492785127554
-0.5260859994134301,1.710881035851446
-0.37182801897344187,1.4335599182946461
-0.3971149265496764,1.070517631862963
-0.19737898334841078,0.8170476161943125
-0.043181140300682874,0.5482174897934348
-0.10905317192601446,0.3344163566688507
-0.17938807184803945,0.1640981260686293
0.047577292775208745,0.09611851920265371
0.05696542741387382,-0.07383516694193669
0.0402764400251587,-0.21241986244515468
0.1401063648016744,-0.37361993957229467
0.11114876632849936,-0.5075820093339647
0.18062492215693682,-0.5048664315154036
0.15259968319923214,-0.6272997669112264
0.18635386947945595,-0.6626648790944649
0.19374514334253537,-0.7233243460015006
0.29332775931822486,-0.6729332640135521
0.2036944521437385,-0.7115568953651532
0.2097123102376788,-0.6666307645819687
0.19531102201464537,-0.726739181925357
0.20219183115701445,-0.7322328414592687
0.21854259784472332,-0.7753917472604491
0.2382559950111918,-0.6981405689712047
0.17260518615468398,-0.7385971859737623
0.2315521059063566,-0.7808787584641133
0.21444386003272017,-0.8001009040913387
0.21984561219676402,-0.804337918827115
0.14636189575564781,-0.7128116271291344
0.12738263019104268,-0.7149146389460022
0.20307227871187994,-0.6741853873238833
0.3459091369041945,-0.644672520006211
0.18293631210767888,-0.7260480137733231
0.18057950387018323,-0.5893148433039377
0.22045393681140857,-0.6591018741670785
0.20766043565894549,-0.544948253934695
0.16084109776577557,-0.57864629078568
0.07010285941587416,-0.3662317964641473
0.1412943773980225,-0.5750780301258349
0.07421652692921174,-0.49278922461900143
0.06109752643665364,-0.47713190061137595
0.03464436858437388,-0.3895078878535395
0.10080058337988633,-0.38041047110812426
0.1460590802949211,-0.397902670323248
0.17135315190122202,-0.3540595517686765
0.07315508675184158,-0.30909692756858753
0.08698459293076385,-0.30062854364476727
0.04954460332748584,-0.2382677548802624
0.18319913699897394,-0.3417013726838669
0.0485672945944752,-0.19852597644354833
0.07307627784756023,-0.23235084980274756
0.051884904681463354,-0.2624199862214049
0.03973559734235454,-0.19547499127893836
0.19894796395364178,-0.13430333293769364
0.04244412567134652,-0.2970461378784961
0.11184580257982324,-0.16494663596818313
0.1562970472679225,-0.14301214055110972
0.015799151253744002,-0.18088614198220015
-0.03700329483120782,-0.1539038246640204
0.08050240258643716,-0.2294583380769602
-0.03391059094541321,-0.1449730187675911
0.044907745346462774,-0.106840483954795
0.026877445437292466,-0.04530502465690131
0.12263013660082203,-0.16706731223539675
0.09037848916051296,-0.010787304592582772
0.01833121726102789,-0.12311358646737879
-0.0664305814471506,-0.11166735591309519
-0.011262999974688926,-0.06764277479863717
-0.045611838297542645,-0.08357633544346803
0.06114385833693473,-0.03194177236914246
0.059570439143557696,-0.029259329169973848
0.06447630325877413,-0.10029690185416797
0.016312561862890845,-0.07017926503977873
-0.08996676861306588,-0.09946358432457664
0.010857072855981429,0.0021561795657545693
0.048684116512428585,-0.07358936870550119
-0.051486252230657274,-0.09114881518245681
-0.022174534083524114,-0.046150166926609025
-0.11340893748214642,-0.014688654227255456
0.05085185931000876,-0.013176865702632039
0.08724924155474109,-0.05519200409784324
0.07459404203082208,-0.01749526229842402
0.04305115762678771,-0.05471383274391757
-0.002176296946875644,-0.05837708194897349
0.05194403269639912,-0.053088298421483174
0.000617287980254567,-0.06249526949689842
0.03481092254917294,0.015213826389429391
-0.016543996873510363,0.032065843532477406
-0.004033426746249298,0.0294484439067261
-0.05012686132327969,0.04565783876654977
-0.008005000410937595,-0.007773514212964249
-0.045794313300026326,-0.11485596462804702
0.07275285117826549,-0.009436552512587914
-0.016220751020042917,-0.054604825692706985
-0.03797968935986281,0.023488454754011692
0.02328123160444568,0.0031599319423944484
0.013360568429189045,-0.10858455904587012
-0.02756345347045522,-0.031232427198352255
0.02988858846542647,0.022452352451259327
-0.10146829699738136,-0.03358444298843976
-0.12400499053790949,0.10870776788479676
-0.012229251614650754,0.03446855844358085
0.023763367150523455,-0.06572007743503783
0.004319343139963079,0.03701586170783854
-0.01686503776691823,0.002778691563199449
0.05381520660170368,0.00017493085772602997
0.07965183174828606,-0.045708924971076016
0.016804647561371802,0.0397786208205547
-0.048729730654320055,-0.10547518043687552
0.008123506561641545,-0.014711046416260778
0.07318972627310093,0.02285923888289668
0.009726313464392587,-0.052438624035074495
0.021250422395648106,0.07116944953896182
0.015454823328588482,-0.05188162362039795
-0.023895279838903553,0.009623645586783386
0.043335758219406224,0.09638396727079711
0.002503847616819154,-0.10313827221637004
0.047963955685354435,-0.06495923560674063
0.019788821952206676,0.0638860015501001
0.055962239696040986,0.05494720640091068
-0.0031831063596007647,0.01783801098499588
-0.015003138630817758,-0.07744102135422827
-0.011214762497203507,0.035628098863876995
-0.02889727766291593,-0.09316912181786495
-0.023262177240035115,0.012680089849316165
-0.013501956806961115,-0.031065742565938116
0.010415433388863117,0.053796475046449174
-0.011447911337555778,0.07784153825802886
0.00018343345350271996,0.012641635941405265
-0.0032749775852365516,0.07352777713530337
0.0019675198455579835,0.004585937057482238
0.058155101802199016,0.06744242553996652
0.0036485834273825863,-0.026595623376356146
-0.041245072888854234,0.061824275518569165
-0.020663395026036015,0.025413370086733576
-0.055728334741500365,-0.07427944411095547
-0.00782062367332435,0.08142539889689483
0.0020218418584758858,0.04534286865104881
-0.013464823858779784,-0.05888190695441252
-0.07808465565820501,-0.013773444639494547
0.10756163947050032,0.019550558589065067
0.005250915461681242,-0.014353538616603292
0.0036508677450933125,-0.12972954547652948
0.024159795323947103,-0.09306136021463722
0.028407096857399363,-0.06165139251941716
0.00709683142661061,0.011332273626434384
-0.061853251555331556,-0.09696470642864338
-0.02315156529545733,0.03827192267445666
0.034434850626537394,0.07663566709173054
0.009237961171910225,-0.02559046766887594
0.0731957412882832,0.037058647843728434
-0.029632020184060665,0.02809727774920413
0.054353472198934105,0.10022260218575006
-0.02611188884874167,0.11392161379457014
0.04575958973946062,-0.03834144303326356
0.00732140305511547,-0.03479372385143115
0.007934231051583786,0.020847965619765856
-0.03316386755036025,0.08362351569320284
-0.009585299112299484,0.1360286951072291
-0.04066892075897409,-0.005323320841573064
0.032856715637445244,-0.07465696910271877
-0.03593975954705263,-0.035364080234334155
0.00391700864158168,-0.029439801771427646
-0.016197139059412228,-0.01244666137969377
-0.06026546742580361,0.011695375052927455
0.02200842114192883,0.0016076907233765377
0.07005313651483952,0.08821144948686253
-0.009610648411743498,-0.09572069783506759
0.003933314160247187,-0.028057664991164598
-0.008148893685250376,0.0062422194565995865
0.008833104813612422,-0.00811380236355112
0.09493148105940422,0.012393658805813449
-0.04113186186839792,0.05669880461799555
-0.020537001211435087,-0.002157753466345426
-0.01221720714997238,-0.03107637951434334
0.01836346889875548,0.025912345186072584
0.055392762707557885,-0.0026520289165685683
0.024953284640635984,0.02672013565988793
-0.031490169905391815,-0.03742256024274741
-0.05658303835662226,-0.07093230047008212
-0.06419597056608244,-0.06599725638649936
0.007169322702385163,-0.11110574409592497
0.04352669468871248,-0.010573380077860997
-0.11115584162207748,0.03652272873978263
0.11990484730686596,-0.06581458921435085
-0.03828229099194298,-0.04100477447301212
0.0695315822995999,0.1275306538475492
-0.06432682865326823,-0.036407093692979904
-0.04064877290282745,-0.06452517706530483
-0.030984872093560475,-0.008202171467020935
0.03903722227266385,0.043818364597040485
-0.07517295976081187,0.06554505009725606
0.03848693454362818,-0.059608196714951885
0.008989246248887955,0.01959435804526994
0.11050273350839286,-0.006358194131146541
-0.05015145221813242,0.07867114171420769
0.037782256841468825,0.12364878416052975
-0.04475706014716142,-0.06578497858588164
-0.10998512568278185,0.014562710211499477
-0.017810170054686006,-0.03130190754801916
0.026283530371079555,0.03103220123387988
-0.014510211358489825,0.004381699648586866
0.027371972035610335,-0.023954763427802797
-0.004656642676834461,0.017874335305626828
-0.03041056171449988,0.02599597620708508
-0.009351154903288254,-0.001708309614802752
-0.01600002056686998,0.054810007560815735
-0.057920641327564054,-0.112281525143183
0.06413377872726934,0.04528765336065103
0.03920654428014893,-0.02376647255660872
-0.013861859591569953,-0.024659849280403365
0.04864520170266401,0.024413513553766336
-0.055427942853165615,0.00902593040160874
-0.06159308226519987,-0.053875974005893446
-0.07525923354822157,0.048479870289505414
-0.028016263506028715,-0.09361699959678085
-0.011778864419087362,0.0903260295999104
0.007340270610865254,-0.045589830048903046
0.07749332059510065,-0.010197130476711974
0.004961467421434437,-0.011189629727088351
-0.016393392882225202,-0.037338083751318585
0.1042920688881679,-0.098817289322077
-0.016327162309671607,0.026398276375307367
0.18445157431810508,0.023229471588801467
-0.0010285330446399375,-0.05004262827610743
-0.023870383854364623,-0.08606664565637044
0.0642917515487468,-0.08709824999324785
0.04623759632720416,0.04821314332734858
-0.044919574527800446,0.0003128513166686456
-0.042579337357202145,-0.0008205089596063087
-0.013117939565104339,0.04785299627070246
-0.05915190064565544,0.04571371284159376
0.033613412746871414,0.07786485579587166
-0.14094743980175148,0.04784186854001485
-0.06109195093984048,0.02711860746323278
-0.06142199538344881,0.14523987658267548
0.06820095058793038,0.028611621720062347
0.035366004730253364,0.055660731428799
-0.0117057555016209,-0.07087994207586748
0.0062361468312696865,-0.08426800952910818
-0.025828176344981017,-0.03134815067996992
-0.02262046661043227,0.04794729658811733
0.016939160719444117,-0.030277217196926484
0.001844510640950682,0.004059811482386388
0.03782256273869163,0.060324239961328074
0.08285091600852562,-0.036397240880622315
-0.0028156425713600428,-0.0012720543968739728
0.003416770278769809,0.003023958776127168
-0.035769336789629264,-0.013160524064679638
-0.024563223281684813,-0.014439828105601222
0.12920453425061473,-0.040783188308509806
-0.03401966575810213,0.09374743317797761
0.006004019246521778,0.035622262322141426
0.015755038703081745,0.012318748469252964
-0.04646260903984678,0.03584120963228224
-0.011401036548633992,-0.10664951829863303
-0.03521195250606248,-0.04850814668367691
0.0475247425039451,-0.011195627495556429
-0.04344463122734324,0.006507208880685141
0.021046316852263006,-0.11660333448424685
-0.01851063484262031,0.05505755804968651
-0.018269477821241657,0.040544471047651194
0.008205994176098698,0.07661669639348297
0.06270633288478683,-0.06917497752406723
0.02840654615763017,-0.04803993881057915
-0.03232761473843937,-0.03512656003902575
0.02476037042273626,0.09826159347654906
0.04390457227390658,-0.04305682175041345
-0.11179929186924535,0.07511321783027947
0.06303553668805467,-0.040671064155751224
0.0020555638866115835,0.04883093816436634
0.07501391470994946,-0.03097030820381864
-0.0863232563971778,0.03240769379240145
-0.029617984290755742,-0.011144114006787553
-0.021151991729762752,-0.02132170826298262
-0.012087916609581322,-0.039484801575089275
0.04913893277427667,0.012930026888540527
-0.016370351588918995,0.04237909148073145
0.0408291723576761,0.01467056615142226
-0.06010518043745343,0.13399902174644945
-0.028138202655506865,0.02947767687891161
0.003212373724527165,-0.08189840909931903
-0.011893682990393374,-0.02169990852202752
-0.0035859121816033297,0.056007487630370514
0.10048226747867244,-0.058781651259120486
0.017391260684169657,-0.06375536459096885
0.04666430997042027,0.01731581698257431
-0.01819134781094082,-0.021154415661267124
-0.0013542256087000174,-0.05315948798029091
-0.03242843395887407,0.015840500663889992
-0.019921489779193644,-0.03053337369443778
-0.041161967827018295,0.015079858370869566
0.06167973822179003,-0.04769446873922766
-0.027217246776898105,-0.04871241737909114
0.048799489164774425,-0.01877077527143116
2.382672872649991,-6.614431376150254
2.1513880089577446,-5.743194138475331
1.8932323653357246,-4.970749402838758
1.522207230730416,-4.2570690615778926
1.3590868183286289,-3.5915111667377078
1.0590193968430714,-3.0030760309163242
0.882450431907625,-2.416698763479737
0.8183802736972255,-1.8587370427691872
0.5438162769133854,-1.5430105561836724
0.43507191514411625,-1.203420896129466
0.2227507898186476,-0.7594491060810655
0.2501337088125716,-0.6045545787354065
0.15647254744270342,-0.25794720312381636
0.013896255943039199,0.02318078870641932
-0.08385110888413924,0.08086405417985061
-0.15839868124964684,0.34941866148847767
-0.23854261110149888,0.531703231679341
-0.1655692047716456,0.563315932111903
-0.22081780672548454,0.7622854555227304
-0.29384218106743515,0.8033385618370997
-0.3569787191103515,0.9321688275911572
-0.37210173438277383,0.9119142622654113
-0.3185465972316331,1.017542912615799
-0.4260034226303047,0.9877400406347093
-0.3962382104631808,1.0514809126615288
-0.4094893475027942,1.0624971331788442
-0.37100608847159955,1.0841529668598868
-0.44544643468449724,1.0742788048601364
-0.3282405721396474,1.118585619770033
-0.4834737794433857,1.0110506207921706
-0.35655829546632034,1.0679548745552323
-0.3534843537963031,0.9303276925963302
-0.34568091866615336,0.9799959209076884
-0.4173195996087398,0.8970951733497518
-0.45302370109653844,0.8741965987842637
-0.21168323377125092,0.9155196235949018
-0.39593454656944116,0.9831479086415379
-0.19925064015805583,0.9037177117206098
-0.3033864699271992,0.9400792907580579
-0.39164210074121175,0.8698596240513704
-0.23362154680884326,0.7862570259068624
-0.28084117142443277,0.7251287250460058
-0.27909528701798203,0.6457335568749325
-0.35449310634062703,0.7035513998741647
-0.30527544140583507,0.6855234295906018
-0.21490938032378462,0.661626544885424
-0.21123191310726466,0.5786902026687867
-0.2579141792208076,0.5812339347089422
-0.10179458036428575,0.5658956835144543
-0.1946631223565053,0.4090641615244497
-0.14430009159539253,0.5086265010229516
-0.06261023551089373,0.46268402863849606
-0.1492479933432208,0.42013327373019405
-0.17813441299248392,0.3468038286277276
-0.19657764955488077,0.4208420498956003
-0.13314831384751838,0.44679295178159484
-0.26245199575935785,0.3661382062908618
-0.15962344490050534,0.3540681663425751
-0.01214469796603386,0.32556833303715094
-0.127521533654122,0.3447419045832572
-0.16708304510732042,0.28265056418916984
-0.08814289775257043,0.28984251805821365
-0.029187302469125757,0.22408239308288253
-0.07518445423432686,0.13649476045323564
-0.07923618124434395,0.2365002057107274
0.0029457612147869225,0.20875059127463316
-0.10489705142860067,0.22545230981239603
-0.03181031665123417,0.2830208292260968
-0.003222555646563409,0.11514961518767705
-0.029281473851705254,0.06711736493240196
0.039525497557280596,0.13429879601528144
-0.12796167899441413,0.13362206398600285
-0.014926511243314983,0.180759917045492
-0.03998729632084824,0.11350920935923585
-0.028784529508078215,0.05997223522208349
-0.06549014891752344,0.13543605353784033
-0.02348560727455897,0.03536186098477068
-0.05245626385580212,0.1513647931924485
-0.00013763354306579878,0.03813788773491583
-0.01755561660778155,0.02665886028137347
-0.02930682269534318,0.11718323652540573
-0.08324659319820768,0.05823599454917395
0.018003351340228964,-0.07454233178188725
0.005456212397522121,0.0373254817675605
0.025369984192859803,-0.044701889525504634
-0.02721762697170828,0.07833160131305018
-0.024378033985268558,0.055840816455931384
-0.0006594261954594727,0.02156195964053152
-0.052397587928941634,0.13691720312704536
-0.009514404023700216,0.023152979887906953
0.002830961547968032,-0.026601850919630788
-0.05887507048225369,0.022194003377767814
-0.027686459771121927,0.0971243370903021
-0.009667341631719829,0.02543048871626256
-0.013608025563132408,-0.025899990589268018
-0.04588650663786901,0.005809893996999689
-0.042538918395378045,0.01453270781663887
0.018784876752486124,0.03532772868323636
-0.04767933309485055,0.017651931071048683
0.016626859131502178,0.0455950785608661
-0.046332632272742216,0.029798721063279302
-0.0033406731412453485,0.010229636398230237
-0.06748991923444221,0.007484571056591602
0.022496421828648264,-0.023052009300517335
-0.023529907287030985,0.023517979909834456
-0.06544922415089248,0.09710471560730143
-0.009228068177626484,-0.03235385680861216
0.017386462639468123,-0.05134225159904071
-0.0858298391455761,0.09294358174470117
-0.0048599333065410324,-0.004055693915380229
0.13541732899690404,-0.08877477987210193
0.07605711806448007,-0.00503626190478749
-0.020030338041684,0.04914713171361556
0.04970553563712297,0.05497820890702136
-0.019229416442967266,0.04032976900261549
0.06389937695143295,-0.05915801983209984
0.005304331439185746,0.03541903662259396
-0.05129702637490688,0.020119217085852743
-0.011187422872638922,-0.006805998578349582
0.01753367556053036,-0.040960315132282654
-0.05274688400539056,0.04572660435424282
-0.07891157279365234,-0.072185737225626
-0.057894320202476375,-0.06833128912120884
0.107611693968037,-0.05813120043818397
0.037022831252677815,0.008606812131175097
-0.0023551044600300035,-0.0018358734905602834
-0.06437705927652808,0.004512640581406402
0.07397894906887495,-0.016789177981062185
0.10264335426447205,-0.08875063502628608
-0.05084317376184455,0.10338840871639192
-0.01263785900046466,0.08603105898725148
0.1310161384516348,0.046666801747538816
0.05122321156012569,0.016800067715481384
0.09994908748800382,-0.06375248997142448
-0.06026462182617287,-0.04128502282950702
-0.10475489357864964,-0.031665285964737264
-0.07392901054350107,0.005105523235594933
0.031346839529874215,0.03788898250948071
-0.03513689921647203,0.014469012722981497
-0.056704806168053824,-0.03823810255546
-0.022836430187394556,0.0251316111416901
0.012833151545277017,-0.015574855714816163
-0.11620606672088045,-0.022490975517221214
0.054060118246543706,0.026706335319115374
0.006502730420895258,-0.003637984434816165
0.05758876145064075,-0.004685771040689665
-0.029999408090550825,0.03086083309537424
-0.016473293501658152,0.04413360874120654
-0.05574385682765294,-0.0029667554033122687
0.0371286994223639,-0.05290141172473398
0.04182031951149299,-0.0126245497842013
-0.07014577008256483,0.0008884148087019983
-0.11686534138980907,-0.05693023032680432
0.08642430930659961,0.10663496487098985
-0.03034170308723499,0.028190461180480075
-0.03054804993468643,-0.03537502982523905
-0.011950645115097847,0.02796948953218756
0.0344212417299471,0.0010017779564651785
-0.03381394175411839,-0.016341683533265303
-0.03334779713039755,0.032349735382158594
0.11822048954492673,-0.08967031510829734
-0.07572550012103287,-0.0248143965543683
0.003667226638062182,0.023181571338071496
0.03859349410934396,0.0009030979155062874
0.09758251489582542,0.018160672363304375
0.08028323515440033,0.011380371752692922
0.06843353678192006,-0.017542158516419847
0.06420873642816846,-0.027442159433822225
-0.09932656644218289,0.07158044604483287
-0.02752594450799341,0.0373943903251736
0.04115054821969566,0.030001836605155048
-0.08421191519432213,-0.07516112639079767
0.07088098935051405,-0.018030024616797747
-0.029778180613841673,-0.03559148517430937
-0.06034166271404982,0.017456513703643973
-0.021539521838407596,0.04806818131534055
0.07809724553843922,-0.01174364002194122
0.024583828737499893,-0.07095429121974946
0.0136406326556151,0.11704253279345012
0.07863298552781908,-0.07436486320845216
-0.02872165641985612,0.12372782262017713
-0.05293925699929755,-0.06452441534956958
0.013991118617744401,-0.0011669949877790159
-0.031179054517259178,-0.010306533210478286
-0.008727671715633817,0.05975176469570573
-0.030013695782604495,-0.02774235435517026
0.028422138783197035,-0.055335303143843384
0.016672400955881125,0.01733310028226443
0.017242832412119404,-0.10833783812248048
0.0036878850764354935,-0.027507093633518172
-0.08206857807693846,0.04368282093801512
0.053061699090982795,0.0009886332289846542
-0.036233358692983025,-0.0007200261632412386
0.08038260849164769,-0.009371977456111638
-0.013161446857777129,-0.013722263863482975
-0.010171807091464348,-0.008647692243913836
-0.04196707567861335,-0.002650795279963215
-0.0075036419032354935,-0.03013119297770364
0.00590769585694304,0.03408690776870206
0.005519613748745883,-0.04836422467097761
0.08572659866914284,0.04417005911537653
0.02595969958755281,0.019958788125720047
0.03001965961129419,-0.03984933048833046
0.011841606280092256,0.09901247554446467
-0.04693295781327886,0.04257802628705397
-0.023164504479047728,-0.017114637218806038
-0.010084933161146108,-0.0878515842588616
-0.17249912108151574,-0.07769782625770932
0.04664578488247671,-0.021862575285347838
-0.020335362611989594,-0.0381313629274157
-0.016746690630013026,0.04652996551135381
0.07457448074071121,-0.016293442471064457
-0.002086254362080729,-0.007865518763773897
-0.01872676618616092,0.026460604627913588
0.029805150284775244,-0.014482072380057935
-0.05469007966080067,-0.016004617161250755
0.019470368428185673,-0.05512468982849329
0.016410866428137206,0.09382060166862312
-0.041327679413602415,0.027386693816267575
-0.00599273431010776,0.05703427908058823
0.02687891380677048,0.10450361439057068
0.02394243728539447,0.05435476089116859
0.030381169888798416,0.016211572817752155
0.0036466855881511894,-0.09982633668608229
0.07007179184715409,-0.06594712880563924
0.11624784669447927,0.10704203376243636
0.009260840673319216,-0.05553429935947319
-0.016063404909269958,0.09975060042634029
-0.02611518701662725,-0.07630272552549483
-0.006668700832038608,-0.03141127167339524
-0.01663858360313812,-0.05861630964455593
-0.06452244516778247,0.003347712036628676
-0.017772976048699887,0.058488422165678025
0.08335114355754336,-0.0628280674388647
-0.046333660460557397,-0.016595921261457636
0.04171906796293064,0.022630083684994626
-0.08873023489819246,-0.06852052077877488
0.021383130645618375,0.0573676720628363
0.047378955898047796,0.06156974514916823
-0.03969369717103667,-0.005358192175197037
-0.04597583464900093,-0.011660474494984198
0.003456074760996722,0.02182521567369298
-0.027724986058177893,0.0019671869978675057
-0.013076772376357317,0.02816158001495032
0.058817828553688924,0.08645767754490769
0.02076358689078521,0.036037324898071856
-0.040287878521068174,-0.018242835444151177
-0.05009434475687072,0.015508480635978494
0.0014333349868900242,-0.017250560635828308
0.016317296645749223,-0.04145109904721653
-0.001262351917880107,0.0658350846816894
-0.11260979601104304,0.07859012842885336
0.09647777219852016,0.01692533242467288
-0.0362682752946661,-0.00927392842115711
0.01164598246631571,0.023529698010958673
-0.053629132533687736,-0.08067262651015078
-0.046319642885255155,0.052841576651047675
-0.020640752471269324,0.06982207616307645
-0.0043332975579446625,0.08233884874335308
-0.019505229146200072,-0.1491306820443188
0.0786885375969718,-0.004172675677178231
0.060024671783476806,-0.03654249222655921
0.026573879323712003,-0.016134729024224942
0.01793897263838622,0.028515633983606042
0.004255879123923158,-0.0824119766896397
-0.04784932893267914,0.06861219126852888
0.0006100501281850823,0.007456612494012152
-0.03185847290150026,-0.0352876396353361
-0.06088361080924556,-0.0961310107362829
0.07934913714450822,-0.06397143903548695
0.0004549501855587012,-0.10572858215684591
-0.07013967705704735,0.010863168751966345
0.0316197010657614,0.051588549848210805
0.08241959293214557,0.11030260408212547
0.01912321991716502,0.04716181989430014
0.11255407182023021,-0.04269226270362599
0.0022849121958239595,-0.0739708577035023
0.014715020409057844,-0.06987384439320925
-0.0400656285987209,0.02309881610355996
0.02562163582960269,-0.10911007952304931
0.02716316034389435,-0.01983208699398789
-0.05306796311669811,0.01117333420985468
-0.030328154345483773,0.04546751861142327
0.02062755887803728,0.08801375006180048
-0.009394648518534374,-0.02098978127411524
-0.00548764424832964,-0.15666651164475837
-0.0076266586490632,0.05056833570151674
0.07358257117690188,0.013149272382602334
0.0501177872837974,-0.07125616931955983
-0.10576212492613295,0.051391698104323445
0.041427757186549376,0.004432057664647465
-0.05372350920984048,0.007982059539589746
-0.060082505284033985,-0.08098429721954715
-0.07014619446058863,-0.025567027900856278
0.017133021965499845,0.055377053563835835
0.00707693616207386,0.04321268736219776
-0.06343394800566765,0.005471039419948032
-0.009277577280707366,0.046279450418678536
-0.02264645380015294,-0.06517540275410647
-0.05976336561994014,0.01882759859147179
-2.144299828550944,-1.4757632284693358
-1.8223830107432188,-1.2980156627382422
-1.5944000593447816,-1.0696607170901555
-1.2620975376849752,-1.002755060887161
-1.1730682711289826,-0.7682915042707176
-0.8812879894948473,-0.6155024234446312
-0.8022699804858351,-0.6324868413906819
-0.6856199756235563,-0.49453450543367783
-0.5295091314505668,-0.28168598582075083
-0.3841265265035331,-0.13575589301323177
-0.24438718966153286,-0.17752153954072497
-0.16823212675070986,-0.08440981239256157
-0.1402102493997697,-0.10161391669442799
0.03847619905839182,0.06672175765647961
0.10886868849479482,0.07667957945928962
0.09184058690150394,0.07037594259204903
0.1610141607471018,0.18076366175967384
0.1602813708166733,0.09190642953225096
0.22091737717019733,0.17146429080314393
0.16500679436903812,0.0657582035896562
0.35990958086865404,0.23953489556950763
0.22671288672064183,0.22187451266006605
0.2801592794330618,0.21863164933810939
0.33032860598121533,0.10024328656915729
0.4402145550324165,0.20703154459114875
0.3766163535702531,0.30745515005637036
0.3116261734477866,0.2076647733291952
0.35080891399568204,0.3366360509452252
0.31829927164788113,0.224646438217524
0.4312786956545253,0.2479718645947772
0.3328509513894804,0.23683756875457063
0.3260759936043523,0.17642696159662602
0.3171064614755133,0.2871166905499387
0.28619479677600135,0.27539680632334956
0.32479327369843963,0.16804515335031642
0.27185476117909935,0.28083734627599355
0.29579562850552,0.17416634209214396
0.3267685739979134,0.054884911456307944
0.31503486108191414,0.2428475809012132
0.17819944272874744,0.1509178621170964
0.2938494099612141,0.23891429276660586
0.19693357973785452,0.16322712484048646
0.19682140549306953,0.1822917271045248
0.2050967482170194,0.1798171587395806
0.23490333450929796,0.1423141474917391
0.21726404924846932,0.07812305662435298
0.21269685874851949,0.07918379351326013
0.19211417646660306,0.22164298139196548
0.22824624293714288,0.15050309763584252
0.12297074817678869,0.07834270379401462
0.2232801849783474,0.07521497079633695
0.13158944288336677,0.1304883257805809
0.06548789217923287,0.041456068094056414
0.14278535982665008,0.00987089985046291
0.16344996691289834,0.1653958667584915
0.10276875688940408,0.0499703597600132
0.10035600097843546,0.057688202107241585
0.15291540714816626,0.05878981659493396
0.12137450660240133,0.0649714034518199
0.028482701948485026,0.11403746839037593
0.06411102943623156,0.08550148428520561
0.06846794073412263,0.06722828159633526
0.12810987528108597,-0.03739749731924816
0.10084141627149706,0.002077845742008942
0.07101590020186763,0.14039750059043044
0.08542584427361805,0.18090126147783514
0.028412519996494686,-0.04932522376717892
0.1056631131028312,0.003935740756270772
0.09332002324113164,-0.027461477952093184
0.0017054322670838427,0.02922469120675402
0.011658328928705988,-0.009093229672161172
-0.027086625149651197,0.03047040765388928
0.0012153075570532496,0.08068062363449065
-0.101464447799051,-0.004429487152515885
0.09315620791737927,-0.007133849139241144
0.030265421561843413,-0.023640617527514268
0.055196460861390365,0.05138666276474327
-0.038621970612974954,0.011531782994200043
0.11142514781073196,-0.03332315911353976
0.060596480556979374,-0.05580212342746342
0.027202608574311057,0.021397391896213883
0.03938903413693942,0.13260728203869926
-0.055245418399355296,0.01126534736437802
0.008959805896984823,0.04261291337231629
0.04096076538279013,-0.02154584741919526
-0.03550282206589066,-0.02266962666265222
-0.018635942277824148,0.02944113056314529
-0.0585735625816864,0.08134303372404707
0.08340729358327692,0.06871075100761957
0.05270751557188766,-0.0543622017464211
-0.009139675983378016,0.018355058945223345
-0.05756315119035743,0.0060381799150150016
0.07524617316525195,-0.005057046282608439
0.06655550629650431,-0.002917671823811417
0.014748623575422285,0.011224811888259481
0.021067825656493372,-0.013803493599890325
-0.011395768624298992,-0.016153604856257258
0.03686619832609029,0.11714042215715162
0.017706878543231136,-0.02215645925329983
0.01477233998156638,0.021086178903109314
0.01575160170133534,0.005331482540868581
-0.021183213310886732,-0.06534392813634748
0.011165896974097492,0.02696417585717921
0.07667924630636361,0.0029280419274461235
0.03780314378633348,-0.0967493324995156
-0.04335060967140918,0.02713007778022924
0.013219547802565273,0.1360808488210641
0.017882273519962463,0.07350565472359226
-0.002381537732965573,-0.04711244157475562
0.00784522041190738,-0.03637293168469343
-0.04232236561288709,0.014097154184673428
-0.03293580417858826,0.04984619080598795
0.01869062712099258,-0.03731606517153051
-0.01292188697322006,-0.060956588616006044
-0.06039681630906633,0.04037007067058511
-0.01397411336778006,-0.06081250019989351
0.009362093402423744,-0.07166805733478303
-0.01766879496212397,0.0348985718782291
-0.0020536064058977836,0.002820266993318642
-0.12121121614751544,0.04083860248146308
-0.03784445581818507,0.0172106850122154
-0.003420838455312372,-0.042852312198683004
0.07388455988973185,0.02143796474183792
0.07054710995654696,0.05114803021065201
-0.03585402080830291,0.0739205172845391
0.005690538093712625,-0.03168563047002536
-0.08599651407068958,-0.0012536816907460432
0.01836671891715723,-0.0667730426439909
-0.00010082127745630106,-0.008129030220860135
0.0332889975187408,0.02662775303953186
0.04678674403010209,-0.07063793007389607
-0.04106525072601807,-0.02858305269210522
-0.07768703763222438,0.05289174009759001
0.0445981228646591,0.01764603503356503
0.06478793965292431,0.023009094901701138
-0.031094615501477612,-0.036740076842351116
0.011664598317059995,0.0024441705137537018
-0.018885890457346437,0.030023813636682453
-0.03898446559621704,-0.03312152508510513
-0.004452292479214819,0.03372801011223866
-0.01248398100790684,0.05513472078266779
-0.011568203896728461,-0.10575642006676327
0.06036623583990479,-0.08963214542727733
-0.035016788334271,0.001487437195355333
-0.011267880685164855,-0.017495756491812807
-0.024870610593792825,0.03915636174682353
0.08994058668095353,0.003272396580140063
0.08011635637010985,-0.01116389219988478
0.031533834842848905,-0.0006620732990655796
-0.01453479104980605,-0.011884952395297577
0.019517239451556808,0.0518025610951637
0.0434206930083639,-0.046912306806253114
-0.010152819233415563,0.061009366508792934
-0.0748748577717586,-0.02632059031972077
0.04697919590909883,-0.07540142945241014
0.0820457119745629,0.022981054463233282
0.01904588625441076,0.05450010496087791
-0.0690586757299517,0.08144996308145958
-0.026028236317160596,0.0034373075952107215
0.010575739356237448,-0.038132560523513256
-0.060698858783531005,0.035207312938842925
0.02392831947225583,0.017622275929372155
-0.02238993657006407,0.04870607670471805
0.013059451322964294,-0.003327188746726783
-0.03400672144158585,-0.0024019366625698535
-0.006122549167851785,0.04244967296531776
0.0063664693754087245,-0.049982947564148394
0.05389297685745002,-0.06960162574300133
-0.020698132435406604,-0.05204492201117236
0.02980621811669927,-0.031250777644365284
-0.034946453574603534,0.0023964636360765124
-0.03644242801837267,0.07896349403343357
0.011893042657020882,-0.03555002995323263
0.03174880489332649,-0.02635664297100005
0.017727323676522654,0.04634982227594664
-0.022606857776974725,-0.013353332474640423
0.01164288981120912,-0.041224090027740024
0.06084412898982225,-0.061537098977255615
-0.0350942035763383,0.06766802397049888
-0.09966684623910246,-0.10410093805078406
-0.03895357596290668,-0.035220610503170116
0.06554677197636201,0.10203531259964205
-0.10615635497217607,-0.0720744866884825
0.02431648719785693,0.007528402806445171
0.023570817503505984,0.007594933485219469
-0.05875101245712393,-0.045118261267438196
-0.009601797944537261,0.0348388144113079
-0.018348042580362756,0.0006758012842240178
-0.03576595308138843,-0.06147366300838258
0.05254997555997476,0.04978786828887182
0.05788031275091292,0.0682994232523089
0.10659272433686236,0.013251506822092177
-0.010193116003312429,0.01967613370113058
0.016371822800121956,0.07570520384886752
-0.03317781413117486,0.02794928699311331
-0.019926713156045536,-0.007054118767464576
-0.120318660500812,-0.04810638167874797
0.06101447605511587,0.044546549146551456
0.0857765092738805,0.03729159999048534
0.003206338724296897,-0.0657270271233866
-0.0036825682539607186,0.04300378284954352
0.018760506386448318,-0.03698711543116688
-0.11542344482449801,0.03022621685872428
0.03398653042129632,0.004785852176151132
0.05379864193422565,0.08155953750485119
0.01543155816271311,-0.04489081549764186
0.025664383183015668,-0.03960336027150365
-0.03932804686997367,-0.021688266674979507
0.06903650110844325,-0.039106190404517675
-0.01369660860862615,-0.03029573211533125
-0.0018965679042495034,-0.010228466137876563
-0.0375595906726278,0.022198933612049696
-0.015338722898316327,-0.011871580843263348
-0.02807292401380593,0.033998033888960145
0.017667794445396578,-0.05124450716777369
-0.1055928237933798,-0.050351997355223325
0.010437783801627564,-0.041779594311397064
0.01094546273930811,-0.052635224062677094
0.035018718527565024,0.022164231344804646
-0.02467693822872303,0.03698255781604379
0.08239091181038255,-0.02791365479152009
-0.012310118400490545,0.036396267537560506
-0.030240695219127152,0.05824529606059975
0.05921333541886681,-0.057855986091546636
-0.016648600100528183,0.10751894955949443
-0.022404818161427847,-0.016822441196683358
0.007264797288508249,-0.02237140814516313
-0.028398023609422368,-0.008339444002154785
0.055022334932632935,-0.08657303483963319
-0.05056698458885113,-0.0867676471491457
0.07239446115667614,-0.016226941871461547
-0.05827248093101275,0.05316502446140063
-0.005726612260609876,0.09610336685080667
0.0038773362246938142,0.11377520129758943
0.020392253007410995,0.07708748054924124
-0.04048768982498183,-0.030899537786530866
0.011237347375045321,0.01684142984415759
0.07285132236453266,-0.006404463909109129
-0.000271341400255907,-0.09969634071589743
0.02106417455768758,-0.016525705311740545
-0.05590759863761494,0.09519033979730446
-0.03464697647744678,-0.10204147820932942
0.09152156032090823,0.046987942023363705
-0.04073169374729823,0.05617896158639271
-0.08151427794620303,-0.021820969960881925
-0.06827289423265143,-0.039001435964601094
0.06794150565758095,0.09531499772373866
-0.001251075060108301,-0.057436789514884054
-0.014932723309667086,-0.025930739569729
0.04245082849219232,0.07247393267322451
0.043433828913210674,-0.022870559929380647
-0.032370745212934274,0.0777020410544625
-0.04575882380500379,-0.07692482125608227
-0.0034870376264035836,-0.07191485660902537
-0.04517171275198259,-0.019536893787508502
0.012473905146750149,-0.03633269204404949
-0.04747743866534956,-0.013697406720749566
-0.0038943665689891924,-0.016349661607352763
0.03881566644055937,0.14699193639402694
0.025909973997648075,-0.07525241513229357
0.031122404230219045,-0.010854163482714362
0.0741609694646791,-0.0019492732891386831
0.01909107521232447,-0.009795755666791287
0.08348681019013462,0.009169161957353143
-0.03817897412198573,0.09266946954761553
0.018391610893695662,0.02623477227422367
0.06509666141778017,-0.02202560496244702
-0.06562915355275935,-0.08968046614269623
0.08880836006616848,-0.017271195430361597
0.07694327203512716,-0.0016163672373223099
-0.010504298572597057,0.06874987464114155
-0.0987555290301889,0.04139826107831093
-0.022791529129106647,-0.02013325650456974
0.028173452877472478,-0.08384210609460373
-0.0645789889788673,0.012865540672488147
-0.0029267566605908142,0.058264956563788606
-0.008105275274769215,-0.07815620455380998
-0.08853040703009574,-0.012924780059166453
0.07167034722800152,0.014761696140051525
-0.05038626114397805,0.012902131710780959
0.0865345892559185,-0.024167475627387938
-0.027856041580079066,0.19867914034172576
-0.006594660218268454,-0.046495195254549926
-0.05607114542147793,-0.03803148892911193
-0.01370802228743331,0.04539811081554345
-0.052986815007691535,0.019604932250413175
-0.10995969830093644,-0.05342182188779781
-0.057785514221106234,-0.04298028560721596
0.09405833987694437,0.05212469333479141
-0.001217344156453696,0.06511500132046402
-0.055880104076679815,-0.1367176436405389
-0.012336446825469631,0.023235699665204283
0.04830418886984103,0.07017795164559422
0.06823686449188668,-0.014101150707743947
0.07538656050914128,0.07041292735550098
0.08305855493502168,-0.03212140638616426
0.10757889780412005,0.01924131962252467
-0.024381986939771706,-0.006327330831080549
0.027401054674292623,0.017352572296644636
-0.027301196741725247,0.010913239153694642
6.697192924573604,-7.959025950359056
5.787212320460817,-6.966329571524251
4.931184864388051,-6.061046102769014
4.139778362538168,-4.955113387489671
3.5603315448257478,-4.2458999447540275
2.9142802826998353,-3.503238126613529
2.465359842476558,-2.773112012756272
1.9605633784720289,-2.237845096629947
1.4546680247397485,-1.8180659508922243
1.1312088443044146,-1.341762659853249
0.8647425286070762,-1.131199643926805
0.5181389267498815,-0.7480749472056327
0.25371813682282846,-0.30959892498470076
0.0032551515098797994,0.05603312054603652
-0.20801869321266742,0.15481776565860855
-0.21532814284629176,0.47916993394233043
-0.4783068647983166,0.6507925707110416
-0.6989056533058516,0.7225348950211946
-0.7566377282218272,0.9374373177898785
-0.6927106111862966,0.9996905077031779
-0.9270326232717769,1.0213648783464735
-0.9225841552043663,1.0686158935277397
-1.0173559560039322,1.1695106575316487
-1.0817162698622655,1.25627021833506
-1.0387787935657886,1.2473917913148327
-1.011942447394021,1.2830473121924215
-1.0337503869035016,1.2051110789022077
-1.2314665238494722,1.3317726660527422
-1.1356325296304302,1.3376002871405699
-1.1222496916889737,1.3216832989718406
-1.1092476487825391,1.2086130901365637
-1.007368042583069,1.230152258188259
-0.9062351453265173,1.1967500546466536
-0.9203307261462027,1.1270823696004963
-0.8598052855767543,1.1927379981989457
-0.9565614005521617,1.1856345806113655
-0.8694937286226502,1.0342372058376221
-0.9090275665936274,0.8972307096125205
-0.7948108933133643,1.0200608569007312
-0.8410997649912147,0.92776999882426
-0.7059555827557016,0.9577885052786312
-0.7042254300608689,0.8159515872665535
-0.8209638666741926,0.8618750939338832
-0.6662786457133175,0.7877140319626306
-0.6027476519666026,0.7912715338171749
-0.5543748923000296,0.7661287104162021
-0.5627675536599097,0.6566444264231894
-0.549450423765943,0.6363054423628881
-0.5409703993926209,0.7357840754569265
-0.5330948954348359,0.6326741992815865
-0.5494634813625854,0.5729414216504881
-0.43651585547383354,0.4926638051690647
-0.4375179655416415,0.5475849677630298
-0.38545534944946447,0.5059888842924148
-0.3275714586356398,0.5368872491702692
-0.3663105822902577,0.4388732107796932
-0.4427079601169799,0.4192937368449426
-0.2446068497302438,0.23262718905327562
-0.2823065387646402,0.38662217405677946
-0.26071913923817824,0.3050337039349893
-0.24985812707267802,0.40497387371612337
-0.2580539367175159,0.30608924967160356
-0.26865969674095824,0.3835213715057893
-0.25938906433503994,0.2563482260602272
-0.2298365293237202,0.1990054511492959
-0.24029418254772486,0.1581904993206117
-0.17430285754805352,0.29183410272397453
-0.23084225063939912,0.20031019452614873
-0.08717071445365934,0.1880149337670635
-0.09868968794400786,0.13873524878476312
-0.1483482777768074,0.2048804662143207
-0.1422533437350259,0.1700309424530596
-0.19923036994244275,0.13087188311642647
-0.12991234024065365,0.15785264525653933
-0.10986982569704327,0.16778471519354513
-0.1262164381695966,0.09145470217879967
-0.1464210434183138,0.21166403340324833
-0.04871421838183404,0.10080679132163065
-0.12659563040542055,0.01798612454845272
-0.08510559590595904,0.09102398880294679
-0.052288157125582525,0.20756063573738515
-0.01818687670714117,-0.03537352268327455
-0.14330881485526806,0.02586787432379404
0.015545157819649588,0.053738366308325805
0.021986412323313782,0.03882902448933455
-0.054312175945135266,0.02400477535431919
-0.009958290858819531,0.02014524777597449
-0.05992014045567298,0.14383158777867489
-0.009672913470771854,0.08011209120313127
0.03462221546460799,0.09668267049523792
0.03852653156643643,0.08032571639823909
0.04029451260012522,-0.008281724849299704
-0.04097249898762747,-0.051271930118990686
-0.12533651475977192,-0.042050251702042546
-0.004217652988004479,0.024611759136864374
-0.006299444935802416,-0.028448765051011717
-0.005504824364835813,0.17270727501602098
0.03291365309220352,0.09893659591297799
-0.1372491603249953,0.0411622006831897
-0.016192538482239796,0.04285581819741837
-0.058441535117169804,0.039549348643400525
-0.04104409042666731,0.010912402699746998
0.054717122267849916,-0.03960822183940634
-0.10648455582157917,0.036683681218992376
0.05216135406880625,-0.07932729972856493
-0.019724999795612926,-0.0021524043876393305
0.020002493762917663,-0.04201233258850547
-0.03264217399509858,0.04117040147239977
-0.025949893163257486,0.023159802769059365
0.026899012087667245,-0.013384256618894749
0.06023988003718102,-0.027497245675088936
0.03363838697558477,-0.03874285218335467
-0.01764174008164441,-0.06426668214937702
0.058568271321180726,-0.017515446364811185
-0.07350926687785914,0.07744896967353843
-0.08105250725069575,-0.0113757691721125
-0.04482028580282088,0.022882684955984854
0.048215010734391835,0.03239808625165789
-0.05196604447373255,0.029982181769278526
-0.0328392391141467,-0.00867259933857988
0.013026328040762914,-0.045357194345349613
0.09906613792474055,-0.014022040874104259
-0.05839989634213788,0.0063459436405937375
-0.025016094203569497,-0.010203529782105885
-0.02911026123971393,-0.049810109287796445
-0.021739809488097808,0.05087052069210739
-0.0297923961759057,-0.00792166727422812
0.012411354865827711,-0.0014124841957644657
0.022138049164131837,0.023933457503020217
0.0036068153804122,-0.0036386743463682567
-0.10549453454093252,0.053995236863977926
0.006023540985265738,-0.01792679055490516
0.009922127338712703,-0.003650689786378152
-0.04291697791376012,0.07849028651452938
0.04985792485243093,-0.09134405142791711
0.0411630748439578,0.023558657653749114
-0.00950981955280734,0.002591041825649655
0.040904695441255745,0.041052526417883144
-0.011927653713604339,-0.06676902047749518
-0.08649898661525848,0.04711802532284929
0.05367889105020937,-0.027185249145199396
0.019117643414864483,0.0020315612238867055
0.015131987708960796,-0.007436259359810925
0.025333492966806932,0.0498243729124945
0.0030422000303521046,-0.020086898430332276
0.003828104196167321,-0.07412135091265985
0.04025216086713854,-0.06400917484372724
0.07812133742547336,-0.014918984638547404
0.09960200000154072,-0.010068147724555224
-0.0703998467816505,-0.03748243268728453
-0.022098696322030723,0.006620877772753102
0.053294988294396085,0.05341515006193733
-0.032798619006191417,-0.07763873725984256
0.016163240947040566,-0.025302616063161212
-0.08409628537469122,0.07160123535810846
0.09712459526740012,-0.04568583714605009
-0.002150873569177661,-0.018363308943896282
0.015061448287601448,0.014153405706021208
-0.04149552085799228,0.017854498565809347
-0.008209624917731324,-0.036640938842519746
0.0751529283043113,-0.045851975962976924
0.08264490671517472,0.032913241377180075
0.08621760121992231,-0.014131205074798424
-0.03494112112633724,-0.0939886692263749
-0.09976832802649396,0.09056427114343088
-0.056441840920948186,0.10672900622620801
0.08043444590001336,-0.11827764812270489
0.059304580286728754,0.016046739336795658
-0.023503231362127088,0.002612140146998433
-0.011891064679264844,0.09583145765928634
0.03940056245659285,-0.005414694442787394
-0.02013208440359615,-0.04928667735121889
-0.008714137506945104,-0.10736065906643077
0.019760435151248174,0.0477927456475484
0.03165511323758787,0.03721151827287496
-0.037109934589842776,-0.15124152717308198
-0.0450785034497799,0.02775632122755576
-0.0020441737331064747,0.007427165241578729
-0.06179918311268442,-0.03414339557512479
-0.05995783949215693,0.033659138991892386
0.016455629968490412,0.07684928030831241
-0.032243074799533464,-0.07111374938303315
-0.0020861000518325864,0.02946636421500117
-0.001313820207954789,0.0951560517286783
0.06614512613641187,-0.06041581564097624
0.0062820334471799105,0.0783039490390543
-0.07222678886357707,-0.051511659823090805
-0.010118465116773476,-0.013415491342690725
-0.010938690580439699,0.00463779325633934
0.05219509142727497,0.005462743079344419
-0.04587792360551603,0.0905761035721262
-0.05017286815039683,0.04596031377593714
0.035577403972308144,0.015708361976484397
-0.05123899934313935,0.04815576503320439
-0.01892426677606582,-0.03981067738710632
-0.031036746443543838,0.12989777150049378
0.05719328304065825,-0.02273712541716279
-0.03469395491715416,-0.040172680276254986
0.07348319305117025,0.048466376686517786
-0.05746108781083316,-0.14021390199352823
0.009321833408733306,0.03022988446452557
-0.01337163387887012,0.0727380901385502
0.013720183482542152,0.058004320573175824
-0.06855858166663811,-0.007774086400251781
-0.02690220697243443,-0.05719688237887656
0.03294921685453577,-0.108918540055791
0.06170097549270188,-0.021815508098995937
0.053177441713610406,0.06816311612980072
0.012396017032029208,-0.08768730725022539
-0.018121904131065333,-0.0789139756110036
0.022721237875108914,-0.0004298343711226782
-0.07717290493177342,-0.05030213992401736
0.10046835775560937,0.0355825621356221
-0.10356200158344459,-0.016992555987100318
0.07332632125595971,0.0642873471009772
-0.06077904263190968,0.01413580723998345
-0.04022208223641522,0.013174050974818712
0.05506074798102692,-0.05099578850237197
-0.02230919383877015,-0.020012480710904904
-0.06227570223824451,0.1238067724358948
-0.011676065811506538,-0.06047767646644602
0.031497422788411736,0.022444939548283433
0.0726845636966332,0.015602167843396068
0.03369526271838047,0.0050541542486229486
0.08176741065556835,-0.013895810893129933
0.009884272178167699,-0.08039624330070383
0.045653850797284956,-0.036847791231308324
-0.06458674224220595,0.10196920231545971
0.02764926228854985,-0.0179049338859553
-0.000873442034227111,0.07896224030540615
-0.03858592236742159,-0.015404708089212057
0.048080812753165975,0.03304265214932878
-0.0823483544197758,-0.029401827619090277
0.005566110104347202,0.06539129691215304
0.03868946658302598,0.018622597033319775
-0.023885650643473155,-0.0032459960270258287
-0.04873844380512515,0.0015416080375747088
-0.041725367534146886,-0.1452103444408672
-0.03698639362136513,0.10748751144428001
0.0051545487459028,-0.01249417932893984
0.005848512799819936,0.09562106823786888
0.09169469854650002,-0.030499726000298967
-0.08284131554576324,0.06529340329558553
-0.06177076568250235,0.021153005215255805
0.05085841068557445,-0.04917432752219053
0.00814089960159755,0.005436077363711137
0.05103154942893698,0.014747087756936367
0.0676517383225678,-0.050719204432662215
0.03835144480510647,0.011746407050498427
0.008669926792785214,-0.03878149149073606
0.0495293689370897,-0.004388865544673142
-0.09079935665510533,-0.06822864035726617
0.004902829669939046,-0.022160200058831146
-0.05945146740385107,0.009205661251549768
-0.07064570132988998,-0.07246179146231418
-0.017544564275492693,0.0635890091333918
0.05939354275854519,-0.04627849845574209
0.015443594139770544,-0.018088140630610032
0.04968466046462948,0.05703792476206436
0.0038236384114496524,0.0409999999154968
-0.024837353622571032,-0.023482840627959918
0.007740347584817741,-0.06401623644439279
0.006682482479845618,0.027014024907799795
-0.02216305348028612,-0.030358649269973836
-0.04892261482540514,0.05633692517103682
0.06061536212991124,-0.019552145972933505
0.10675849544616331,0.06551167529709599
-0.035220440218457334,0.03978707177895009
0.0018456951106113548,-0.006663644399818404
-0.04730642708725915,-0.004048645232745367
-0.02080892041816263,-0.02205285990153952
-0.009891023029119178,0.04059243210128704
0.0812704343734578,-0.0019156073564530326
-0.10564876720322397,-0.0034692524216422254
0.01108308326827956,0.026996444063391786
0.05524427161003699,-0.07137123528142332
-0.03494701645388841,-0.05459403431380285
0.06377635254235804,0.06951336019585846
0.003912191482645931,-0.017237150162853994
0.11042934797718497,-0.008330529974156425
0.016467638457480286,-0.027523158795248748
0.08708398277190141,0.08678293320368194
-0.01958937860788696,0.013511158893268198
-0.08213775080987623,0.018365352929260566
-0.02626551701804967,0.015614212882342115
-0.08767615037653534,0.06181421221829762
-0.056437295312157035,0.014881577216510173
-0.04596209213177998,0.020702551272403776
-0.05736270447659692,0.020534809268605753
0.06660015030885016,-0.07521098158201223
-0.027591638402954997,0.05052163471451269
0.08261106274245046,0.005952350809055439
-0.10493365278321849,0.054784787966047285
-0.04551775780872009,-0.0857059095331646
0.0582142820747901,0.0026203891844898547
0.031238081318783084,0.04920019979858849
-0.050649783719670785,-0.01572857572674373
-0.016765549673392922,0.011827178040316313
0.07974143543368263,-0.0270397081142668
0.0026183067602792752,0.01891531231108284
9.314304399838498,1.7501796851494549
8.190029693877161,1.483927831664254
6.999809630643276,1.2548292165394195
5.934704725332171,1.151652945544041
5.03632693596385,0.9153574462236336
4.2171508979495815,0.7907951383352003
3.385445152762572,0.47732751817818597
2.7856022888189664,0.5176776363026163
2.0457155970844525,0.45143115262578093
1.7044078717109827,0.22090258243159872
1.1888717149365782,0.3087390491039994
0.6965863173896519,0.14260163089357944
0.32429067388411076,0.07944079570942222
0.08429618866377608,0.01990965927473318
-0.13633076406227265,-0.005804733202300599
-0.46865477329420785,-0.09607858788902991
-0.7168406488309848,-0.12441821009681174
-0.8997342588699462,-0.1534121557936305
-0.9772950405274249,-0.16223441394440585
-1.0572338382668083,-0.23125236947566227
-1.2671666481517978,-0.2212289432535091
-1.3747882165151843,-0.21940546515917714
-1.4197416514422543,-0.25341349685338627
-1.4633303679502572,-0.3106228618942445
-1.4170015919023793,-0.261256302773617
-1.4364384219174604,-0.23371057232957304
-1.469809592294781,-0.254261274059699
-1.5766834072549605,-0.2860976357094999
-1.6058447710724453,-0.27468321920672883
-1.5053594077685306,-0.4326963887489398
-1.5137767900695376,-0.1083046673127572
-1.4812185686894663,-0.32724072200625576
-1.3480379660044903,-0.2997943524816543
-1.4052945151594831,-0.2239620181126885
-1.3461522621326028,-0.25382910291985783
-1.3522742429636383,-0.20062506510325231
-1.2416948242327712,-0.2887052343555694
-1.255334494058889,-0.21156571512318817
-1.1762886030660191,-0.2448248669905547
-1.040289233805547,-0.20825941658165678
-1.0528802103506278,-0.14365387263374516
-1.0395954968013563,-0.20172982290186786
-1.0489226218730523,-0.18443159353688912
-1.0860953997646332,-0.17117852348136214
-0.9723500333690351,-0.1540666454415854
-0.8610192758502857,-0.12884900326784268
-0.7977294612703416,-0.1337468718836728
-0.8004172995249688,-0.17162337618980447
-0.716200884825186,-0.16375897631786154
-0.7656864695461667,-0.16065489646290065
-0.689911742241226,-0.17685074401803766
-0.6658755079134205,-0.16579615246525176
-0.6284457961726133,-0.15321016903292314
-0.6192006343365315,-0.1597728033353516
-0.5020807719529127,-0.16230795639292755
-0.44208950167222705,-0.11754627713766166
-0.5394146386335741,0.014674918594011183
-0.48539734450871863,-0.08487979008464204
-0.4655840855784585,-0.04148287159166427
-0.38417540566870784,-0.06511639282461983
-0.3677520942105601,-0.07191280676857703
-0.4397403812968826,-0.02037117550938726
-0.23776535994079517,-0.14428381129711454
-0.27990566501805003,0.019409573953035955
-0.24461919137801996,-0.14197776673893572
-0.19888454200388112,-0.1268831718461192
-0.22143227046969474,-0.006690543244573549
-0.21555166000739862,-0.008565008128323979
-0.25764968087016715,-0.15656430340563937
-0.15327061177615087,0.00010751408423404635
-0.2185186308787547,0.02209644389754052
-0.19526085648455804,0.036070238961271046
-0.17712705745285853,-0.043357996847808986
-0.20958741167735945,0.006806111704633296
-0.2169205933866597,0.027563906994408607
-0.13453412216167654,-0.02765773863376391
-0.07198317158476619,0.07542210812784403
-0.1370303581324604,0.0012747686293514832
-0.12965139516551677,0.027518493093751886
-0.09386060858062159,-0.10464429750059953
-0.05234763419054468,-0.05263168189008871
-0.14500097363017309,0.05076413377329986
-0.13353079528835793,-0.06438914753814162
-0.13660953951866728,-0.09073981645449011
-0.040639124095605154,-0.03606122770113023
-0.18786005375188186,-0.029749671736077253
0.03928975326471172,0.014165458418127701
-0.029895691641149434,0.039626663191328
-0.15222259086592355,0.01933457344711101
-0.09211703337863744,-0.02814939386215094
-0.1335219939807909,-0.0484210521636806
-0.0847561191837024,-0.04393530193220574
0.004941894037830352,0.05435922088087096
-0.09180134722154981,-0.15358511531941313
-0.04235094174204319,-0.013873167186462986
-0.022022985617346502,-0.01484689722113201
0.10435447908772105,0.020465340574081836
-0.03058579564030906,0.003336512888071546
-0.1233319702919463,-0.018522184819856437
0.04947665582263498,0.03723474036415706
-0.007065938030988876,-0.10390010074085343
-0.07009863183247371,0.03600887904447368
-0.0042394185522354605,0.05550135172901488
0.031766595094277456,-0.06088506033116594
-0.00645821072927371,0.019865144559486805
0.002234760560362697,0.052663025637814304
0.024501825706270058,-0.07399057110863211
-0.0725921500134226,-0.006276870448566566
-0.003176361942685512,0.021243427089365243
0.06124717946058736,0.036881783919815433
0.01767538169855369,0.06615930906853107
0.08490725668431148,-0.07302679811904415
0.07115267707666062,0.026858867556437797
0.08999247136723626,-0.028736137160131195
0.05216785716663038,-0.0008254583856846139
0.05753346605896219,-0.025093741965605734
-0.04188193964542169,0.08245202882859279
0.01503807271461323,0.012797780503372255
-0.0984036990122778,-0.048288513125159256
-0.09062876329978867,0.054106496489710484
-0.02847434453421925,0.04851395321926677
0.0100023247300421,-0.05950696012887969
0.09091919895752208,-0.01369870662340587
-0.02708424053162032,-0.00751780858857325
-0.014231486827000529,0.039684967332179105
-0.02206289220617201,0.010376388380919985
-0.08981682927392654,0.06374121688760555
-0.015503139485817823,-0.08591574209025316
0.0289149441176317,0.05029710084007161
-0.07465042740160692,0.14359389667988007
0.05362936046697165,-0.02925486189461203
-0.017980575336956905,0.0001969536380174372
0.02546817600657128,-0.10496099566812687
0.045667679316350185,0.06792896501074315
0.0008935436582683566,-0.009970394142567326
0.08101477980882375,-0.05738241346561203
-0.005958635507229712,0.01855471601994627
0.0023845118172544904,-0.003957719897809032
-0.04664999889705021,-0.06882483929742972
0.024290559967873944,0.02286706884543295
-0.034130894212305286,0.0772015071593927
-0.10012354239708741,0.08183572786431627
0.027057833684179085,-0.019420167846006066
0.03342915876581573,0.0164323958914878
-0.02976826516744896,0.013542008977155105
-0.03749292564979621,-0.004341593274685151
-0.00723929419451565,-0.02003514955220806
0.019120052640204402,-0.08614586465740653
0.020629463791039526,-0.007830623876827012
0.02663886076664946,0.07173346799255208
-0.054521841141794584,0.02000531336059448
0.01226247417702548,-0.07697870520753008
-0.002533324216435132,-0.021285855207231356
-0.06513550331113635,-0.016900500433356884
0.004556109620234299,-0.04809802579383124
-0.0027356559704753425,-0.05375017854820002
0.006521302043795932,-0.02514928747271198
0.10836336533174137,-0.09311866346335965
-0.013270367634317234,0.04441932694867748
0.023497272987911277,0.04137546928748823
0.05349518167611502,0.02668558512146616
0.0665414824413703,-0.041048328089307626
-0.027390231075555944,0.016552914382845906
-0.06755064897012734,0.08790800574124927
0.06457916473606634,-0.08740962430794225
0.04105292224592363,0.044313837829768415
0.046496768606953696,-0.03477555462329089
-0.027479347267036297,-0.13235934157363174
-0.03804566386264667,0.0028047518770101185
0.04193974843411749,0.005225292189620825
-0.047722372768545844,0.04895473079097765
-0.00693971605601522,0.04031580985733631
-0.0031592510810133853,0.015088563437052664
0.007412664937063461,0.04839440335206575
0.029973954788311528,-0.012475370400256007
-0.009901955230099162,-0.020873988382534604
-0.04590973515948133,0.0016670541317386342
0.024612369710279247,0.06326593107509292
0.021152155302500343,0.03715195377837212
-0.013213699565666884,0.0281533203979845
0.019172269546985383,0.042075571200582855
-0.07236096019463187,-0.034723701064815454
0.03528519930336388,-3.53946138022497e-05
0.1121055281912567,-0.08144323660598776
0.005178915351807006,0.04231158457839848
-0.0427049777339662,-0.09478070675834104
-0.03316786087652485,-0.05298696234131859
-0.025614905511811774,0.17208799313934767
-0.009232689143591953,-0.06643573066316695
0.02506207424150808,0.016466103220992453
0.06255037882560355,0.03445651031113872
-0.11898359305244935,0.03644431925265201
-0.03921324093075919,0.007290660934519423
0.02981507966402039,-0.046460640967777134
0.016320301165982043,0.015381928776254924
0.016870892145277625,0.10432021639590286
-0.05299323940890452,0.062296268972856984
-0.006818485994887782,-0.09588053505832443
0.06478301331645024,0.034689701045341366
0.052118078041096846,0.020344922615445706
-0.0735421276937048,0.06230169128828169
0.10500909390826836,0.005630626975115745
-0.06961822128549777,0.02145322235639084
-0.10762544333038598,-0.05679822334457754
-0.05988237459365871,0.029186076415232978
0.004779750150640982,-0.042057270682148526
0.015380568014478442,-0.12418680369207219
0.048469101322682694,-0.024721645310858676
0.012445352875669304,-0.04457375052315682
-0.05767682897043705,-0.09557111892332981
0.034157838711002406,0.08138969171175853
0.030358987326418417,0.048380095250740406
0.03666327460828012,-0.01500626578274305
-0.03260274563188195,-0.022260202972954952
-0.0016977538049858087,0.02046319451487495
0.054029410916539254,-0.029067445509424125
-0.007682382988099288,0.1160584141163794
0.07631017192824731,-0.1110879048536695
-0.029313251260212947,0.0021763787029856867
0.005744863498601635,-0.018401420184888842
-0.15459458147762312,0.024155117172247675
0.04553799540855137,0.013420009471185886
-0.03222990879400304,-0.014855763617395167
-0.020511826088711695,0.03412559304832735
-0.02730700462560768,-0.08401444841857435
-0.01868785380309683,-0.07021710825282859
-0.001308294238086696,-0.06421643204059772
0.027932978606206055,-0.01168529717057794
0.11352087794333726,0.03298826105626844
-0.06754986580935657,-0.015743154478048332
0.08701333821408791,-0.030964843734350135
-0.09691417315472833,0.014921708735938231
0.012715629137584809,0.11542846172578833
0.024309958530606284,0.012809286673702791
0.09982463624905429,0.022758281203309638
-0.07778592342236909,0.043919786451422034
-0.0735969540131507,-0.05694844077352966
-0.030374245963539617,-0.07703452701353267
0.09572453257893676,0.05153568134112933
-0.012034485150532188,-0.02867131012258906
0.024440439735974366,-0.019650585488826373
0.002292819971501823,-0.022255546789497874
0.0316813272386002,-0.08873985037777084
-0.054676452697698864,-0.019965995183017456
-0.004466389600251804,0.004744973435784602
-0.014665348245560464,0.05422338887823677
-0.016682061565282,0.060940617485679305
-0.0181671855666099,0.009889742032694252
0.04021240295860197,0.05445271313750488
0.054294709685702866,0.05766396045800458
0.0131092857841636,-0.006627563586607898
-0.11161504307256787,-0.054130444292362995
-0.008658127381098273,-0.05142767251049157
0.025090041612455344,-0.04999271844143907
0.0259734335038752,0.005097704473561011
0.08305497172607858,0.040023718078134686
0.05855022176263071,0.02100588413218634
-0.1081789071177454,-0.009663800408035099
-0.057897144484510596,-0.0244306509725788
-0.039646790107635874,0.05881808706535111
-0.01789386842174194,0.04249048255387586
-0.014985627239397958,-0.07404337946865806
-0.048570560241963746,0.09922036515310151
0.01245721356840263,0.005726521635022664
0.06174003901591255,-0.008915876942491118
0.025879586408273005,0.0010521022409409695
0.10569651684608015,0.0005448852515017519
-0.1382401026622075,-0.00494640486401627
-0.05509432751172941,0.03913111871343318
0.016402256642273693,-0.010527783747887026
0.023735405454822826,0.06321667794799055
0.007220156981738899,0.01774988205636415
-0.043962698546061676,-0.11652236475586557
0.01784922741898086,-0.020145247352303285
-0.009072438908694358,-0.00653575385947603
0.06858921060105637,-0.06194724623647491
0.03373451485921986,-0.005426048304689325
0.03660827313741579,-0.06917310970415808
-0.031441407264648086,0.03338334723416611
0.02411050752744319,0.04633689951394075
-0.04670637595931164,0.1412211994212765
0.12423770513789317,-0.009064220791029592
-0.03507583697362223,0.06705094710141506
0.00040535432287699784,0.061999241738009025
-0.03740312821302556,-0.02612563579628262
0.08692884361618758,-0.007507950435450406
-0.03318536150259725,-0.03393114677076409
-0.02014292932151399,0.03240643720972397
0.042914488163976264,-0.04100431078955747
-0.0577415220207081,0.06545352903870026
-0.09900694127315095,-0.08041684073629374
-0.00815305238021947,0.03826248961469185
0.006435633146680548,0.020828071588949837
-0.05345616544881222,-0.06705818281087492
0.008754612693619369,-0.044300137495426675
-0.03365632244527669,0.016859463673063763
-0.03785434402592467,0.05104814877707933
0.04927430986172705,0.018702660810650397
0.032843205494466024,-0.027554553186336563
0.014490405041983385,-0.07179681128550429
10.505161941549986,-4.009047721058856
9.134339907556708,-3.3538702622323706
7.76589055028476,-2.971195079255928
6.6453505697620106,-2.434449762439096
5.545297571750736,-2.1515259655068775
4.7551520499878785,-1.8540485745930442
3.855309239442927,-1.4893911680440104
3.0622765990876912,-1.1249711032825533
2.4148833433031958,-0.9024293010172686
1.967699014500113,-0.699040229767991
1.2844859072451609,-0.5824855011639446
0.8030316324285268,-0.36337233970453264
0.43361859714552603,-0.05219816405717854
-0.000784930582512236,0.024139108587143784
-0.22289917505757667,0.14087909017698383
-0.565594532820374,0.12329076929792142
-0.8086963809605868,0.30557981017716845
-1.04209849016784,0.4702425747983177
-1.0831453174248782,0.4664770040753718
-1.3083769605305513,0.5211247543340144
-1.3100034161510627,0.4881252970322263
-1.4324458537199305,0.508706299898567
-1.5953118863457831,0.5488470212580645
-1.601906708299279,0.5343524586132099
-1.7579888775458818,0.6806488185523604
-1.6652399272722287,0.6734755485408145
-1.6806285426357892,0.5639401959555024
-1.715619678358181,0.509451777300605
-1.7046994858527287,0.6937372684091392
-1.6467948014775484,0.6957168019525856
-1.5751135970029908,0.6792738859135475
-1.6791468810594457,0.5940812656459943
-1.6376394985830016,0.6704729225179279
-1.6445807604278113,0.614156005863173
-1.5296107474823821,0.6371239900023957
-1.4268610191370243,0.6141670775317083
-1.4341145079455084,0.5296064686127004
-1.3179235082382128,0.5482904594940249
-1.2047696350113812,0.46741255231860346
-1.3531934158128196,0.5392917087576425
-1.2697192102012358,0.409652949679393
-1.2436912048358677,0.4137286411442815
-1.1121251139272477,0.366862549589616
-1.0907112355912214,0.3493744263576738
-1.0466622384825763,0.3769696715730642
-0.984395773840747,0.4109456066029341
-0.9793118326454011,0.3312951115664312
-0.8630735606467936,0.39459561938777515
-0.8808327569564943,0.29485097800062526
-0.84788818368001,0.39022358596017814
-0.7514775118951517,0.29488462524996545
-0.735286722556733,0.2674610220439642
-0.7746766317215061,0.1961035920162741
-0.5623657461118731,0.18335545738129544
-0.6423724852357205,0.23140487556268613
-0.6024270264340619,0.185747124679191
-0.49551206750136084,0.1562406321463165
-0.4001266139285351,0.15730187756487649
-0.44064784568619164,0.2160400294844061
-0.45039441560139265,0.2165689535733432
-0.468685020450541,0.06899846601150404
-0.4256272043783285,0.20419508944826342
-0.37239799865890055,0.0865823400695084
-0.389633585575975,0.15007201528972378
-0.34485419075376716,0.1488403278160172
-0.35686743962791106,0.1906996643293995
-0.2340719629316366,0.0795510990119853
-0.30710925035551906,0.113021582497769
-0.2942962584226714,0.09277918209787002
-0.21908703469966861,0.1232328363958885
-0.21685337822611603,0.1764693122289263
-0.20317416729849117,0.10100582174183093
-0.13028567504312563,0.1055931714707659
-0.1997190624821021,0.10695119530150168
-0.19818844097425126,0.20184540393835781
-0.19361588684367956,0.08575333120145698
-0.12075791319190532,0.00458617937393236
-0.16576257841627262,0.06548872347336587
-0.03570170369193533,0.025437026521106215
-0.1210224130428898,0.03918630079043142
-0.06399054442822688,0.02093066011471527
-0.11955940621166401,0.050195487263631024
-0.06432462276440337,-0.06519232005305181
-0.10519364674712532,-0.003264563329882378
-0.034427917335101664,-0.03382646884996859
-0.05018664358636484,0.00085440378673729
-0.09113841295369166,0.13488832077736357
-0.03770482841687745,0.04216452946024245
-0.07795573456768398,0.04458116685595493
-0.04180319118485774,-0.0495798083041584
-0.014000464029515484,0.07465659769119978
-0.08845330244065391,-0.07391790487787814
0.005352335673195454,0.027013573967073115
-0.046854163431085304,-0.014940337929142917
0.00803402862263081,-6.991123239163954e-05
-0.00984339522415368,0.016797640565884522
-0.10165100090995469,-0.04042211807478828
-0.10333270614221689,0.08130633823782932
0.032160016353340926,-0.01989476801251375
-0.006277545531997929,-0.04122391259033171
-0.04767504658555326,0.06586251614415718
0.025890780613384037,-0.0356970661915538
-0.06913696844160766,-0.10844951090704118
-0.014365098418752196,0.06596892822144125
-0.0009323153851564427,-0.03301474400300954
-0.05503311696585517,-0.015004143265929392
-0.01800382549481032,-0.06325958861000075
-0.004841387430100083,0.044593217431160535
-0.06952649567475461,0.0033437943123538205
0.029183345363974527,-0.06473206763465451
-0.05233523640907442,0.009611077757904183
0.0369037453393095,-0.020784148288575555
-0.06812819772729803,0.06892196886872977
0.09322694011268011,0.04364100120594619
0.035547115781138325,0.08062880598762064
-0.0008380543175178987,-0.10092672936925809
0.015789045346927138,-0.05235786395872981
0.09078057059719366,-0.020688878693568773
0.05211109800622774,-0.021276127008596293
0.03960123487731182,0.022617594664024875
-0.05033189347999748,-0.047711325676465376
0.051876690906708295,0.07973136644205905
-0.004605496317471396,-0.0357607524099679
-0.01999681004554585,-0.027630257115416838
0.02475340846888711,0.15489634400542393
-0.0033410488414569667,-0.0104894174398781
0.0026199131255218106,-0.00240342078792227
0.053412963140859415,-0.008665709139522276
0.06585909350929953,-0.08161148245196179
-0.04348705730575419,-0.0237616061190223
-0.018879966424586156,-0.06862591872675068
-0.0304280436040099,0.06637862507434805
-0.007051960947172101,0.08238338128993863
0.05545323310147638,-0.09495799214974583
-0.009161163322672937,0.01730846481319185
-0.09320686389896175,0.00562573336061634
0.057618312121533295,0.059122634833291846
-0.07567465674338643,-0.08326751968256087
-0.04055798307380267,0.03780263273938474
-0.02158268165329777,0.07172334417197855
0.039376791689806824,0.10323956966504488
0.03252724335949839,-0.02221181668524216
0.05341052850242359,-0.009678367852759794
0.0519314758021269,-0.08440996185743696
0.11677915828982126,-0.003142519948061879
-0.015075282709936386,0.04361619336624228
0.008693374234825885,-0.1064561444933687
-0.0014525999723539879,-0.020879376877876256
-0.09710843670557867,0.05152958780652489
-0.12040199398833373,-1.0878467667948394e-05
0.03415729227991564,-0.006686167196832869
0.018195488966237044,-0.04123410883180242
-0.019618479807948053,0.07816543748598875
-0.012905687766341352,-0.011810581113428292
-0.10433913902143345,0.05480952748840719
0.019621626439856894,0.01670911236578709
-0.02588969719307254,0.06329515095132981
0.06436310113700842,0.03217397413951828
0.05644630978649949,0.007041356307227865
-0.07654116585694326,-0.014117672315479727
-0.022000943834317273,-0.01646173965235777
-0.10935858158026816,0.03557615250076216
-0.004521328674644415,0.020429434239972316
0.12190280641077456,-0.0008864325117065881
-0.026968986381608457,0.05919887746666511
-0.017650257707332025,0.08101573126738804
0.0005583393294680966,-0.012171431723311695
0.045408149310719854,-0.05312556754704187
-0.05641714432911959,-0.03827426660677424
0.006664862465881062,-0.08894725394069372
-0.032044784239532886,-0.06975569770446934
0.1360463228830975,0.009842348030958554
0.02001948261774079,-0.05152314848148718
0.04632811409541959,0.02160950658361771
-0.01132909647372417,0.05424137135532885
0.0019277851275709083,0.043100467281105684
-0.04357701379548,0.032570300113484205
0.028707927005717233,-0.005356993020245117
-0.08275710940007741,0.05079938984990029
0.009818484909501211,0.042703302716297964
-0.06437831674304278,0.09330169573374145
-0.021232649986943495,0.008406668252533583
0.005103728733615065,-0.05752732700849354
-0.007258302961157401,-0.004551212015963639
0.08739546328424252,-0.04578687720796087
-0.05715035505099608,0.012638887250913673
-0.03989070726523784,-0.045609866876965645
0.018728345360462088,-0.14017254402678017
-0.028823611920831035,-0.005776757242612382
-0.04995415582220769,-0.011119888494741714
0.024461455898141655,-0.004161116819540492
0.06196780260463587,-0.06314327389522462
-0.03247596670642783,-0.0377101453423722
0.07052727614579257,-0.012544174035956344
0.041943888093402326,-0.0329159183891519
0.02632206270520713,0.03846010995616658
0.1143312859446271,-0.035652777220346425
0.035859322615243494,-0.01665637575704524
-0.05222813818973438,-0.028743878714990255
0.00043890174718455403,0.04946319450714898
-0.059681426376220245,0.05884800917179518
0.0753478123406707,-0.08279602010695167
0.02223815110397557,0.053327756443007586
0.01707511975045163,-0.051037429701161825
0.025679028738133686,0.07376254780202729
-0.11631290118052603,-0.0012446723757791982
-0.015152971289008409,0.09940714996397737
-0.014758028433083863,0.08615919412304647
0.014341311583717712,-0.06949458178079332
0.03806167567528396,-0.04282275124878408
-0.03289834989829741,0.0901632686019631
-0.048231564030274426,0.018771883929584975
-0.051178635833990294,-0.02431404630695769
-0.10274950576969452,0.05048195316522016
0.048679339411308,0.009241092979559905
0.04894266362653434,0.07423303307505755
-0.03296875583315514,0.014066744105719203
0.024097981072294702,0.006605984950314045
-0.023318223839536672,0.045684042998596096
0.03203857160570116,-0.01959232634043689
-0.07419342259734224,-0.08187476002184732
-0.010565326399192282,-0.0500273180617707
-0.04180983806011138,0.0799017499706465
0.05424520517853151,0.02032134300730406
0.061298892819511744,-0.04047869116059063
-0.01086948072014808,-0.05090860590829015
-0.0366803137801472,0.0030671216283408714
-0.07734816068919956,-0.01030103524462236
0.041121641307295835,0.014943609664711852
0.11792438436397427,-0.09804500160230761
0.038232162152557106,-0.09321563972801576
0.009862989253653455,-0.07773182942496495
0.042536206196064914,0.006163698138478269
-0.03250832083474743,-0.06174447332953567
-0.025676679487986964,-0.014828438207181632
0.022033216204120708,0.06284031926553915
-0.05590684612075322,0.024068851231864866
0.0038144165524004073,0.07442299100497564
0.06891384521159533,-0.05569638253124256
0.008303449246479667,-0.031965951280580676
0.020673717816096844,0.03501301281117123
0.015738350886525938,-0.08179796863751494
-0.023297549891630923,0.04520678581832862
-0.10727878438229432,0.01897513733907126
0.04918375441150191,0.03889775147941857
0.02270622407804677,0.012466442731663521
0.02684685031120181,0.043126062292402643
-0.018247949470885563,-0.046325049454514974
0.019189818456335387,-0.030168086096950424
-0.08561618951498158,0.011329253174333165
0.02718833792793905,-0.06989655722583121
-0.03335944761857592,-0.022311513225347558
-0.04495888778826665,-0.008474498421391167
0.00563160311166264,0.05909242931807466
-0.1148300346342824,-0.02555486871285801
0.07205291934532916,0.006237579321531915
0.03706561218706078,-0.045273821194013186
-0.08115717540135514,-0.06138511122918729
0.05499462003276738,0.044446528234538624
-0.035412654529580444,-0.010275938527451338
-0.03112667556738524,0.019977465772118945
0.07734737787576758,0.04805651990234913
0.12615606513743335,-0.001637841936038751
-0.0570963053381606,-0.018059663677050225
-0.0020840542432219635,-0.10330606910133214
0.0025603213314950267,-0.041994644013000314
0.010700205921780354,0.060752483835941104
0.007199232066292534,0.034892591504790224
0.0023490243147948108,0.020744359046959863
-0.019718851256884995,-0.021630785703007346
-0.008765473065944279,0.08936678705547271
-0.04647074827825509,0.027132892170338117
0.04986549249798895,0.06352339846000832
-0.029914231933994822,0.06847148797525837
0.013170325698162934,-0.03677082599382851
0.042601012596903944,0.02735780371996617
-0.0023312496674866663,0.02730588026732539
-0.004486569858252127,-0.05004909911891228
0.09148037025003747,0.0006651450799562485
-0.03019788572557407,0.03585814580832366
0.03387018869808605,-0.003363437582502932
-0.026735853242808128,0.02647646854386027
0.029291730131831416,0.025521031282007896
0.0531546644688644,-0.022641965605772526
0.010609950004470892,-0.05424891975962809
-0.1276747734205655,0.00498455255831777
0.0036344522299829526,-0.014396987366366706
0.08750742667260515,0.0935128948995613
0.003338013250002325,-0.1372374967781972
-0.08991429203304548,-0.009364527212520835
-0.04833008252405302,-0.013382097416270437
-0.030103815753371246,0.0511929996032988
0.045809352691202454,-0.06068825472753005
-0.1581512991659221,-0.023767829389147253
0.04507410804342518,0.06873539254518135
-0.06307943146889747,0.006936178191175604
0.014913658620449143,0.010481675601960182
0.07779205607057861,0.04320238015498874
-0.049812405473020537,-0.03743321833116534
0.04310852604910095,0.006646314913429062
2.6559892621741157,-4.193552939370294
2.269445378224933,-3.5643839228443484
2.024559172400535,-3.036126910010741
1.6748914595317927,-2.7664650001845765
1.532405350088906,-2.1838878778109354
1.1801716423797166,-1.7483592088399658
0.9511787810819652,-1.5133930238044717
0.8071381679796805,-1.1894279384204451
0.7320665902639453,-0.9569242789708235
0.47229128394504005,-0.7345618232545406
0.32301407830063006,-0.4567729776809514
0.25112776231038203,-0.3348822375956495
0.04397793256506405,-0.1672708127582772
0.028262688716710525,-0.09454248943118616
0.0038495712716932473,0.09027412479701144
-0.11706415331092168,0.13983966026078098
-0.26945461198267756,0.268894623646433
-0.22909854280693898,0.41000438587877025
-0.3283376608789713,0.4251116839747224
-0.31588949259477395,0.501076860203328
-0.316336228871475,0.5259990526325854
-0.3411918248283676,0.6861659257183573
-0.4015578810641112,0.5797428443970065
-0.4214786533651242,0.6491902071097345
-0.40125394272319304,0.6280622625637033
-0.39880188762558844,0.7377855152144072
-0.5200439299582004,0.7335220202400755
-0.44089426419290945,0.7047325050007192
-0.4491001679549272,0.6722987330443754
-0.45880056184297163,0.6315163738233225
-0.4303158988587692,0.535946588316931
-0.574057158311521,0.7068664694293534
-0.4466638021486543,0.607765251273161
-0.4113823826791651,0.6008679080974251
-0.33529122087166136,0.5769612380721695
-0.3845861640876378,0.5233036588581823
-0.29888782647588114,0.5530579022174233
-0.33384806858892224,0.5889856424547011
-0.31912846425131614,0.6336307517816832
-0.31963768673931053,0.47741747668815593
-0.2882384438241238,0.5785946427188988
-0.31366763197758074,0.3878747090412313
-0.32495385570636987,0.4033439175714334
-0.23256943630455806,0.3622519076696806
-0.3220337714777546,0.41410330817856755
-0.3372029365357593,0.3572940931165064
-0.269403326475852,0.4129033400274349
-0.18123822185585994,0.3620488240361023
-0.3331488166254595,0.3672450198744897
-0.21065288614584518,0.39694509976484027
-0.10872100911179822,0.3132957218388291
-0.2286138425083766,0.21461415432179687
-0.23418656285759165,0.30762056477074307
-0.10131246282277245,0.24215551744764036
-0.14216907531101522,0.3062770634860211
-0.09911134097517925,0.25640996358173374
-0.118802523207839,0.21651322761980274
-0.10790066133652775,0.1416073900359035
-0.1263971617735444,0.2056977931056718
-0.06996356674489822,0.2087137752699697
-0.08830365839267668,0.15927509118827807
-0.06629647390996204,0.1896036588092674
-0.10847287567171757,0.13227884112872754
-0.1823318765566185,0.23643069960670254
-0.05215195119410029,0.15545023876086975
-0.005179580521529448,0.01020181922854281
-0.08942269738769953,0.08713890535208854
-0.08981534997794065,0.0361449811535277
-0.05683970853152537,0.13761139987840165
-0.15111768716992777,0.09097380078075579
0.0009049811992935947,0.16270601822722136
-0.02818325052479424,0.10763954241383944
-0.009541238390192455,0.05415761745118049
-0.03421796352974925,0.032301419763548195
0.005181346869375832,0.006082250962665632
-0.0914193712972137,0.01151239250722446
-0.06322368098237195,0.027558354981797602
-0.04603279962697874,0.06346235968119111
-0.04775608557957231,0.10250699639238889
0.006808736788202943,0.0066802670531383584
0.049104926929888236,0.04438615444827517
0.026339555899804572,0.07842044570877124
-0.10673026540485875,0.010835519297901563
0.03126198030762375,0.013710150900630269
-0.03239775466933553,0.03763211085735234
0.04700136600865591,0.0018767813492712136
-0.056509829928842424,0.05980952036756554
0.00013355485435254805,-0.028094575182616113
-0.06461617080261137,0.1128312358900183
0.04307497952891089,0.07550361323300545
0.04711708826075444,0.03681736433783789
-0.06790013176870671,0.047342312330744055
-0.08132952594292686,-0.028683484929685272
-0.08404361076449955,-0.04921259158520029
-0.08835826428991347,0.03976425432843396
-0.12182974992997514,0.05812295993567685
0.08554432244235358,0.01522426957451186
-0.01731384905949805,-0.09552730690850063
-0.05352513619959996,0.11600569994986318
0.04259232731420831,0.02674768314710034
-0.04412241545669819,-0.03282315523456557
-0.0015331970184098605,-0.03211591384603622
-0.0035293423503322784,-0.10297531582028653
0.03791038037605863,-0.026710301309163006
-0.005203945150334911,0.01809501157899978
-0.0902716912093764,-0.025886854155694618
0.042756542843444496,-0.031030598380814824
0.11467310855600116,-0.037573251227401974
0.04679854732972551,0.08304252666672592
-0.049733407727653056,-0.043542618707737124
0.08543337886772864,0.0431773856863818
-0.05738567189796494,-0.06329621345299209
-0.03606333669877231,0.028598381644216884
-0.027108183129087537,0.037353484792366325
0.07367286363505235,-0.08719938074059591
0.023519517390801267,-0.002498315347967045
0.06535489603626371,0.04401146349141861
0.004592090625778623,0.02277009851381259
-0.0657613859657278,-0.017193121074943307
-0.10747874569741299,-0.0193251661677493
-5.685207285485716e-05,0.04521151652855175
-0.16109694568824687,0.02407842823219259
0.08073126614145902,-0.029439087991825104
0.002119792286140624,-0.036828075246213614
-0.01298625132387327,-0.06217089129937341
0.05791475309039621,-0.030783686408416576
-0.02357343787741835,0.018042268776060064
-0.007509794640684405,0.025616041330205043
0.06429756411578341,0.05312939335231853
-0.008235774958278933,0.16443834191833528
0.03382520889609095,0.01033117451221608
0.132204017123625,0.011543743195782358
-0.03529993236251593,0.01903820480250438
-0.06152062245617983,-0.08816542069488621
-0.0799522450543891,0.0488409694409227
-0.05633625788226981,0.03728518530894298
0.030525358073665868,0.04226938535586018
0.0336326622747591,-0.02587680667768124
0.14383345622324137,-0.02293109508477326
-0.029186467678642636,-0.017667727137106185
0.01620665599839865,0.0015666652961717
0.030618108040391563,-0.016051300103497545
0.04193526056079955,0.007519536320647816
0.007443250105301367,0.021412521054280795
-0.06579492746767819,-0.043092762019862896
0.0343795381464874,0.06478450488800933
0.039714364771643404,-0.0038966826096869522
0.024460949419882815,0.004046935713517917
-0.0481397366190138,0.05497690236612509
0.028128501697148405,-0.06532740150919172
0.03810253380520896,0.01374571440887241
-0.024054080240148705,0.010108795430213794
0.0469003670176214,-0.03256815289293728
0.028226599322697776,0.014270407201667602
-0.09919460994217588,0.02575040142854786
-0.06529625302435392,-0.08775720981614242
-0.020190447914806016,0.10812482823252859
-0.02138950056316502,0.03565298018633049
-0.019586773573135364,0.05660151815796694
0.06402995287159989,-0.013759148521425669
0.029833560575293024,-0.08911377400217942
-0.1535618017602597,-0.054512056438771
-0.020126209455315534,-0.011091839295284822
-0.03150045692330624,-0.08981478394783565
-0.05714094281324969,0.05120549370866881
-0.02001606247910305,-0.012435089012459415
0.18872734880068173,-0.028960781582104828
0.0038912278315526693,0.017332598725872284
-0.024933251050636287,0.07121592981186858
-0.00950641605197904,-0.005306188370930565
-0.004784125960538179,0.0054058206699401316
0.021530876870246345,0.007551281642562325
-0.07847210466184192,-0.04549257943258729
0.0021152269209151,-0.0838898532094203
-0.021544657873068647,0.04223489926892657
0.025977274598311555,0.03558914787801076
0.01934460848072232,0.0002804330038944699
-0.03920247767810018,-0.012525114578599065
-0.012426811350635617,-0.004192785055711266
0.09357718839929664,-0.005857556650096107
-0.0003415604590373063,-0.0338972325797908
-0.054402156909961336,-0.00834699881110456
0.0735572214029816,0.05169605453889663
-0.021888867055112286,-0.04314417910477663
0.055802384610132066,-0.01608155541238191
-0.14232756933501295,-0.007298911086591777
0.03657259631326584,0.05205656806975263
0.016735244801576774,0.13849092838402638
0.089430470511254,-0.009120170854858653
-0.02394867793161472,0.058795652106149406
-0.0065916828990769,0.049373436372837275
0.013552191685445046,0.011252099512413495
-0.06946160686073309,0.018658795444777852
-0.1324658215456516,0.044633466912962265
-0.06557964183088115,-0.08314653182534859
-0.015161258612018096,0.024985611536496137
-0.0491714807937287,0.022033691619359624
0.0536056135802668,0.0315644135060435
0.016536131210900824,0.025575884825162334
0.011992908802066361,-0.07531942375362358
0.04798998224568473,-0.049137114670082756
0.06738729763913139,0.023432176824735185
0.039207923816143575,0.030071669197369325
-0.015354023448632004,-0.00019619775667972794
-0.026490794455268928,-0.006119676174379942
0.026109108217216587,0.04834467560789514
0.08062601203023471,-0.0832938732814475
0.000424863833915835,-0.13452490663440628
0.04758516244696489,-0.0048749782327115534
-0.043897409681362465,-0.028547123839463198
-0.026883419936440733,0.009893315705161724
-0.03293270448991283,-0.0038528473508245235
0.06175113613989319,-0.004999414886250398
-0.07547129150691109,-0.022660286389138484
-0.0850300062504366,0.08846856476901974
0.03254425290366406,-0.01673152426424248
0.0033057461572707607,-0.009894713726418338
0.05822086863797352,-0.051201463435809294
0.006689821083822692,-0.04522658746153279
-0.005415759953732571,-0.03346868248075279
0.019539530146182888,0.0013832278145127705
-0.04834883158100509,0.021385545257904384
0.01181918566912777,0.025895511807194623
0.023914269473503374,-0.05118977747014301
-0.005574749574718891,-0.019313107090139912
0.08771745956639579,-0.08004530491710786
-0.026709280371233345,0.001444995449743948
0.03682850584633543,0.05120838218252319
-0.04354227078922748,0.044414371631597546
-0.012556819680513585,-0.01724104483007506
0.09316718663659354,0.010784915379181338
0.060568778905576784,0.013016718727827507
0.03231488683017699,-0.01758388839000087
-0.0650747088830665,-0.01158445875718414
0.00979644741833162,0.06389601662816773
-0.0017283944383840403,-0.008290258117410527
0.05547778539319637,-0.07211373989686616
-0.00713429180889252,0.036723666070380315
-0.028954155215241875,-0.011563491203333515
-0.00548683200252835,0.024808954048824616
-0.009692288341168039,-0.013372336727986198
0.03356803565267639,0.00048129315429261584
0.04911627219726496,0.028983178796886423
-0.03314272418679483,0.0349015809148255
-0.12954721732953733,0.021615209312949614
-0.05743752573177898,0.056851326784231195
0.018957959842309798,0.016985714162075664
0.04536729957257285,0.014484663922791404
0.013675205729495949,-0.03403984715876529
0.01828275398565638,-0.055607772667224525
-0.01569450400842743,-0.10144017878271344
0.046802394674601296,0.006955464999363434
-0.06614536583323716,0.04692185722686414
0.06525280107559381,0.04030434086272876
-0.032279537939006696,0.013449149666614318
0.029628310244337805,-0.08332942738968396
0.031171997356412504,0.02435610497971137
-0.018553750619835593,-0.11107964921150011
0.04677906497664784,-0.009327785551357447
0.012829548495629443,-0.05601984071281785
-0.01810445388817035,0.046217436190545844
-0.02606697450074908,0.03366238805270132
-0.07870016940129415,-0.06300743009468662
-0.060278286178875415,0.08102290288987324
-0.0225037450157226,0.07651618519810625
0.0428364534731794,-0.018393832989416364
-0.07309057172135863,0.004698900304306914
0.004797516984301225,0.10435253783775778
-0.12379439165239436,-0.05418292443756029
0.06684101654810738,-0.04135959738428245
0.0013941127683336618,0.03841259633426644
-0.04550080002177295,0.08862015133397444
-0.03494633282249358,-0.014339364770999546
0.0767756675378504,-0.024600575556306827
-0.006721523733013589,-0.055917486497955006
0.008311231059045406,0.028617538955693522
0.04447405244224818,-0.005135035301341853
-0.017115576336737215,0.03761687093443781
0.08279012047614763,-0.08730671651936377
0.042267662487764944,0.04370327197166706
0.0143596568329117,0.0017493676014295125
-0.03213436039551471,0.02446189042210166
0.054481749905194776,0.12580865319726406
0.02244059384500646,-0.05241622539753778
-0.010594398402952428,-0.011494847260078603
-0.06050308397268875,-0.033500559640563456
-0.045674365053230824,0.03384231311950872
-0.04180939074192901,0.0920782497686708
-0.0013761511931985543,0.008697446342418674
-0.007648174070742537,0.052123787776805985
-0.040234649857927254,-0.03613113030871481
-0.11201193399990306,-0.08680658932232023
0.03729312570683705,0.038074025639729024
0.1087658583135602,-0.012053197606378917
-0.03220649667467172,-0.13451054587104225
0.01816253688360134,0.0628931678964245
-0.07218266454006486,-0.03551004884701047
0.10229606691029856,-0.10565188734924158
0.05121261243769561,-0.014066702413865028
-0.019618485942715883,-0.03432847148573999
1.8799534784048904,-1.7189343254435854
1.5986427471095879,-1.5161888753155477
1.3533697697255669,-1.2853250690564446
1.2030579029886217,-1.0430967069241002
0.9608360903525939,-0.9287622527171505
0.7697780997601928,-0.7856119781351081
0.647184779799786,-0.647529189986711
0.5938396866407282,-0.367739593868203
0.5769518190008587,-0.37842270175801307
0.36139630595920347,-0.37064168896353344
0.2501896286342755,-0.18262132192738958
0.15335636789283186,-0.12268882430848296
0.08620307730894372,-0.08829684139788989
-0.006066718047979629,0.006624606806975186
-0.041656364510255305,-0.018616278251560273
-0.16278661784003942,0.13927715158111684
-0.1904823069119597,0.11913957896035682
-0.15088187776009393,0.18160341322099488
-0.2770124522524682,0.20750252078096032
-0.28941910180595454,0.19174530122749814
-0.2235431863168416,0.24170685771838046
-0.29514052058540363,0.27129602961431315
-0.3363181003596318,0.191195321355375
-0.2758123941037811,0.2854588991438042
-0.2627405727743752,0.2964001992490199
-0.14198890192848646,0.28182933557281
-0.31479007150763194,0.2740184697789744
-0.32458669874149215,0.14190919435753918
-0.30089930037420176,0.25087889987831213
-0.3515984598751444,0.3012663783317175
-0.30236425780132653,0.3226228779742597
-0.2433754992165154,0.2994187602820719
-0.28708694036276433,0.250755873312471
-0.27009503120527556,0.29994272244566494
-0.2646309980723334,0.24395259105427838
-0.2957797638214354,0.21803524704402355
-0.2749212827867092,0.11130992378930106
-0.18674279325987936,0.20683988740441478
-0.19186316210467824,0.2605383031287804
-0.21086691645734165,0.270297965761163
-0.14772281527362705,0.1922351203786633
-0.17034209289057708,0.055374246401535765
-0.26074702791363197,0.1130375540366302
-0.21575069981471784,0.11285988689970047
-0.2454875232763045,0.24565260932458366
-0.14207451540345403,0.1272330292439533
-0.24114602144932384,0.1335581297861816
-0.1710653599677393,0.2287791243555851
-0.16113343250669923,0.19212700506638425
-0.09985665289189688,0.16237583610343892
-0.11947074814080622,0.1380708000502009
-0.1722123158236211,0.09145806763200602
-0.06171645709908219,0.04918444313199856
-0.14858758828401092,0.200607579963224
-0.06790203467573394,0.06781278574459743
-0.04062482477476978,0.08523480488006427
-0.06743011120696858,0.146019920679429
-0.12763869309982628,0.11421517675555912
-0.08238212576412429,0.05770515249703731
-0.13984526435307149,0.02136197332083379
-0.1240597765279923,0.16326308206837312
-0.03412511076925358,0.12557750490297862
-0.059958049267953194,0.09915406350807965
-0.05974353509119753,0.03925565132836167
-0.11340595599682578,0.051764084807738475
0.005087465676545833,0.1049888093225006
-0.0734480259273808,0.015145076209840137
-0.07177833074755953,0.050743835166935
-0.0400550846383853,-0.003030469576792528
0.03321032678007889,-0.01981739713437984
-0.03321925005369075,0.09913440449918036
-0.002803574818574253,0.06337915884654818
-0.12084251743055696,0.11467439065530619
-0.019144455085388052,-0.04965777326685319
-0.08641692316159617,-0.0006866520659629394
-0.07903094734573611,0.012544409563262244
0.10381939560082085,-0.08994406121892928
0.017051618204785887,0.03932009509319978
-0.053266976209633235,0.09124019377364555
-0.07271687285838432,0.028966666687193596
-0.05954263904240032,-0.06256315020776854
-0.011174727518535203,-0.10636729818776754
-0.07097933656558411,-0.020331544230569987
0.0008551216064745983,0.022912159103552925
-0.11079927574056296,-0.029635365405793115
-0.0033558489635528953,-0.030269566467665737
0.08390260921184008,-0.05788502272759397
0.036919622519039026,-0.016258631700686338
-0.0127992824369559,0.11995405162949244
0.04360967249982226,0.10149647167102525
0.0956079441347333,0.018220869618729846
0.027865461891774253,0.06471196588219216
-0.01808427364534234,0.013889812955982437
-0.05009137030050545,0.023259156245324146
-0.05001708330527786,0.004195906640452895
-0.0039055192528880244,0.12452119405355824
-0.05645924223179878,-0.01612402039324657
-0.07208691584668808,0.05113175855722287
-0.05170842255200755,0.09332600014252108
-0.0435988325943794,-0.01593677734867354
-0.026360091384940363,0.06329078016652666
0.017216870528967754,-0.048658827013973685
0.02391829052311527,-0.016274240200910152
0.12517380813684453,0.05666780250657487
-0.014713912177111415,-0.020308007805762925
0.07460649176704535,-0.015022058881859358
0.04709089576957813,-0.027547461537395818
-0.02618474199271571,-0.08098793487134034
-0.034828765433654096,-0.0005899966537118561
-0.01621237644229994,-0.012438028746258756
-0.047472550240775194,0.010044546313234976
0.04826527914856389,-0.06564806852818085
-0.02200231526946566,-0.0005994750064809559
0.018788119831110006,0.007855966619792855
-0.01458599760040755,0.031694749851590195
-0.09138440303811814,0.02627006779247082
-0.008760352988241162,0.006228574719471438
0.07218517254566771,-0.0716607706026037
0.03203214585954375,-0.033140293748684095
-0.044397399356708986,0.024605849658192746
-0.05598318589769854,-0.012385765208408712
-0.048548673337281543,0.05476342687241879
0.006711940479220422,0.04773995731805193
0.03777036271484965,-0.1019292125575752
-0.056385059409634966,-0.11630439786220566
-0.0005564936851067369,0.0192079674329635
0.02752770900585165,0.03381559122764441
-0.10141895717633746,0.038277961476157904
0.06559282286432508,0.04910628916880871
0.04475866821258312,0.02363146487232758
-0.043249453404335725,0.013074993919310555
0.02962513154704148,-0.07588877273615405
-0.039155128161629374,0.0049217253663723076
0.06301356521062124,-0.04422574747549749
-0.018522070699969723,0.033171360515459616
0.05699192591574492,0.1295645004195943
-0.029165650687073587,8.549018583802609e-05
-0.0024785919512294273,-0.04244345313212895
0.02633794076843286,-0.013202355420396064
-0.04109381409334813,0.021987451667234748
0.01190146440044106,-0.027067151808477595
0.001070585632674724,-0.0050179874388215015
-0.0002720451368975439,0.04070284324275513
0.10943377660675256,-0.0748811117969053
-0.05479529606908387,-0.02371762470768437
0.034630990726236835,0.01470816486731599
0.018932398363304348,0.061201732825851445
0.05620833680318076,0.015398303903257133
-0.0015156097200792159,0.06799633359661318
0.002365429904690828,0.005442437370828737
0.04295953740027211,-0.05567186310643353
0.015411442570003452,0.011609622564591745
-0.09660324817314375,-0.05766079978469556
0.07181072312721376,-0.07135571193825652
-0.0024572970805931543,-0.013768186853740655
0.04469683123949986,0.0022958785087018657
0.01976674672635761,0.0418061531810065
-0.010989673339763308,-0.057939649637744325
-0.03294579172819652,-0.07212156894214033
-0.07382225134207614,0.01112419584839742
0.07936221703612686,-0.005767689732862459
-0.08492062437741654,-0.020932186834853598
0.1240249691375821,0.00922399311087203
0.03244789738654528,-0.02135581469403621
-0.006028217105172942,-0.01193920929201563
-0.07050471623966338,-0.030193371049427254
-0.032463753928804434,-0.03070113780569661
-0.04735186244904098,0.08759494286539773
0.06715071566179788,0.029164455671719665
-0.022382648613692074,0.10397672347968626
-0.10497491303063633,0.04478023507906282
0.02952215545146848,0.02691545337725096
0.1326487948934711,0.09503273395130045
-0.08555092100667695,-0.04913369811137991
0.011266900565897638,-0.09885581951428286
0.030163797301176635,0.021405020104707132
-0.008167818967223689,0.1263273878488645
0.015197856642351185,-0.01628568967932577
-0.053773725148174925,-0.025143064144202962
0.03629608593110496,0.014174383134796523
-0.015071308425489899,0.03628080478442377
-0.06481810715850159,-0.00228491081373261
-0.026369770601110513,0.010822918872559015
-0.06349761133077397,-0.05419494922315281
0.0356747289993118,-0.052525657123231144
0.036096312237276676,-0.008652341144062697
0.02219825793649785,0.023943984292085507
-0.040780605129003444,-0.03682017105975821
-0.01223014916149077,0.022429326847420605
0.057444584117171085,0.05107380169008899
0.03141421083927566,-0.057106616261073856
-0.031872449674151225,0.033611639638990665
0.005260913695733777,-0.11005642927635373
0.028832661848830744,-0.008241441959662012
0.05005634005127057,-0.009265617299739395
0.03097294149727884,0.06580617618253846
-0.11382194029328307,0.08510351305512374
-0.006179519373786633,-0.034480531825146335
0.019544013443214367,-0.07608279518101269
-0.11646628532814757,0.00590655199477701
0.01416359428548839,-0.04967839014635263
0.002751365025667675,0.040703602169981166
0.024987350653952127,-0.04099678425959853
0.008449749150753031,-0.01228129746246365
-0.034102011071868985,-0.0506168158160386
0.020339869971645667,-0.021044004068972617
0.040175566504082744,0.0033374461021293735
-0.012940144084410517,-0.01403062092609082
0.0944046831755767,-0.05695050753043596
-0.009053431825812069,0.01163207225161448
-0.0418730984554847,0.048196724841502316
0.027444886252147895,0.008671506988440495
0.0037092357524595027,-0.022432885466788566
0.038358115433168125,0.12353502682940212
-0.1254308913160265,0.06961595457834122
0.0486625656364121,-0.037373074754598876
-0.003687117499520021,0.07841499186543663
-0.02578530409162997,-0.07381974552895838
-0.01277739948614196,-0.050371668694438286
-0.022121664942566142,-0.09238970309057135
0.019728499144209526,0.007738680343120358
-0.018050699974254396,0.08513054701798053
0.09370753486604944,-6.525839785113084e-05
-0.004827085543369629,-0.0553783820120272
0.027983951196278015,0.04511839710313612
-0.07339426218846232,0.014469818609307787
-0.0316156740620166,0.027146660246106923
-0.012148777392110363,0.021861723105022737
-0.008740491193813461,-0.047256319743972035
-0.08206617372948152,0.07573292980400613
0.03854492761056663,-0.003412063669505204
0.009903840674521536,-0.020652240535452917
-0.07078647420436614,-0.09755148369213248
-0.008963311346897491,-0.028296404707408167
0.042867047003948555,0.022632072803561536
-0.00036149669680376594,-0.03269780771911912
0.02520846875056531,0.040794668136242065
0.015569627663778386,-0.02979628197272781
-0.082701336403124,0.003149690858619181
-0.03400784325836041,0.15720914826456547
-0.008836673384684437,0.03474044359656367
-0.06995811211673075,0.019561956285227902
0.021460893719055206,-0.028212278981862026
0.08698531926778313,-0.01397585148334891
0.08992330390599759,0.051268837305306236
-0.05135789971694189,0.019757238933927553
0.058533353260178604,-0.05543981700678565
0.032516855442319234,-0.024736670711012085
0.008233594056381844,-0.04248483128150808
-0.02772909665245688,0.061356955602999814
-0.04850235631875401,0.05464220090671988
0.031592129547142855,-0.05401123074227499
0.07267748587616732,-0.11249479739693799
0.02065002740472174,-0.022476644493261828
-0.06953734862711998,-0.006062482607295669
0.039443735829990334,-0.05547026540319158
0.04735088068602264,-0.04248637186860915
-0.04744071517755953,0.06232393063296026
-0.03638425334093739,0.002329360657130212
0.09074494599439868,-0.02087703787143124
0.04678238560371739,-0.05811509582847321
-0.04404532253156676,0.06749028117479816
0.053058550688205953,0.007808891522481794
-0.11039917640007811,0.007539633377033108
0.07033940723737203,-0.029571919578187555
0.047711028911221295,0.003944789569664844
0.045061429295910636,0.10116496525227614
-0.07802885126066324,-0.0036948013206139513
0.00687154014852873,-0.014383195633119388
-0.09871227940085534,0.040857792804402035
-0.01586433336952934,-0.009460184437498902
-0.002261129482314758,-0.00036542866271893886
0.03362622541950647,-0.061221392541220734
0.07727750568345655,0.0060746218877785405
0.055654628332496,-0.028584960049247432
-0.09092766295184293,0.06072628889982113
-0.009096839082050199,0.09346454784838377
-0.03553943296435316,0.04618630412262414
-0.023475098955871184,0.04629004728466296
0.020910055835168858,-0.019535484408603258
0.017574312477239538,-0.02262124305462307
-0.04737553029646758,0.01776985538270888
0.07037140138962919,-0.05550704009785935
-0.005123281223479902,0.055638231836640586
-0.12105694890842754,-0.040058543043807474
0.09984641796611171,0.12392617350249276
0.005946986464134004,-0.010844074840373408
0.04009904088930398,-0.05182386410410375
-0.0951632453037558,-0.008680717167513511
0.05741357664773831,-0.05444892675837655
0.08764012116272885,-0.10364755867854576
0.02141407378462985,0.07715110902254171
0.05129310619928587,0.0044535348371012445
0.049803930489711115,-0.027747980102012362
-0.01243002258627577,0.031839693419640235
0.0014643580192118463,-0.08868534330001024
-0.04375071019342595,-0.03218948136655761
0.008764972877050033,0.0024554681426251506
-0.0830321546992053,-0.0009221298258191659
-0.14509445353872982,-0.018145523505330455
-2.3623306323953708,6.778970191912554
-2.0604192750970953,5.967766439932939
-1.8012597397541552,5.084714976936758
-1.5127449291959327,4.295921595063718
-1.2267590857930428,3.640883816933651
-1.1101615386717159,3.0455896969440324
-0.823978612366913,2.478255964656699
-0.7971281760277906,2.0189509030543364
-0.5224589358031863,1.500865740377919
-0.3376955639857645,1.178480504154894
-0.19076138859435177,0.9565969635952356
-0.22957368218886798,0.49473875214028307
-0.11231831085951985,0.30147782787910327
-0.040584129035046546,0.010450395331506365
0.01872454182671486,-0.15276717524366512
0.19996876017081694,-0.2407754540573591
0.1536507611473527,-0.536962151888038
0.2264905834043945,-0.621658862287645
0.2912864200668911,-0.8533638786689324
0.3134742861569636,-0.7655564925725482
0.3383883605005001,-0.9070610555901197
0.361022265160788,-0.9469240450150422
0.22130454031209837,-1.0137380760426589
0.4808612090483062,-1.0358291061643672
0.34775377595145307,-1.0817760847893152
0.37059117915345036,-1.0621497447705137
0.39840974517762323,-1.1916131127823406
0.37724451790340435,-1.1400359253349883
0.3476147553633166,-1.181458112909243
0.38973307152407677,-1.0493048631725015
0.4217767083848025,-0.9984151671242631
0.3896312929694408,-1.1101880374030848
0.36902436552294776,-1.0152004161610433
0.40685037957992387,-0.919178456083681
0.3648401371766713,-1.0411706472323732
0.3137076688053441,-0.9177846958939191
0.2952006746754648,-0.7956546501844104
0.3274074774443681,-0.9337523684726065
0.32475846087839116,-0.9177214349369947
0.2835240904371518,-0.8110620729804171
0.33593126098357895,-0.7344675416494216
0.26877842576713684,-0.859756001720528
0.21728900324782813,-0.7552512185078094
0.18656565866140976,-0.738097518972196
0.25600342640144813,-0.6157301270574895
0.21918959911388594,-0.6463802919352406
0.1793775185139287,-0.5810358768159379
0.19249522071825123,-0.5620504785590097
0.12570163470180182,-0.5942640793976656
0.23894699018873486,-0.5244484537454344
0.07891887185743213,-0.5092217181136043
0.2074767501167833,-0.4898347730498026
0.1581495964829013,-0.41619823050383986
0.1826248897551132,-0.33032631345916225
0.027456177630534984,-0.4738401369602204
0.10274639042884666,-0.39534027860810445
0.12605253433228358,-0.3871210489207792
0.04464450893242024,-0.39329731218090164
0.057047463355867786,-0.29416922937134626
0.061195567779612735,-0.3597283936740392
0.10679373763583405,-0.3181167122713736
0.07365232465681795,-0.32997195661045425
0.06816866012541989,-0.17033871851431892
0.16914000689220296,-0.2941009147116737
0.09247596503974109,-0.172115041874351
0.09789173995024965,-0.19187110260745652
0.15864287023088441,-0.2017177533663719
0.03796650105954874,-0.1755577475847576
0.07133575341454174,-0.05276327126119697
0.13823813963276765,-0.08900020081357293
0.046381602033004926,-0.17567870334210833
0.03925845159784679,-0.22817593653441792
0.11891486505224802,-0.1609039032126032
0.09561279730561055,-0.05817457750165085
0.01511300368526326,-0.10134970510765487
-0.1348249289963267,-0.07583447348076462
-0.07630788771225147,-0.05643244977413961
-0.014131213706648924,-0.17211284209435157
-0.02769658469358202,0.04527057227184676
0.12250603085068154,-0.05032819230352729
0.08302272746708449,-0.057489467975136335
-0.017416764981958766,0.06257370444530426
0.05888823108602548,-0.07655040040810433
-0.023865262068632757,-0.043122149147371426
0.007344345503286989,-0.05987109557435065
0.02465890389060287,-0.09324236467309656
-0.07423674242496811,-0.054305249162825725
-0.0013451585697335303,-0.05596323198617859
0.03302305804264261,-0.12751491501136353
0.05185538087546484,-0.07741907368225953
0.02703993445381421,-0.0952540502558937
0.0454975724513504,-0.07125294321244978
-0.02513386978145926,-0.0027168368163289994
0.11707027467349637,-0.01654725401337046
-0.07930326432353287,0.008229307464138049
0.02447921340458583,-0.09264718893983265
0.00588990891214144,-0.010902290386392274
0.05647203000853798,-0.014039452910739145
0.11942398632720841,-0.009619106154915846
0.020026117145496514,0.07724271854807659
-0.012384722533069667,-0.046913885276331835
0.0048751212879851145,-0.02320017293005062
-0.03543267831853539,0.04968281634720458
-0.05902457572451951,-0.07176173259235283
0.029484325352438903,0.11303128955024323
-0.04315538471985306,-0.025716247320224005
-0.04066709778387076,0.01950806893149319
0.02848501690310495,0.026586803755225378
-0.01795155521409731,-0.06924699327025091
0.09367313876680769,-0.028836981758504635
0.015641423253352247,0.02501453215608691
0.05228710181120098,0.01137444406728442
0.017689733743314135,0.05817354605769434
-0.09619598949741857,-0.04372336861388655
0.06356274498178657,0.023218058386939043
-0.08464825255320085,-0.010193343841412784
-0.012180781105868092,-0.02637254208372525
0.03379217900332489,0.09753635633466659
0.02708097009521132,-0.042653669289281854
-0.002274777661765452,-0.02411345375598161
-0.04172512059544027,-0.011029762659817213
-0.028603846563193952,-0.03813476718699479
-0.019404494705032343,-0.001350245737921411
0.026708029788590652,-0.008044866838505558
-0.021212277439101333,-0.05658133981288216
-0.02101154310225842,0.04954284748550182
0.03392737680714725,0.02239204167363629
-0.0812084039931941,-0.07050331566333558
-0.015593987402310355,0.016142929712021706
-0.10769589954864696,-0.055172305463496024
-0.11315605152569798,0.015496842076500828
0.04031929641600701,-0.08081832536397521
-0.026871546591365723,-0.05045027790841561
0.10930947956485217,-0.03622900685507405
-0.019027777491078132,0.05959898431815917
-0.03326285402152708,0.03594422290100446
0.021483813474396426,-0.05638362842101305
0.04364491631521871,0.016525266415489476
0.03412846311217086,0.0888293244066384
-0.044145517227156525,0.06447599279669575
0.07369179286805064,0.0016609081842032958
0.05920756898266963,0.08820852769684949
-0.03747604220262139,0.026990983211017762
0.006785895468695494,-0.04210054760783027
0.10172710100601629,0.07120281633975868
0.06350688298352086,0.0003718335682198551
0.01086357910392608,-0.06956418278030269
-0.04905098005159299,0.027928686237041957
0.00783766847170798,-0.062125205777890304
0.03630383504046454,-0.06704999719094229
0.005782020052611497,-0.009087539382040447
0.06939395960947817,-0.06316767440982313
-0.03743952997502693,0.04957270600957924
-0.15252018716457688,0.039335681375923234
-0.0438229648359926,-0.0331490802137918
0.158728246195049,0.008363398985103875
-0.09110199543160828,-0.0025252631374674747
0.007594923687630236,0.009488806426227292
-0.0636063071578399,-0.05207719750418408
0.0003637042033032972,0.08954091503935185
-0.03179508984371974,0.09651600652760625
0.008920593016886491,0.044287942517240386
-0.00601419443026795,0.015964769380373584
-0.0018173912275425176,0.07703434794458026
-0.04004571262990744,-0.047857352090956984
-0.0469518936934552,0.06189170517324202
0.16772361717013595,-0.03801575124894045
0.018054008396122402,0.058301084544352545
0.062030519961841425,-0.08477628902187678
-0.013515843280127376,-0.055635307779616644
-0.022852420822603747,0.00698982814383761
0.010131257495816589,0.022255444845312906
-0.10719988733797448,-0.015084313678273724
0.0844767553635894,-0.020535460632536553
0.00506802723098174,0.016385531823394882
0.028091364675779877,-0.01871076399656694
-0.11760381590729997,0.07748005641221554
0.003860630880280916,0.032409240142485835
-0.02487264556591079,0.005355568634287461
0.0592372161893061,-0.0645473227966907
-0.00022199416237662223,0.04714332972044535
0.10946286746518252,-0.0027551423342239215
0.07973544823190418,-0.02261570389168306
0.0021999972578776207,-0.06938200142154241
-0.008230334543485403,0.04380235217601209
-0.038448057485098,0.01137622222813588
0.005432534334772768,-0.04946905607374864
-0.09484566744607989,0.014547903738487394
0.06871110894046993,0.02678300948724179
-0.015082123564235548,-0.01995423206507855
-0.07251060993460814,0.04031181028563091
-0.03344320930817478,-0.004725107497099396
0.007515929918641039,0.004267393475198167
0.015762982611107628,-0.08757432897675121
0.08170323407046583,-0.016133233154603653
-0.024836782463191365,-0.08698242795303725
0.0014416340366572977,-0.01591798984917455
0.04993245449587838,0.028288549132190408
0.026933399039582685,-0.010758667738191303
0.024136566946392456,-0.0988132350875186
-0.009696825378788642,-0.044522373098669715
-0.0159702545519722,0.11726429783926248
-0.009714676752054941,0.05972818832155781
0.03387615741394627,0.05512110856545573
-0.0011920687995208915,-0.04661064370232747
-0.030740388160418783,0.06272197657253342
0.041986836567820846,-0.009050147810050868
-0.12408767940671117,-0.051381548298155416
-0.030728109967167773,-0.08865717449259498
0.10685393713848679,0.02669829025160976
-0.10051292142622954,-0.00401802071106926
0.0078086447327593116,0.12084816936495103
-0.024810309164578787,-0.049888260673802254
0.06046283557794404,-0.017935192069591103
0.030196243535268258,-0.062344719991371186
-0.08164822592431042,-0.021601275027813695
-0.06870735215983999,0.0744270556939351
-0.05520122885339452,-0.04958137800197461
-0.06304297947421024,0.023806475707436426
0.04264218367560721,0.026427480736746754
0.030254284551454423,-0.03740702502176746
-0.0015926121647448577,0.06883335487622408
0.05808256031869705,0.06299054661996384
0.046824506517945126,-0.036902016272688916
-0.031522262573294386,-0.059371748280555976
-0.003976429070313696,-0.052268854844862975
0.009939247622886256,0.12420496936560153
0.0732377858143116,-0.03287580388226229
-0.0316440798432908,-0.017951396513467777
0.008236416590583166,-0.020255409717167272
0.028185610872767636,0.06039134613807469
-0.05680206167315134,0.07172080119375876
0.05316741810579008,0.021931929747151024
0.052272289817970344,0.006290273714593644
-0.036044891707654944,0.13034475304971938
-0.019897241967249443,0.005562843386681303
-0.014887422081639807,-0.00047225679309133295
-0.035637444749108196,0.023411763643726408
0.05339256181264511,-0.07088799970049946
0.0349677814738294,-0.03236639956823693
0.019577051262221527,0.009209896027880984
0.027394497390353795,-0.0382768152608905
-0.09218059288810619,-0.038321212628698816
0.03660378368242859,-0.12605697273119335
-0.1219518490031585,-0.005641457798045795
-0.04844446235890975,0.02998872698455453
0.06504536443875214,-0.03467934619034371
0.03833415454709847,0.02134334241444975
0.031160260603446496,-0.03502828458278535
0.0162832195967621,-0.027771215863484633
-0.03909211686736265,0.022368622571231997
-0.06265306422891062,0.05737269870277566
-0.00717252804424397,-0.034225023435975915
0.05871199021871894,-0.01656754645977632
0.010350278015955528,0.013203385862557603
-0.027468719440585966,0.03436554002742151
-0.021028777610483895,0.057111287154507036
-0.05812972304029242,-0.017515503628960864
0.005983400567454792,-0.009039349319098408
-0.04133394977789478,-0.03230758029616656
0.03050458135908135,0.09478119176579014
0.04778522998744502,0.0068853436839358025
-0.030788352979098935,0.07153063181579049
0.034256419987332726,-0.017844107679682673
0.00839380727720501,-0.01740664781696545
0.09053632010087113,-0.024278644041637376
-0.07147718131872921,0.02102287853060203
-0.023244670449991605,-0.10841492096017152
0.09198380744590359,-0.028138267036050026
0.014073245664685742,-0.03412750221854992
-0.04921660016984865,0.11984775627108209
0.022792878758831396,0.008498270921922568
-0.029305207846144727,-0.017591625081306156
-0.05343129114687828,-0.0653282550520751
-0.060505829280055434,-0.014040348333486694
0.006726579796700201,0.008863437229665708
-0.006944386082204643,0.012149281142284429
0.024553679802246334,0.02355617784929371
0.08963828972875187,-0.009724053987108003
-0.0034640564748947182,0.027625778101331655
0.07225088590517932,0.012880941524486225
-0.0047697687672592914,-0.05383901408134344
-0.047104859249033904,-0.009380361040897983
-0.022236278106961254,0.03599211155156978
-0.07361362762578864,-0.030013603426942786
0.04022486831131682,0.04356468983020268
0.00032723990233338076,-0.000998722069338761
-0.04489781931718506,0.032763831417625455
0.07763009848945586,-0.16313197924250578
-0.047291973039779486,-0.046586096632253673
0.09496767090503937,0.0347910182785697
-0.00547290374636899,-0.06403848338222899
0.007851620952000978,-0.0367387088378302
-0.02062046877294634,-0.030707168420518502
0.025223825625777543,0.030291149312748546
-0.07651552797044725,-0.013225050249942104
0.10017549103414418,0.04036448454478396
-0.09224939162718063,-0.05520276114110165
-0.12149101026198672,0.03652866600298407
0.08163759652498692,0.047546200868075296
