u1,u2
-2.2835113399862603,0.6091711034518466
-1.9856042906761637,0.5547617110519313
-1.6568031555031886,0.35615665397673196
-1.4469050470967755,0.3999441150081036
-1.0833978098372146,0.3179789812122602
-0.9756338426216945,0.2856984986091416
-0.7839841312107115,0.20956856565880133
-0.5848136459970139,0.11128417936402735
-0.4322806339855374,0.03337015479418286
-0.26609314764249287,0.101422840371492
-0.261591452129441,0.02617585077433971
-0.06674640119082043,-0.062105853423279234
-0.03222349985052272,0.03451125977536152
0.029249374722044967,-0.039586689712959484
0.11188783271089642,-0.05824082524900858
0.24162374242151302,0.011902453959194578
0.2680293401103152,-0.10845190090172384
0.28653160158905866,-0.019089015352014793
0.3445771008712952,-0.12571535216647367
0.355005244370742,-0.08527918875716121
0.3366750330339644,-0.13043051777578402
0.3616978834913776,-0.08662503905568612
0.3659645811195539,-0.13852943650254657
0.42824333006929577,-0.10086797462580235
0.34867492585773563,-0.13510164282208306
0.4167390592299271,-0.08950071066881071
0.4251502319911334,-0.11542840766321251
0.4273870893112857,0.011613629630722586
0.41978735899287895,-0.17146376772173613
0.4474064228822366,-0.16231142379276256
0.4210939174203585,0.0043181468439869725
0.39643495050836075,-0.12496498110642927
0.340053402624365,-0.07500926250973532
0.34957329959425365,-0.12332839951868976
0.382746002972511,-0.030371520311078676
0.38342238770520937,-0.055356020808906545
0.39167153030028207,-0.0678743859107884
0.3157067116527867,-0.07137384520356693
0.42698927349072396,-0.052017323309987346
0.27921583749254164,-0.03868603674166297
0.3538371068530173,-0.04922095166780326
0.27436012063159854,-0.11818394383608835
0.27602794369377226,-0.05446394005214607
0.2655481544421319,-0.0015301348657734415
0.2853230695336925,-0.13200502145028503
0.23758754333108223,-0.05159349590136641
0.19037445814825715,-0.15734134021066531
0.23430861957987278,-0.1447519965132753
0.16623773982035625,-0.07214376969363082
0.21647521572749814,-0.038862807318176006
0.11141353220198943,-0.11671463630829908
0.1927293924430885,0.12400601773423442
0.20169080228599853,-0.03899296822842554
0.10906547596935559,-0.08333527286445783
0.25842254900271466,-0.16005119106667381
0.10619390700117487,0.0037104807709504584
0.08613139789131835,-0.005792795415800044
0.12200840868403603,-0.07105147887757185
-0.0032522458074216443,-0.030688040952554452
0.057326221347686834,-0.04851818671923479
0.027809217992176498,-0.06200672523579448
0.17416989137199484,-0.016945008277588897
0.19530476328787638,0.011231632013339363
0.15702089498098876,-0.06912349813531098
0.03788235012872661,-0.039118359322895854
0.08769013376838539,-0.08849294870342828
0.05975001280932979,-0.0076838719175615945
0.12418032412468419,-0.0028766971469957004
0.07790921017789922,-0.03638528533530377
0.06811986957719851,0.02976466447623819
0.1537168438456134,-0.09243380100713597
0.05879315689849292,-0.030582215868224464
0.01343903006260522,0.04615420672929408
0.0823032554349199,0.023215517237829608
-0.01235407376831595,-0.02530884772963793
0.02096475662593448,0.004033899449310267
0.03930492324772081,-0.007925737186921328
0.054158582318417914,0.03509037060143599
0.03751038284535873,-0.020845766037622993
0.006277401038120111,0.02568809093592961
-0.042983454762076476,-0.078625408871669
0.030487311089550426,0.009772761917766309
0.003675348890062358,-0.0474428556025557
-0.04752462909137209,-0.027394763415146014
-0.04912974640891832,0.005735984852888207
-0.0320431085869069,0.009198127652738879
-0.03341720409285494,-0.0033327826787521615
0.04345444352227602,-0.011302203328007236
0.00010482633562547015,-0.01064970578587282
0.025090337299782203,0.08565059999648555
0.03480189313190539,-0.014619405812091077
0.003978759894434148,-0.033825931661586574
0.07190074070371293,0.04894605966274962
0.02880552096865317,0.015209775322608393
-0.06985186973955695,-0.01907618418993457
-0.04849978630716994,0.020883477653571816
0.03602789745043328,-0.029475030174815176
-0.06999087032232776,0.08761585215522283
-0.09686289951132677,0.0672188496510681
-0.0887354754326227,-0.03880790388915642
-0.03034030956953123,0.02278147693499163
0.006483370206317539,0.019086843654023546
-0.080738514961113,0.06545313446877585
0.07200088059596725,0.012242820787243279
0.09037938150711017,0.09313746324890466
0.022826257860186973,0.06670650614703581
0.0512249471675768,-0.09415731539461415
-0.00668793652193966,0.04399063897446898
0.07774199705093132,-0.062185553608255076
0.02766166798791488,0.0048781037015978015
-0.04333150898416091,0.03993645317981404
-0.008108820306103784,-0.04082843470607163
-0.0327426201691032,0.029670856684587014
0.013371475504392874,-0.04244063561242034
0.11905486870431335,0.018201710161115194
0.01804816082989627,0.0022839565969367554
-0.009192036661778848,-0.02195702083066763
-0.05818856161319801,0.08993560641603889
0.033626663740564916,0.03663564886617286
-0.022850064376061772,-0.036438250292603634
-0.04187000141964355,-0.06241759315242673
0.08506430338342713,0.05904990373202292
0.0045745884371656996,-0.039719477455234686
-0.06149277344489436,-0.010344377355931949
0.043521748357317584,0.10384510141428252
-0.025588200557645675,-0.020786111911588336
0.012729960844852211,-0.03269445989166393
-0.004441256311459225,-0.03723865525125893
0.035724545191842025,-0.046826475949246944
-0.07449806846829575,0.02373765593376416
-0.025606652518150627,-0.09740499432447541
0.035282912577814095,-0.052209434435342074
0.012486372889865613,-0.0558356660273113
-0.024434877316836204,-0.015443435221669575
0.05168563197756036,-0.04932990866349497
-0.118341165021696,-0.04326460421167988
0.01925635499322743,-0.03208467457637313
0.05828986221667161,0.011914834545867344
-0.02689083446068739,-0.01972034971626934
0.009420174125125825,0.10819944074574904
0.04947126828837658,-0.014332870669114962
-0.08947182006059705,-0.005418646319258627
0.019805854364274855,-0.011418607276911828
0.009213969505838193,0.05289530231297861
0.024485932508914107,-0.01565455470312389
0.011568194276772952,0.0015424888765306118
0.04675655437666066,-0.04705831671987245
0.02810507299654289,0.015920047801198052
-0.016841414274803956,-0.04631454143486071
0.037716842427559474,-0.04640541439583273
0.014586998880324054,0.08429945934170707
-0.08930613466966254,0.07446091835617487
0.009168503142075492,-0.05630532746110707
-0.015479598160218828,0.03529509925519651
-0.061775382635601284,0.02107487885675334
0.046808662626896605,-0.03698504450033355
-0.02022984524010058,0.045152531980840266
-0.01723105703759674,-0.04036511849058891
0.039641867450376116,-0.0024017145496066828
-0.009355022643112115,0.08669705374279271
-0.0037164225793293055,-0.0005557815357831886
0.014486838831674,0.04699811493201339
-0.0023210238075871345,-0.051935496890506874
-0.006592164879361035,0.0014175057610540907
-0.03660418284292469,-0.02404215182351027
-0.04256621712740514,0.011925670084314128
-0.13705953001509724,0.050343914482289774
-0.029585815066699318,-0.008462596573735348
-0.05724334811140526,0.10195294916886073
0.028278348525474298,-0.05213448758565951
-0.06456242645987695,0.036167593671030215
0.03411550600787059,0.025124379691664138
-0.05283935925381833,0.02551988681220374
0.013472882865606486,-0.06532248939084229
-0.03486759258348744,0.05112313961579234
-0.08090265826260541,0.038540123869734065
-0.09815129697758249,0.08036627575908117
-0.023213947497851505,0.01650814613766386
0.009679698986411077,-0.0031121795255393955
0.021492142697615322,-0.09478711316761816
0.023211388153338584,-0.02264121904155522
-0.01381056905190352,-0.05343514087076917
0.03102087569507833,-0.09165271472564801
0.0154417333644882,0.040069446904413906
-0.10091821717209808,-0.078989389472019
0.022052958098797013,-0.04999004602734686
-0.035308405575072185,-0.07755787738024493
-0.046844017906268805,0.05535718807062764
0.032840863068245206,-0.006015145172430623
-0.015596212261959348,-0.01233609458541558
0.05209430887079997,-0.05107501351073967
-0.03599771526698942,0.06440870901830069
0.022618285321491037,0.028871618978554354
-0.04870627477905538,-0.019457541291386087
-0.0017771141855186055,-0.07715408730727594
0.01580313574014417,0.0407347599162977
-0.020119595565080712,-0.09796029764456335
-0.004286862336342012,-0.07849410254531985
-0.010758144808246595,0.01395688435026073
0.03888461401661591,-0.043937768041376085
-0.02952369521012982,-0.02845987987972632
0.054354963271406,-0.05296158347714375
0.06611078680499614,0.005654254187616811
0.000880987679820212,0.05103630517438875
-0.03755822648258715,0.06949799992366905
-0.04821307694745983,0.07451607062363548
-0.054958433180701566,-0.008625408805755276
-0.07163013378046579,-0.026997730309761627
0.05863071974980709,-0.04096517470313353
-0.025935620433562557,0.043486425363243604
-0.005029870629405676,0.03103774085220868
-0.04560372902078772,-0.037158651063476544
-0.039749391067906974,0.05375556190747373
-0.0580057367480285,0.022431388692177295
-0.0006196025745465218,-0.08092926025989503
-0.050481798019741494,-0.035999750723039556
0.01339738364075753,0.0833887198124084
-0.08507241930326395,-0.04646149882666141
-0.039846728752380184,-0.009691316160643376
0.11421282894969727,-0.053239509014387856
0.02681645334540648,0.06137906596672965
0.019403332983280216,0.03013167723125707
0.039025648647912324,0.03246030581307521
-0.03023265306267297,-0.02023007326880008
-0.009093702143041997,-0.03872482097014048
-0.01511386815325953,-0.02315839280324521
0.019588074725309927,0.08048242384880355
0.0035362201841888964,0.05278447794936399
0.02342240435157179,-0.01569637322331214
0.0508473412851877,-0.07479721588833976
0.056741572008864705,-0.09216906204783896
0.07976253404914757,-0.019805585510544822
-0.0668860880094237,-0.13706399262649477
-0.04864105681624614,0.014796389485721345
-0.06309186268043965,0.029320201358780048
0.08913999568147808,-0.06522129118777731
0.005477724868416637,0.00678878121949396
-0.053597959063106375,0.0654914139684472
0.026121287979823896,0.009770735064723273
0.036700539140348334,0.052140382681570466
-0.0014248051406485513,0.05479429682890288
0.005570239922657452,-0.09873546199635692
0.048249221200317584,-0.05209737817664235
-0.013773282883835815,-0.12549326135353606
0.05816661785770129,0.012808586434744487
0.023583833701812277,-0.06470881909416654
0.0004251557126725529,-0.010185025384506288
-0.0032984178523638857,-0.030220868476911317
0.10490893778321106,0.03796448960062351
0.0874626670794377,0.0482139040464234
0.05035667235920715,0.026297022325792542
0.06040272820764132,-0.02461822000269671
0.10201554719220923,-0.03343957944921396
-0.045899846619374796,-0.024212068908402468
0.01622494639929191,-0.031185009489503295
0.07756891970850192,0.005460882637192067
0.022464476345794845,-0.06638291367223044
0.014296102677109599,0.03020527549813347
-0.06311535647426689,-0.08541628987434707
0.08107040553991517,-0.04067680300118008
-0.018696093126695283,0.02877789505656053
0.06036976638162482,0.06609641905474807
0.016815741594508566,0.008121489600960995
-0.0046159499621112,0.059106211769621275
0.03198387251234401,-0.13913043430964006
-0.03175585049867798,-0.04090545074300166
-0.02687854497219094,0.023458738911763772
0.0011109223322383426,-0.06152382159505486
-0.0869091473708894,-0.015420078769844248
-0.035658904890081174,-0.017525591545681313
0.0049110143024463995,0.007673118895375541
-0.03258644867260588,-0.023696793315415764
0.01927421010213869,-0.009452644804386096
-0.016295263056592818,-0.11000092632974282
0.025632029861945623,-0.15600758755613106
0.019599019667361682,-0.060902422682615594
-0.06744565008804784,0.09503707699242764
0.012309656145138584,0.022996967396570138
0.09129640062176071,-0.006688762349395311
0.02819104384958494,0.04908082960465894
0.05327946899951665,-0.05862947746690189
-0.03048660515304198,0.020607167526140568
0.05431174622809619,0.023854341298425185
0.037759385353511296,-0.0665830446971656
-0.03803810785959573,0.059577612494366994
-0.028062255544968242,-0.008165789511139592
0.07010977694406727,-0.04048270001430885
-0.033408568179258274,-0.04969641972120443
-0.046275633635831315,0.12091105692666479
-0.1418103327836508,0.12442517012673267
0.045796575886495855,0.1421950748641278
0.016093916023506502,0.05728363736431347
-0.011739959281860498,0.008296583101246497
-0.09437477613557319,0.007393792942835331
0.007387809031625217,0.08824402226012844
-0.056622837147128444,0.07453832959677587
0.028169352521653455,-0.022024934914855968
-0.029693057819285232,0.04882536903332092
0.010573132596769856,0.05427065406392833
0.01564197351986257,-0.006702405884193668
-0.593700724033318,-2.5135001475131977
-0.532529132888385,-2.176867350784708
-0.41003317842443693,-1.7689501745404161
-0.36976530441884997,-1.4399351319972211
-0.23237082452123942,-1.2713317914408622
-0.21128260244086483,-1.067595904354174
-0.2039038013293847,-0.9371908836523292
-0.17584976494083998,-0.6185363300419748
-0.08326953450657577,-0.4485184006999967
-0.10593224889179116,-0.4316647683293764
-0.042467722674462034,-0.2807920404344925
-0.004745889198847584,-0.07612374227775087
0.07509273922958211,-0.08193132214697463
-0.015373880087808732,0.05932631337346671
0.05915629778009063,0.0906826462244893
0.03970607119849551,0.1657590533490353
0.11701312211273214,0.28739480468369477
0.14032687906960373,0.31283908173418695
0.08110558170208104,0.32646047425791347
0.11356290506985058,0.4229993078231482
-0.002102944538548479,0.43551542821459494
0.1210640649325043,0.5689165891731998
0.10845584010978149,0.44707641310560875
0.11331579446708887,0.47986615301276875
0.09729569102294011,0.4252030476064236
0.10424555914046338,0.4719008824477001
0.09440166271345313,0.5098728986616867
0.08707368162626383,0.39729678620045733
0.06391200506148764,0.45146985032379294
0.08989000914183919,0.4753552768555656
0.04504094656871957,0.4496958082055866
0.17541797914753152,0.5036743669538575
0.10536825205906301,0.4050481592961234
0.07994214429854071,0.4217751666163246
0.11684393021524542,0.46109723080350534
-0.04235713071886735,0.44603062721255204
0.03336176039065297,0.2970365080985736
0.05571910536798985,0.23835944523132066
0.01097853855735173,0.36068673228278536
0.08734583951588087,0.2853749452695239
0.06830080497021337,0.2752076713371495
0.06122045932380971,0.40012132999433936
0.1496177913599711,0.3011783462019614
0.046383780072781745,0.38130031234173567
0.17573716592372102,0.24938413439589102
0.12433638816391143,0.34209505729154177
0.07902819664500167,0.2221463744601169
0.021283989804866885,0.2511557991230773
0.107170578253269,0.20296372324373513
0.1111294539157404,0.25526767460449357
-0.028947099199636693,0.28746810798315775
0.10852614646962692,0.2298555850582414
0.004524994401411443,0.22211654904084793
0.11078948012688253,0.18951193401416716
0.010641623716589672,0.1056975210265802
0.13732386903123628,0.09761931183075288
0.04931354419315332,0.18633302244546496
0.01766895673325295,0.15475195615464776
0.050804602544600896,0.1577097848969631
0.029282230362744112,0.040882923532022844
-0.009948162147922827,0.13322742790393802
0.022809541788130078,0.18252377010633827
0.03407808024079731,-0.01421479589555949
0.06537412876688939,0.10086391562051905
-0.008027387206672733,0.02929959645591295
0.09026434765127313,0.08328863005667882
0.07465321022324928,0.02634919978534605
-0.024344986234423063,0.08589133324743227
-0.029538019045990644,0.025660755308473462
0.09539124242463337,0.027365692389886943
-0.06379642199186938,-0.049817376841165696
-0.010426007978889248,0.1555170727853426
0.09683742866281199,0.12547013943858246
0.055489676976514385,0.04557522003303424
-0.04197134897318158,0.019232085919399476
0.035306117479749224,0.06955213788082668
-0.05695339590528534,0.0011534766538771682
0.0010983347687732337,0.0173427054520745
-0.05642900771842159,0.11060785602998419
-0.024038289675466375,-0.034810818998537454
0.08549138298883346,0.08255366436813794
0.002698376692556503,-0.07520272891899615
-0.029154228594194687,-0.06603844782616605
-0.06699901197803712,-0.12693499415212403
0.07581445849049989,-0.019086691260832532
-0.052151434284574465,0.015932583704133613
-0.011938785679734493,-0.017131723211565204
-0.011413434799858698,0.018214901840736125
0.06863908636714404,-0.007737223374984477
-0.126246129216927,0.055022342201325444
-0.0059333626562756946,0.037965028636689546
0.042106915702477564,-0.04769122662786115
0.02374909755020818,0.021371700601744332
-0.025210094708365376,-0.027064785859565982
-0.04150812850197504,0.007815252187293885
0.01451616193990211,-0.018459509262035573
-0.04269933102394986,-0.14647293048990792
-0.11107327173746473,-0.056690921047268604
0.0033911815060753284,-0.05564301690783499
-0.028818441256632257,-0.06638372527099286
0.012648911379415463,0.06405087724947395
-0.010779187089671195,-0.09168917866859705
-0.01145116915673165,0.14826534722930534
-0.02545049276566827,0.052523810639284456
0.041539500110190454,-0.02779851004500711
-0.038925662568034314,0.06215629458052756
0.00889274047302727,-0.04948331627336976
-0.026160003209651065,-0.03331827932787696
0.10118191025966208,-0.06781826471981266
-0.00576711680937031,0.0003323429593179647
-0.0036665340134094445,0.026559050764835116
0.02624382725369939,-0.021402034760318135
0.01325451746452781,-0.046107743164963313
-0.05466473065348966,0.020167998180107588
-0.11878601167624031,-0.062456720200465894
-0.07007495797562631,-0.053603710454993445
-0.03566682237512807,-0.04717434022725382
0.062127784397054034,-0.03543272267568882
0.02503732073312419,-0.04876423979348208
-0.07019115272328227,-0.00763796807561554
-0.037639874180098884,-0.018949493820962365
0.014665358299521874,-0.04763260000884331
-0.01254300009312143,0.08504651860093096
0.015686756966843823,0.00341943491408425
0.02063087671498926,0.04777519131699118
0.021135759657161454,0.09025477936675937
0.04527244795183072,-0.003135330618980833
-0.020892059284061813,-0.0070639891842487566
0.03887040035461177,-0.024805850605647998
0.03685500058391433,0.03031005026516563
-0.02027321623752077,0.03317328376673232
-0.007475651774747647,-0.03591377393825822
0.04372781386851397,-0.09496122438296672
0.05824105009791404,0.08044461584462116
0.014130495171369615,0.05513329545758938
0.06482831472190612,0.02125567193689478
-0.12173717122613564,0.02417454529036618
0.04225692055695966,0.07271095049015178
0.09675609596926082,0.06341235846698935
0.007385668429923631,-0.0867845727738807
0.11353588890398253,-0.008728950500190312
0.005911555991718595,0.08150218911384156
-0.02950439971638656,-0.06985672733232894
-0.01041191855912842,-0.037470907506424185
-0.055728324495101,0.03636397778028812
0.0016248818346276776,-0.028885320098310553
-0.08049118857297682,0.00494464325865595
0.02368543500955942,-0.042531529674344745
0.06766164616794386,0.002294207899367005
-0.03580621704369597,-0.07385442552073995
0.025073999439813956,0.038081043773193844
-0.002985916076609644,0.01301342952687666
-0.005283985891799266,-0.04523088371078113
0.011187798375728098,-0.04487826158603941
0.009154276384151356,-0.028742211428627627
-0.03739261368405608,0.07117122694169083
0.051361313873367336,0.012294269773718412
-0.022852139160811507,0.01689731640558036
0.0128487557907799,-0.012024403254348157
-0.013686575520744097,0.016054264796901745
0.07438798141522579,-0.02588527305768277
-0.029077651269286076,0.10178031156723198
0.06074153237654951,-0.02785495694595706
0.01445930468147571,0.01992436413258645
0.04033498364615634,-0.08657663639374961
0.04316311875047474,0.06838780501105476
-0.055823001721075786,0.0029828622320257434
0.06688225654874112,0.07697288873736
-0.0793582158208337,-0.03236589335653697
-0.06408763095149793,-0.03335564611794409
-0.0426540162843911,0.01592983245883694
0.028349632948205507,-0.004350642870276818
-0.0007229746042417516,-0.021978130656031367
0.0329529024986021,-0.028694885988805173
0.05820931377754903,0.008167354734108592
-0.07840334324938437,-0.06864721776896276
0.09463911455581664,0.09952461699955593
-0.08727997334318988,-0.04133027273099648
-0.0007543276409866144,-0.03216401862653339
-0.033527736531903884,-0.0007206662901601407
-0.12250625365013663,-0.019448913207294024
-0.06548246408611064,0.007089846805839899
0.1315406141018101,-0.09034630232005489
0.05178259075857549,-0.011845342381605495
0.008936551551080328,-0.02948513381768922
0.01040973803506377,-0.009923237687880945
-0.1040376140835919,0.05599438407024489
-0.03771192385161205,0.06691915642903082
0.05994612713066494,-0.011437925820940898
0.032798157031253994,0.010103583731508981
-0.00761572996421536,-0.027971304323769118
0.032927786745140436,-0.1728681295926601
-0.00252451775970985,-0.04383466646618216
-0.04776917928156631,-0.00780646911996229
-0.0331229376858636,0.027302312767392953
0.02812861687764676,0.00840514225350062
0.0369316191962501,0.019434427426686503
0.006698819785072051,0.032581752779075976
-0.017854673706145505,-0.04981693165536023
-0.04386582347983468,-0.02537725816119344
0.008988533383271085,-0.050901541218627167
-0.07676329638743072,-0.053134212235159926
0.049911958560848804,-0.016494233056291142
0.04115941232089378,-0.0541687227717757
0.07607886903870374,-0.059852689759808904
0.1176294447013326,0.06614449013783397
0.06383689504219672,-0.04120232931249051
0.0709236504717025,0.14167094834160276
0.01213535581896967,-0.08136759623854642
-0.009542624638751038,0.017085504515832784
0.02045593676168808,0.0008046049451868025
0.06176480311032434,-0.043005211634679553
-0.04452058338566502,-0.03835615265187421
0.03669632678678576,0.006363841463035596
0.03482756264506032,-0.0070152908626228624
-0.11018176739634516,-0.0042441176287767845
0.04899977099793824,0.05799548544459904
-0.031126115594273362,-0.020385464320929653
-0.011642837415904009,-0.03458377513324506
-0.07670129119781015,-0.1295901620074744
-0.026031543917367176,-0.012309456211739182
0.01858483103096024,0.0009903977867877604
0.04955172926621677,-0.008571628988566091
-0.0846172122162846,0.04403483249703032
-0.052506360345713765,0.06542819331774591
-0.045359792198942886,0.029325926654883115
-0.02546211297247764,-0.014363069548807532
0.038171660999420085,-0.02433390680390994
-0.125717499873965,-0.00144923997906834
-0.015238834174049991,-0.010933260878408398
-0.0722575004514258,0.05418482024761647
0.0050155265242342525,-0.00509841570317212
-0.03763542110358144,-0.038021869622047844
-0.08073983250622305,-0.09212488507133018
-0.009469834754011376,-0.004935794154448987
-0.09494776577342827,-0.06678798950650047
-0.02155251520861828,0.07143537301286877
-0.07464651247728632,-0.04266428982594867
0.05614922051175442,0.019560404292532065
0.025313044705967,0.048068089742674555
-0.050765569403485054,-0.06385640167606842
0.04178176841740595,-0.00757198504444782
-0.04636544457968796,0.10028862546795235
0.10796334337883738,-0.004449065893041137
-0.0015026193936452693,0.06696654183762435
-0.04938543692224201,-0.024958425855872896
-0.05721585832146335,0.008857711708931813
0.0163730371442418,-0.03654158468082412
-0.028721420769346515,0.021405501748478262
0.0268305646264686,-0.06582787861004658
0.07236702674400516,0.013783258122530985
-0.06207030793444504,0.02685240021044481
-0.02904810440541018,0.013528222512517937
0.1029211526910747,-0.011464217255588579
0.037771295177766395,-0.003669077712917551
0.07588368153201876,-0.03385462160970849
-0.01718860610932235,0.029458442358394482
-0.031849409998818315,0.021598238165895223
0.005485231324077487,0.02744662984412348
0.12140097780134812,-0.08815268109552814
-0.035543440692678174,-0.07599081388322734
0.003260640644461136,0.06099386301004458
-0.04425342113014699,0.005324953267234582
-0.11974315453140863,0.0014059243167022766
0.0681315097408872,-0.0637513407838951
-0.08796909121838618,-0.001031165116564977
0.021469629620319394,-0.03893211495050311
-0.04628719405456217,-0.06741811256200624
0.03585215212117635,0.019303789292195474
0.07346290548190706,-0.047646675851623216
0.054561344240975126,-0.014127862985936542
0.10469889354910401,0.03821842007631797
-0.026257376920807183,0.02215449516843529
0.04326995879627441,-0.08792913809453527
-0.016825781308060103,0.00796698600272129
0.01876085474821574,-0.033977950711665705
-0.03035093745708414,0.06160678035943082
0.01858140113043571,-0.007431386882524833
-0.047068231692278056,-0.07628429586269299
0.002448591011460142,0.05959541420489766
-0.07314900315843056,-0.04530123382347073
-0.03626241004725552,-0.03236442966512468
0.035213787111601995,0.005574330551705423
-0.011458096697445708,-0.05385877406903225
0.009201577686714802,-0.04751374098417139
-0.023316386492043272,-0.06923516667381774
0.048918859226678046,0.01040241212536279
0.052331310294590996,0.004315407702610083
-0.0937529365940222,0.012087853705027973
-0.07358687049538007,0.057743594410636256
-0.020198231466323616,-0.09329665920441034
0.005750965412945671,-0.04243109112855584
0.0670749509992249,0.05594714161862077
-0.008098537265370558,0.007556090568651964
0.035061345509156,-0.00041124660503435474
0.004395782869430074,-0.03878007177967428
-0.08397563002367493,-0.04628143467390422
0.013393591910639446,-0.06748631238179754
0.03238657637795888,0.01517616539430077
-0.0026549948163852206,-0.0037980872741637684
-7.589738386149672,-6.182034626788801
-6.615002642043259,-5.317005072333295
-5.56579249362938,-4.475358332546257
-4.667249078224909,-3.721757412605624
-4.00676662212299,-3.1231083816006975
-3.171593432627654,-2.599256745815832
-2.6007652483505868,-2.078346736550901
-2.0435663931477346,-1.5751324682794932
-1.4447352978130636,-1.1359755445113064
-1.104085653414921,-0.8425647043200398
-0.7283164821397725,-0.5756953930281059
-0.34151265757115007,-0.29623935504546905
-0.0704687080447212,-0.01823514865161409
0.22180510515497295,0.21392832804803447
0.4861169987347138,0.41178974978590505
0.6782808333071481,0.5126412753779591
0.764547485412709,0.5710732396506966
0.9319828296522585,0.8217111717297786
1.040820466445486,0.9258611262066512
1.1268907187577129,0.967168346870812
1.2375376019291089,0.892024792727229
1.2739467967735438,1.114878203642304
1.340441948975895,1.0608384462532723
1.4108403681226123,1.1485047578681133
1.3524177300798716,1.0813486168863549
1.3308496241121412,1.0578022790680608
1.4271432365734185,1.1107615574614045
1.4017067376123824,1.007589748288091
1.3975452551233585,1.2654759804383267
1.4160667924574755,1.129013188468759
1.448753791733954,1.0265102638026495
1.3451967685321764,1.0225999622570636
1.3403404698370618,1.092164731097729
1.2324402417253546,0.9561101866284556
1.3553842131472373,1.0140665650575118
1.257018520443313,1.070250391488678
1.2704491552851451,0.9660964311646896
1.0091966549382196,0.9092676208365469
1.0451659726908722,0.8731642582101198
1.0144123676141377,0.8131582766722301
1.0653088871809764,0.7839592865173364
0.9632697623081771,0.7700208864082713
0.9904508181693548,0.7962522524831261
0.8930123600556091,0.7201132517600372
0.8895160739138269,0.6290020299591657
0.7642825070665505,0.6277978038534199
0.75452681484874,0.6068057120205129
0.6831989269222983,0.5999230452048576
0.5758044854677694,0.5933229147454214
0.6087454472490046,0.5314663323889076
0.6555788705290051,0.589916536065029
0.5636637303115901,0.503807893334328
0.501996286270767,0.4745036442387272
0.5413955010306062,0.4725279445089024
0.49807245672748846,0.3551705609228664
0.41910552502588455,0.3462563359406399
0.4242791230722301,0.3608798903385011
0.3888476569332353,0.36464481531496673
0.4552278165243261,0.28512729168104056
0.2947148167814163,0.24345689670162424
0.3315909771484932,0.3199697150102304
0.34232634492402986,0.29874176240645967
0.24686664658880192,0.270448932174918
0.22233066513988078,0.1632823166601981
0.28215781159338726,0.13299129266697457
0.26414978015854557,0.22791527742400927
0.23896340205595046,0.1526289775449244
0.2353002813446898,0.10255536929263566
0.23637102964927362,0.1548540466698911
0.20753475907532795,0.16878564087463108
0.21218729275154488,0.1831287642447914
0.16706568263870752,0.13625273648660866
0.20875301434191443,0.05707621689256462
0.1586526681841922,0.15924395387380458
0.12813418527879777,0.1424478747789159
0.08898389366362552,0.16174574027525362
0.1295172184183765,-0.0027788310736234084
0.12569116026962657,0.12094313187959116
0.1892108146203263,0.04479915912887886
0.18991971157931242,0.054962641374874194
0.04073735452729646,0.017455810669816493
0.09172486537032212,-0.016525589297639674
0.02863140169324732,0.046542413475570074
0.05245684918948331,0.04493320384302383
-0.09704674059651719,0.001931365149967378
0.0452592688526053,0.01348077941821217
-0.0108032090721202,0.0039973257745455635
0.02234624993168026,-0.023772481668498137
0.05125041203299989,-0.03101621463317547
0.025199660680631595,0.05416870755127542
-0.013606853796511652,-0.00046734106139876587
0.0041985220078130416,-0.06343920493813685
0.0028552482674708782,0.002958152140740772
0.05882511794746069,-0.021711899519105092
-0.002111853513574305,-0.0004383652996124629
0.002940125537324551,0.03368189755240372
-0.0010054727748670597,-0.020011887725864756
0.04695819480121742,-0.059507657505581575
0.028451896539377637,0.15975875708080717
0.0105259851027684,-0.05917974997903754
0.06035346241032408,0.005048436338340935
0.10109245099176502,0.01769610988849867
0.024674683976062078,0.04347256104463096
-0.015965734406602265,0.07786179185988877
-0.004003650069996263,0.1268006236206619
0.03801870362576116,0.019569750304384497
0.08111766004413816,0.026612715394832967
0.0996584965501476,0.11952931592778673
0.003941968994044066,-0.04048474459934029
-0.008829156850024968,-0.015363782600931686
-0.04408802369846347,0.014029206145606338
-0.06378495337397058,0.0420328967987875
-0.05168501910879132,0.019499410704051857
-0.04863698213643592,0.05043447129098891
0.008090074236777177,0.0032074945062770532
0.02144977102796231,0.0837011013059797
-0.10461694752457695,-0.0127606138557461
-0.046639585449571946,-0.012924646847983064
-0.11350760633209114,-0.08683817631241977
-0.13452245063631305,-0.011298162526111533
-0.012925582953073476,0.02156941673960924
0.043358295880450044,0.02675472764860215
-0.10299711609668043,0.07362268426805248
0.0009087394113770925,-0.035120318270029593
-0.06898980479248415,0.022205147892599135
-0.013348034603157562,0.05614723683201008
-0.02454205022520605,0.02896900754884647
-0.0024515221336296727,0.012471107171937768
-0.030806736968131063,0.0091686423862379
0.010608339603912779,-0.012680086386654403
0.08518752848809315,0.024676031046598556
-0.04460665499667087,0.028370995309468496
-0.03621141390863382,-0.03913572836112509
0.05548858960345687,-0.0458292399538954
0.017035463636688192,-0.07654458947599463
-0.009139074698554846,-0.07871886001882976
0.015405434121678769,0.0733095729841695
0.045870822221942005,-0.026132078283241503
-0.049522906060151854,-0.03592231996464675
0.057258242198335405,-0.010781826885177457
-0.09688510159529504,0.01931044844712824
-0.06075177200686643,0.10507856363684417
0.06402084171873339,-0.03787088764197714
0.01033191429387854,0.06627125486497282
-0.0902415269695652,-0.04757455228056886
-0.06241664168689474,0.12031457347211563
-0.01191978726565989,-0.014943305045596846
0.00533964180316962,-0.06655236237503842
-0.10438845941627925,-0.046024021270495506
0.02257402001120864,-0.08224060916665754
0.04620440796171922,-0.027100147768788913
-0.07079156618997681,-0.08198867150107644
-0.07773242957684799,-0.15956118947572964
0.061580093069645854,-0.04307180671083152
-0.08917756435528414,-0.04515058647251653
-0.02277039613478815,-0.02447205289728644
0.04202755304994736,-0.06822292820364662
6.086362767617273e-05,-0.011602750364013922
0.05260579334401547,-0.008764022453264412
0.05969394676391017,-0.11881785631878317
0.03511044035632357,0.04760542575566305
0.007297033577227947,-0.045235638990164195
-0.019908294643880477,0.010788586631545801
0.03100798972538306,-0.013204166437211142
-0.061510673186842196,0.02300432972047615
0.012147663778834932,0.04100067974442688
0.01934584157589585,0.0760645890758174
0.051916172232811496,0.01057365469938822
0.07020118372280881,-0.006553443968630083
0.013026343875380347,0.010980717770338192
-0.07716115814241323,-0.004911020765423771
0.025791735315675624,0.005142890160035236
0.0852878666156564,0.006453533592783476
-0.0047084169470530055,0.01856553941787336
-0.02021137538936519,-0.01077441158886111
0.04563516822720138,-0.1231357101368699
0.013344198126343007,-0.08503484910702683
0.012960658888732254,-0.06133016132226628
-0.011151088509381825,-0.06267881971197801
0.0010787175135395849,0.010810817361531923
0.023380423030218516,-0.05269476764842089
-0.06851847325250748,0.0464231849706834
0.06318253514196055,-0.07916213389751424
0.05281307264960203,-0.12944627567542982
0.03130697454798553,0.007240102859934299
0.007563380075738922,-0.054173463401990765
-0.13963278301042212,-0.024137041451226846
-0.050137201522288045,0.012152328996656156
-0.029119232731016242,0.027259391809532373
-0.053965443920370344,-0.07836149014418853
0.0007724076734755289,-0.013041205324090744
-0.0548173627935996,0.04215556298274549
-0.05699701499152417,-0.016542098463763633
0.05670940919622908,0.030732636110163806
-0.02493244590062383,0.07331036670249604
0.06504405268960256,0.09192591710783694
0.1348737896643308,-0.034965911758171764
0.0643643525497247,-0.0848521552769885
0.037301151934482066,0.027036273983555743
-0.024233833582775727,-0.03699354619677928
0.07087937736225602,0.014372572612980786
0.09824115555319657,0.07696139948672086
-0.0748744360180732,-0.03727140380594032
-0.04088362389156583,0.023258950084228545
0.01492139967367553,-0.06704951316700336
0.04482494504114813,-0.02608481224838315
-0.04592867018118647,0.08770445656911904
0.06540659629758948,-0.07083135542233646
0.012486704769297804,0.1300856986703402
0.012858063428016278,0.019700676032385858
0.027420482538778296,-0.10471532426461591
0.041799429391628125,0.040538014248826956
-0.038120320136177846,-0.04745607010432334
-0.015052456908323799,-0.01776140092084478
0.036040653095875404,0.07135450241338664
0.019538003696937013,0.01199854554233061
0.05227514877964583,0.023961047830276264
0.07166509858154099,-0.012964633694160534
-0.032170995159207356,-0.019622784495818984
-0.054124712138012086,0.05057842065747599
-0.007949642830101314,-0.03477007976429383
0.07499989349553558,0.015735617324345023
0.10156738434575989,-0.0406001562179296
0.04027846474025325,-0.048082956742574914
0.07420266747268861,0.05934552821004272
0.10128823646311971,0.0036300393992256532
0.12372557780105245,-0.050089560862308674
0.016790890829573597,-0.05097438641003844
0.019328357983708397,-0.062193316391733255
0.07372416790686634,0.006995778250938344
-0.03836540794953147,0.030911636684052682
0.08747512742659497,0.029712460510774905
-0.07105854333160991,0.0028884672419965934
0.02887887521620526,-0.014562631775813411
-0.047621393904716695,0.07124666300985975
0.035945923189957596,-0.026474281130859693
0.026271654149665258,-0.01126851739639762
0.011884299856204315,-0.11866159664168155
-0.053999214057843664,-0.08846411432581315
-0.020455485902491185,0.10345584115828423
0.03671416593316976,0.010931895515331733
0.08773517833549069,0.1027049862347355
0.010666368685760465,-0.029854279826954495
0.12669144519228123,0.08132270443146841
0.07007143144827899,-0.015193330282940377
0.06148075653775226,0.01837075269311366
0.023106094600807335,0.012119102891153758
0.0357167750264276,0.09832493757435538
0.01817138884832458,0.05290531610016401
0.014191432790361846,-0.10380254311145336
-0.023077386549274617,0.12214077177237201
0.09288366282720553,-0.02099237909540301
0.03929107501411537,0.02997775772755236
-0.02450596864309227,0.017371169899937713
-0.0867365464998567,0.06947437894850275
0.02201511398370267,0.06031284988137364
0.022442041048665737,-0.009383345244673377
0.009699337708488794,-0.07402018289574273
-0.0015086153223171951,-0.042042724195414646
0.02560450550492711,-0.07813600447728254
-0.027166788928812254,-0.03440318092052413
-0.0104184800868736,-0.03202147238692836
0.07035859585858834,-0.03631284331664236
0.09886328308278033,0.08692708195508371
0.020227724541238706,-0.08091858941809554
-0.009803364844675217,-0.02454077083788936
0.014685886640943797,-0.06475232579047564
0.06440606372364854,-0.10715544079695581
-0.009116232443775383,-0.1411370732009908
-0.04293564300517778,-0.03518447263884179
-0.04995161394756462,-0.09280321892938827
0.02338802088875748,-0.03691346527158741
0.03579029354619705,-0.024528584165069665
0.05552647609528969,-0.048838079033853
-0.02878203362027656,-0.08461391972924553
0.019289110044176605,-0.04055291509807968
0.07199732250440802,-0.09381635266078138
-0.0551868571597107,0.012397323358348394
0.00242295187052103,-0.11747163977076067
-0.0432250209345949,-0.06297648224158658
-0.1031067388328854,-0.0702025364108747
-0.025749693518915123,-0.09024578156905028
0.0011628353780446105,-0.07675114111238929
-0.012768242156804093,0.04121180008776334
0.036438227955049564,-0.005113520558949695
-0.08940528908257867,-0.03014030438843193
-0.009522120471226633,0.11087623835862123
0.020348751575340097,-0.006543556748118985
0.0020623809401643777,-0.040164822839578285
0.0542688538167026,-0.007194772356408968
0.015644564991207505,0.029486552184303596
0.02226436692937394,-0.01298285773339978
-0.027198281926398275,-0.05397454215631453
0.12494234095127371,0.05422455217638508
0.007664048331707016,-0.06715647612302253
0.07050096319189966,-0.015431662164293092
0.11578273815760894,-0.07367665116545175
-0.056534896446497986,0.043276403359756334
-0.05049163071951353,-0.04044673885870926
0.01696208519111315,-0.04323929390709157
3.570732248368243,-4.930741432022425
3.101738377199118,-4.205657485132113
2.6793119825752867,-3.5668732497362132
2.1202383452615057,-3.045451471458053
1.79552543124021,-2.494160809283952
1.547719529980722,-2.1040120937021984
1.244629887272018,-1.6567590872628122
0.9555027312640594,-1.2860396484111902
0.6803746977831414,-0.9858185902744616
0.5394575722201921,-0.6791797509617381
0.35663341247960784,-0.4068685123932489
0.17838970162292395,-0.1888535457840051
0.03701359978155723,0.11124447610394435
-0.07354182879143195,0.18835564749124595
-0.1710165030303022,0.354907074587096
-0.24673266350161638,0.4896893381050753
-0.3719388802471993,0.5490571247853371
-0.3764348959556329,0.6311367882876809
-0.4753376038893367,0.7733593080733685
-0.4107819266833411,0.791211911155788
-0.5544304092521465,0.8688526620019457
-0.5744552077554611,0.8412029876069649
-0.5885589010563695,0.8720882709398483
-0.7035022987792192,0.8519298796862833
-0.692144273427165,0.9731972083834817
-0.745132033254046,0.8470252054395421
-0.6247557490311567,0.9210321465824759
-0.7027475741822706,0.903344710868964
-0.7735174737238107,0.8003723650758843
-0.6506751425245005,0.9290878262877618
-0.6109809942634901,0.8367168771390809
-0.5860987537535577,0.8535886267711508
-0.6265091916132081,0.7737248398024005
-0.5713618546238787,0.8243831596233605
-0.6732466329221953,0.803318609579961
-0.5867473015715764,0.7966448683645084
-0.582268706359444,0.658728104761592
-0.5149466225375783,0.7153446632944799
-0.5517799623411084,0.7317263459141337
-0.54124376595279,0.7293654705529987
-0.42657335299632654,0.6167011378062764
-0.5393534260301256,0.6436350517449185
-0.5224032838316924,0.5971163572169452
-0.4514026331592639,0.5176516335180233
-0.3686177618928628,0.5086635119378015
-0.33839559508390404,0.4967099909101301
-0.35136959829729597,0.4774188589061697
-0.3829253056469364,0.4167417178328933
-0.3679509559491499,0.462448048118174
-0.2839343623981274,0.3284393699784795
-0.32542790347868694,0.41945119142733756
-0.3188291851814212,0.28654676897065645
-0.2595911380186532,0.2971290327102073
-0.2266354491455017,0.343661166202574
-0.26675633003623456,0.33201932451023924
-0.21498948617478053,0.2605501785041104
-0.24893182979625167,0.26030177289259154
-0.2455420224052142,0.245488376252691
-0.1321219335814495,0.1816044098448579
-0.12642207772942715,0.20612101407485783
-0.19470921268974123,0.2495759061816409
-0.18471342524581397,0.21051188966124157
-0.1821590814629636,0.19005244450815134
-0.13372144033821246,0.18126285792400773
-0.10615321338257867,0.2667384898863149
-0.18457011979083804,0.17257671766300517
-0.13695318012838098,0.22298683868612737
-0.1765021391865679,0.14036809298941547
-0.1873023902469244,0.09376866473507348
-0.19789027232678935,0.11661306810589679
-0.048240147037144805,0.13912769469945802
-0.0912450908170171,0.16507774908660572
-0.05451475214652277,0.12054972675432599
0.016843590090408936,0.04770345211567695
-0.006336195675207476,0.019457556472936163
-0.14168961595321736,0.09875518756667342
-0.14705278989346796,0.08198294956462165
-0.01812780308176798,0.07287598474738588
-0.09002133222822935,-0.012425994672635374
-0.016666709334173524,0.08794531920864093
-0.017529414973235388,0.13463719288295264
-0.04965609489613369,0.06759446945494686
-0.07388474881574578,0.014474020605938616
-0.0836847267250374,-0.07935529541069125
-0.01918656443283955,0.05190685121548835
-0.014083574821359416,-0.005229318822919923
-0.07981487058069403,-0.0012123423682003955
0.010603893205653796,0.037636127229431965
-0.03337286763347382,0.051388578344582624
-0.012553249933048195,-0.08516957203607671
-0.05864003812784884,-0.055368254388407014
-0.019355025957354766,0.008784290559951459
-0.008271198430921181,-0.06294922229163499
0.1156088975178963,-0.07668984522068464
-0.011544961595642021,-0.03186867673829324
-0.13243228080653807,-0.022300007447110363
-0.13279891451102535,-0.002434343691072498
0.07002993025310865,0.016772489794111504
-0.003673792521356691,0.022771953837970944
-0.12956163097793322,-0.03620273631905867
0.010095603989435174,-0.07874296463461265
0.011322088802518115,-0.037878882746375374
-0.008339966240946614,-0.017088835115077316
-0.09092964109387132,0.037412670484215746
-0.032572289220375764,-0.012331686657017747
0.03856919110301444,-0.07552385763523964
-0.03644697519952146,0.06283795591386578
-0.0006160463542136559,-0.019280745094764254
-0.08139341242634505,0.023599852595777758
0.028518046606202774,0.151376657941846
-0.04178405760450532,0.01606713473592674
-0.058199930856045315,0.015354165446331556
0.032007138862957286,-0.01031864374935418
-0.06685662044485094,0.01542509343256042
-0.0009870970152220885,0.01867751795572228
0.02750553689039879,-0.03890333487973489
-0.01257640399395714,0.0033115565559345625
-0.007856553332182402,-0.003854515421519659
0.09040294166878338,-0.08053747813715051
0.040243154116788464,0.019089806799660748
-0.06485160458170308,0.0872529316408806
0.05377344391654628,-0.03848169608714789
-0.01758317707549704,0.019371190704014784
0.06800463974186809,0.06371314290630342
-0.013626938905921652,0.0836115268025305
0.05987891465699628,-0.026309019923535126
0.07352415120871832,0.0028881835359407283
-0.02807669373433929,-0.0199514700738911
0.047389053659822336,0.040071567581728564
-0.0463441216146701,0.1239316375571185
-0.009061253782057146,0.019392429470479887
-0.009759768276744686,-0.010887265384826266
0.04132509414048683,0.005301031536314035
0.012154706467323941,0.008789371226620464
0.023615644815400932,0.006541729973352374
0.004444801621697999,0.06463830965618861
0.05585823241347315,0.0013298520436241124
-0.030140729048172606,0.018134939256643168
-0.011246295150866347,-0.08278543273117382
-0.009833417201088341,-0.009839329685419852
-0.07911588589171165,-0.0013137010114637245
-0.0071707249812771184,0.03685005052930182
0.09229301624890383,-0.008436503191683946
-0.04262160345898844,-0.018260610205988636
0.12051201624272878,-0.028622270334864815
0.025464761069398142,0.01976568907911456
-0.12279348245180939,-0.0027880349684157486
-0.16082706305473563,0.05869722929395148
-0.06028586537667021,-0.014226313460715768
0.014096264352743675,-0.10790677560897177
-0.016517982618963676,0.011767196147664173
-0.0063388933233474755,0.07497501455963175
-0.003977278086687953,-0.04489005567635793
-0.002269462238993033,0.09363585833945488
0.10106325670032958,0.048263308937515806
-0.07336929536848474,0.0917587112936922
-0.06921757982497295,-0.04133915165721946
0.0711746061496742,0.013722186180483795
-0.018307923267091297,0.044201544964574443
0.018258039197167793,0.1279488449847745
0.059598497335641015,0.026675496387950227
0.015610400685945894,0.07308716127592428
0.004648817806878215,-0.03537850769639683
0.03963181256626404,-0.005159976739192216
0.016471151161929386,-0.09522592966537023
0.0027242815230761165,-0.02897656092786797
-0.08346603751198046,-0.0009123374083556315
0.016569776856130577,0.027890799902528567
0.06187731654474647,0.06705359329965604
-0.014143382923682328,0.02398555849133237
0.02308734436520157,-0.012879122561993719
0.06815998443283168,-0.06771095292739332
-0.0350950677126803,-0.03321899595128277
-0.03313700668290636,0.049631214706660515
-0.008691817491766216,0.05991733397042513
0.0240582053797006,-0.06360585851033052
-0.004200031663784524,0.06856295945110293
0.029870976107191614,-0.00849395286788322
0.08098327184929585,-0.04614971004690698
-0.006790048190581977,0.044414976023319855
0.04314395165009684,-0.05607993528873929
0.026501234863181934,-0.03270542125544815
-0.08964837636315712,-0.020163377384429717
0.10303003146896368,0.04558379164214696
0.006849357757394755,-0.0848877027498141
-0.08739812797350358,0.0004949990039704137
0.034650667005689514,0.044971579736829706
0.04081178734252339,0.04410137757064603
0.021622828558474694,0.07406912850091366
-0.015509030155744313,-8.775002043289511e-06
-0.07313277854345862,-0.030681804753667614
0.06942663160106406,0.02794949967037237
0.04827188879364161,-0.05690308952427537
-0.004440448261464221,-0.007978726115415937
-0.004453761382585693,-0.08536469682079982
0.05135656039076865,0.02437056415029189
0.06252030267880894,-0.07954129670482402
0.07819719486785079,0.04290523056108867
-0.025845003451371872,0.0061968106437214655
0.01098042113208321,-0.035275623366034056
-0.022425483615179098,-0.02359230243577347
0.02660476860931456,0.028633207434482725
-0.004816726463233181,-0.09946542072686322
0.06452780045803033,0.06491472711149666
0.024683301347361866,-0.018716928213436963
-0.08375774761223878,-0.08712053666991348
-0.024870365813266557,0.06051244756036804
-0.02290012399461802,0.049933806475612276
0.030992448227537685,0.05484304374076168
-0.028195319003221243,0.02873804985585965
-0.014197508450399115,-0.013765670782978238
0.06473905690514398,0.022203673806443662
-0.06896169769496148,0.04883857550285374
0.04151275668970781,0.05960155311414274
0.045432684960289654,0.029710874855527737
0.01769357624845898,0.06926806950264303
0.034559172178541805,0.02632945990931712
-0.07396694606201819,0.047867233987898314
-0.03836982604894424,0.021099078650055524
0.024459591602543424,-0.024331290518379213
0.016607109607822964,-0.043998954464433165
0.04364641165041941,0.09023567484808365
-0.10260496699440892,-0.061454275307423895
-0.06767203691346531,0.027967651097640538
0.046095261617351925,0.01711428901372055
-0.05361111571793279,0.05660158889578436
-2.1877247284276397e-05,-0.0361920846134225
0.02796970991043177,-0.038889659877232856
0.03736227403312342,0.10170408807760838
-0.06631410281725818,0.02839230585737334
0.011240659703587902,0.04190579398453186
0.03601469482099335,-0.030980881220846995
-0.013696032119364378,0.04099806517517525
-0.08679756918534502,-0.04075253483609498
-0.003934308225251099,-0.01680616177045173
0.06761642047766224,0.030784025040964495
-0.011955568109833722,-0.018729212591362218
-0.02755076099441139,0.026894381263529502
-0.03841180725499865,-0.006034858073430113
0.04286477449676048,-0.07305010320330778
-0.0396098459980946,-0.025577867800666333
-0.05197692775692883,-0.016756991510820905
-0.03366954149844824,0.024150397995069003
-0.006695287007033614,0.030087997976970086
0.046429352827967715,0.0296828038206387
-0.031895833431760924,0.002438125171314965
-0.005295571249118065,0.01595898475975699
0.01844097435475627,0.0641493968170081
0.08072792201157626,0.058085358151977726
-0.010895317009256035,0.019452491403526676
0.004435486630958521,-0.0997971052030861
-0.006079070467551998,-0.010867981787438218
-0.016668772811631098,0.018100081733946248
-0.05568905666056459,0.04814425389891841
-0.046038984041578655,-0.03650517492989987
-0.09612779841198886,-0.029702133653678412
-0.05363902032729151,-0.15383780117001006
-0.12215937196334345,-0.14071768932464682
-0.035968873172397185,0.0694155862549355
-0.09616842258996659,-0.012651049384773445
-0.025383212232595393,0.023020128762905573
0.023312861562454816,0.09605841048390434
0.003882680048392517,-0.04428512395460943
-0.04571149162229883,-0.025364568575528507
-0.05250384425012579,0.08277079060556533
0.02014037533324007,-0.08219098307446797
0.02685067606563024,-0.04151228429955508
0.025719429459139596,0.011149136806540103
0.05967860102024325,-0.0323159095276554
-0.04507927661434387,-0.0495407852354873
0.0011222794407498536,0.013615172744126547
-0.010932275721748482,-0.012100721421537683
0.0018763469772570202,-0.03398572093483879
0.03625257551693137,0.029176427064250096
0.06935544740810327,-0.02302963095961832
-0.03752717004902609,0.03100586847400985
-0.004902229512003525,-0.003006511348819942
0.012143284098827839,-0.0033620271568895067
-0.026950987163352362,-0.026721686580445332
-0.01421403630232576,-0.013403461175968967
-0.09227522916019647,0.0074124604200014425
-0.007750754638544258,0.05370698488467747
-0.08271503811879968,0.04013910571940047
-0.016120146697609267,0.021997153924175263
-0.01815841414437079,-0.051226799347475135
0.03876736121381805,-0.01067517817434795
-0.03958146968339128,0.01943815256788982
-0.03435075589900916,0.03169528874465581
0.04162253606356468,0.010716348293494143
-0.044770782146813126,-0.021996418636342538
0.00719997082003701,-0.06256041136635299
-0.11420107923119271,0.026537557326031185
-0.052633866736407686,-0.1782857801956364
-0.08418189151357398,-0.06840944981069624
0.018564187776753085,-0.047990445593645015
-0.015148464252735201,-0.0326980479882365
-0.008122218214383227,-0.0763291253014236
-0.1060665174668345,0.03840108102157482
-0.07612317887685771,-0.03353573736491654
-0.04064557095849483,0.04522928410081911
-6.487586939306351,1.8873837134020313
-5.53685608369485,1.6141523536112257
-4.784819089208479,1.4054894753533886
-4.026215020383858,1.2059139834580799
-3.3056901960209144,0.9373572795824052
-2.7259480736383885,0.8513272056913241
-2.226542029624022,0.622195500122065
-1.772729885332201,0.5260241036533674
-1.2511666417229903,0.4227408992632884
-0.9434513788797184,0.31102695180298523
-0.5373853907362264,0.17737217350718587
-0.236583117302795,0.11524840108986928
-0.04864907321340453,-0.0465747142088756
0.19911353911070317,-0.14487491305696634
0.4016610943464578,-0.14313200240319313
0.47705666917841877,-0.16325035183282255
0.6196584614384291,-0.18705366506143756
0.861644658524006,-0.18136971691405257
0.949668748005053,-0.3054169376012059
1.0165861367817186,-0.28374154559901693
1.0478361770343363,-0.3308510472787652
1.0499298569021858,-0.3947088182045235
1.1478617077477011,-0.4041795214052372
1.233613140050684,-0.3112723240345312
1.234657693928196,-0.39543261172487587
1.2737538358323317,-0.35792969184472856
1.2939393997129423,-0.3855825556585364
1.3073944452621564,-0.35780366461467256
1.2304696170958438,-0.4027718540839082
1.1300149568134286,-0.379359976203559
1.242854655752451,-0.2929791545576641
1.1456219181667748,-0.28353239247065565
1.141182930993709,-0.3369799685426305
1.1698929720799633,-0.26118168528578134
1.0374914925955496,-0.27376071988094325
1.0618991624896066,-0.24715866121683344
0.9766610852939259,-0.22369973985987787
0.9364774232070348,-0.3226635843984734
0.8854857760013465,-0.27553680301392486
0.8745266792780005,-0.188812483326262
0.7924666517820002,-0.3545568946661552
0.8868679328830724,-0.2246660408578976
0.7198439407632753,-0.16157477423843974
0.7712138524462898,-0.11511252010565086
0.7200316350014241,-0.06982523177813314
0.6853034593112808,-0.15775142381476176
0.6969413863980788,-0.021793475870254958
0.6011515781494446,-0.18623799289023404
0.6390885952542956,-0.21761563363843062
0.5265215286571475,-0.15719156949299667
0.5225848677293448,-0.15969713753560325
0.388243801175677,-0.03470888307207326
0.4624838852800426,-0.16928900608015038
0.5545831259229814,-0.17645320216200686
0.4871131547876671,-0.10530228559289492
0.4429969072719737,-0.0822965486918474
0.4865557237042581,-0.15377993447341257
0.3685809507244917,-0.1993840966002255
0.36559083414083016,-0.04857225513655963
0.37454991202842164,-0.10504006518169927
0.3104964881797783,-0.10569250667512153
0.3184774746431219,-0.07770533100497595
0.25024735763507344,-0.018626151955732945
0.28741994433245266,-0.06783186810001006
0.23221378706008575,-0.050725215400324236
0.25585697520093775,-0.13731132478824884
0.2104125594187665,-0.004565496460584684
0.14179136444497262,-0.05593737604560566
0.2251859402239791,0.06514257993896655
0.1690529340114434,-0.0867117610032227
0.09562110128439284,0.04253182448574822
0.19811415187478543,-0.09350328802421538
0.19865065025508818,-0.010261403259396451
0.1541891093675516,-0.02336068343403623
0.07700301592050587,-0.02736151069774908
0.12152999035675904,-0.1165378017572231
0.19809574254385975,-0.07556606817226647
0.04668692001505552,-0.06960060281347963
0.1421622673393171,-0.07743360191641496
0.10781881425640512,-0.034535650425883815
0.10831321579761945,-0.01899895068581705
0.11555054326782366,-0.0018366200652954329
0.05931649572254728,-0.0035327918452450445
0.11839397047197267,-0.018641897437318106
0.10440876683448068,-0.004802630302321979
0.0713125300953201,-0.039799231793926595
0.05380301641385746,0.13392409910483224
0.05727301954910245,-0.10691680496528468
0.07966547425908332,0.04573338501721744
0.0010123248432390639,-0.05800847557155769
0.012484897258335261,-0.04256810490968871
-0.03904926606352273,-0.09826197774476805
0.03497970432519928,-0.027461151897497538
0.07475950199592478,-0.10484361514877684
-0.023230978838778518,0.0787515366970045
0.05218415899110456,-0.03628752373385606
0.08556152765079139,-0.0199640781325487
0.01955508260771416,-0.03450230958663028
0.1502349715467827,0.02810350037822254
-0.0314706573992678,-0.005368910896173976
0.007894993472381711,0.01967680905384855
0.026629890698813344,-0.02890324534867217
0.10307834821867205,0.005660974167688255
0.16026405045920813,-0.04277798724540396
0.04454490265085278,0.055031747247009107
-0.052409243611197545,-0.009735531924336162
-0.072161872603179,0.04904589383137557
-0.008895547279165436,-0.057740708327726764
0.03959942102839572,-0.019132855018332114
0.03639898341002778,0.015110640514327093
-0.021396556630269,-0.0758980927302767
-0.013771079189747262,-0.030742071678340074
0.07939641022515839,-0.046884323478980874
0.07247454888543137,-0.05081548450494061
-0.06289521672216666,0.03108065664965126
-0.06558993229614918,0.012968080351681531
-0.07623036832417739,-0.08816934365213965
-0.02964483738489137,0.009944608152760034
0.0758244883397578,-0.0038696924116141257
-0.027020400019242902,0.014238081940034376
-0.08283291390188323,-0.07703132109821945
-0.012526660243913093,0.011229232206580786
-0.03035301205749378,-0.041346205063004404
-0.036925144857163764,0.02747000507279289
-0.059050264285250335,-0.06689670135798854
-0.057668697441724474,-0.014741069293798174
-0.08694909915688871,-0.030706140333503384
0.002018710429370473,-0.08092612197824342
-0.005748323905111579,-0.02042523402669182
0.013043797054002184,-0.10640619556725373
0.006700523456916624,0.04462542601497335
-0.02596046857448967,-0.04982996298077203
-0.05066041030954941,0.007857317781297696
-0.0031602462563096283,0.07577933669425567
-0.08606427210203799,0.00984376874278026
0.016753077840673675,0.06341854760362142
-0.0704391816872909,-0.04604370295667138
0.019912086828663356,0.007261683967782914
0.010086863026513898,-0.06679826130747812
-0.016034147158472636,0.08918410999473848
-0.03895677296955864,0.013367369709358217
0.13987881547673994,-0.1019789183182427
-0.023392215023871763,-0.017448850172708034
0.05343738796290742,0.0022969164938349933
-0.06559075484809879,-0.09742717162257741
0.010533435714459607,0.01697034919686255
0.026200501771925733,0.04002096378805712
-0.03393715199515697,-0.018748353641337825
-0.02336755577580429,0.000872412853023788
0.017214572900760707,0.04882385975941583
-0.010058016879160116,0.0410681180606801
0.010838859645861523,-0.1054735597724363
0.03232208338905986,-0.05744601290076924
0.012215983786901235,0.03544032103592468
-0.026370762634911008,-0.08602452530302629
0.020608562935474445,-0.010537413993499067
0.0058991636483052175,0.06953931670481707
-0.024898413545520307,-0.02179608967961498
0.047821185829956356,0.0015682169932978926
0.03378808984931374,-0.0707600197347434
0.10390010824130436,-0.056476481360477115
-0.021547728813654556,-0.02424018113407941
0.013682166565060114,0.02503434175831723
-0.09211889031676196,-0.0031358531877882503
-0.013092590143297653,0.002752173940005465
-0.026385479966591067,-0.030664494175299793
-0.015403087964225558,-0.017073642516527626
0.09522765836289368,0.0006527986141112198
-0.12262848374568554,0.01733207844342653
-0.03990172644437631,-0.039996543012236
-0.020396134296667368,0.07861337732952228
-0.010953470007718954,-0.046863008471822926
0.045590147436797,0.00316965685072243
-0.016132418317128035,0.03040712963770336
0.0027433235742881264,-0.0003062001238100173
0.043437122814131715,0.014415807294272744
0.02732284450529859,0.043157264371469335
-0.027329846710728765,-0.012006906705858491
-0.03917506369790988,-0.007180638654540369
-0.013507685644797887,0.015732120419035062
0.0526630758032127,0.03489892235935959
-0.06381849448524578,-0.012443227610410824
0.08256557720290032,0.08184954548767553
-0.028443278552767584,-0.0836794955427541
-0.047740755160511385,0.06316312780750735
-0.023163080171951424,0.026294187812156054
-0.009061710481286145,0.05717485056326775
-0.06379262042518508,-0.0022221240330886766
-0.004702567398852268,0.028675709445252155
0.0005795275203799855,-0.05981211435667355
-0.029054610218476638,-0.024037442502069278
-0.03753401930509845,0.018135144746997976
0.10037497951791907,0.05876380102312786
0.052129609265414135,-0.031909897156163304
0.058000880080581844,0.09941473158462874
-0.035139115430938624,0.04112311565769794
0.015191680894675786,0.01780140859802204
-0.01495001383300379,0.020281330510042793
0.017380352656921512,0.027409781238582048
0.05031086010704344,0.019125030555830987
0.05236099159568016,0.008176880382700383
-0.00456951712634748,0.003950387048389733
-0.015163138262139646,-0.06978667079113594
0.09291772992562149,0.009061218514298735
-0.03631533276672402,0.02430193926952779
0.01638344673908354,0.014251030621504273
0.11747136596963625,-0.05599922248485401
0.05355252685022813,-0.034821395758659876
0.06996758245359334,-0.10270658525355765
0.10530320310985833,0.022101002877493784
0.024286750687840912,0.03325341308501941
0.08414284296277871,-0.01782199581116228
0.018161802166971077,-0.05576125569863297
-0.005778097133248384,-0.07058837367366017
-0.07464278403814252,0.06294186555734255
-0.038463571029359954,0.13748971783832037
0.011799394107398456,0.06373519625158182
-0.0477087895599321,-0.01692068286686583
-0.021812112625502027,-0.07487550660251148
-0.0663470226886182,-0.005215851945732748
0.013209997352057901,-0.03768412251435624
-0.03483084925010819,-0.027537453775978944
-0.014203222089394552,-0.0062364953099505235
-0.029435405063686526,-0.0960805305143616
-0.056508046534436626,0.10029167750462326
0.0259847099941451,0.03167645283193261
0.0045182785065767325,0.0003640671916252756
-0.041802990077636354,0.11104513043152187
-0.03544838372238493,-0.03421808001074283
0.009884721838865903,0.022776360279889492
0.05492154415870962,0.012984000136465485
0.03626050847661984,0.0926457314168651
0.027746847587379962,-0.030593874575439654
-0.07881522353131991,0.045187063085750934
0.01037794873375956,-0.02618198524956685
0.08000087917314644,-0.039310676114474266
0.039232091598814876,0.01589433256411301
0.014582185064630706,0.04907041167688013
0.023749791913696697,0.014157792725006276
0.02254752644285151,-0.05382777890267284
0.033120127110409445,-0.016418147906653545
0.018792089106238034,0.013480736697170911
-0.06540349308621919,-0.011142315724766674
-0.013527738552246444,0.035748262362554864
-0.09273955411590165,-0.0033109173067296365
0.0208844523878419,0.016102892578989083
0.16218686471986749,-0.004426015492479745
0.017801765530076306,-0.00034113145695262304
0.06427975221079073,0.004545961837154764
0.15550464328184765,-0.011642921213610687
0.02179947348638374,-0.052375504229321385
-0.014621117723014901,-0.005543302091274528
0.03359123884766695,0.0018430821868724006
0.00634853838626824,-0.1026420039596945
0.041269077551494227,0.05043772433746578
-0.023776748359352534,0.025569879280080726
-0.06841062480402797,0.06082784222936888
0.05011238445968301,-0.06635611834992919
0.07486848341269142,-0.019018794247001616
-0.031138315501794488,-0.014283296374241194
0.04202985365564446,-0.03329172612621335
-0.09198807178269086,0.00017631263747110507
0.08109920938938245,0.089030589971439
-0.009426294796820871,0.006853327735964417
-0.011617427015350137,0.018417412469991745
0.04085897938264835,-0.013134810375830135
-0.06931761278543878,0.05457791604026445
-0.10471787378568534,0.09918347277475456
-0.0650057896476907,0.12002630566321917
-0.10076465920888375,0.020544240019215697
-0.05759023429754841,-0.04691806828049511
-0.07093149570939043,0.07304276902113191
0.0026231969240456798,-0.1169020997180735
-0.03861466335709388,-0.018799342048646226
0.0897575866551126,-0.025522839808867145
0.06458502916347912,0.03801502901475241
0.04254901557276686,-0.07218072893985665
0.060202458684812964,0.03435479667094002
-0.0945871500146794,-0.020390679234640115
0.047791708422094833,0.03892554458937399
0.0010999929694618174,-0.09396567924336705
0.046039124929550014,-0.06296405643793412
-0.08862787272279915,0.037420128131837205
0.0039155383312416865,0.05045007262347932
-0.09827831150845487,-0.07526696425797001
-0.05047293320120781,0.03925084139588318
-0.02316363766976999,0.022670305962656373
-0.053149376320166704,0.08412714060981843
0.0567251731347064,-0.004031538650817792
0.0004961495866033158,-0.04765679119246741
0.012802102392373883,-0.12442069390076085
0.06017028080863682,0.019964117940359728
-0.07189262180678817,0.06743247927356515
0.046237030016537194,-0.04382387077472375
-0.0029102789520006403,-0.03413651953820161
-0.07573503134768168,0.010584843923447496
0.028596773404133042,-0.0761127641766665
-0.08494317242706781,-0.037600135270619034
-0.03057603724838527,0.03994182813016858
0.04145263938797715,-0.03301125018503139
0.2906536024134879,-2.088828646025142
0.20694211069587018,-1.7105749102404209
0.3046348826072954,-1.5149144249441084
0.20657754995075,-1.3425634232979438
0.05818518679891918,-1.073492864622447
0.04024382946190781,-0.8539280104680892
0.1248194054259817,-0.636760604874518
0.16844645275595105,-0.5546208731760865
0.041425683080260636,-0.3240814621808095
0.104945228143644,-0.22605936513320618
0.04212335825816692,-0.10431334505278904
0.14457915086124848,-0.06480012840164354
-0.016652748134498723,0.10061427103955037
-0.050534763552922,0.10877678111422795
0.006415661011307545,0.04306000337831285
0.0555684559569649,0.1292362976679389
-0.09307375542315226,0.28560076969092185
0.01930638347676992,0.2607191813096817
-0.05987251274202712,0.21029585170989776
-0.011509353113044081,0.3182541420301678
-0.045950821360749496,0.3769870333483371
-0.03166287290304621,0.31919684120578096
-0.09777141381254797,0.38280913089830376
0.0801658739996946,0.3235573393253042
0.009910833536413866,0.3143119521330283
-0.05675222257008869,0.3347653999897405
-0.024706185598270404,0.3746682608385757
-0.08914945189228585,0.398733655065813
-0.0021851125851555797,0.4640981063802473
-0.03837999994996266,0.36539449563002174
-0.10486017349370233,0.3267706860621267
-0.06726432773999193,0.4264566163575358
-0.06367565268151826,0.40268623833476136
-0.06070972196498667,0.34034372693443476
0.04394963913056202,0.30134256435926715
-0.007012852042285016,0.3620115450731206
-0.03588356236866923,0.2549424316878224
-0.10246026491861555,0.23737134171394847
0.007901471083509595,0.2977328833091795
-0.089329861929225,0.2960655192234075
-0.023215671369395733,0.2725861114410855
0.042663823370906025,0.3244723435815153
-0.1279258977581614,0.36656306483813716
-0.01771132131139976,0.3187278235014393
0.01809856192582803,0.1842555726590078
-0.16491788825935894,0.211770006748482
-0.03289951120389564,0.19321116563880322
0.10103875554055647,0.30063051902551025
-0.025366212517610884,0.19146442984312806
0.043823407768181354,0.18567107111199574
-0.0471938722021249,0.09598929647006282
-0.016467363831098536,0.244092116962805
-0.01612974494890876,0.25896015368505
-0.08622334603925584,0.17654973180184366
-0.005242367075881518,0.1329285886296945
-0.028413334553263742,0.20647001540632165
-0.049805519319768794,0.1647002603309478
0.05667603563574694,0.18917618510263828
0.02143979724869837,0.1612036465009866
-0.02244060208042182,0.09507875874525737
-0.032109611808140606,-0.007427427853247126
-0.07156414783840515,0.08794576966411406
-0.03720110522792008,0.10689165045694082
-0.01913921902791022,0.13215978061942643
-0.04556526779045099,0.11119249090842773
-0.044613676132557886,0.0800706907862782
-0.08891050325304833,0.07401989683764659
0.01934842379627829,0.11525185488141466
-0.07219679841656931,0.09828596560503502
-0.040163893493500406,0.1336446704198853
-0.08838576244957275,0.08629047512684566
-0.037126884295450274,0.026351384908435704
0.03160412160510482,0.1169633506659856
-0.04206668327599855,0.09145588370423746
-0.010077582357912541,0.10468971517501317
0.06279528057030496,0.07181459115392463
0.03926547230480314,0.03097856400472321
-0.03540644544799383,0.09826505731289992
-0.036904658057712474,0.07033365248110021
0.04663052334647659,-0.03305929852974111
-0.020036701987004527,0.03759410299595234
-0.010494059093965778,0.030816986236058004
-0.016536035518336142,0.02225168131792381
-0.030095039869545953,0.09049811007369943
0.13942158390686268,-0.02299274277988641
-0.09413372348293612,0.009136572655323645
-0.10459770345554079,-0.045946050511558215
-0.03649365844322834,0.05246942359919645
-0.031349598448919,-0.11094592605315062
-0.02443121289927646,-0.0031560193981259397
-0.02631379035485882,0.05159415596227829
0.027097686545123924,-0.00019591569834216194
-0.05589599483927833,-0.00040385132720200875
-0.031181562382244243,-0.07463926345000593
-0.1295798494309059,-0.008795552619121412
-0.06345679536532334,0.03686677965805751
0.027014487050590653,-0.06654219520447793
-0.03549805142301962,0.03510103820360824
-0.022810709586055702,0.014979307224141503
0.008420013943835215,-0.006717869694870964
0.01855722235377038,-0.03812835129669682
0.0339527798417206,-0.02538032684570381
0.08168214146924677,-0.00038544090674052286
-0.021671017988956338,0.06483600657519474
-0.02301426706325853,-0.13716072785396038
0.024657123277922008,-0.013078603833959914
0.050790262445036746,0.03107496011811782
-0.033045235097562395,0.05004874360025248
-0.01076053462941505,-0.012654798560937458
0.02657786911723728,0.055510310335085536
-0.03148165168902948,-0.039857271851973616
0.012708411796431222,0.008694111438842108
0.03714622943173365,0.04060426565366099
0.006724013670409687,-0.02014581803925245
0.04258972571443489,-0.007810536395169394
-0.05581595093393224,0.05385856517125849
0.012728367394571605,0.04155209032551001
-0.02680134200843971,0.021095063830778533
-0.0007073240402162371,-0.0533447406111982
0.011957772538011556,-0.0391624744484026
-0.05223800058270149,0.01986870537218855
-0.011288665973957585,-0.025460039669450103
0.006069122892297531,-0.067454228219953
0.04155218544866787,0.02699248456728687
0.06572981791988113,0.03643073581331225
0.0014499732032383682,-0.04031817391427537
-0.15208854173128128,0.01112345277756293
-0.03159699733217458,0.03536121637469196
-0.036609404874090534,-0.008685472844855713
0.010898266055690296,0.022253789107594825
-0.06111802624952709,0.031702169342870776
-0.0437606771641127,-0.0644352377758021
-0.1056924895972999,-0.00295783739301193
-0.09594596796581137,-0.03316232560147585
-0.018783653547959196,0.06079118344488778
-0.03291659117869046,-0.06255361779138338
0.017980170356578704,0.06933460014539969
-0.022251665149735957,0.06367287897353244
0.06263692974593749,-0.02352350671351691
-0.01804855871740935,-0.08736990011122386
-0.016691667234747017,0.041613524437272946
-0.00532172903644253,-0.09752738403164304
-0.02765232856466992,-0.08596017334789521
0.0482044200911521,-0.021648163053144057
-0.025745753971828718,-0.06851116609464905
-0.11521086319521881,0.06193174885221636
-0.10558046791985487,0.08713980221140062
0.03896682908846688,0.02081805892425407
-0.04580983363714824,0.020674326823479
0.034884494831233105,0.056994630992349984
0.04766480348267285,-0.00687192056746713
-0.0706087314287349,-0.03335715932518103
0.035778878472202444,-0.023216910477242517
0.03916851774166005,0.06743460756002506
-0.05568373129828311,0.015145611822863836
-0.014650430349549277,-0.021424402237621154
-0.0011831857459068777,0.005300134447256929
-0.0182886256804672,-0.03883888535038131
0.056350287058191575,-0.06374276665556333
0.0313634642063199,-0.033786583914744955
-0.005499059508698608,0.07368935938310478
0.022613538415454958,-0.010791000191432122
0.06297855951499123,-0.15425158466288888
-0.04007240283367046,-0.021393487499224796
0.029723063464685257,-0.04744865384130101
0.06011488327908683,0.025414044040588744
-0.02101876227379821,-0.033352967384073486
0.048186658027855114,-0.009429468559010916
-0.014890914744931712,-0.05321466469431008
0.04513098746667757,-0.036494889393227155
0.046813232111057104,-0.05810558022015267
-0.04470015799987824,-0.052301990990614625
-0.10865226208662804,-0.07880850846308696
-0.017167991491388722,0.001728669995331635
0.04664027357587147,0.07373819156159063
-0.11444095150062089,0.023430653159098515
0.06518013227452425,0.044110079838975115
-0.007324034043880722,-0.13075186519526583
-0.05888232321429099,-0.024579080714622142
0.07426206546992584,-0.06815230882972749
0.020778838948998297,0.008630041262739321
0.13219563062849238,-0.0686318793565666
-0.08009588354741737,-0.08729408171912448
-0.042546641246579746,0.020954330468706706
0.0527791315688258,-0.0413022148039002
-0.08804163379881268,-0.12413363055380476
0.10899175754112024,0.0004380059331347205
0.014489913188792513,0.07820192717779514
0.12070802545662301,0.006915306470958757
-0.00021786518768036108,-0.0003055940113295412
-0.03871103149157535,0.04746517302893446
0.049818896942969884,-0.004381186400980743
0.002461869485243713,-0.00963796937063778
0.04369627021985141,-0.05024581634078574
-0.0017543687143984268,-0.021370843685857104
-0.013699273931146264,0.07545078828727346
-0.02792868211232265,0.056069561874407564
-0.1237038030951456,0.0849917826720117
-0.04533753850382974,0.03700182623953792
0.02472751238524884,-0.060689512458635575
-0.06320576764901671,0.03324127135990313
0.02031410030687573,0.004928977637045702
-0.038431103820645476,0.04459623416456027
-0.07543713829981608,0.018586417560710437
0.02259000372426056,-0.017227669215215586
0.027411633091021594,-0.04122924625022478
-0.02792280019678351,0.014912139027385533
0.09863945344187057,-0.013661951259897193
-0.007370961296930587,0.04685764541466919
-0.08402091730637457,-0.010357572149153955
-0.024491600419734437,0.12089970870671717
-0.055113637852862336,0.07942996513992195
0.08036698827890623,0.03130424845009851
0.040125926947624665,-0.030869119489144316
0.010863836109016506,0.05045758322345302
-0.06683240598282651,-0.02671057118445923
-0.018180932278898422,-0.06027386469062158
-0.04045331954161245,0.009562466091347114
-0.07855492429625853,0.11259543190061401
0.050627881928929926,0.19689487820409116
-0.02679822125446675,-0.011900355748809793
0.010651129721573392,-0.05295247923465337
0.02630864259618436,-0.005328414038766945
-0.050976170246407077,-0.004027102109313195
-0.093108363916621,0.08506578322555777
0.06930470423876695,-0.05624537907470335
0.10925118357667274,-0.012042579878525379
0.03949413351566318,-0.04152501623957966
0.030891546912487904,-0.0531829799426229
-0.011756222421536105,0.05255734145221297
0.06690423788931651,0.032654499194982936
-0.010639332396987528,-0.05454539742977836
0.07751948045447522,0.050617056056061
-0.06868415944150033,0.03955792771246068
-0.04332645550570034,0.04860323901978525
-0.0191820414710198,-0.0925583597377839
0.16022993467839847,-0.01203820188581909
0.04142283229523039,-0.03425577433024904
-0.01566179156856444,-0.02327460236601479
-0.04125096050503857,-0.025926022748153862
0.06510848874558593,-0.027937953888800014
0.07337557397963865,-0.13085765612483694
-0.009486910486165744,-0.0726096954485879
-0.05802238962302904,0.0729748195436687
0.040188235731220934,0.019973743822573952
-0.02848608256595281,-0.047519928657580375
-0.0029969228882001007,-0.005895085458530874
0.027652472056838785,-0.02289303503958741
0.06802090913332186,0.05248096385005987
-0.0059745094361079686,-0.0216754315179119
-0.04015511537385118,-0.005541919181361231
0.042230273735384,-0.014549796953719163
-0.061972832860075766,-0.0027792914386285906
-0.02312490756808141,-0.06276424406685188
-0.095393565405871,-0.034278811998962856
0.05231234332164951,0.06115692882138515
-0.12890944293672385,-0.032593824370168833
0.004737265614851785,-0.06714619833925835
-0.021217353235439728,0.007460740352207539
0.03737048268971576,0.038900123140801546
-0.00974076815894201,-0.07116172491894089
0.08437973256046653,0.04837990150653276
-0.05774603048903783,0.014640379734011773
-0.04066538975485841,0.004096489318712385
0.03029256565534837,-0.019703731263503717
0.01898611682353365,0.07935708997307461
0.006899721176746282,-0.006672970736037575
-0.059998822295391774,-0.039955284837451956
-0.009700164932174337,-0.08676662227862474
-0.03887033565479284,0.0848339154859336
0.0303843214160786,-0.0929677113693643
-0.06485531248906137,-0.07641405663122194
-0.011996465167052984,-0.019508179285639877
-0.11613477770154644,-0.009017719391894167
-0.05012814371127852,0.004395440893866335
0.04354158296107119,-0.018658758259472538
-0.06208014655180477,0.03957154375598407
-0.038697593898005686,0.008176583965260338
-0.020889895856892677,0.053717071248163564
-0.02454510338004137,0.002241077907419082
-0.04192329254209838,0.0354643098829325
-0.041809203780695824,0.0804522781727491
0.009979766788396988,-0.07521199757474904
0.035328397311788357,-0.12790454690781394
0.030824453880137957,0.04617363937602732
-0.016118490980886323,-0.09988140632805557
-0.047356519849644445,-0.011698497737813146
0.021754196972946945,-0.05905542937655667
0.09516602455030501,0.002131844700597541
-0.030899414767545166,-0.005651611685202485
0.06414291035782768,0.019818868813284908
-0.032546733908652176,-0.02818384820212234
0.02402233080184709,-0.03700296826321517
-0.11448338775164398,0.10993351769300522
2.203435963077198e-05,0.01867002468908924
0.03115043805671868,0.023419019393471314
0.08046153229911505,-0.06572036606834344
0.032551895282451254,-0.035361158042987735
0.018841643634835054,0.07941342884131415
0.13161106196941322,-0.022409180486888034
5.863310248478766,1.9317369235826227
5.124305358016001,1.4902344666294207
4.318728005601056,1.2895581873381279
3.651229902406711,1.1673163391535077
3.0544382855587457,0.9688648395171722
2.487720238711654,0.7682260653784599
2.0526547980332372,0.5881939883225967
1.6224881285617418,0.4482778901531917
1.1037153127701502,0.2856706073376483
0.9054209360535773,0.3058714349572207
0.5392697488415148,0.18304888200554337
0.3792882213915196,0.05259751921790254
0.03570979049661492,-0.060183046320023345
-0.15769530374834523,-0.12969658442153179
-0.2861383382014453,-0.15266072295041383
-0.5464065355289054,-0.18416562837763872
-0.6611751726430145,-0.15552616049273826
-0.6825226585550421,-0.30784875410101953
-0.7990861112027824,-0.28883855539370307
-0.9268311704881596,-0.35308068902135353
-0.9983918804534343,-0.3708551899362972
-1.0331714783518102,-0.3642352288037106
-1.0109745952822329,-0.5018537791985097
-1.119998168758198,-0.4135756007559567
-1.070324437224168,-0.45929258926563366
-1.1298109070447382,-0.3105707011429788
-1.057200271557557,-0.36384221566435165
-1.0589543093457698,-0.32121208179546895
-1.1511946185554425,-0.3783682965823323
-0.9702210968314665,-0.2836270186775678
-1.0727726924796603,-0.4346392329452084
-1.078387198145669,-0.32661592729710404
-1.0514534366698123,-0.38181901236925153
-1.0404234286118874,-0.2412363603564904
-0.9853011630344817,-0.24453587476143734
-0.9238993207877033,-0.3108448850872986
-0.9374510753142145,-0.26839981237824856
-0.823117618466297,-0.24742026600178338
-0.9182068673268592,-0.2959494291375801
-0.8409149463301206,-0.35512729629538214
-0.7670847342785067,-0.23119536395971205
-0.7134240387598865,-0.23211791918322183
-0.7362612365444527,-0.21840443576370572
-0.6664299535551393,-0.183030614883881
-0.7300216727139708,-0.23104761862578624
-0.5629965292238203,-0.1831652037509641
-0.6348616242966304,-0.1612415143592679
-0.6102613740939146,-0.09526597975771087
-0.6329729973101138,-0.11460034107263625
-0.5290387022967203,-0.14450004601413324
-0.46574392717069363,-0.18876058363654116
-0.497438404832272,-0.13415517827870066
-0.5306075735153357,-0.10618324507994763
-0.4030400209733662,-0.19533752236389093
-0.36615824907765593,-0.14743088720151237
-0.40166103235879935,-0.10062370690690552
-0.24278880018046173,0.04308415902443999
-0.40090357299071944,-0.021064856982966285
-0.2363386539733906,-0.09975681937082366
-0.32976517708945235,-0.03386006983276589
-0.29766704318137693,-0.034527502441561435
-0.2625735748899247,-0.06060865709022508
-0.10421551782921545,-0.09094738170387873
-0.2156305670977835,-0.011940346457661805
-0.25061078979818385,0.024898919353845292
-0.28825045183678044,-0.03886932563138377
-0.18873176160948055,-0.02854375613079553
-0.17848962809858657,-0.07001652657510726
-0.1463317307678967,0.0009185819742450613
-0.17602097096589886,-0.03174881140874946
-0.15420049935816282,0.07959002769087031
-0.014354487066954358,-0.017911496018881205
-0.13239456087033,-0.13551916878362785
-0.13362012944731597,-0.04186168055637556
-0.08797248798780649,-0.055656622488859324
0.005544932293172142,-0.04567438197726047
-0.012210551720963261,-0.11468136158999986
-0.06218128762482625,-0.075252416726167
-0.13561744784985091,-0.13263270505030111
-0.06102160183816585,-0.05395753020179449
-0.07843520430694174,-0.12807278259722463
-0.017083381097961356,-0.02023201525461411
0.0035237108556480587,-0.0024009669379539827
-0.008624443903653571,0.06687432897391996
-0.12061655528059481,-0.08636220214854132
0.019148893602855085,-0.028669598938035393
-0.11344050770743945,-0.08036291707447948
-0.02218340532366294,-0.11368846929102285
0.02436205366017031,-0.045967309441382345
-0.05617896442677027,0.05879413563783324
-0.12481332213693289,-0.0060057620411400085
0.047506450529643855,0.03899819885926713
0.022317623624395336,-0.04522043658048326
0.016894479203879202,-0.0006947981219366049
-0.034847460050590404,-0.017473699701319786
-0.08590124464343035,-0.05931133897817875
-0.019842944735174894,-0.033156341774753906
-0.00022228703505086135,-0.037726301380791215
-0.026820773230693935,0.0008868241693258247
-0.04931338482580114,0.008401529157168169
-0.010141452725289301,0.10740610015047464
-0.04781285547009277,0.0016551714368725455
0.13455154491901639,0.07144300958835606
-0.08913678136077796,0.042777360200019154
0.0330571021867559,0.06168788472666867
-0.08110824974227251,0.008530163538464947
-0.13677504877684607,0.040694372961183
0.020179263210700883,0.004860588493283954
-0.061576802342345714,-0.0376343212718917
-0.021043048627854857,0.04028686680142731
0.05270367358691794,-0.09024862137923713
0.04262482169883458,0.02740287931778048
0.02593200338744853,0.04564120441714452
-0.009927074433123741,0.013099763511784407
0.0031416822083072185,0.012450643509280037
-0.017059599416487797,-0.15104519118568574
0.02593759245709883,-0.00853231981607911
0.050824040132989946,0.06298049675037351
-0.007042024503302741,0.0022283496529075554
0.0763577131379785,0.006437110283024955
0.04920142148227567,-0.06767705284477417
0.03967363045606664,-0.05937225799917993
-0.037870519716964535,-0.025504410347539936
-0.046549288113214723,-0.05350049716658896
-0.02362408166593006,0.016563947652489048
-0.054422757122946454,0.05395893770540203
-0.023269701170512063,0.07540895817390315
0.06773882081156887,-0.06881969619260622
0.014809043387460445,0.02139068259294432
-0.033799047428808834,0.009943338938957874
0.12270743230549112,0.04586200879850329
0.022755554102555524,0.006457307288750156
0.012342170295987241,-0.03269240928423034
0.02093547380653398,0.07431905492214569
0.02658851543694854,-0.034461349795084355
-0.06043563456570226,0.11630260048198306
0.06410843133778947,0.04447322426481219
0.07919475281782978,0.0020333541586970484
0.0227126639638115,0.07284869207538347
-0.03107286615295462,0.03640266373887883
0.031835240586336716,-0.042499229994072685
-0.035686568131757704,0.0644076341170357
-0.005534695357686796,-0.0026048366001848017
-0.017009556049271273,0.05530055928715669
-0.059431781150077446,-0.018457527281635536
-0.07907358780227002,-0.020687788634760118
-0.05317842331582803,-0.02616260055309364
-0.012678264675090875,-0.02225844866436566
0.07524612564574323,-0.10307138342189323
-0.0018411984243974448,-0.025258800224989546
-0.03805529072379897,-0.05092918839855163
0.02510881383335197,0.03532294683326542
0.0474483862151483,0.04950384832918012
0.00969910800551285,-0.06412860187337895
0.03387801680530851,-0.02472396339017003
0.035646035524619556,-0.008622346219612552
-0.0005405968968211217,-0.024368244507721314
0.07786275685240698,0.07401784437247545
-0.02784310721101128,-0.01623583152573327
0.009013990765578277,0.02911506118050608
-0.06142190523452859,-0.03678450242727967
0.1211961791650921,0.010400105230965566
0.00358393031637267,-0.04393630928558734
-0.039377738344158586,0.03694630038264897
0.14975402360439638,-0.0574371672583871
-0.042681476850005944,0.007471502596705981
-0.07376327264231125,-0.022756251155395518
-0.008479238325010522,0.01428926621860927
0.007397813359419601,-0.010858301932598236
-0.08041093334341973,-0.055523402776431995
0.061053784645515134,-0.006788559717684908
-0.0700816143256891,-0.053702043408914706
0.057115380653113446,0.006647133920882318
0.03960123402786178,0.05022700000200633
-0.011813756188985745,0.03325683533663475
-0.012368429730052725,-0.01738257147068681
0.07158593243071658,0.060280714073521036
-0.001789115503876941,0.022819007485691385
0.03471462033090672,-0.08179001587983038
0.004485605155075111,0.05202723962491616
-0.09761170171786482,0.1007079916679205
-0.09659579262379107,-0.0019900511164218718
0.032179722775928156,-0.06488222046230285
0.051749168104137475,-0.021063561839939883
-0.0012742443647739098,-0.09547261632422974
-0.00010702858036896589,0.07038535082664052
-0.030379726811554833,0.050581404264067015
-0.02167006468374927,-0.05607213180057187
-0.021520616676791414,0.02953895361180528
-0.04469955622515456,-0.054121769856613974
-0.06076538604723062,0.00842975149806283
-0.05730469273139771,-0.038364265059200806
0.002600942698022867,-0.06633091637642823
0.006367333311388324,0.009803594113769805
0.06490885467178115,0.02856842219631205
0.00577918860499917,-0.07149119337551807
-0.02228092513749389,-0.06568087658765256
0.0465013062305565,-0.01247592634419635
-0.031927997958207346,0.004849897712450292
-0.01831237104372877,-0.04739286689806856
-0.045356742648618525,-0.08583415846394765
-0.14126850500361504,-0.07838019358377024
-0.16441335178647448,-0.045070416294925426
-0.08010741968908465,-0.030090567853629194
0.07462072888715304,-0.0010691815152923043
-0.07157925483148242,-0.11926973570699717
-0.0038716284993507797,-0.06795182935645441
0.06321032091256547,-0.019231109422256296
-0.04619237558621829,-0.04318559575520967
0.002927541968155773,-0.05838431383391419
0.02947687132874109,-0.047232064478037475
0.027158547163191417,-0.014444178963266732
-0.014119906392230038,-0.02105134067261505
0.020915079381131997,-0.04647353793995669
-0.020022963151718302,-0.06891485171301875
0.019609312381803367,0.03041450295582644
-0.01593100021389579,0.02506052329316477
-0.05238550456650441,-0.021261978622568956
0.05383260545250726,-0.053066455370329856
0.030493459926687685,-0.05357503962910926
0.0894100917190565,0.015068309920171809
-0.09432629401713949,-0.07295799683018125
-0.03190451117448412,-0.12058476339969848
0.07873491780670838,-0.0031756232205460456
-0.06055355637229323,-0.07095137937969268
-0.020422599807159138,0.012317401393392918
0.0855483856789516,-0.06222731284308096
0.005855691059214175,0.04245880516849729
0.004858930609781813,0.0197923854252677
0.028044142212832555,0.09380077538809428
-0.02294111493068768,0.03388979257292083
-0.0007498180685862471,-0.03485900032602292
0.0912861473210963,0.004367709407908303
0.04192559774544339,-0.03330630685570987
-0.002961453574636383,-0.07643018953297255
0.022387943828455888,-0.04886493154280861
0.001380162304514019,0.05237997907371053
-0.08668800436867563,0.15812633663790043
-0.04847766148115713,-0.0022616349865497215
0.0064455900456295585,-0.044062107787142785
0.07661470121458783,0.06501880627062201
-0.1707480070504578,0.00680202157516145
-0.005606488134012879,-0.07400148770705975
0.02240815670827074,0.03664170188302325
-0.018616171729309388,-0.0018165011282627094
0.017450397049989397,0.09188608923489523
-0.2203850649740632,0.05097936320888975
-0.04239302586895866,-0.026237217660515635
-0.07858271418378937,0.024655491377729863
-0.06608894687123404,-0.045975690430917336
0.05336174625434409,-0.10087647978277314
-0.10014049800524324,0.059130786582021526
0.026452778680499264,-0.016853714957719916
-0.02717296221436836,0.02883632960789974
-0.11570907717107856,-0.023277110963263195
0.026400106128925724,-0.04918851663844417
-0.01768789484670258,0.006476583972774889
-0.05963631735207232,-0.06987128134413641
0.14679055708297298,0.03465935076439447
-0.11108039890168353,-0.04308962571123102
0.04004033034798875,0.009485297748176932
-0.038075371993485714,0.08257652244401463
-0.12029482420432734,-0.011963873589707838
-0.05156505378649574,0.04510203939868154
-0.029108759541670283,-0.021390011062746767
0.12854601299008425,0.034967916154493614
-0.004757156096557151,0.057558925566392034
-0.04542785847040377,0.05719990815528452
-0.028203791162245147,-0.07915904470719103
0.044152320859165206,0.10939924195481127
0.09643429465551753,0.011981527423205462
0.07204664517797783,-0.037032782712602005
0.04600249720473132,0.027344196532522277
-0.01830659006957399,-0.037336411746793086
0.03075311207433891,-0.08234734705984413
0.0017421081125061286,0.001073882957826594
-0.08481327220061517,-0.09963028079779421
0.005327495063823781,0.04216241955155942
0.005769165511008704,-0.04129729453990767
0.011637269498243254,-0.003374796051354656
-0.051728933526145375,-0.10507639088831451
0.0004631126860493119,-0.03300205466863106
-0.12045744429359602,-0.002988094904309426
0.012799753579769858,0.04490016340708323
0.01683533890814864,0.025390145327872107
-0.02173564291577249,-0.06227522955574778
0.019560273985308217,0.0013677992889873404
0.04097593240849181,0.010717597797727182
0.07497659618873538,0.003578982309120536
0.009465647521997965,-0.12273217142904735
-0.06958404106532795,-0.04510654926241241
-0.0014841548205392803,0.015468848314934973
-0.0002783554396090411,-0.08065776699955757
-0.04617253868373691,-0.07168922734367102
0.061056667438882856,-0.02418120686163049
0.036107416338016986,-0.003366442039761582
-0.0018838809294095399,0.048301089328492385
0.05130187879038707,-0.12563011748908048
-0.05976344952928836,0.0032511420835725996
-0.07737709747351675,0.011489510442669696
2.6124000125569973,-1.3734086326022483
2.2355992699633105,-1.2075653242304076
1.9669841743401233,-1.0369933219435143
1.5970247077399398,-0.836964702696843
1.3525771655185403,-0.6914681612951453
1.1198216749114958,-0.549635387574939
0.895624993032463,-0.5381238862663806
0.7436272470121782,-0.25544325605321394
0.4538390575222159,-0.2562683870330894
0.3377107632427204,-0.1588308661775073
0.20540484336863893,-0.046450205856339244
0.1563804166138592,-0.10526079401548678
0.05117599273272151,0.07492587899054892
-0.0662148990566069,0.1308059237508235
-0.11419216363174274,0.06783600768544591
-0.09780619595876838,0.07263944072799813
-0.16991568113149663,0.10090757610354625
-0.3083999219948716,0.1353214051145539
-0.31061476189458054,0.1599657847501142
-0.45577848462462844,0.2643971585099573
-0.5258441427587404,0.2839506441442125
-0.37972385008446674,0.23022438282468805
-0.4268044074942362,0.210323654616456
-0.4855009768673914,0.2818463145862938
-0.5158090335025872,0.263813901824837
-0.5229302273089067,0.3014155695233207
-0.5152190480094132,0.19356033476880227
-0.4931678488338499,0.2615639309624317
-0.5249412240647691,0.17942649274274036
-0.41504508843065113,0.27401990076806454
-0.4582697359531953,0.2557361447006785
-0.4972183800985152,0.2288600594030477
-0.4486982719275699,0.2703394635408354
-0.5045599425722966,0.172165915646246
-0.38227726507795057,0.2133275076943092
-0.4184977588343156,0.24251938227579803
-0.3512006914182245,0.18564978668697635
-0.30659117146941295,0.19719548326902914
-0.3948113199308758,0.1983980453150665
-0.355900864462889,0.1839142575120241
-0.448239155873546,0.18648499763292228
-0.40421114653366547,0.1944638650326411
-0.2148062294554678,0.04557372268864347
-0.21737810454092554,0.06605293865955214
-0.295423023734621,0.13076168732255722
-0.32745380090272236,0.14472653850573056
-0.12907668252142365,0.14818194147285482
-0.3210882847639545,0.20135322215801965
-0.2434704449828617,0.1430516667353838
-0.21202820287616891,0.06080035698117337
-0.15619184113158366,0.178650937668288
-0.19054800478605236,0.14951854961464586
-0.19179815988019153,0.13242621852709408
-0.23668609284844383,0.0706102805665279
-0.2271080366758809,0.014595141786529701
-0.1449373858433284,0.04640455612242031
-0.11403373397758482,0.0875553270864196
-0.27235459000343665,0.07613373811475677
-0.2079920265592926,0.11729325821180747
-0.10840519608529589,0.02546145479524297
-0.1318230265279105,0.07363409136633325
-0.10197956589913611,0.15562780581119331
-0.1787164212888163,0.027279187861086948
-0.0669848252751975,0.13054725729431343
-0.130815856632686,0.08570734108643578
-0.08564238339758849,-0.04508968425520987
-0.1756950518862862,0.07396970261092428
-0.14660112716939833,0.09732040619906199
-0.0719527335847901,0.035815759057539816
-0.09509595253333043,0.07039039808571587
-0.10687919271194068,-0.025919978942845208
-0.17608600677706926,0.066685322362525
-0.0965327388182867,0.048214643583706515
-0.11251544510773925,0.00907283090086686
-0.034045123728680605,0.05985417021943518
-0.059493130467008354,-0.011949666357366065
-0.061781099377706844,0.04059766048782708
0.09026224886505614,0.07055186825729506
-0.08652718367152501,0.018208900589432715
-0.13820976669172239,0.00355021899944135
0.018659927234245692,-0.04022853168182157
-0.03807279877512047,0.06483485609344415
-0.05883658380250788,0.009830667157681479
0.00891932632011578,0.05044139551911525
-0.06830181020358361,0.08723763374550023
-0.020087180228400045,0.09263078326057345
-0.09096088085413037,0.05535565733712443
0.023201840886353752,0.03629011320767387
-0.043476444550254456,0.09742675622212355
0.05524800225176044,-0.056229988916313596
0.04591540366853333,-0.004995654908871914
0.053939107222638824,-0.06159810890436095
0.0354566253833163,-0.019664506025282802
-0.10613004157080119,-0.020798767666690757
-0.05815988577288762,-0.08868729873630316
0.06660544566182758,0.055100563432579706
0.034283220740352595,0.03554861611083773
-0.03701295452353832,0.015431346891528567
0.01010193234073256,0.02654440675974415
0.018108857839493488,0.007574003865401774
0.028675162485949646,0.016559867379190456
0.015092598326312956,-0.03877429494154164
-0.058012425513739946,0.02015403109808632
-0.02584342216418448,-0.018987817878826835
0.03288937455931902,0.002779711710162401
0.07282797774470115,0.04195378231093766
0.003229451453170936,-0.008187632535946173
-0.01371993000657435,0.01650152802796246
0.1002483475712922,-0.032958538372854965
0.010130791012425686,-0.015513195662905922
-0.06535151591292174,-0.07585291090819062
-0.009684873982108703,-0.07049513734356483
0.021393771803738554,-0.0399843735267354
0.0595316133352954,0.015259401272407151
0.04123734972341798,-0.004735558334198479
0.046653473852344765,-0.013603107276282327
0.08027390770338856,-5.25911242301412e-05
0.03349123188828556,0.007881113189759693
0.0003241842536862386,0.040983788139210685
-0.0359010266387321,0.1223215299959344
-0.03817717770297317,0.04693936525345947
-0.034822579102289614,0.020518622242780928
0.05214384355360261,-0.060733002329935545
-0.03394130639914769,-0.03136053801553342
0.0028158608336038117,0.028164942220043884
-0.08833768362457774,0.050246768558108446
-0.06822619339304829,-0.001090911618467201
-0.07266297213477863,-0.015069155085306167
-0.01625760610203086,0.007592760225551215
0.03295731658013094,0.002775686210747275
0.031855307994337195,-0.018379288605151405
-0.009651639225903029,-0.005051221365767224
-0.005544366763089484,-0.010309213058885837
0.013525663755207416,-0.08221952076686928
-0.006391397984722447,0.0364342458172351
0.06238188230530263,-0.027290384779209288
0.022944280028841683,-0.02171744889215094
-0.013656278177479516,0.015855358669417306
-0.019211492914794164,0.06475023370283109
0.04549197731192269,-0.06305401168185512
0.033250804138522994,-0.02658916776870137
-0.0012134765373229919,0.018105805556526834
-0.029161616085707824,-0.06294895875675094
0.07393111191491064,0.01847726098678029
-0.005591714998224724,-0.0062101540638553
-0.0464292063233948,0.019245877171663685
0.008648790822958906,-0.12305766745889954
-0.02389020232320471,0.03351094715035107
0.0025309425316377716,-0.08647944523550277
-0.006876245332950216,-0.06914097238823153
0.005197574374906167,0.020136347640525527
-0.039577583217530396,0.021556456365022746
-0.011150145325835206,0.028819334108604794
0.007003259088937152,-0.029494515793068665
0.00203698797486685,0.012205149096096398
0.041568868666319696,-0.01597205794499499
0.021214978013314723,-0.10705365011659732
0.066817061504299,-0.006943565388899127
0.02496595805888493,-0.06566262393145311
-0.08334869822981555,-0.04025597802624369
-0.06945058695632718,0.0535097103532855
0.024848707655378485,-0.04300271567261525
-0.04364498259723169,0.028226676759028537
0.03705747978643411,-0.031003605609340783
0.10519703723575005,0.06289856668969682
-0.04885818439053957,-0.0889629074577324
-0.0024324523996732536,0.0002767707063215698
0.09661731030703025,0.08922711215063128
0.030998921799781455,-0.02253882258202425
0.06506371888021013,-0.005214529661784576
0.017656234438893,-0.02811903441901322
0.05000938941245152,0.05951125595875186
0.05662176888108067,0.016544999882175195
0.09884392780107461,0.01918685340594086
-0.0007590724823537762,0.04098390013453687
-0.016507830118972115,0.06013640945755692
0.03758842568988216,0.002723530974573778
0.02753150382438404,-0.039017213849646314
0.056157883657291435,0.09580329644096969
-0.08230412657108084,-0.03254281362893202
-0.034887158834288556,0.027608224203678408
0.008463002160531283,-0.029121983254660404
-0.013163829031344335,-0.02085315604962059
0.03566803091737349,0.011928964066900057
-0.01904757647945788,-0.026465767745403698
0.06384543987646205,0.05294372501539507
0.03169477855450453,0.0483646282648341
-0.07074970567646165,-0.05381117437778753
-0.06407962875261522,-0.003320588686344714
0.04270544401167055,-0.015872806035478908
-0.07116173879549029,-0.016341423831335265
-0.02806824811558424,0.025490985845085405
-0.09987016427496102,0.02819631459165811
-0.05933074977598217,-0.09330400918779186
-0.06566951474256401,-0.08126545744240027
-0.14842811205390438,-0.03660478251595836
-0.057385383640999765,-0.023133937689802788
0.030646661266527007,-0.08858824035008106
-0.09390111531131001,-0.048787971178234316
-0.058118318065958186,0.054367148871654544
-0.07754057338642824,-0.027506716127820983
0.015885306361897583,-0.08121675537035447
-0.04225362483504715,-0.03666644459362821
-0.006328836967028417,0.02791915893315131
0.05541766549519371,-0.06884460258044472
-0.04828063865446787,-0.052083111251400825
-0.011353117563760558,-0.0469848156478393
0.011889650367508685,-0.03669027124921137
-0.05553527136303953,0.10694130452498866
0.0004880000335501008,0.0060891580451788475
0.13495626146180373,0.02189072796242699
0.04077960221706988,-0.01721441708550312
0.003548663107622512,-0.08178588213398578
0.07740774367238401,0.07991493632754423
-0.023153935377990417,-0.08592624612778668
-0.011486276214564238,-0.011436606546572052
-0.03910529741472296,0.037816916319449334
0.023067053416797937,0.038957997969288914
-0.032060023845697595,0.028207977890083637
0.10983295446136242,-0.04233232599039053
0.022823903893369628,-0.04180517858900782
0.038790715123766965,-0.08402905287952803
0.045833617855335664,0.016123414640211015
0.09870368974206088,-0.05706016343345612
-0.011382069794653383,-0.08490322110689423
-0.02561393419024269,-0.05561278881009534
0.005768053469899473,-0.07874727525112915
-0.029184675802831215,0.0529738793943675
0.07876124784387412,-0.02036931905018156
0.03685596599462838,-0.019768136906110893
0.0025859863749897157,-0.007001641304928625
0.07703310019938478,0.014363465335383113
0.022866765416149865,0.031394782963229825
0.01785993503250834,0.020685384780072702
-0.09979614219400704,0.019965836440270838
-0.016730335174898105,0.006619894215184772
-0.008347227031475037,-0.01057939937305249
-0.029893951312628644,0.06104177131578316
-0.09429926440802539,-0.010151047473600794
-0.05365249638102718,-0.06041063653736395
-0.017926074644703492,-0.008596970511258708
-0.061008686115510524,-0.05788343382226365
-0.0330876913771616,0.07804005558479768
-0.006805999490535276,0.06194962552209317
0.009267499582789862,0.0229542541952812
-0.0302123207086708,0.024342802144552197
-0.08736953996958786,-0.014501482284639468
-0.07130609286877086,-0.037118647371868305
-0.009380134701354226,-0.06865750930353016
-0.07182311172599044,-0.06281071409016928
-0.015825534843965313,-0.03133326098280646
-0.006452238341320566,-0.012976585801686771
-0.07368261891506434,-0.047475437755956106
0.03423306805860424,-0.07017629267219017
0.07115789341178723,-0.09235704495138644
0.035357839078372075,-0.023487501143749694
-0.04196391263439004,-0.010543380287043994
-0.04349476936601476,-0.028692452776337793
-0.009079263772927932,0.015179241699487244
0.04292035836723147,-0.042910458145888994
0.05080750343666817,-0.015791327576117398
-0.008557089821445499,0.008370661196273247
0.06481931266607287,-0.08836829000272653
0.019183574642748086,0.083929775805844
-0.0949432139715861,0.009931115521904203
0.014652285715168155,0.04928750215852363
-0.0664691255495941,0.014304004312336565
0.005672703037922926,0.05176286054828923
0.02626066690799083,-0.011061277888214201
-0.02903681214607878,-0.07084715890204969
0.01056668623539396,0.06921064552314701
0.01717798895805306,-0.07261620487081917
-0.010925052440808106,0.010603362336577642
-0.12124331839049884,-0.07958914689998825
0.002240410106564124,-0.09119984584280484
-0.029860079143492663,-0.049500187728755723
0.022829192589321052,0.06911609793417124
-0.07565184155049896,-0.007674167976826678
0.024707913044444575,0.03617474460826058
0.03716305290443234,-0.04189051450934975
-0.06244032816825547,-0.03819310245056186
0.03890293604572978,-0.0449696437833899
0.023941475128715087,0.02372349047661717
0.013685720552558657,0.005718467059782491
-0.02908561895758163,0.10437505334979814
-0.02550742271904109,-0.017673604565304035
0.033745739160109596,0.07462627972883483
-0.04768642900516241,0.030203192780148255
-0.031766712597482406,-0.021112759071174613
0.01193229085722156,-0.01706710487354794
-0.050637036370050195,0.001154529080372585
-0.08327071895021997,0.039655564941564456
0.006737106404575921,0.06363968115042803
0.04551059120820622,0.010527781306260588
-0.0016407929704285685,-0.006458381796991673
0.029038025438393816,-0.0012614811024160497
0.02497473593365268,-0.013934735343768195
-0.13177209648058985,0.01605431002801643
0.02365031961811951,0.023360057690199387
-0.0034664570305868204,0.025432581320271663
-4.623936607853805,5.328127573263036
-4.050003000791177,4.558460556126134
-3.4421777484467215,3.997368261150558
-2.8951664511056614,3.249761551903675
-2.40394077506529,2.8189970124086496
-2.0509864112264458,2.270736199792089
-1.5942660254820158,1.7952336005994318
-1.2281030732463554,1.426869375079788
-0.9364456893129974,1.1371350145703287
-0.6471600230977452,0.6502299927033495
-0.44886749901271045,0.48250278544429565
-0.2614743259078181,0.29065771655248385
-0.09179358100115825,0.033073046799270506
0.06349443144609593,-0.2460505774092528
0.19952220741574528,-0.25469268622952257
0.3501240163839131,-0.5383097902301629
0.42793805925333794,-0.5292414416573683
0.5670270962354942,-0.651383107523601
0.7638749270570142,-0.7576689729037271
0.7053074578340652,-0.7779867074385756
0.7272478593851454,-0.8316073013521055
0.8018001973053082,-0.9389310630964116
0.7272112289601129,-0.992916714799086
0.7604119310770314,-0.9842969078070283
0.8496564779729872,-1.0359615821753378
0.8254986356399556,-0.9748790403278782
0.8072852298045179,-1.0042377275048493
0.820571950854948,-0.9573901180167205
0.9103901016621608,-1.039735033393033
0.8487119937380418,-0.9892935877241678
0.7686424480524099,-1.0099755124935323
0.8335005856861684,-0.9016870836153034
0.7539582200502166,-0.8474470485413458
0.7179925221970354,-0.8665438558219831
0.7921518104196774,-0.890753330089177
0.6604853159117825,-0.8786145785577943
0.7137038633412318,-0.8258834146644892
0.7107855365688023,-0.8718161891402885
0.6066673367648898,-0.7670403065121628
0.6729144657117382,-0.7297614285613532
0.5972273228570616,-0.6567962028649013
0.5238303957654664,-0.6721224578805022
0.49483705039444004,-0.6935701141707271
0.5503004470404682,-0.6828652370022714
0.517500936048909,-0.5943930086724589
0.5425102357335909,-0.5496464242695662
0.4969126007838374,-0.6047921394677391
0.32882075969610797,-0.5288173430511753
0.4339011663448141,-0.4307623107704822
0.39993482454352886,-0.46242440449407557
0.3956145939258355,-0.42534608386005307
0.3567857029742125,-0.4939948445666127
0.38266908289531115,-0.42247159674895385
0.3199472689220896,-0.37993786774055127
0.35888588559591617,-0.2903124628265798
0.2409478380329385,-0.2533337202907639
0.2605103971195888,-0.30482007736275535
0.22141696519962095,-0.24322589418539445
0.28509345120887125,-0.29206697929867126
0.19573660173397853,-0.2675919711361845
0.24963276689402686,-0.22332066463018996
0.20724408151051008,-0.22535406472723624
0.2050814344765422,-0.2259121210861562
0.15743470457786263,-0.11887188569611819
0.25452592994749457,-0.2442017980927124
0.15879894111874174,-0.18839107427387225
0.18099515155342596,-0.2220588514464754
0.15655394625656438,-0.20947569647789394
0.10676018471121618,-0.15985315229237418
0.09473584516903091,-0.1466666685004414
0.14427986591940364,-0.11157182267948562
0.14670966225810572,-0.18319061052249774
0.13977030751508004,-0.056365938303609184
0.042970829002522616,-0.08398239083599507
0.1344448068255776,-0.1428759197718
0.01341476852107814,-0.0959202208012792
0.07401060508921596,-0.1316473849766281
0.10610024686332739,-0.06783684258641381
0.10351189077431179,-0.11761703622351363
0.08002896840422757,-0.03253448193155443
0.03919485251299836,0.03399521359054072
0.038455750679504234,-0.15279085761918093
0.04993872745297828,0.011085418840170218
0.00419616223966561,-0.09874147418639066
0.062231351719169985,-0.1025720414964455
-0.019130739147893296,-0.0882652909825051
0.10608482344936143,-0.017828496219173498
0.03063934199215878,-0.0751655059785622
0.07332566498745532,-0.009550555912115684
0.10159123800549924,-0.07723508986317651
0.0006823249791783614,-0.04226902133982803
-0.04248191300061855,-0.03654294161626577
-0.03110528352102429,-0.041635945499472804
0.03954515754331228,-0.0788013742443834
-0.10228982882387293,-0.047328992982576853
-0.03955236397005335,-0.030316059027482894
0.05867552549141271,-0.052671481456284315
-0.050320161052361756,0.03367903072888402
-0.07929756836487796,-0.03534846096016472
-0.0715430177264742,0.011992547347807999
0.06585376325363307,0.00847778936215663
0.018752432060985428,0.05407252791208925
-0.10455397756677465,-0.020057632519653836
0.0022029450674194394,-0.04751454851254945
-0.022641649845472046,-0.030471289411761297
-0.00463603404214256,-0.03730209711881897
-0.04935740230105422,-0.018407841215749732
0.012749871045153014,-0.001427968378866936
-0.030642504553431076,-0.07959043920683001
-0.0009286213783629531,-0.10902654622852784
0.013093848009103081,-0.00045603367679412053
-0.06860592390237905,-0.025381912744205468
0.01238691150169864,-0.04066887616092942
0.053891068494018,0.01014224406887035
-0.03490243737436264,-0.06291446241504942
0.0882052348288036,-0.0660045473715142
0.024343484761538237,-0.0018648160006314116
0.04002904464857335,0.07547771669722828
-0.11849747782788546,-0.040726823279513935
0.038475617470914075,0.012426133413253281
0.07739437063672436,0.011836460220790547
-0.02224428830522863,-0.020731907692990735
0.01107450110774624,0.0727386035600696
-0.015377820833873169,-0.0013707305345415609
0.04054783226011507,0.015926489435790493
0.14675324634384648,-0.02149763930839859
0.0007477437873151232,0.007263892905074876
0.01832561762958312,-0.026480977976700532
-0.03602996007613339,0.021626519434250688
-0.046603628844497966,-0.05630476675015232
-0.004132440829320573,0.0785151656534932
0.019649127915876266,0.098516635203583
-0.0713505212340997,0.019919111215320487
-0.00943340973922072,-0.02889293240086748
-0.04342723142530553,-0.0008147361225305447
-0.06791045227502052,0.010638630127262584
-0.11985159471362347,0.04279878049036638
-0.05840967894357351,-0.010615631793471695
0.013654976091097677,0.025043971804769066
-0.016205694135494636,0.0351159811508768
-0.09243236022781604,0.010307915943885332
-0.05596431613772014,0.1404716936322979
-0.0019407765794173457,0.10817991998616812
0.04714778541519192,0.002794523955257315
0.009787756698820958,0.05082135291526077
0.002387240941907171,0.007786015277551547
-0.01436753990525151,0.05661483759893197
-0.02268150912473369,-0.027359717185278506
0.014645447153846611,-0.002106252295281644
0.040786126369137615,-0.12752682417638336
0.05423703554912376,-0.005044136427259232
0.06728076128256094,0.04755823433824805
-0.018850455456653332,-0.04054270188317523
-0.043994066074838196,-0.04692204746742469
0.06884856171804295,-0.002923995862479035
0.10426906894439307,-0.032450460601624126
0.1024523450699642,-0.029782683796260048
0.06828533160037847,-0.007560607837168066
0.055778315499336255,-0.052411307734324966
0.06047390099835934,-0.016783112854079282
0.028533409548044154,0.041529386416111085
0.058040804466704884,0.018074580279954403
0.013257709240759932,0.02423057888278335
0.1194142950709194,0.048595106904988354
0.02980420438882193,0.017090080471777055
0.037714489969945045,-0.013469882659972988
0.017250768341423778,0.004675296731245239
-0.01888174690151763,-0.047650014135526934
-0.028085295626471416,-0.008483740328968634
-0.10439987667317148,0.08074342794397066
0.0998357892160921,-0.05007986909307826
0.002914133868369237,-0.058298767797706603
-0.016301404169739225,0.03794012265146824
-0.03703859738310945,0.04607197625516139
0.057424100293869886,-0.0846506663963639
0.001361343029328858,0.014908986370002866
-0.008268007579766532,-0.07748962580588858
0.008961437288057546,0.039247070915628124
0.08461207039708538,-0.016594569105370407
-0.05175240170788188,0.07344867330890814
-0.028729574066353264,-0.09942311436135884
0.0295801662268458,-0.02648710928400537
0.03182363900939021,-0.013666159432414296
-0.01425327897457936,-0.035313301836918776
0.013409080550954139,-0.10991454805179114
-0.003708306473441587,-0.046707161703723875
-0.056226310469606494,0.031523944134646154
-0.0697479507405829,0.0839695657254
0.02060787877268124,-0.030567463101848647
0.05075458842898799,0.03366907189252499
0.12107693614010179,0.04320293721425418
-0.007266074612883901,-0.011256554606393835
0.10744685827329227,0.027743816342585558
0.08652250018075874,-0.027197294552547983
0.0005652445240361924,0.07245236609474832
0.020341640274255307,0.006536139791947636
-0.00804419727427199,0.06170198010124543
0.06855934456135636,0.023353088769928212
-0.043954129057823935,-0.01517664157562203
0.07207434459502138,0.02234057851574931
0.054495561171668386,0.03019017823822103
-0.046489072840452395,0.034749252941186914
0.05651771074368711,-0.05064716740891372
0.019522062572320427,0.0013568413647249951
-0.0743209097024684,-0.015340038123459722
-0.025637537553014778,-0.020771205348978704
0.015959917301762834,0.019445556522920474
-0.029964540187160337,0.004400479188130919
0.03086752891126985,0.07877704373392042
-0.03351592051090467,0.15242218969061616
-0.06676761466230136,-0.042124216600919286
-0.01193526460455965,-0.023231638671504958
0.067979380786849,0.050523751141961275
-0.022309662662523197,-0.045689346546286806
-0.04991599623509526,0.06717773172717569
0.042226351522929126,-0.006494446925375284
0.025586247158739216,0.004519980725856366
-0.05029656566173192,-0.04451235753903976
-0.04854103391326258,-0.04022074301162046
-0.06434746059320162,0.0005321277411403829
0.07766557670146523,0.06218496058555513
-0.003638023999736643,0.03347578399249394
0.022882985550972065,-0.048225752479196554
0.00014007183319530558,-0.063180676057989
-0.05314798584430509,0.0637013713521224
-0.007123679757128527,-0.007060219919152164
0.036295140191214326,-0.01697000308159796
0.08274447051519807,-0.0036075332176003787
-0.008538784270549141,0.03961276432374567
0.07762379685089098,-0.051517239714617684
-0.03699970977193638,0.0029431709507619294
0.015540920252961882,0.03566813621328509
0.004142796843988751,0.04145538694504042
-0.039232973112223665,-0.05838151092336391
0.02979411354625844,0.010165135664891495
-0.006994566910713661,0.04249502679921628
0.1279130059885868,-0.06039382173237341
-0.02133843610105811,0.08745091721145415
-0.04590934158639129,0.02938599880791148
0.010979186428298081,-0.019105098630471568
-0.03904424827744257,0.1461164740382707
-0.025266073274777916,-0.04309091155538626
0.029213115033141036,-0.002508806076885462
0.005831806547531998,0.05853894229689862
0.03127146825484223,0.0558034478154907
0.06280417090239732,-0.025428199745345742
0.01758683071042561,-0.07784197401882481
0.06087788787890087,-0.019674110782951358
0.073912393255624,-0.02924497680910115
0.021398233390347944,-0.011071332905825716
-0.027600413242574926,0.03675283437282484
0.050568035898079476,-0.010679317682746691
0.02900614995509197,0.09833476606553983
-0.04093637177993927,-0.07034235040467215
-0.06401797371600708,-0.04676721666100257
-0.00544251919007387,-0.018550731035516334
-0.06405292638247954,0.022825103934443307
-0.05382189510783167,-0.06850458446018431
-0.050237979793763786,-0.07802378583028453
0.04951675488313178,-0.04969071222544847
0.045642690291437374,0.015090942315008815
0.005312229150360538,0.013488562209126038
-0.0281987956158227,-0.0239300531876104
-0.07723821641758255,-0.04034310203444745
0.03490271774277461,0.017191218127768144
-0.056120404439227736,0.006574930747983903
-0.09051357811711606,-0.046400925051786474
0.06134845408244516,-0.02729687494590282
0.05783928667983877,-0.012385301036304332
0.06851693629775917,0.10728035779973093
-0.03154021711505356,0.04436036561540987
0.029197746754322358,-0.0317075044676818
-0.00931444445343834,-0.018640944148271454
-0.07944172729082269,-0.10243649165853369
-0.002954993954036725,0.04180495741137851
-0.024293005880886835,-0.09653677196515842
0.018749215453292594,-0.03394889618610765
-0.1233371365370031,-0.044308367542001625
-0.023003603866356127,-0.019321996621826612
0.08492418637912078,-0.021530984691863698
0.06020281055895177,0.042540906730367395
0.100182330376911,0.030739408695546963
-0.07861281474598117,0.029160199826769376
-0.09990585640600202,-0.030401457498638353
0.008101228837042927,0.01694557961473555
0.05792441135880047,0.04819816018624957
0.09018526034379332,0.05940873084675262
0.07133483088969159,0.10076632710197216
0.06417122404440558,0.05674538215198338
-0.07379851833276747,-0.026921823642195683
-0.060663895876282174,-0.09289018849895464
0.08546353951801679,0.029769748487645294
-0.08847355129829577,-0.03706011063733786
0.0031749830929139896,0.012209387156301165
-0.10061077539863461,-0.03143808772877597
-0.03364980895998009,0.010548755122791359
0.039762746110356864,-0.047181071456458334
-0.034281293863637846,0.012518825178786996
-0.0022798203897205016,-0.0025779852665741617
0.010346267309153641,0.00022105108373109313
-0.05281332575525879,-7.765708289495821
0.011444711599708338,-6.670078566179858
0.10181780092781134,-5.674926966222999
0.11231591387101246,-4.807150237602116
0.0034669485199778846,-4.018982716748917
-0.005777770092076341,-3.2339132583787134
0.09742506257566041,-2.555786910155687
-0.011586533752789285,-2.0095994449709766
-0.011652477787600472,-1.571870579748559
0.07286667529142744,-1.1010282743950017
0.020327422449951,-0.6850834719852135
0.027192552878112414,-0.3704276616992164
0.0853260570029864,-0.015192037545765293
0.08378865866110391,0.13544208637780494
-0.060780989982660606,0.41292155060878155
-0.013707207431775063,0.6734124591537282
-0.03925236421228641,0.781138459362498
-0.003234472974939088,0.9864091834226263
-0.024124280726527107,1.09304673686268
-0.031081363792507963,1.1649395129536093
-0.06772813748190715,1.2945436580971839
-0.034697359519513714,1.3579259536247879
0.005581885527897204,1.4092333407555713
-0.022606210834201192,1.4199254536968364
-0.03589630383511888,1.43120163124156
0.08677526070591578,1.452108846395442
-0.03753705866319344,1.447786626248258
-0.013028706547001109,1.558880877442454
0.026242551680365576,1.3973040471623377
-0.11735875560895082,1.4660023637150505
0.04787601172749944,1.3970780269768839
-0.02686184321940556,1.415506925885382
-0.025286536790376405,1.3790774257135723
-0.031349114891715976,1.2837105345194706
0.03340389728019954,1.2599171975759023
-0.0035023498649122686,1.2381052456262513
0.05989591941563698,1.1328289687191593
0.03960038101950088,1.1302088249444278
-0.042652022275742274,1.1064486848671315
0.05397493985180374,1.0751253348956002
-0.005539022401389997,1.0383934527143244
0.08965462128447271,0.9591689366563447
-0.0038870784771420667,0.9599701353820742
-0.06129314063751763,0.8953471105914854
0.04072973556939652,0.820818084777481
0.0640169056847748,0.8311728281405122
-0.023498559203525095,0.7203764208280797
0.010052678071330695,0.7144192618890535
0.04724176746230145,0.6940143813925955
-0.06574025541109906,0.7252377674383261
0.0347375903021115,0.6821822547866083
0.00647178841151075,0.5198452440241363
-0.03698618329725543,0.5854724786426656
-0.03920563756773298,0.4700157074525416
0.012851537164791699,0.4502286554520022
-0.00396487557114269,0.5212328978056747
0.07902204266973215,0.4051637000615242
0.07878256983134005,0.3109230699126617
0.04430308475778826,0.33445993358897663
-0.020573868395210464,0.3952077234303302
-0.07455518064506338,0.38771695087100727
-0.010338859986857095,0.3415464516091714
-0.041047132387345524,0.21530303632871245
-0.031151412913706083,0.28688074954511533
-0.0539702849910738,0.34477164157779205
0.02510947562238083,0.21608506218405132
0.00010646012690341579,0.22033765123517957
0.03427104528361565,0.21360400145744232
-0.020912854199382335,0.21413051172582542
0.04473419586100212,0.16018501952838937
-0.03599914292649225,0.17748127343287765
0.03235645938713652,0.1399432944532737
-0.0359100176235902,0.21267801748508441
-0.00029952163650887476,0.17948357581154614
0.05638642201992977,0.1926157466720188
0.03136689682219689,0.14867781191739698
-0.05970048046750885,0.06256250655331651
-0.08228705255350238,0.12121269907929204
0.0031952487521224437,0.018872344079121292
-0.025906949776674765,0.07851306498484475
-0.0577065895645492,0.1383230569033504
-0.03514818147227014,0.07675891630657498
0.004303765670207203,0.02862835427299831
-0.036626052734300064,0.11793027891320532
0.04913148394265857,0.1488041399135523
-0.09150055969619578,0.17837643297772862
-0.07398170962767536,0.10229197978311387
0.03576666325957662,0.06709612095339827
0.03275824043724327,0.07381680355647707
-0.020308920761622943,0.04677222692823078
0.0587923984216883,0.01810010186170073
0.07177117971637703,0.0687669480402008
0.005746679319170854,0.03525754767902893
-0.0031792363917982503,0.09133974868350814
0.04964506958252579,0.03013897390364408
-0.016585249765003852,0.03290909004157094
0.02806789087126074,0.006013355082208273
0.05123586972492833,0.016589771151951475
0.021806404298730826,0.07022505641401496
0.02117967102259237,-0.005253087193063943
-0.007709677228509265,-0.0688881060805566
0.12618027249232644,0.10639194025923507
0.00804992195176461,-0.0014485894562486015
-0.012625163616409904,0.035105743481127924
0.009710072476538222,0.029416455071597812
-0.014991815816597462,0.024133755459841044
0.004247451021142917,0.006913704259407532
0.04981085099725404,0.00681599338802179
-0.022547376528511923,0.036928622723037645
-0.011278380692446672,-0.04822111789270087
0.011822336501346833,-0.06038163884999616
0.02466310909188369,0.03809809334112266
0.09559376089555287,-0.03577925445371871
0.042013997732141276,0.023383680715893536
0.014390557368995926,-0.06332043725934271
-0.03621521657789056,-0.0282613080363684
-0.04076407649998962,-0.07347619905872559
0.02881679608911456,0.028244042202072342
-0.1037787389507349,-0.09038533180466053
-0.023398506636770428,-0.04545559144785162
-0.0452098132624682,-0.13001277944538334
-0.013857984816062326,-0.07204203020713633
-0.0043308126994648375,-0.06011934617619708
-0.00016392068079152788,-0.04034097805899059
-0.002816175696531461,-0.039914595213798726
0.005171857887727152,0.07548552883547117
0.0017949895340482512,0.023366826294367427
0.01842768967922077,0.010787513822302006
-0.07380293102497319,-0.0618395684478504
0.16503210925849668,0.018846558697137757
-0.026959507988762135,-0.001238345715309
-0.01706974319729213,0.06787270729772545
-0.0794764980303193,0.02587942347088384
0.015028271982438605,0.06098706503357766
-0.0539729989999474,0.0012676996419063186
-0.069997964570032,-0.0031436841530538768
-0.04537865488745345,0.07437838838998335
-0.04993965713173095,-0.10860190858982555
-0.06749656242641104,-0.0992402508959743
0.018616656971478636,-0.01733335713495667
-0.084141908481597,-0.08894344341959456
0.03267507475852677,0.0229442538048686
-0.08183574029522045,0.009202698414834449
-0.05662157001830229,-0.02852637962432491
-0.0159544239816865,0.0005656306880888074
-0.043335259266555716,-0.038945601453474483
-0.05113782142006676,0.08597905633363487
-0.041120935278421616,-0.10251481382348931
-0.00887594863280517,-0.03473353606698269
-0.02419133453171189,0.043286517623646444
-0.020762600667288626,-0.02000457521206131
-0.16627930337266947,-0.02952169336781607
-0.012799481221712827,0.013686560276234796
-0.06841594771189934,-0.06326172659601915
0.03415226954409303,-0.010162479315197788
-0.012743092798363982,0.016286920827708808
0.003189710498410818,0.03280655480397383
-0.014954449631150054,-0.03901398239566296
0.14719193618180948,0.04098296083285852
-0.02721584760743232,-0.015058993913257676
-0.023854106330649535,-0.07470471847920254
-0.03390718884011277,0.00743259693826372
0.05008412543389103,-0.005369676151732449
-0.028213053298018338,0.07314482113469578
-0.07628093766578413,-0.06017866184287052
-0.029914430470160167,-0.025196808417637113
-0.12515294318384282,-0.055914617858895066
-0.041788118027767884,0.00017379211860400756
0.06072091319547011,-0.019570376092141614
-0.010910398409353357,-0.032238415926165206
0.026996432049163292,0.05070045265773582
0.04015873495700033,-0.02940044173168723
0.02913256539178897,-0.013019280948043022
-0.016615232157274364,0.07017891577248651
0.031226942858786196,-0.025173779717915942
-0.07977418604187494,-0.03592086744483104
0.0033618591787919917,0.026519868579092703
-0.07480540702528055,0.032547884481875164
0.04046462797331836,0.09200243764513644
0.013681773740377177,0.08745681833878576
0.00239791802822175,0.055407313083101754
-0.00011854915165101024,-0.07411707057979662
0.042892107837658434,0.0019822261619405913
-0.004038105326045198,0.023663156866487654
-0.019753438310699742,-0.0437923895065189
-0.0833050175647535,0.09883524690433729
-0.01939662471332955,0.004434391784241404
0.0203088661901223,0.007092928997454954
-0.0528974075870939,0.034084693990480135
0.04374224968365292,-0.02325484881619995
-0.0358975993320128,0.03148645858320201
-0.04635505408989962,-0.04709619173853947
0.016234403049003632,-0.05164838197206672
-0.0255021549780683,0.040318513514174883
-0.04163141597865244,-0.025945914670590712
-0.05327006247785697,-0.016331290370075482
-0.034214946933348186,-0.0008829576714733424
0.04769740021266348,0.12412307939224669
-0.008009330093208072,0.002315668838186449
0.022977144434193762,0.03994401849445621
0.005100588934472258,-0.06245145841937988
-0.03916805519688465,-0.03160387004671336
0.05604335627585978,-0.028945259049930006
0.015909225952006015,-0.004712211147375189
-0.039638793883305594,0.01977022984680972
0.046978656029971984,-0.15770834366865366
0.02851476997357904,-0.016496128083934223
0.047488419722840416,-0.03358741744834891
-0.13204712867775806,-0.06251785554701597
-0.006683903607631485,-0.05501665822106351
0.05416849535817053,-0.05673766020835906
0.02095804834281287,-0.04453739523696679
-0.09863560300221341,-0.0039370585981598144
-0.1098407310990543,-0.057874951103433825
-0.060893834274877705,-0.0613395076217285
0.09967279778045082,-0.0060588548925544945
0.05010550369556325,-0.15214775086554314
-0.03108799869517879,0.06859455985287512
-0.03695020205104427,-0.0648847075409534
0.01549845133967703,-0.07702104328659141
-0.09203804713107988,0.06975160117296224
-0.04905667184301875,0.019369932212819255
0.08289264108375136,-0.007445568688334162
0.006477618486742914,-0.09395388903201046
-0.0649730198330503,0.08309105450162717
-0.036514291135105764,-0.061650444602012466
0.0005049889253326244,0.07586318152144339
-0.07109404875750175,0.12627898506440777
-0.0621479676892011,-0.0005196489782489074
-0.07969976678049323,-0.0015022575049273516
-0.021413982007412777,-0.012225308515449626
0.0011585032077355666,-0.16137474053365214
0.012961752525611658,0.07639351015975518
-0.040647239780883165,0.06619794596098263
0.010965566293369883,0.004692095358064464
-0.09556605783300394,-0.007754544195595473
-0.016200428913983843,-0.06748181414771479
-0.10192209629480155,0.0298401342774471
0.05666297810636908,-0.042050788950406814
-0.014856935166707193,-0.04935255279104065
-0.08846369983059361,-0.02422568590593254
-0.02161839644686662,0.05230917303360676
-0.07779338264716919,0.06795943353237471
0.055728883364374995,-0.03407170593719837
0.09006281439411012,-0.0750472789988175
-0.02197319866192019,-0.02261104188166623
-0.0678698982842027,0.014385433046982784
-0.044431982923657805,-0.06492084136197727
0.030987947032273203,0.022693300085554424
-0.0007948216861352522,0.019175048390213827
0.03400266660597018,0.05904681360291722
0.08997896044916161,-0.007998247251511836
-0.016309948923334372,-0.03857180853293213
-0.06467620155534472,0.005023345330064917
0.10098484172947671,0.006807360001526086
0.041142110533944856,-0.01808955804296749
0.053879465028656856,-0.057118577650212575
0.0410716799598281,0.016814876820892076
-0.0203504301625022,-0.110739793668917
-0.010739993357597013,-0.0003776421057599185
0.036482393649672935,0.08721679690742018
0.0027792678580466166,-0.09862463531390503
0.08715058509565117,-0.0012513865913119926
-0.017427466772385384,-0.06271738152969686
0.016726803774585706,-0.016801881299234614
-0.015448505357252165,0.019317849985135586
-0.005201884962433873,-0.008772770419342997
-0.01594427424516407,0.11426874110908239
-0.01128388731238645,0.0010027405830192408
-0.07588859829255183,0.06202353698841777
-0.10897116766328244,-0.031324259474341365
0.03289138019394318,-0.0920099187115095
0.02254768754256753,-0.0669398604474084
-0.04533957730844697,0.016654783819750024
0.03240374206376201,-0.027299032718320487
0.005193918429065663,-0.03494726230994785
0.12397172543938924,0.010546811008693998
-0.01868848533846538,0.11033768527298296
-0.010783730119964868,0.00821657193347438
-0.030179701894921973,0.0823715969933279
0.03437848139840446,0.01708093339935782
0.010699622284309655,-0.0782158357240475
0.052821316361840565,-0.12467947796358289
-0.04868671143116543,-0.0016976728537610383
-0.05742630497169864,0.07125499262159442
-0.07448350362059242,-0.03357811126385962
-0.003460085107614087,0.0912028681127936
0.0039544999847710635,-0.04167519937582023
-0.03486569681701634,-0.03552837233391663
0.015013974644407976,0.151248770702145
-0.11966047582456125,0.022286551407137156
0.005507842683804542,0.07309150927092713
-0.0417518471780449,-0.0585371479320448
0.011252165369258275,-0.040333764736239584
-0.014681469161802225,-0.036389330477614994
-0.03293509347686498,0.02011502236995479
0.015572158405922574,0.016715493685648713
-0.04147079923037812,0.05845647565085553
-0.004382051698652808,-0.014926380835013313
0.02307968649624804,0.02520301129246804
2.7667587285210353,-2.3963945174628396
2.2721672818188936,-2.0488010353786685
1.9862298068129052,-1.7827567084551195
1.6583016665566521,-1.6127672738112402
1.3962805376867282,-1.2443753350170847
1.2144708767647674,-1.0092319134860719
0.9540338887485658,-0.8472413637114198
0.7512998561360491,-0.6860507296005294
0.4537969104887516,-0.41540043468656085
0.33756750210414893,-0.42182487411848
0.26645638134975214,-0.2236044095627504
0.13381223138107914,-0.04490290423269344
0.012888483478593822,-0.1031864647609173
-0.08716621751924901,0.07550151181250832
-0.1151145579683416,0.12697242678105214
-0.28061463784333984,0.264421374775899
-0.2421161221932721,0.13656296499770448
-0.3568104991513557,0.27738489128133037
-0.33368280578349546,0.29950669048347267
-0.5198016386086335,0.3141961036275725
-0.4392150386385384,0.3199619958002523
-0.4756285621096211,0.3694169816560909
-0.522039250612046,0.42329070006281116
-0.4984035011083415,0.4310281782423186
-0.46061136081083287,0.41865157120062807
-0.4679858666192525,0.40039828909239655
-0.4531858967897778,0.40214323160963955
-0.5744391197760955,0.4453680121118111
-0.51548629373104,0.42624584961037393
-0.5569836217581625,0.3571822404631247
-0.5102356742240253,0.4324683887525069
-0.504709899738772,0.3324379042971639
-0.4027945157355074,0.3267207755571692
-0.44911219871671665,0.41747181755257845
-0.45744143896499234,0.4072733324896849
-0.3469010857340542,0.39513168301435125
-0.40985713910885485,0.3563654704963859
-0.5109074693900388,0.3118772053606206
-0.4795578704347766,0.2866767568693078
-0.35525886979004223,0.3313052501755561
-0.315216152988527,0.41023191176535917
-0.40141007629274805,0.2591192371670552
-0.3061521513058839,0.3245514368999698
-0.34286398361655696,0.2779168222018315
-0.2733910146962904,0.34155954525092724
-0.19359348343849192,0.28097074159135327
-0.19605344083160414,0.17382892798598915
-0.3470766224881135,0.27948269759175637
-0.2544192197985386,0.20714410466160496
-0.1964274965730074,0.19109258383663544
-0.24948755850898952,0.25363456436949017
-0.149827102751179,0.14207456932765533
-0.23280502188550817,0.16187017263683381
-0.06332427990478193,0.12263083658319948
-0.22970023702500447,0.16005397085732145
-0.09154783902741914,0.2874864354528776
-0.1386360847893331,0.1238352997821112
-0.039342875108121345,0.18100032442943428
-0.09568782140164137,0.19357400351076093
-0.21696438928313844,0.11717305937260764
-0.19536629124964225,0.1252400071747834
-0.1527272186844359,0.06761969634141601
-0.09615513624473261,0.039044647230666495
-0.09512756379517537,0.09874511464187043
0.021610361237798748,0.06470934924547327
-0.08770171815061313,0.10766019672921041
-0.09388093660742558,0.051328566546377366
-0.012820482798880935,0.16526467924812605
-0.08853353835399785,0.03866279263999556
-0.04985385732151056,0.05735168078244785
-0.10782271269153697,0.020226945978638777
-0.03823676683110696,0.1383854318452495
-0.11395466212982198,-0.027748038549083365
0.027505468986802478,0.05116239025065928
-0.035617010989672904,0.07134530682437773
-0.0005257580069463544,0.044843183353212294
-0.05449621421760725,0.041916980371363224
-0.0022183568172400546,0.07457562931949491
-0.02491012213426389,0.07535494832881452
-0.03183825769123058,0.023374114023017183
-0.0531368675382281,0.07383951200140446
-0.04120258971098327,-0.03864470149991711
-0.12214665524144906,0.01912688214049149
-0.03485992626273102,0.025099837267592157
0.0712276646198978,0.06830058685559098
0.028345311146318115,-0.06278571309680497
0.030062425620948956,0.04926643046854281
0.018258782539686533,-0.03188273246810054
0.006215465569535529,-0.07730002874402407
-0.009454077643546846,0.12626638444864552
-0.020489704503331554,0.005540036407357521
-0.026046518667804136,0.013144448175537499
0.05937922105168964,-0.03727594490610309
0.0869868236470626,-0.005815796520666661
0.04455563420211102,0.04012636658110235
-0.10646568060631012,0.0056902191197577175
-0.04134313761817007,-0.08723761894930208
0.001526977973560325,0.04056901598643925
-0.04690762091458877,0.019072012268167113
-0.07462478655705315,-0.06648421984760365
-0.03224384910941675,-0.02669840972978917
-0.021903438779608514,-0.010950411328570145
-0.09866298550062463,0.008396887100243259
0.004228944968319879,-0.016228527449609086
0.002987661933212076,-0.04197691540492057
-0.04907433190128382,0.09908285218412323
0.01558383131186114,0.003411033840269124
0.028421393597724862,-0.027948971999189085
0.04749232329178095,-0.013350696139167617
-0.06133756540161475,0.11137514921367395
0.03346323485506139,-0.011408523920342119
0.09683573091750991,0.038236084378696376
0.02440001560928746,0.014670234607786967
-0.00577061066195673,-0.023347327991174324
-0.010768389780531323,0.002476269459247178
-0.046018876051767986,-0.005655053105403007
0.0038183332724478227,0.038657170387122144
-0.055370465958236005,-0.07997604389663791
0.04433678328439524,0.033468989808610024
0.02521927499903773,-0.04655746924069781
-0.002179953308193398,0.06903366844317749
-0.07203985360231224,0.040096024752052525
-0.008696591000260235,0.052375778689048025
0.033408257313006,0.1151581010834361
0.002309076657752304,-0.016838542305921193
-0.0303629167099511,0.04482542219031237
0.05217675263075297,0.0029300594591902436
0.026561068009397976,0.059785377350562496
0.05157612502954824,0.03133087016556635
-0.020703530718229772,-0.01771929748411702
-0.010406508335214566,-0.0195015778596447
0.005543301883329039,0.07329463405900244
0.04184415823831267,0.05473206519561186
0.01724702206281707,0.03162860030042174
0.01816020740117047,0.02686757183731591
-0.03222252252692444,0.013391351247057835
-0.06677982366066672,0.010184063389491575
0.03804728961553701,-0.05451462607113387
0.0924851802642497,0.03037968181264922
0.03859312661478968,0.01739928927820192
-0.015518809010968759,0.025083478832435183
-0.07271804286070477,0.042923320701227764
-0.026809863930745616,0.15443876217075844
0.0036613247724628234,0.04794059284714705
0.059323318654069215,-0.0003583008062059993
0.04203494262304987,0.02533996902316708
-0.10568659232612976,0.016053289666763067
-0.08109127160982603,0.06661637089165062
0.07873753729395415,0.014114122341900294
-0.031763911489447086,-0.016072082162715422
-0.1191237354543352,0.00812404826195419
0.00943426020150988,-0.0818071207892173
-0.021975555942611885,-0.05704808903139916
0.0381142347173417,0.025137619508707194
-0.08877831563760515,-0.023791890405943143
0.002168158665775851,0.060889610675360625
-0.11001611820424939,0.05433052537054527
0.04784484978951334,0.014655066090691178
0.041091621685433344,0.017515371656470068
-0.046876119896751556,-0.020639678402067617
-0.036539693889942534,-0.045775851077405255
0.007766032656615247,-0.0916544279250435
-0.030383210930858592,-0.019069738805715657
0.029741791189120865,0.012805908377731195
0.014646346158355139,-0.004288569995832869
-0.057608292391087966,0.07907487917624804
0.06364940181413134,-0.003925475486444442
-0.010236129041317123,0.0013704265634091677
0.08260465099845271,-0.014275869061853807
0.010607409118219766,0.021966851874217486
0.05032778539419966,0.04918579906966165
0.19086713673508482,0.050234261587489885
0.019693456360870526,0.04753974115274069
0.01664461230049289,-0.06918287773453213
-0.06096922585411193,-0.0013933549169445648
0.04713398408035247,0.058485524649920705
0.008396060021942604,0.030335172025936247
-0.055775016252407716,0.10713520826563656
-0.020431521692527932,-0.025656921728197758
-0.07663517943262937,0.07410519233329446
0.00785648092882884,0.0001041741985589146
-0.012939611083526429,-0.015306668634597037
-0.06785240425504296,0.0016863481918470997
0.0248041150498075,-0.04702043694991565
0.05730109412674356,0.06464016044797954
0.012402540043504166,0.027307834779936445
-0.009437291985156896,0.0011512324386352543
0.028681892229882423,0.027612240621755546
-0.05908156314522949,0.05356183483589123
0.07138927332784287,-0.0765276290141135
-0.008237794630852549,0.04438040326292693
-0.04102153410727238,0.059896043417267356
0.0880543781985594,-0.018810809763722902
-0.06159075649984678,-0.03336295671871434
0.0826935270349922,-0.06311992963237423
-0.04389215357264446,-0.09953770159032466
-0.014356701497759913,0.0026916397708070163
0.0033631219801558646,0.03081264463704803
-0.003678660062939809,0.026591985397266246
0.07143106773502916,-0.04530274188251976
-0.028787374785079426,0.011533208544198204
0.02043142645428581,-0.05635997724678525
-0.016745562206745362,0.07202074536339903
-0.06199663076378939,-0.019501380230503622
-0.05502705940952404,-0.05122973986763786
0.09430488766017042,0.009573851767876068
-0.10315927742925599,-0.04104801996593124
-0.06926109357199875,-0.02131741082868306
0.01660967060241799,0.024942639085037306
0.06457144681902789,-0.0032352312397397436
-0.028754281636188723,0.04420788180177037
0.005284941774677379,-0.030813881867853977
-0.00715134177539491,0.02601126348321738
-0.11886130906126996,0.06989706358588389
0.002604573595237976,-0.0862622189310648
0.0024137781084847985,0.005961816619591737
-0.0001626804379871189,-0.01678484551081156
-0.0785368687799694,-0.02215888173256489
-0.010384016393611525,-0.0014416052270757353
-0.03140729155294353,-0.003451405299476712
-0.0900837490067046,-0.09076983078731107
0.025253788431957525,0.007970298681232042
0.07970339038199402,0.1519548187582528
0.0003295622021593026,-0.0067242656753509124
-0.05502983851398342,0.03299906386823567
0.027570009008726745,0.026759066814030587
-0.07798136003763387,-0.08833511577091331
0.048562953285077586,0.02441512594141441
0.04208816556743071,0.06715282361204825
0.012908331281413648,0.03845679287538156
-0.04581131827676925,0.04967043052680539
0.10599621291328053,0.025056266384513595
0.10779602405378778,-0.03911820036113963
-0.036006627711253444,0.0657509538680123
0.04314164137491015,0.08421055825788099
-0.07667415283349575,-0.013565231954787267
0.006634955558819659,0.03332848657862846
-0.015941456694658362,0.024719446843406476
0.027618871064212833,-0.051401462045360016
-0.07802761413249165,0.007331849303793247
0.03437089210340054,-0.09107632794560504
-0.023113062067472857,0.035800735805655334
0.06683785654482825,-0.09993553281422388
-0.010429931812688531,-0.009321385025221163
-0.015565002530018192,0.049620998862837745
-0.010974058687534568,-0.01758392616294395
0.0349432621203648,0.008913790748428234
-0.06746610082541783,0.1260858554020122
-0.08689470225528914,0.08898007722726707
-0.0052975192076307855,0.08364506253814467
0.010470890045853958,0.06650829743332028
-0.031209982178034126,0.028355833175056275
0.0033327504068588762,0.07568819593468318
0.07479963289022679,-0.02529884079442981
-0.06599265435322933,-0.028343636653973013
-0.09776810933008634,0.07871240180617277
-0.037939949457006024,-0.023315593057369768
-0.021980871065038057,0.09588321538497595
-0.04297505651389849,-0.06591595652763477
0.0055707629223016655,0.094682197083484
-0.01815100577639958,0.06318066123570008
-0.08486062456157664,-0.05016728078209677
0.0015464360898616303,-0.0009787680287687388
-0.009747892429821683,0.07504401326541732
0.018099083881756725,-0.03843195558460917
-0.03253285936144892,-0.03425058351814263
-0.07152924065226705,0.08826200578482353
-0.002238290854520663,-0.0660458975594118
0.04771343487976274,-0.046727939793875344
-0.014208826178837423,-0.0846581240887978
-0.007008135678138169,-0.10768319804998969
-0.0367622102821548,-0.05612156615920133
0.02714113014181049,-0.016675137408208304
0.05487488510877838,-0.006604564617629033
-0.001720758674961461,-0.05906263380484028
0.008574076739762033,-0.12927345132573165
-0.08110572388931538,0.04517891708361711
0.00956743715253796,-0.009991426929055532
-0.03015965889520109,-0.05486071525884506
-0.010384006186329713,0.044391444173468284
-0.03950169069463446,0.012349134881020248
-0.039311844975011064,-0.037238198643518
-0.05941704990104162,0.050705603993130184
-0.0639553738210459,0.07584762400642694
0.006308671172348263,-0.04268936893747598
-0.03650620061293396,-0.06696189319665206
-0.025184790693077976,0.1400438320114456
-0.018624632481386183,0.00704719030730221
-0.004306685882516788,0.07537812775841107
0.021838721626418124,-0.07922312424060096
-0.010607398736407155,0.10029172307372068
0.05880891256334176,-0.028053257496054605
-0.005255728070075315,-0.10854676287875853
0.0930415865571876,0.023838115606068105
0.026590326268725383,0.06299280706396071
0.05818618992814839,-0.07552245708911
0.00521642861044431,0.05443493655233157
-0.0012285282861865775,-0.0827273162336085
0.019097478095603956,0.051107893915634715
0.050996249807807426,0.07250923303139926
-4.1016549565123315,0.65823511754404
-3.6044980490580665,0.6249002401056433
-2.9390068642772285,0.5566397891820279
-2.483997341368309,0.43758132946917866
-2.144366040706437,0.25587792045074115
-1.5779025699894236,0.2873396340173929
-1.4074296628668428,0.25152136241833345
-1.0843493639544748,0.18361970124925264
-0.7946321714687864,0.17127688833645305
-0.6006406576573232,0.11048304785888373
-0.3937216250382188,0.09517202490504886
-0.21796481425631087,0.014995340685072965
-0.03371121820288975,-0.07727483633842268
0.06292948792792215,-0.026807571510959836
0.23687367774619025,-0.09763288790881908
0.3987177267854092,-0.0558561614182035
0.5195744043932062,-0.041087814266928244
0.5783259268542331,-0.05085887769857761
0.5120743184651816,-0.19712710266486716
0.5906572199482912,-0.08873011644029785
0.6489268902138572,-0.21406686405832664
0.6661806992558083,-0.08238918492269082
0.7508996037795911,-0.1100756199504158
0.7128041581693111,-0.17384094280394993
0.8074668650730401,-0.1268468619995348
0.6250225224713828,-0.07585726435764403
0.7044075160880336,-0.1804267665433175
0.7916253872614588,-0.09441210005763961
0.6991716142336927,-0.17482284255290167
0.716081877274089,-0.1510482855995213
0.7303476450039941,-0.17067521025440488
0.6814007216112257,-0.11072923207318407
0.744215798606254,-0.14347912913184874
0.6160990269583521,-0.07776938600023281
0.6313321092735666,-0.15825571283285458
0.6339074721624645,-0.23137599940757841
0.6195993416366353,-0.14486219221041827
0.60577269195563,-0.08913971031247775
0.6563884368564421,-0.07427638273684002
0.5851251112183805,-0.06016532689557799
0.5379154062286136,-0.01934154932007333
0.536050963544238,-0.08579439884860707
0.5098360401307531,-0.09442745838852473
0.43876824785447127,-0.015897103955076916
0.45117687652205307,-0.10355172933350656
0.3628465571291899,-0.11368046937037717
0.36523039657995293,-0.04299977826313942
0.3726381143850832,-0.019026867942744552
0.382121090145051,-0.04086308447170675
0.32928471475067594,-0.07034774680946324
0.28418517341886246,-0.11278119138479113
0.2857928291624675,-0.004470110676594592
0.23530831381072348,0.0022193881159441806
0.347611135459013,-0.08015387589334917
0.2775143314212177,-0.037492070540636024
0.27168409944937033,-0.10576675813656507
0.26331549349377276,-0.04350234658175178
0.17454017668048416,-0.04016391617499223
0.2473698929834597,-0.04734720847350123
0.23442946141765086,-0.09837456785030615
0.2139624182580784,-0.04601364457622866
0.20691741083685644,-0.14947138709905994
0.09375305897341137,-0.031245196305271082
0.17771683739963295,-0.030410967184120227
0.20722384362481971,-0.015420840772529573
0.15916898160584633,-0.034064127804466035
0.0790437039612573,0.009068738655234089
0.12774701643380568,-0.012766690375011613
0.12168555994731436,-0.042727621326763776
0.14281923748206599,-0.004490600742090924
0.13633253838066783,-0.0457839776491914
0.08129609774732878,-0.06925413808042427
0.10547137307964448,-0.11940397134370745
0.2219187244494377,-0.06463066688637503
0.14746664706500806,-0.04542271680877695
0.012851100934746132,0.0023300552977416483
0.09512355628989982,0.013627156944149812
0.06867003678966561,0.010157920840193312
-0.0011658928359851509,-0.05508691872755159
0.033829737832984645,0.0198618798906941
0.0035869909893537014,0.012334214310995552
0.07811108070830526,-0.03214868282801357
-0.036401356206158676,-0.06239165709221809
0.07961971031510448,-0.007090884253155058
-0.05135933314458012,-0.04857431273751964
0.07362621705149106,-0.06515888492282329
0.028993937434679526,-0.0597970935966491
0.04428624742866309,-0.0051689913327682266
-0.06793958312344181,-0.06421303250375163
-0.127100349698479,0.07337423534721887
-0.016034530335263412,0.023677648920892993
-0.028428231159930314,0.07695656247363157
0.028329142705351983,-0.031328168258183464
0.09091355542413629,0.004921256441856044
0.11707828997061168,0.05770775188373425
0.052349623480448644,0.044225257121054865
0.02199942540208094,-0.0437253263780647
0.1478964695298399,0.009504693978684675
-0.07354434138385355,-0.029864057795587658
0.03677427130590884,0.04507620984773733
-0.021781440931706954,0.06865724110434017
-0.03179072223531067,-0.07834644828597981
-0.11451793385155011,0.029120525115032027
0.08440332671279473,0.025003722018958507
-0.07352681223401963,-0.044520031798573036
-0.005925913242314074,-0.08008098865543033
0.0211458379777335,0.10374101925678393
0.016367687003621158,0.000392664268755772
-0.012219066912277579,0.017036457410072793
0.04922989938728975,-0.10717445796103203
0.05856583924149235,0.0831285377439735
0.06234675124747633,-0.001336808035430622
-0.05173778919697128,0.03897790081058714
0.03573583100834525,-0.003466033885621977
-0.05475952941197501,0.0368373928822086
0.022717326308410318,0.03883120105194285
0.08255178482110831,-0.053968687786584445
-0.06896443050598014,0.0009439858345430922
-0.07660820664647566,0.003152098838130654
-0.06741092761569052,-0.04415726258288255
-0.0959233286769932,0.003998242366283884
-0.04307877603609082,-0.06894886894617146
-0.031724331255116825,-0.1216756593997437
-0.02023873340757481,-0.09138012282784994
-0.04908539229314643,0.10673743691119539
0.009278987498178827,0.006700321913765701
-0.004988814979515803,-0.016495349184393417
0.024422396455525762,0.03764231044758916
-0.03307064271196708,-0.10388518687258885
-0.06142401695071885,-0.06462671109943727
-0.13768413780815433,0.03701902366783459
-0.04169065058994402,-0.004773065857367452
-0.02707322650368994,-0.044272496307771525
0.0022395291971748013,0.0031928302770022976
-0.06076726616044862,-0.007007632158015023
-0.07674624718186798,-0.07647595598298666
-0.01290044955777397,-0.08787367571466168
-0.03183507098096788,-0.02530956410682779
-0.0498366160083739,0.01823969287257269
-0.04710964685314904,0.01118326813445121
-0.1414659673602517,-0.02142101339630257
-0.06661709816151448,0.028734423246784144
-0.0686205431370217,0.027504037279487217
0.05174868671060334,-0.13101619628804545
0.10178442289519617,-0.012318132783952555
-0.06283371443978968,-0.03580046087774952
0.06669110802759062,0.005655395688583181
-0.04313625236813044,-0.04768064663810157
-0.0037498239301229433,0.01781740449159379
-0.026435698018252515,0.03494626254810531
0.022384848368420182,-0.026787565251865042
-0.007719259647729831,0.012249856912385606
-0.08927951883015844,0.07348037574795156
-0.03882492596358018,0.017041213826541945
-0.030611399771453277,-0.006082200911987963
-0.0468440137251982,0.06937035645944534
-0.08670356089362766,-0.02133963449648608
-0.053872593132617184,0.007427056649159264
-0.028625404189330877,0.00029455896590689385
-0.08145036514286104,-0.006622335380807971
-0.00258420542843657,-0.006643180238817494
-0.08469753510168881,-0.01398550990677657
-0.03699158417014218,-0.03197778139062345
-0.007547854838665685,-0.0435716519458962
0.02660280058503935,0.08850901797856152
0.023966832209930393,-0.03304544525780181
0.023304291058479754,0.051376880666992024
0.014050661682382667,0.03222019815963071
-0.014218908889453576,-0.04110430024585056
-0.01477703106728232,-0.027181550272420404
-0.006804858104947797,0.004300128251796931
-0.03768819278556093,0.08539778657484268
-0.0006567493195149109,0.006410425876777225
0.05449377129331137,0.13461718379882656
0.00791567159419478,0.11237901486364138
-0.10559672142297895,-0.07546215954703922
-0.004083630311279243,-0.06268363629841586
0.004216689029266741,0.006205492234059647
0.06254340361025285,0.04099421847337758
-0.14920906220168667,0.005706614738920358
0.1694231113598108,0.06097043449479302
-0.04467943880960719,0.036977409863053465
-0.05210186453399667,0.017707217277498997
0.06681792022465548,0.0006627335803321682
0.016180911057926038,0.00010642448144648244
0.044954871455641976,0.03410706072859102
-0.009872797673106835,0.040930253320871746
0.015222960942557536,-0.008775466871646806
-0.01921902606003508,0.01608057618707676
0.008655095118583787,0.004125138513827361
-0.007235433987231322,0.06645829305272202
-0.06927326707570228,-0.03982137768749264
-0.022658329373297724,0.05704729384271405
0.00020664684491383638,0.03129511610728354
0.10532536506893096,0.06501926357127263
-0.026339552181245937,-0.041399889408922405
-0.04013949221832264,0.10554543099512097
-0.02087493800751117,0.012190477416830367
-0.030005173081838643,0.0038008855393511483
-0.05007746005629103,0.06662835240123693
-0.009474420333635627,-0.036171005391739196
0.058288991545522466,0.01687716191499062
-0.030819435265378715,-0.04179843450191249
0.030140933082598548,0.03241094300265636
0.05994673495615504,-0.03009409603092489
-0.02042481790341282,0.010465861165214155
0.015719931914308767,-0.024560180361106604
0.003235471660234745,0.06914430291485094
0.10416494377582516,-0.025855641878901034
-0.053543591981704976,-0.010717388505844166
0.025145549921136615,-0.027550813589639362
-0.006096384690414071,0.013004675438354898
0.11940214620562736,-0.0062492412636029095
-0.019016692311267035,0.04636682650791117
0.030460597836026154,-0.03216766422921985
0.08484298595295608,-0.06150571257193338
0.018622450014821584,-0.008478774238041909
0.02284598731426234,-0.02456214888590855
0.016775375134485827,0.011072044603056023
0.08366262869814156,-0.0191704746719821
0.12623538898018866,0.00940298212624237
-0.015132157121789402,-0.021508475291877036
-0.1040091635927319,0.024044755597557334
-0.021902699925541082,-0.05038237021200928
0.07888657360807706,-0.03516637864526137
0.023355128139928287,-0.07088268322144724
0.047055632096124,0.04681390214935827
0.009858546738772385,0.04436682172788529
-0.1211207287408849,0.037523088455740636
0.03766415636606337,0.019515709747730495
-0.04820333950107156,0.15203935604532437
-0.006676561635851847,0.015297073317634184
0.02296846044117431,0.010524334612886651
0.04369673670148683,-0.009371287634230813
-0.018595798975539157,0.10137445716553686
0.0070298563128199775,0.0419220029487994
-0.0752287443136339,0.07279870737930101
-0.09714381601274383,-0.05686888023347454
-0.10646107166581283,-0.024333305269500304
-0.034198520472808094,-0.04149369388198697
-0.0025512953602340807,-0.02248127198855368
0.062025702604910096,0.00290629658878727
-0.062350710842926,-0.024969554238892064
-0.0010621550122066354,-0.0190973898860118
-0.062369696343276076,-0.0019961939658987952
-0.06406608164536173,-0.013989417155396752
-0.006637278922392985,0.07434810268434948
0.028736024097088118,-0.02890015701715031
0.031835079378749694,0.06556154723617848
0.035012461917906815,0.015682157801291778
0.08796129223278137,-0.03405464206528532
0.02813448051774784,-0.03456220896291993
0.036678355079014235,0.012032505066238725
0.05570233134348183,-0.016845976537321852
-0.07862616407855114,-0.026097533738583874
0.07932155009562653,-0.03076557721485474
0.11690408212631202,-0.0139819588351766
0.10018750360696266,-0.04095334887919316
0.05148270641400368,-0.024348886304090225
0.028267206295402775,0.01841514054506815
0.03039111420018518,0.021347628114246085
-0.009221214710211775,0.03367536933960688
0.08463733260220897,0.027543060027552767
0.04116290371072841,0.0230697708464718
0.022521404459792164,-0.020759375256761883
0.04541758617586283,0.026050435893911025
-0.05365427670377062,-0.02654039435168009
0.023123984568595733,0.02654857492682787
0.10444115083530807,0.13123952082284002
0.09092946608096344,-0.057436929789200335
-0.04031868736255814,0.004304309058118683
0.02302156352052619,-0.014494849695719028
0.06242193946158554,0.009194104407232687
0.04265343698202252,0.08050721087347734
0.10823741983347865,0.00039636979859240286
0.04367208183987498,-0.11749364889894975
0.04056385072658943,0.00558009220297832
-0.01652918922343729,0.07673113863290919
-0.018725538203177336,0.08356209530679408
0.03970743798756583,0.027877207577742598
-0.012727396019896517,-0.07764150214595038
0.07168130649932596,0.060967850821734684
-0.02418475360677775,0.10385974839613366
-0.02720339154305216,-0.03885811273532021
-0.038344635823536546,-0.06661501929656946
-0.021470820715931267,-0.020413006171131107
-0.038209398364980315,-0.03419183999641923
0.02459554296571384,0.02937466163399705
0.005201794689483369,0.02047772112918271
0.07613759016219969,0.008587172506267553
-0.05885932600538147,-0.04764212427538273
-0.07121295050555679,0.0475117681056292
0.003918918193631361,-0.04174790145169436
-0.006765229696969868,0.008657603353372028
0.025777964114658627,0.042619143221783735
0.0070973836172788275,-0.06388960987229696
0.010588107188152977,-0.035784007061182434
-0.02093714647300799,-0.045675767089676265
0.061369243657231363,-0.07441211589778551
-0.0024725332451140877,-0.020863144286174886
1.9178475242360227,-9.085535043076554
1.763633496905236,-7.830886235588873
1.4523226975173154,-6.7297342029206115
1.2796594832494772,-5.609025186784036
0.9861134555047295,-4.751268889078035
0.8346061090464993,-3.796237720837211
0.6610474606550883,-3.0582675911755914
0.5494022904731961,-2.360284953961036
0.33725277021581007,-1.782768575632168
0.37023520384101355,-1.3245255048924132
0.07480906208444732,-0.8189155157937936
-0.0009229949237103824,-0.40461210164835154
0.04150173022144027,-0.09287115639973434
-0.10182728104087752,0.21423714002136196
-0.09344983168972983,0.5036568963779309
-0.20824895225070195,0.663964344556973
-0.2413136027468072,0.9954627782480377
-0.2803340911887188,1.2630373055655117
-0.22270503366336877,1.2834720981960557
-0.28378769512616064,1.3771744835451176
-0.3300313027247648,1.4324290293488993
-0.3870068383824497,1.5407460571637652
-0.3025493921045385,1.5953938695005923
-0.3419037209382546,1.6597627798240209
-0.3123656087807091,1.737336971100412
-0.308206550742255,1.6506491844286357
-0.32760647940216253,1.7319959115115862
-0.35638331562580633,1.645540443697919
-0.3384799740296895,1.7538701032963981
-0.29161625977626493,1.5851686414139723
-0.3203515128712052,1.6105054232293867
-0.25362720832155183,1.643957796851004
-0.4093572587394245,1.6388437334338677
-0.24489556888630787,1.4532844187735736
-0.3705674331086419,1.4791247601985726
-0.3312360708230272,1.346442849448367
-0.27778147694563876,1.344022675643072
-0.2858102925206313,1.3648314068982381
-0.2735631666516745,1.143252906213955
-0.3111306705646587,1.276064336610218
-0.3068300239828224,1.2201052589062635
-0.17841735441664452,1.167794548054833
-0.20869502732656023,1.1684544859655772
-0.13062070447632884,1.1648529589025094
-0.2983725085698543,1.121537587824412
-0.192708479708074,1.0494391767883038
-0.13749086793109444,0.9268194082773099
-0.2026683549071335,0.9445872709007797
-0.08092374093865405,0.9308070351475297
-0.2557770452518063,0.8942278749851319
-0.188400786075563,0.8095026500166734
-0.1493214281769044,0.6745433963225417
-0.10451536365771141,0.6481221229371091
-0.021972811882092574,0.6405696817982741
-0.09947958868672968,0.6889518952348409
0.014652328047354501,0.5664254889412509
-0.22904375123633028,0.4714064791903487
-0.07030959098660053,0.4482272885172637
-0.04924278422306728,0.5235226973927536
-0.03293470897457057,0.4805469048384133
-0.0931904621786392,0.35302715448373856
-0.045683982558531115,0.3360383677105266
-0.08422368915974,0.30091942180444997
-0.1030809734113715,0.35519860127332553
-0.10808212449079016,0.32678267849647175
-0.0029455594125993925,0.2543644047751735
-0.11458452915286574,0.3105050301085441
-0.04703861150575191,0.2194895137629778
-0.082063645435674,0.26821524882610176
-0.13597161828920512,0.30988261836099207
-0.015567754718219418,0.20141165485295986
0.033255569854053195,0.26080668813419433
-0.04939650519064423,0.18240506023334385
0.009413363273800449,0.2279945855930712
-0.05210537249985804,0.29238889631763093
-0.017085266338789356,0.18172944968305363
-0.01826973711751316,0.21406851903584412
0.005698921920176448,0.10902639283904655
0.02042062157024116,0.2056442771087249
0.013752367191704435,0.1316768177874116
-0.008645890348916987,0.08011264699865231
-0.019649520813398234,0.04671558488757277
0.001352322285483671,0.06644380058849975
-0.05387464370254052,0.11788899213891464
0.08674907466884997,0.1128219389288112
-0.12103280098232105,0.02843174860214416
0.04236171342454231,0.013771766030508614
0.05227985323923567,0.0028754696096921425
0.04585937045237237,0.026541672831154474
0.02102773885550102,0.08856070298439661
-0.024772243833683507,0.04400401040546496
-0.007519671499227098,-0.03638607327886737
0.03773504018759841,0.034276388242663554
-0.009603802927072332,0.07029395350789944
0.03987025712018217,-0.0036775765594509874
-0.024293138288492153,0.010054641075883223
-0.021087018006530005,-0.022572598303201706
-0.09101529893600523,-0.02471309229557954
-0.07448163153755842,0.0675540364594117
0.062126215926265674,0.027642891394405372
0.046698349794612404,-0.048462644355219665
0.013216447428608846,0.022128170895668955
0.011621224370457813,-0.022916726597267817
-0.005252206544576303,0.004426363205743572
-0.002769000986034458,-0.057600614226980464
0.04797876057385626,-0.008978687385553822
0.034314995279612515,-0.02757144959250965
-0.013568529113617762,-0.005011664895849975
-0.028149821242201733,-0.01894306321126794
0.04923375638135038,-0.005509215913339423
0.03863159737784473,0.016989182206219287
-0.0014939938203447625,0.0343540766603829
0.035229895709768685,-0.00665422762328507
0.00035437542977034484,0.042707697670928996
0.016795794392152556,0.05461260246282565
0.05415705894397926,-0.027209275782030896
0.023399343764553875,-0.06971847771373343
0.036535870060177854,-0.02640240943459097
-0.026065150027407887,0.024665001234147825
-0.06857579712981955,0.06843177915681595
0.06533621098032685,-0.03610045072993742
0.16021296004117563,0.009820725679963834
0.04572767248802728,0.11672112910305399
-0.010205117257774942,-0.08313655569101773
-0.004451939404798605,0.005542826053361162
-0.0889285525346233,0.01797892794439038
-0.02603808743717364,0.11807553167111023
-0.01677927115825473,0.022062669627345693
-0.03336002550156905,0.0258871465400274
-0.014401710405860125,0.11236398972417594
0.026136116201087776,0.01804372954382487
0.012112301359407378,-0.014595954202651244
-0.026770060748996294,-0.006416770620388673
0.014299463890949955,0.008208641129746563
-0.012292052006247393,0.002982841247180984
0.00013436091314134382,0.02538592322051616
0.04803503741959524,-0.019433294124889103
-0.06991452177624562,0.015715524656495942
-0.07177985197808674,-0.02225425684535671
-0.08364012626136376,-0.024630801174801698
0.03431367640201609,-0.04590569047911456
-0.005661923954897636,-0.021584231590647
0.0494977727096953,0.04113203999165366
-0.01206053314562814,-0.022893661593490048
-0.04189098431595969,-0.06805408455147074
-0.0752748717911532,-0.04448911629001791
0.037822025904086974,0.02854462557720341
-0.04723056129002451,-0.042394539932185005
0.02961042242376454,-0.02116806664950055
0.012333201434975577,-0.07985155578781179
-0.022502125821540375,0.006916200617062353
0.02400987269910751,0.07991170902008045
0.005754234170293351,-0.08145464557055741
-0.009020253794915075,-0.0788419832915957
0.03156097776898508,-0.006346871234242715
0.07543659251264641,0.013096695615197954
-0.025751234175641707,-0.023282565305920166
0.000661575207653229,-0.10607616032741886
0.08612634102742953,0.006342096364562958
0.012859827528512762,0.04004677852441711
-0.02058027921409837,-0.02225053013495973
0.06300978989139709,0.07904226886499682
-0.0787892499606209,0.05583540087887684
0.006462546437332609,0.0023816227863344116
-0.10496910630326034,0.00524444834878461
0.0016049728554165914,-0.10857866866424713
0.09157954350378934,0.013146497267884388
0.02179806991555131,0.03285381503196303
0.09299855623364624,-0.0666115192468397
0.04123789392623132,0.10743010513460208
0.04191311621387623,-0.0016773483913151942
-0.018144036650404278,-0.01486099667127412
-0.013340489363633029,-0.009106164819143945
-0.04343428227316317,0.007006825524436583
0.00020400729058468303,-0.01657584359110352
-0.013330803537472765,-0.08399198012296478
-0.030713010181792597,0.004080134445103108
-0.02706028257898275,0.028922481988494484
0.026416823850897744,-0.06802276193085566
-0.017109203417722783,-0.06699646207675827
0.09221934743617889,-0.037719803151857204
-0.053383917933089275,0.021884366465532386
0.00016444396184435786,0.031181628076039726
-0.01944131053596735,-0.0402498730302307
0.07224992427655451,-0.06563379291352123
0.08364171052362815,-0.11575394338438696
-0.012813581292988228,-0.026861021324102573
0.030752584498438394,-0.006636878667714532
0.004448906909574772,-0.1353782608379573
0.010232425457385898,-0.03996553556001407
0.0266000914578043,-0.02892096808764869
0.02448943242757253,0.0288076391574277
0.04051587967118456,-0.010035652622207453
0.05175360408975926,0.024659136694708577
0.03045578315708716,0.014279578950078899
0.14177057585643657,-0.02097134032313567
0.03882386216961855,0.035034815680297746
-0.04777623980551054,-0.045998097795623985
0.0038739174999447516,0.03919929264758607
0.014843239510554114,-0.01840828236329845
-0.021570491737226867,-0.016259468415941666
-0.01486255470515717,-0.028972984637874954
0.10244281539889755,-0.0007623812519114894
0.01466442666822907,0.023984004828320003
0.01703857329328768,-0.0819310356908714
-0.02029509406162192,-0.051118730446678085
0.010917268556458602,-0.0008086101814079143
0.038002969781042346,0.04193606845235871
-0.036055802710889685,0.05273884240130474
0.007243361620361386,0.09889690097276183
0.039613428762749106,-0.04813599359138412
-0.003001251428676223,0.043658966415443985
-0.0759565345517666,-0.0910641174800366
0.003534759749708195,-0.03259613956852071
-0.07701213270854669,-0.0638787298566584
0.07202324095741014,0.024937202285227795
-0.02946710092294291,-0.04697075056808422
-0.023242522049366277,-0.0033346410792735063
-0.098595735641173,0.04618392886528301
0.04534138087266352,-0.05414072232435465
-0.13971203099012516,-0.03215217159305933
0.08648338146468637,-0.06341810376320221
0.0919204441465492,-0.005606589540345493
0.04947925856397564,0.024093275634698156
-0.02530548481417765,-0.024767475696931968
0.002630895261258458,0.05255650575877265
0.08035732992422609,-0.053527743280099585
-0.059093368760804926,0.04339978378584517
0.07613803022403469,-0.011123982000036555
-0.011470207004239933,0.04798278369269586
-0.06690944157357202,-0.07835225220191679
-0.012853053878628791,-0.0013538277127943584
-0.034529999724761194,-0.0060577841027780865
-0.06966151724476247,0.020240656105450047
-0.05882330013164661,-0.018437364426578968
-0.012050746885468429,-0.04661161154863459
0.017203700811353098,0.009050777408426233
0.07690554039441731,0.05716078318816195
0.028113559303628775,0.04068563839291029
0.06752169412183828,0.057943885922885394
0.03584524364967094,0.04642784393490875
0.07427959363698984,-0.015313531252642523
0.11114300420751644,0.0003298112344123803
0.03801759225451414,0.04816152424425021
0.05269544860350435,0.02026211708482449
0.026501693906300916,0.047901181422894054
0.008555835170174362,0.0018196157711778058
-0.00941605833345556,-0.03173413171270246
0.06689836092010629,-0.027504362533686787
0.026325614601522877,-0.0438514908086748
0.004967158326054892,0.054939586067098485
-0.023118344870442314,-0.0023853015016499805
0.01723821942824374,0.08795396040883341
0.029049883580065092,-0.033021793186362704
-0.02681569683972929,0.008238386891106078
0.05298524119788682,0.05438434393442781
-0.019831198564071603,0.03863116736357941
-0.015222948952230283,-0.02209894224608709
-0.0848655321162086,0.02274143205622365
-0.004289557898781785,0.05825559244744901
-0.04593585158576069,-0.056416053957841425
0.0351224938655616,0.06178280359702004
-0.010844061140700878,0.041642351411640806
-0.037669959645693085,-0.004096953186613668
0.010856174904581316,-0.002200669742350671
0.013945538605446,-0.003087431652466122
-0.0004646223914947581,-0.1039305575232482
0.11119624988073193,0.004505249012463752
0.0006463899041871312,0.043191324800824445
-0.06029085471224984,-0.022265815334185996
0.010971157401489313,0.0258223206067175
-0.03107891842500508,-0.09316090159968188
-0.03967548387912556,-0.0007536879009454531
-0.018831083409133212,-0.07897867224034202
-0.02159496698774966,0.03297502102849617
-0.04584018404450319,0.016847639484173182
0.019872859317135644,-0.09509501983967275
0.04894370399019718,-0.1089547498168076
-0.04427436424646954,-0.1465605822147558
-0.04549423155254702,-0.040146208823628036
-0.04904330531136672,-0.030790961395475082
-0.13536812948862084,-0.034018520212726416
0.03632121754383248,0.047718829951465
-0.12104847609164768,-0.013526924873370903
0.11681236364718867,0.02463201446526113
-0.0655231219746895,-0.06155353541524666
0.05396936090694649,0.0211495805935944
0.03550981066509374,-0.0006083873929102427
0.02533303110879465,0.005397680634904185
-0.04320970346139992,0.05704151021469172
-0.031058678670327643,-0.07457289954953723
-0.006559625864347683,0.06576021838910566
0.04283544526953758,-0.13177002482888212
0.024506145685652687,-0.038260448449877006
-0.040178887953797454,-0.015294066354708126
-0.0033512621771138408,-0.06479538672807905
0.06187111708516359,0.009518173585544156
-0.014321293575497784,0.02976350119856736
0.027256325395706042,-0.04783089825173983
-0.0208297716670234,0.11376988448009905
1.4696852235206657,-2.708192557082081
1.2316713947686875,-2.2671019939603387
0.9934571836572788,-2.01777213903976
0.8459188913795347,-1.6165779426170948
0.6796986474924541,-1.4035588966635104
0.6125940197595211,-1.1238332426220548
0.4845550181025943,-0.9116459807650004
0.3972794307343645,-0.7488584037830269
0.3056201621596175,-0.5260100720363086
0.2415062792636618,-0.4878338742243055
0.10180174422566071,-0.24321072651292636
0.031661791458404885,-0.14669462543456305
-0.021694782350479405,-0.007972499334777358
0.005211914297446253,0.19945199161812666
-0.11048514263662135,0.17303872079601856
-0.0788068514123155,0.1604637907634347
-0.16150698354702497,0.2744101579848451
-0.11366667280456696,0.2889138058780609
-0.24388504658183857,0.381391156685251
-0.26512053620912646,0.3693431695066995
-0.13536489296293727,0.4663904346825231
-0.18316706799399643,0.42373518809840327
-0.2758687651649685,0.5243991896770588
-0.3086620867433068,0.4706349455254817
-0.19264391844126183,0.3855244754377476
-0.4001005378871457,0.44208288239637383
-0.18429440350966775,0.5884039168711758
-0.26152752481740504,0.37311905387547517
-0.22203407562211486,0.5144531414240073
-0.16996615856908082,0.5334188667004606
-0.1938585988386981,0.4893883818200986
-0.2525615647317752,0.4266170247124335
-0.26237151742409787,0.4966520933314119
-0.1697105332554262,0.42489431905529823
-0.2430916922613216,0.382971521143305
-0.2962880402622337,0.4050922241156282
-0.1542073321001063,0.3372440261094137
-0.2718291936051672,0.42391389491045867
-0.23109150771234196,0.331936062616717
-0.27876149879861856,0.3882269335011655
-0.1299374754512777,0.2943509958873267
-0.18083554277953903,0.3240705784576156
-0.19448306484889896,0.39274516155232475
-0.10833486372630904,0.26383684614752145
-0.17762929914635311,0.25101404749209094
-0.2191438223754559,0.3557612880989212
-0.10752778317433642,0.2899288595042025
-0.08725215043311474,0.2945820986672067
-0.07467778582343983,0.16981257612844386
-0.18398654065262648,0.22406881999589726
-0.13486319260724206,0.29795644284919276
-0.1441751060699059,0.29024812750249873
-0.07952982460029415,0.163582662168888
-0.14312545588799752,0.41449643386827273
-0.14097706867519738,0.25207439030535816
-0.018496312669223303,0.0768606147407856
-0.14243717731407562,0.16534508033686282
0.01010170910482551,0.12613347486565876
-0.11529510413072305,0.008957018727787161
-0.07443042358181642,0.11247547905194041
-0.13980767732238059,0.11907505159254515
-0.022666247941234535,0.030539998580037163
-0.08930704862776175,0.1324924001008771
-0.08967354642815642,0.1409152189289894
0.05173978916074719,0.07437453958963408
6.974934492744861e-05,0.06143233428098984
-0.09083662818482904,0.037450888575366825
-0.10436725737518249,0.016976701129230665
-0.007281223352547085,0.09743303879892085
0.02111606951550469,0.0551269071244497
-0.09966064671865157,0.04679613836999203
-0.030316915085596002,0.08715851393273397
-0.055527555840015966,0.02495031485769724
0.044168325621816606,0.11641253114224921
-0.07895309989984957,0.06026573582100425
-0.08589816800061756,0.05395582452951175
0.011273695449600368,0.10206611707724988
-0.047895507038552464,-0.020322790600207676
-0.02624912584006179,0.10863642968668127
0.04730966323185262,0.053070666844459366
0.009529026574404138,0.016856658258903232
0.028470922040076597,0.03843562954217112
0.05132802474762057,-0.0322647985663773
-0.06396382008830909,0.005207071044158827
-0.003384486178541861,0.045422732101870325
0.12111155954685619,-0.06870466929305856
0.017620903023491688,-0.028865389845619937
-0.07788290403996839,0.027886013568089972
0.08051364770029167,-0.04051637154005154
-0.01980664802695581,-0.08706276364640891
-0.04363788589794469,0.010131229731467808
-0.001131456238448788,0.006845368857215102
0.03662912401893729,0.015637312986585383
-0.048259698969061696,-0.03425441554816068
-0.02913173440628485,0.018449454890102076
0.07331229551021609,0.0183102911314657
0.06876937327568826,-0.006484034094732886
0.0481292280215157,0.04353466938200716
0.05261110254255826,-0.03391249436917594
0.03238588904398792,-0.03696391234030705
0.034263570980441645,-0.07961004345261083
-0.021482180839374053,0.02951070627451311
-0.03253466007357187,-0.0285395980744996
-0.043432461383942994,-0.04106637679098294
-0.04517127566435443,-0.09494928769252828
0.059717148554429375,-0.023260407457280648
0.025101102458736525,-0.036734544982554684
-0.004877055957630567,-0.060341284885054546
0.09081185356637818,-0.12211242324605626
0.04457434896258981,-0.04767965451871585
-0.03677616107884734,-0.09094989521393382
0.024975592812947253,0.01623556482784473
0.008045287817225695,-0.0427774825164076
0.03119166333487044,0.04538476816002272
0.021515265695756448,-0.0035058726677320434
0.03276606094509344,0.038260688882990536
0.06414188588968378,-0.05715536135976537
-0.037843368976950044,-0.0002980424436256346
0.08719196902867507,-0.04762022709324394
0.016973680367476568,-0.000711557678300577
0.007146720534048943,0.00424076378363137
0.08263650929568986,0.045734978622500984
-0.031294984762486426,-0.06424135613595594
0.026432876328888494,-0.06650274591202852
0.05407375988292397,0.046441324519613796
-0.01422959490605964,-0.07668270427747738
-0.06673128742623219,0.0012970243865162386
0.016818589270895842,-0.01520897159416931
-0.04464122733873937,-0.012492927800983426
0.07954063234116213,0.07501882538120125
-0.007054120492989162,0.06891092278126362
0.059556969562348065,-0.034056766818832435
0.011215141655057183,-0.03434755751379115
-0.07274097703886065,0.039255155109056306
0.006861230098244773,-0.01689392874428539
-0.05915130388802599,0.0480917309668065
0.025913839059069806,-0.025799259343415572
0.03906105168314121,-0.0007583350384513382
0.05766787783374372,-0.02961808985360757
-0.00393376435730082,0.01915558308126933
0.029226714683404514,-0.07003831332014541
0.10483970235891034,-0.03497662890557312
-0.014336643527583185,0.019640234303346712
-0.037723776922195015,0.14449692070299933
0.07210194205501193,-0.013188839580901734
0.061444850570379614,0.025380086692375237
-0.07461799387817107,0.06495910353014855
-0.047082759959734,0.03342740802702444
0.0007142390874054104,0.03826032827666401
0.0804167684925527,-0.0004953283469669924
-0.06336100071184875,-0.03747953933538351
-0.07278910340089602,-0.0767819016883139
0.044842972256493835,-0.004157774750679179
-0.031002675095411287,-0.1363578879965555
0.05942942665943201,-0.054393001887128076
-0.019513127054088707,-0.13277757281155403
-0.06714546758067585,-0.03456138446506207
0.0413434747450147,-0.0024600834020937932
-0.03744139958995564,-0.011834059481906812
-0.005415572027680015,0.041977822287329346
-0.020583828510844164,0.005131697134535748
0.01496333264768257,-0.015749263124078525
0.0706381708685312,0.06982921920335354
0.04616555748383521,0.03995641689495961
-0.030343796934556376,-0.009094146436569719
-0.03261664550569919,-0.04753159437925324
-0.06988568841034627,0.0692268323188083
-0.07647084478757724,0.03724926893023629
-0.04054100519804117,-0.01527591228731745
-0.02599144750923264,-0.07533059462150064
-0.0024529247697896786,-0.0780715321181121
0.011882410380876788,0.07201080192702776
-0.04719704963234939,0.08409766380711638
-0.004005656063069404,0.023925670811946867
0.038686824400651694,0.0004110191573444919
0.046025711885123284,0.0024823319727140876
0.04545328137224769,-0.14109087524998157
-0.003098628913489651,-0.04561254251423247
-0.014051153247785334,0.0386551756474643
0.01307171476744091,0.003771934570060937
-0.11662882627600836,-0.08781748586302192
-0.01868712485749089,-0.004108491498107745
0.026272605499772166,0.05392740536454055
-0.018616215954599905,-0.114003992950511
0.06608358283940198,-0.04341400154184259
0.06365623554900543,0.0077421918810755925
-0.01891130134643567,-0.01867394975147549
-0.05818207135167941,-0.03904845375749333
-0.033898838748488945,0.006136487348473862
0.030027961045640653,0.015098597091711984
-0.02932048951437597,0.03161234196204801
0.019553961217710383,-0.005678962802736437
0.05416261264807447,0.03843613520799875
0.053666455169599954,0.07960487908494727
-0.06412794939120613,0.006086117954346964
0.0669562734588185,-0.011072668718547212
0.005955545957041961,-0.033754362520661545
-0.07371382906592329,-0.0011133871551699398
-0.07651402160864992,0.04416969677943105
-0.023396133984872308,-0.07469350242820562
0.03035886460118989,0.07525627748055631
-0.06661804726435845,0.0060545866870113305
-0.006181424382475394,0.042899830601953515
0.04099047096917602,0.03325711118488917
0.05043610138846644,0.005166328185730242
0.05918853697265333,0.09712973010348071
0.008418898827599441,0.026403802655558428
0.009489208373340082,0.09544905384019442
0.03424124482556743,0.05502588132857587
0.014911133104824502,-0.06467744251244063
0.10337761900349911,0.02916731300885998
-0.03991499879445767,-0.008015719931291498
0.04670824607076102,0.04885799461035756
0.008808831404869683,0.014933331914025199
-0.017621643235056918,0.0011604629264379872
0.06718402296073027,0.0361448191219323
0.014648472126054593,-0.03514341666066231
0.026451408100009198,0.04314835191347799
-0.029223977975168246,-0.060727630829235255
0.02562461151201812,-0.01957461664428195
-0.05749447982924324,-0.08170671863107802
-0.00018728271286080022,0.015582817131099963
-0.006650574063028855,0.07093784198937705
0.01739381757824,-0.04470199467738847
-0.04386713655277835,-0.06489871014575219
0.011667834803166034,0.04888477851187137
-0.05627262071730651,-0.03514441399141752
-0.10624338694317415,-0.10325410934867349
0.01704424107377225,-0.1059400777676802
-0.01794572459990041,-0.09286067441172284
0.0654132818949526,-0.09534381312890518
0.028411016173879644,-0.02555340238805001
0.04336423556975377,-0.08228617531705297
-0.046322633220634894,-0.051633457473956104
-0.03414574402930127,0.020432140269520494
0.017885220841636802,-0.0019182278995675955
-0.08442158695406078,-0.010507708762043315
0.07316639892682456,0.07363575320420793
-0.02318136047715588,0.009736684881852933
-0.03165410139296966,-0.08613268584630923
-0.0731256232700168,0.04086889489550738
-0.02876475657955479,-0.03924328200003277
-0.018483077642490617,-0.03463212263957753
-0.042305726857375055,-0.00888902871860677
-0.07992804526397274,0.034183281332243395
0.08728343214309518,-0.0029744735062194206
0.06708342026151276,-0.07128484998640161
-0.012959562559626032,-0.06387718267441234
0.05323334486294316,-0.019816726063954973
-0.08971339002962245,-0.016588712217308916
-0.010962166058131774,0.02069341797435352
0.004038525950045516,-0.030888217271504564
-0.08481148180466318,0.04289268560907194
-0.025765508496838757,-0.042452125205366176
0.02373933261670276,-0.021232095927945786
0.013918576448522325,0.061642311566178054
0.04962679178776219,0.04158265417018456
-0.10662473331419381,0.06272576227993863
-0.005488129121171546,0.0626457354924181
-0.017660217199913605,0.003968972792834785
-0.09911080576411967,-0.03193381626843182
-0.02231351203587318,-0.008477437676803498
-0.022146040158887763,0.010670489767656229
-0.0597899661742747,-0.059155287432305484
-0.05048248336908591,0.04328875293234352
-0.04628414353409643,0.024253652920829354
-0.009473324574665052,0.06606406863896949
0.03441926656574765,0.060218430773661784
0.017930321950693124,0.052921289706039085
0.03436968911000937,-0.022519518037953178
-0.07241870213446053,0.004077240616336263
-0.06247985332550894,0.00866293799883536
-0.0646530569282259,0.042109725645084285
-0.03164769713462915,0.07549573679653662
-0.03668829109817151,-0.0021064753233153224
-0.03188476784999645,0.012001962946878685
0.017142375689294838,0.02656393591322213
0.07845590291684178,-0.01235565383337589
0.00033649460644945436,0.05265639191475055
0.06799762923126616,0.11477681677141445
0.11962326408525904,0.08030736477658675
0.06067760273731455,-0.025400100779562007
0.030624747582068915,0.0072957786256055614
-0.003376864483846956,-0.01258829925824963
-0.04249872248096935,-0.02274288781798233
-0.031579830036218906,-0.08890903252175471
0.093195605910558,0.009339606837383356
0.022446257921724392,-1.3928486177954523e-05
0.08091860945248062,0.033060048115979214
-0.022071452675049306,0.06570234773404748
0.03184737446645845,0.004548554609823712
0.05816789881694912,-0.003238423518514705
0.05650686190446397,-0.05966611867025713
0.007046870194457522,-0.03475616699075108
0.10912827603244751,0.07209092941036148
0.004489640437675897,0.07517448268768803
-0.04167476583097936,-0.00281374225295122
-0.10020225101619748,0.04006304923758523
-0.09544012189599659,-0.014713457961198533
-0.06547116751440187,0.06027004913941934
-5.600336275234721,-0.5206720068693907
-4.8183636582217675,-0.4486518519258706
-4.2353161508113875,-0.2978918783939332
-3.455083855256428,-0.277690181304389
-2.866592694831406,-0.21004214520851172
-2.379069272518401,-0.24954427859358885
-1.9290226184468267,-0.14182607298924968
-1.4560214091056873,-0.09284201521838889
-1.1634473025979069,-0.06869197559063922
-0.7988833659589873,-0.09595525791429602
-0.6281938632304703,0.028601065413168147
-0.31247362692380787,-0.06037947946032033
-0.08883802772782373,-0.02868074714680607
0.16775506459535838,0.1119238367778545
0.3242397570779847,0.07856378390196708
0.4980965762971604,-0.00747500679656158
0.6407645448464814,0.10742495633512121
0.7151065295554407,0.03265565520203057
0.7574391727183003,0.13420473776087272
0.8725208749353972,0.20836538549374273
0.8497944489715463,0.05963258264522252
0.9351824493877958,0.08601442774733423
1.0555075266049347,0.1138596588827666
1.0322045335095895,0.06730561934101019
1.0133303303219365,0.11695566160748089
0.9873318236052777,0.14876397726023965
1.028079531028624,0.21011992495808338
1.0388247058701945,0.08072654569544851
1.098035266738139,0.10226894583156361
1.0099668566075235,0.09060252030422514
1.005632051245925,0.17636454277677407
1.0813951263211417,0.10625899510093884
0.8946815542542857,0.09706769112756303
0.9416218947854987,0.03776588711337269
0.8976944055848011,0.09469964903510632
0.9259212050963634,0.017552119256377022
0.9430795506734871,0.058465019659403865
0.8597525319214884,0.07205654566633969
0.7982304314959672,0.07318249745831126
0.8169356612768814,-0.005986972015207898
0.6966332737093409,0.06518004808276648
0.7828643902274275,0.1529633583430075
0.6748840112536829,0.052413705485919185
0.6062602618772568,-0.03843391395616416
0.5842425838611434,0.09100943620679858
0.5890113114340291,0.0219909071456495
0.5020492245314562,0.054962410757191785
0.5734896419357149,0.031436134971204795
0.4742795584339456,0.0385809671870202
0.4591096564243195,0.04793393498583187
0.44851646121745686,-0.058818500589829764
0.436997199959334,-0.008885981844967208
0.39587344889470644,0.024938303643109117
0.36574728856284616,-0.031873106128399345
0.37076369142669363,0.04113314730431274
0.4666712633915531,0.001876730061092395
0.3600580102122321,-0.0011420699042337737
0.34586507615810425,0.04779932862162753
0.22081675369452836,0.07522141864432015
0.22709939501491933,-0.05004779451824584
0.2902616484908652,0.002409953729688944
0.26774793510370837,0.05569213744992829
0.2738389934705088,0.005841716496596567
0.17496735469763952,0.033298999952182995
0.2507801633687955,-0.12299362274007117
0.221082385327316,-0.021183410258922043
0.2155132409469407,0.03997307164530674
0.19246800806149694,0.02395130167336674
0.22855663415365232,-0.05549306990928536
0.2123638918970933,-0.09790132066250368
0.13567451799789287,-0.0021251653452077877
0.10042205559979898,0.05498716404962431
0.1154429459099522,-0.010174317969596228
0.0066339677155826116,0.033348212112987705
0.09686896705083839,-0.11605575874511008
0.0997092979720655,-0.016065411447965597
0.12392886436309575,-0.01420135688474808
0.13103311460318287,0.10346693152874877
0.039014148427766224,-0.005628605856853056
0.07143722203914717,0.028164745882242714
-0.0030160707113663088,0.07031469221573744
0.033647748752493364,-0.0485517141768926
0.11284948267627973,0.07811976527273258
0.017097149761047484,-0.021454422731207505
0.15228673210356947,0.012342183394114727
-0.010143302167221098,-0.06245454260965125
0.037058691028302296,-0.13980416016601885
-0.05559730885783277,-0.029420359718012695
0.11976532591747517,-0.05727050065443813
-0.050475699329411886,0.0361534599857992
0.042214909461981684,-0.043140628281824384
0.08360671943802286,0.07252183262750983
0.031074120975864126,-0.006356281772047532
-0.04409431914168495,-0.012257040935479014
-0.03691969990145205,-0.014268419952363762
0.06581444081098703,0.023820385151019474
0.005644468687381532,0.01820131827248933
0.0622959385902977,0.04427929966039682
0.060743848377277455,0.03527384366096356
0.00010456797222241528,0.0480156570126891
-0.05538200080605249,-0.05463359021575501
-0.08333334220666122,0.01704580744421126
0.011738833177442766,-0.012351857868042099
0.01746432197877571,-0.049194142158540635
-0.04410958685126215,0.026325782284555052
0.04686644985161542,-0.004236949076016929
-0.024831419267636573,-0.024425273492881105
-0.02072849184554952,0.036140961886865455
0.08744140804068462,0.02988271338306795
0.041854251429308376,-0.013624477089508895
0.022707546695224942,0.005686630389684623
0.04241237723850993,-0.08123641184604778
0.010873285641744163,0.015959539603333607
0.035718483415202576,0.01439839327669931
-0.017594034400541022,-0.0600155307767255
0.009952373453939204,-0.016223161532837628
0.07760744405209799,-0.03770529188560903
-0.09127772860933694,-0.06868898050681205
0.05539302268683171,0.03734912503910522
0.07601488289011385,-0.018772410842303737
0.04217986868374538,-0.013810113778275053
-0.029079682788288812,-0.021620542316482416
-0.024980711581609673,0.059932392749459946
0.06450399844320917,-0.0215245238147507
0.13133024224691592,0.07967984133745654
0.0031986517927523623,0.004126112431345955
0.07203082377690663,-0.09727402581819797
-0.028338258599768813,0.06934168627588011
-0.01104112538385919,-0.031711800106031494
0.050414486766683086,-0.022216905439622205
0.0374081516166693,-0.030213971686502375
-0.10881357922692649,-0.042980010326639444
-0.05210115179799834,0.049391616979405945
0.033079270580050044,-0.021616626498438186
-0.07020531065075575,-0.1124236846256501
0.012937155093809617,0.032282656974975184
0.046365795157161105,-0.0787655976577003
0.16003244774262307,-0.11778970213712389
-0.08434805217875956,-0.03129167743506452
0.08096822508845827,0.06008531546771943
0.02134992244634551,-0.04985946131969715
0.004818674087757596,-0.04672706313378832
0.040974526460477695,-0.021415475364996137
-0.015827948594711705,0.024358409341990933
-0.12584426682215943,-0.007113822166303003
-0.054361217628496314,-0.050621790785564044
0.04804841885495589,0.016213683537847634
0.042055320098292756,-0.011956658917473408
0.06215701228666898,-0.07558207111746279
0.09395981417864395,0.035606036452438795
0.11299279380154656,-0.02353590129730014
0.17662506556842836,-0.0917295835784572
0.028883576259984046,-0.06221980028297573
0.051833364902125145,0.0727697554369189
0.01308405946949524,0.020856809113434543
0.08082463162637077,-0.03487721961303081
-0.05198342159654508,-0.09905283253757921
-0.020712695565261546,-0.032469446001160064
0.05337644525704837,-0.05610112521083387
-0.05442828714964308,0.05252794143002471
-0.05569601081162104,-0.029964463775254583
-0.08648790244817417,-0.02084292033040046
0.050428014058777657,-0.04872442182940848
0.0667129917145482,-0.03495032797547444
-0.04424178410895932,-0.0037538200210171877
0.03748265049292324,-0.04848515391365214
-0.009063777815140815,0.038974370638474136
0.07817366580337581,0.011292084256878717
-0.022401151936595396,0.054455271421216256
0.015118805047155355,0.049252778798803354
0.051921399210852474,0.008308740415725567
0.007930360614493554,0.020113087136624797
0.005261787754148146,0.021796717897794853
-0.09762251581424651,0.04870364531691247
0.022418592732834138,-0.01097276918032367
-0.016714459630104116,0.020994456228914212
0.048525460121970815,0.022300333899821428
0.047475220158428984,-0.05528581367931729
-0.08674496274155631,-0.07851407877784405
0.08904045514325093,-0.06945507410441074
-0.0337289629828263,0.0759060829540075
0.01882402098315243,-0.012251198937867872
0.07832486683058322,0.09450139916101821
-0.024561898174967855,0.0025069635601156007
-0.08312640000180362,-0.09292239366209756
-0.03609862883715075,-0.0628094951125851
-0.055375860564878795,0.014181897223330157
0.04931074485680911,0.02230919707186517
-0.03921464156195707,0.09956223082670633
-0.006667350411636255,0.04917017497385532
-0.00414568948523094,0.015859648976766026
-0.031791429268108476,-0.017516890290185612
0.006851486124773964,-0.00590587786927411
-0.11671466625102371,-0.0031726881153221875
-0.0653834142640634,0.014395312527563542
0.054524794268060145,0.10931173894820201
0.02591584355293325,0.06050213512787331
-0.025097408064432232,0.006580040163745865
-0.09837641917316581,-0.01544976396321446
0.024302968547713848,-0.051516538855292074
0.033332007590290494,-0.08710690911674612
0.025699906937079485,-0.08723035943609271
0.05473863093208919,-0.04380338952982772
0.010289517380627358,-0.039036848028585966
0.06031707556633281,-0.014673721698922925
0.0633554533101339,-0.10087415571870624
0.005435398586562761,0.017630540662745282
-0.022942628547061368,-0.10925649362664416
-0.04427404994634351,0.04509947737609748
0.0009062080221206225,-0.027555884132034157
0.022205947712357163,-0.014333354024161419
-0.014808599535294042,-0.017549415649851473
0.0232581618394262,-0.044966894038398486
0.0460443496199977,0.018010432136483345
-0.1093019281662572,-0.04641137116842297
0.046315016142666914,-0.03592074856596417
-0.06372844266340039,-0.004276946988601967
-0.01855636825472374,0.017382789448422486
0.043962481599596356,0.04124329889364938
-0.010079051872998741,0.0434591014791107
0.03639129829954378,-0.04334972393566472
0.037200185381170495,-0.0021744740158672737
-0.07443118150376062,0.08082420160881884
-0.00978126306549548,0.09874848931099181
-0.010986650213881986,0.00025813678950488157
0.008645569240518606,0.0884069214207408
0.07602746666655924,0.033204527509898066
0.09929647381279104,0.04734085618418447
0.06759182032114443,-0.02467702061438974
0.06328694916467446,0.06778499827305892
0.08683434231786262,0.07600884146457473
0.00819108236272141,0.04842838615566979
-0.018849765146146006,0.044727192984512235
0.04963864237142278,-0.006148495440032507
-0.06513585482050376,0.046452639203155115
-0.09075554199575012,0.02516101165382197
0.024595331754786336,0.0068405925397575385
0.0013174080967660272,-0.02346323423869833
-0.008931703007725205,0.014151874808818085
-0.05112217924936177,-0.08094734407824568
-0.02545548908080308,-0.018070508850770373
-0.04210789205946707,0.10677152163662751
0.05488926220669298,0.018110882601616696
-0.03367191467370767,-0.038517355588009256
0.0007017194166920218,0.03547960381020092
-0.025802673526484687,0.03316780509289978
-0.03219712387595713,-0.04646875607273549
-0.024123661171592294,-0.11196568169326916
0.05425468654698531,0.05427125038679424
0.04770763418408789,0.004727827386137359
0.007566625767462505,-0.04897848289151106
0.03114156994269434,0.023184963149668888
0.013277740735597305,-0.010635540839996325
-0.09529969612969423,0.042856134041252096
0.023549034116624526,-0.07062137390800755
0.003944999784751151,-0.031288315178501766
-0.09830788559143973,0.022854710259358545
-0.036177538426656025,-0.020110709589938512
-0.058410547949705946,-0.010330235181643983
-0.05039792828568206,0.007284506492766148
0.06953949806614398,0.07450834382922239
0.015865307978575608,0.02393331089719115
0.0456580748463565,0.011492936316971132
0.04967835224230467,0.013039301380272934
-0.0828799682386994,0.07555905357896603
0.029647841489227583,0.03921318980917776
0.09666458075174653,0.05477081326306154
0.02519274756925007,-0.013235270408974896
0.07895598453078247,0.018174332351952545
0.08321856395282198,0.05275248095598328
0.043085893254823954,0.012420561237189768
0.15238041385216772,0.015195964350328162
-0.046212656097516416,0.0007897689424300053
-0.026044123915117852,-0.005746033769554104
0.13639959843260477,-0.014811601147402039
0.08099744178361531,0.009539820068066182
0.10253359834943573,0.041588752962009395
0.058834567194887534,-0.03413056022693306
0.09640718507722347,-0.05806594330616377
-0.020679283007096608,0.01626732371369908
-0.011656139845980833,0.024297137551869505
0.07537469416606465,-0.10816951602516482
0.060294925128341274,-0.025573334980227548
0.02467496299246156,-0.049173060550370074
-0.04660859421443324,-0.05129618691609623
0.03214865081046332,0.08244106686498497
0.11100772157509908,-0.053272900911389566
0.04313618377522668,0.06268891642164615
0.05255230311358678,0.058666091957204874
-0.04587504916128019,0.010914056780043414
-0.03755259821497594,0.009892182303315301
-0.04542966330848685,0.027127399057489593
0.01766235728418451,-0.057159772202987846
0.03373836868072978,-0.026211870071951623
-0.013761554711910418,0.06363216199577228
0.08316275328976448,-0.04209494989241163
-0.03231453419164434,-0.1032511826579614
-0.0008983390697193964,0.10431920686673575
0.049088289360075636,0.01134865871432347
-0.010571849038033664,-0.0479844689081128
-3.8205036234833694,7.9414543693561965
-3.2683505102363535,6.810801095785314
-2.8941743878314177,5.900120879571783
-2.418459295241627,4.888429018044531
-1.9753667233075365,4.111466095601764
-1.6137907652237495,3.4328720346396144
-1.2537000749846743,2.7305721903754723
-1.0606415485512548,2.181419909547629
-0.7430792388531243,1.6379948938857327
-0.49755885121657334,1.1277782694833263
-0.3942269556979007,0.7298836071426894
-0.24764758101013906,0.3798701994841575
-0.04991814335824737,0.08390533322202325
0.13670371820199806,-0.2094692277535507
0.2651243455502462,-0.4791731598151157
0.3052637408084202,-0.5756516874779585
0.372855757038675,-0.7970440339105902
0.5483301367351556,-0.9913208388462972
0.49760752115663853,-1.1394229628437986
0.5918661201782647,-1.200795986535329
0.664221813287963,-1.2594473863377127
0.754462407051812,-1.502873901643682
0.6440588777813021,-1.3607646334775638
0.6731519568986026,-1.489053737832117
0.6833141452996834,-1.4853891455585198
0.7478902765856057,-1.5629688834088744
0.6490695080594248,-1.412189308266018
0.7781359642056778,-1.4824236688760597
0.6969186322337484,-1.4001296111542436
0.6475676436423815,-1.4286502094829325
0.5977644805891377,-1.5197177123982981
0.6892251512291486,-1.414141070938343
0.5232265903663234,-1.4817294172806004
0.5826862066827921,-1.3189681384855367
0.612253263850901,-1.2686263779959148
0.5646120487150785,-1.2837826537022057
0.5942511750397702,-1.1579612032617517
0.5110972829242402,-1.2176691049385593
0.5618225862152457,-1.1277974785078533
0.49228949214959056,-1.117238690673376
0.5065922053222665,-1.0768493303670768
0.4298873455868105,-1.0853129973623323
0.44830677538660657,-0.9150999939165276
0.42689375002935104,-0.8987833304313648
0.283043825270962,-0.8259081075247806
0.21739242490006042,-0.7785027261747861
0.3655295239198125,-0.7773627928676764
0.3930903977850561,-0.7510652545748813
0.295288339547927,-0.6721466823401727
0.2854750620000911,-0.6388487787466055
0.2909414042045014,-0.5708059460345563
0.28076947585158757,-0.6498957729655963
0.27799139120898353,-0.6273643789674171
0.22603963981410566,-0.5983905307396209
0.33085680438648873,-0.5662175970507647
0.2362881647593998,-0.38294302240075717
0.2879301358628936,-0.42078333589989114
0.3257848852128199,-0.44248171329525
0.12748999421100482,-0.3651004099448585
0.20608382571507053,-0.26893864213359386
0.2076872960373833,-0.36078841512524656
0.14061505943308347,-0.31036769633239
0.17512043209047315,-0.25629000240608857
0.24803296109262213,-0.3008392174103494
0.19831278306046035,-0.27803018805042673
0.15158430309541607,-0.3277313291020042
0.13937732853853718,-0.20268413188062187
0.06615201543135057,-0.2325385959869328
0.08986660342249611,-0.24210714853862544
0.07395065830023083,-0.1965477036219123
0.12115971593084199,-0.22291762350492897
0.03817599287286627,-0.24661200618386292
0.06626413751789305,-0.2319874986796155
0.04596091471408001,-0.13924892929177873
0.052065075382713245,-0.11653655889842032
0.042000582836486555,-0.1636598344876837
0.1651312647988284,-0.15808240303157867
0.10682545339128348,-0.06239301205807661
-0.005993665598344307,-0.03244733181779462
0.03934263056917403,-0.11916463795582999
-0.013870872955954058,-0.010981941142189783
0.03266944943794531,-0.002607554302073614
0.0590574995833689,0.07162855287509645
0.024848800665887093,-0.05477454033982666
-0.04419416402745295,-0.09742295682927254
0.057066794448196345,-0.14712567710037044
0.03703287852349569,0.027302698949027197
0.049314187766361164,-0.07728718743355306
0.02174093213877903,-0.029018047681108175
0.02940811192229631,0.03723341913889515
-0.007657497937002565,0.024505100230379884
-0.01277447217817114,0.023694254437339843
-0.03318621016642375,-0.008527274775197963
0.08922989637474008,0.020515692153719553
0.08601781050524401,0.041989553323562176
0.0001618091591898546,-0.026094976870645763
0.14947418577669422,-0.009454848433880843
0.08007838268218617,-0.004751151137888583
0.011049806100089581,-0.021038250452791583
0.008567510232304775,0.0588218740500839
-0.023587346501563057,-0.025105588990998167
0.006923353958012743,0.07333939157643765
-0.010726475504457197,0.03602447390155048
0.06265015260117633,0.03198164541316981
-0.021159545718200903,0.045743151878888194
-0.0023185728468696105,0.022546278842764327
0.001593272931165248,0.055030858715560155
-0.034145860387128225,-0.007476635834880852
-0.013588362975798761,-0.015806092793773804
-0.0709387784153466,-0.04461950118975361
0.034256856412008374,0.07511970422286714
-0.015988776791539868,0.04294230772761701
-0.01569409893912295,0.058621984235097256
-0.11629813833268342,0.03364075900786117
-0.0875659038644451,-0.008998148073700044
-0.08606231094193176,0.02514175600633046
0.040432297379673604,-0.004954356026395751
-0.09311089682709316,0.09826657445484395
-0.013469869193724362,0.009321626171041146
0.0017448390571715953,0.05653672342663876
-0.02615357054563533,0.06168175388920079
-0.021356350220109108,0.03006915476482715
-0.06818858809606027,-0.01467968771269489
-0.09563671453859364,0.015974618561987078
0.03409207411240828,0.009961618986735083
-0.01656432578536321,0.046204682259371986
0.022892764895753023,-0.06391200342523704
-0.031437984231641916,-0.061860022831371424
-0.02278392539008937,0.07426377066278846
0.040738008211519454,-0.005923476768040226
0.09872438622833019,0.0049172622734818625
0.1333988950711384,-0.001334664816460586
-0.08041687487777145,0.018408267597805394
0.004813878670555542,-0.05581293392069221
-0.022502867052119867,0.08355509056027466
0.05202339199701122,-0.006818089420858105
0.07792481489555067,-0.0016785204161346408
-0.025867774379042988,-0.008401353492242414
0.10246635640203379,-0.028521100561666856
0.1148772168691989,-0.08870314397555183
0.0067218000835564265,0.021914812372019195
0.002027681144637114,-0.050058016463612014
-0.014621042959735221,0.02431040843761002
0.1362067453844811,-0.04543023228567803
-0.020429105041445336,-0.05854474580105953
-0.01164126947410904,-0.007263324528174978
-0.07840242678297632,-0.00044278173249686324
-0.14713922709906327,0.014621958613355746
-0.09176797248558889,0.05661842148426459
-0.003927802275816985,-0.019115504463806058
-0.06263225589691211,-0.012498786132606807
-0.009478669828572154,0.10823450930112846
-0.018106640623930192,0.015355070821443098
-0.011478006973201694,0.009617074656800846
0.14045363099187586,-0.034750200838391435
-0.03101098542636779,-0.020712814635947093
0.03144555067634529,-0.024796393068525175
-0.034499258461645504,-0.004277498714826068
-0.006697737533630005,0.05019049390324073
0.03589035399137938,0.049393702643694845
-0.09884055030003856,0.021604982067783947
-0.016271999832659367,0.004126349147518842
-0.020416842345684628,0.03389896838243553
-0.011343627391898512,0.002283562513295716
-0.03835426395368146,-0.03763201356111377
-0.020424798052442777,0.06372266076986312
-0.03118871650652269,-0.04666979239505944
-0.04752953627420637,0.03358089423677834
0.12553974341807725,-0.09687574488065223
0.04673182500882683,0.02205576112351139
0.028824630000312677,-0.08964140328017292
0.10193920672155264,-0.05109007055053823
-0.013922493588113555,-0.10879063199399028
-0.03470969691971834,-0.09811717014462422
0.06545309679820957,-0.05302300845580553
-0.04055203246058957,-0.04411211070845571
0.0898575031192045,0.010648682931112697
0.06515162736252815,0.0445753949486262
0.01938737226893733,0.03905572335846308
-0.036610484208082335,0.002677602419759847
0.03818843940199686,-0.07482324119353143
-0.020070418679992964,0.07693997485211913
-0.06566239221618021,-0.04124521280629058
-0.037246281732981654,0.061984295176147855
-0.002206595916824645,0.010402402913696669
-0.05446563473598753,0.03744573853123626
-0.007313965534052252,-0.047563785880389786
0.05550260235328509,-0.01098562246483828
0.031742665126853094,0.08020095120471087
0.04661974314986245,0.07943904202380724
0.03532070681243578,-0.019082937118293883
-0.08949034481327557,0.06579669680991743
-0.06538983084870184,0.044063790272856694
0.0811840971239461,0.05480242769746977
0.020336006442314286,0.008883730405670514
0.10184879068428672,0.13551822384508938
-0.02403511711498148,-0.041508836624494505
0.10598680395412115,0.0925042110053307
0.038156355700320034,-0.0035588818519281737
-0.03347224884053278,-0.03486282206766222
0.007750198985610285,0.004154771816507329
-0.027988327716202095,-0.050508136246484606
0.09426707856595337,0.011477350799066446
0.026944183436347444,0.011725962211367198
0.08494628026312498,0.19530570872978567
0.003708117624915134,0.0978016402712082
-0.03222046882882869,-0.0243699898860859
-0.019351069530473747,0.018245380917213484
0.07873092803955203,-0.07951775816518986
0.07688208862515225,0.006622531930712836
0.062213991995296335,0.057887330901923856
0.05698188165020035,-0.069435391376308
0.0078004984464495955,-0.05692272652504084
0.07064907872534032,-0.04695681314314262
0.03424706688888168,0.019009986878546468
0.012042200869797196,-0.024333911524948355
0.028359570418010304,-0.0245775881664535
0.052435037111155214,-0.04415998222356299
-0.043041998111386925,-0.08625072618665093
0.06539934597060254,-0.1314939417294734
0.027997495536154705,-0.024624551975151364
-0.08058580429010738,-0.051548876304091974
-0.05808540273617925,-0.08026422197534684
-0.0733938861770759,-0.015836319355849945
-0.023421254994286475,0.012486433723486597
-0.004123210247740752,0.018617650908185436
0.07136200356411655,0.04552528631240606
-0.015305372866955463,-0.03768040918782876
-0.03320231705162441,-0.0009487797385291945
-0.020674838055246565,-0.03756761579667697
0.005348925788460626,-0.025358550814250286
0.06323626026457779,-0.049459268377153205
-0.010363581294375326,-0.07519053429472301
0.03996266128295549,0.004221717715312756
0.08261936500089517,0.07968725101373006
0.07263779191666624,-0.02411342461963234
-0.04003942132808405,0.04190473486466816
-0.052046872736041395,-0.035595021094072934
0.0019830079402110715,0.037186319008834706
0.05461341012761845,0.10332908370954239
-0.029706729996018495,0.021354210645944456
-0.0001678316180640533,0.016692877049225115
-0.03190042439803489,-0.006611300688969347
0.0009658447826607665,0.07630621463472852
-0.10516675787406651,-0.005422899000077419
-0.09928733554222555,0.03905409346624502
-0.06223227250036832,0.07879327965357551
-0.02623148042109543,0.04271187016828429
-0.0009995172736737574,0.026405237218524752
0.10047569366187725,0.1389672456931947
0.02581819946332102,0.03456358894237651
-0.007825250496032964,0.0770923932985659
-0.05912807723759211,0.022457953409988754
0.004509585270864581,0.07609984321937595
-0.06976094669192984,0.01215820578129885
-0.0045648885565963,0.11633510834148336
0.0992747176114005,-0.019747939736037924
-0.013434553096434806,-0.024420592667264866
-0.06953781952651913,0.05383839456492742
-0.0790052244332857,0.022293708771616322
-0.08751530127607561,0.003863643663392324
-0.051691809307209236,-0.06676669390651456
-0.0018781672685719668,-0.004830944345208558
-0.00948128460133927,0.014334459534115421
-0.07483599839010707,-0.014736407820923246
0.07340887441915807,0.032413504667844234
0.010698698674679524,0.03150923473339153
0.0053572760231846775,0.08097516255015941
-0.10621679311743966,0.05649823232276308
-0.02810728585418499,0.07134514555165414
-0.040693860200991805,0.0017604883328895017
-0.07723170801616729,0.016919963236948592
-0.08847846122717803,0.013077975649361102
-0.011879870550782807,-0.008287287309452225
-0.08904722779000301,-0.06398609289216761
-0.06412352129052955,-0.05659240065385681
-0.00448469045271856,0.1463753872530686
-0.07587494212781898,0.16527639472532418
-0.01747016589331285,0.036193348421499426
-0.005161871723342773,-0.026507657418509602
-0.010044240943769836,0.10962827015768012
-0.06857601005047903,-0.052073858148345406
0.027325913635933057,-0.029100430621414097
0.013810241775831813,-0.06197965240760883
0.007795209695762206,-0.00010081007889800077
-0.020090273502880902,-0.04275470258259487
0.10208323963708402,0.03287500972354522
0.09326623824982974,0.060460783224462154
0.00890734972017303,0.061125319911830824
0.06598263887878435,0.0635280812621637
-0.02112709478027476,0.015287562318071803
0.042793130711251307,-0.004606707981333204
0.0010823728865365263,-0.03500743913063353
0.02009276095874991,-0.05345134737337732
0.026596348665187973,-0.021381222705392285
0.05239201819675077,-0.05784522405695057
0.04842991432179265,0.016811244178482492
0.032065839420147416,0.02526463289714594
-0.00031869506151946565,-0.0730173555932381
-0.07188529653755142,-0.03959896084035047
3.612502320965762,-4.660487753505401
3.1553084941762184,-4.008628472214538
2.6747508317961506,-3.4614330588830495
2.1994526009953708,-2.8067516229723646
1.8460078776351194,-2.433593987047315
1.5129316555510566,-2.0060712059401506
1.1588696982060918,-1.597346349139233
0.9240970509743709,-1.1785531243918967
0.6926901576199992,-0.9203041816645877
0.557615038818785,-0.5910335496932702
0.4015607248646501,-0.45085591012424625
0.2349450003839666,-0.14569015273032532
-0.0005802872813461223,0.005279184752748141
-0.06676800053206067,0.17175403679511286
-0.20491991097669154,0.28894450163048646
-0.26593185965213706,0.39142910011261056
-0.30352664226468185,0.5650808458521145
-0.4021801040670592,0.6210873878572722
-0.4321480956497727,0.6024643357311621
-0.6183658370416026,0.7258396013564079
-0.6125578038614824,0.8321415593675083
-0.5591853088453254,0.80387423617908
-0.5537562684400749,0.7920510047660166
-0.6163457262491017,0.8406340908479062
-0.6367703605387701,0.8480956069542187
-0.7666218766194128,0.9405337217710737
-0.7105219152739247,0.8267094966057625
-0.6396148895420082,0.8900997226980453
-0.7063744534255916,0.8969832570097892
-0.7386853103021537,0.7621448512505437
-0.6263741976273517,0.8269797933322003
-0.608857560069611,0.8192055054038607
-0.648911413158959,0.8140022998584031
-0.5438938741275281,0.7263328691845503
-0.5813943917672871,0.7282913041116943
-0.6576869071670772,0.7436296642091759
-0.5267244595266121,0.7029373871540481
-0.5065132266347571,0.5245399306389057
-0.6043303273971186,0.6901693727331346
-0.4765094016092831,0.7085269734582332
-0.4694078633422108,0.5945994576885538
-0.4338513839734168,0.5749384673442922
-0.44445404199209465,0.4624381491478374
-0.3890490579376618,0.4651048184458538
-0.43598961272368797,0.5353444282621204
-0.41942292888731175,0.46589030469681497
-0.4297190435727995,0.4896193572828047
-0.33117655246137884,0.45465929791115756
-0.43388189365347907,0.3403279274287384
-0.2810929459130963,0.38786482113041354
-0.18640446034486358,0.3990902505798913
-0.18969394920217802,0.3681381922327622
-0.299937623959153,0.3826375799208729
-0.1981258748402761,0.32775248071264745
-0.21272283483538304,0.23524576497509928
-0.26738097870783395,0.31806668752774636
-0.23701033534230215,0.28414392295414803
-0.25309552198976437,0.340124074678407
-0.1418226014065139,0.25428879034745183
-0.26427929045600895,0.2355285682966585
-0.10844836010056152,0.17901818606875491
-0.24777198706958647,0.1758554293159469
-0.08584237035204068,0.20355745453009588
-0.17013362797063578,0.1691165242474247
-0.12614187375299768,0.15374520654745483
-0.09514955905597737,0.11565907795139183
-0.0949838433315299,0.12711011533062017
-0.14957041844289146,0.08831154140786437
-0.1158682931377445,0.07493878761363738
-0.1129866622707966,0.016954354963751028
-0.05210669990550944,0.040881404342335906
-0.06303971027779616,0.07512744079853403
-0.038304067614662894,0.1640717128047508
-0.11767794109047897,0.07969562208508651
0.01854176885301613,0.043872055473168615
-0.08475349368623158,0.022987279024354566
-0.07351999005227054,0.1251907870665268
-0.005628839755491263,0.03779644389898058
-0.1316795066123077,0.0460233472159287
-0.04353777899952981,0.0008937380948768475
-0.11328029809921991,0.07369594761392734
-0.05496152174001797,0.027944258608371755
-0.06668349943432711,0.09297596326993326
0.0012181304214984115,0.046683045906016324
0.017422971386890092,0.05821887698832495
0.06459899770220609,0.06475754424331764
-0.04894912490288855,-0.014311913140717458
0.13482669859283783,0.0670097064266794
0.11742963702386758,0.011216341193038513
0.08076727042243756,0.05183886624163045
0.02253231762145791,0.03362246331293017
-0.012674264249287076,-0.002086439489212631
-0.005250015819109192,0.027567222282693572
-0.011627120824491896,-0.021889838283089987
0.012462963237213943,0.03796651839578157
0.015430757477862688,-0.046844994484108254
0.087409171953304,0.11229435347162263
0.010192595870304934,0.024333230855533006
-0.035682854442977724,0.02013342339015405
0.053541479935050214,0.006670258145999158
0.007008289138974513,-0.0014718355136997228
0.008962697758683316,-0.11159892166727109
0.0950388241433288,0.002964831930979607
0.05885202705989082,-0.03154664838906761
0.03703167483676585,-0.003680310851924376
-0.022800222640150095,-0.0520638655874636
0.09985939247519918,0.03436388845189557
0.06961557367674495,-0.00279278861477897
-0.030611851540066706,-0.032722552664100304
0.021035410446420832,-0.02042912366351126
-0.04417567229906838,0.03605551171947071
0.08546528517789441,-0.03346777996618788
-0.037262460739556434,-0.007968042126890451
0.05114085720838595,-0.003950392580166084
0.04756676518489422,-0.008299353616341272
-0.007662825222750712,-0.05064266956661492
0.028857362735958063,0.036257908268975764
0.03320289410790651,-0.04024993727542529
0.03293095100311949,-0.004152741888988013
-0.006914367153434294,-0.1105037131766535
0.0014881320049308748,-0.05082863183046225
0.029272139057028655,-0.015332481353431918
-0.013379729094074075,-0.1032502609141744
-0.0018225894074720772,-0.007026711955171048
-0.011192708531026852,-0.05703584765805504
0.1053047599570637,0.028918258220469423
-0.008463368738237127,0.007965687705527262
0.00011017184697711437,-0.04722779903439874
-0.073796922273059,0.008723423770283872
0.0067584454283768705,0.046320497835436236
-0.01672487402033656,0.052004049402395114
0.048427560557454785,0.04510234297235191
-0.014837422880938322,0.05881100374419893
0.03138954368781047,-0.005703471050532487
-0.07921164178376615,-0.01857722050692498
0.037793661105664844,0.01018900193106936
0.013992993270788338,0.0006788388130111334
-0.03163795127691746,0.11278736659002507
-0.1359274547726755,0.013983917121510415
0.028928215209826337,0.016026541103573076
-0.04571848235664426,-0.007338559061284777
0.0734712110275174,0.041504204848466265
0.01951419248914938,-0.009382878110164115
0.028085388609222845,0.02704863119687255
0.0031489784284065778,-0.0011935594239037232
-0.014761287555012301,0.016809379133108822
-0.08069042339274152,-0.015195147190713175
-0.08140803372936006,0.0312266810651543
-0.030639368190361962,-0.02779323405411712
0.05997815530917945,-0.014207625781952664
-0.02908855762990311,0.06504683612042403
0.03329266247667513,0.052971359427864864
-0.06242173448232435,-0.009715260685408348
-0.021067253401288608,0.0044154075251617245
-0.18864361748018812,-0.03038087345981574
-0.024348250884055678,-6.127692255480368e-05
0.0612106716490229,0.07192511575193729
0.06342872740813349,0.046636324187723364
0.04924166027803533,-0.006402266788605421
0.07633710486006873,0.01433343873356296
-0.033009955987889375,0.04873150012639102
0.0016233042883939258,0.048609426902170356
-0.022157944113697717,-0.0466384192023018
-0.015138462065831512,-0.006668945585861138
-0.04516249896745239,-0.011997847155239778
-0.004065216605427104,0.023019995932302452
-0.014614274224744782,-0.005227193707150461
0.020630555714681767,-0.060181986070914295
0.020272513644250572,-0.0346025887249128
0.07604929422563458,-0.0392714278301104
0.06761332242554988,-0.016308356188642695
-0.09423257888256444,0.06213049118335603
0.06530675268995392,0.06784335672859035
0.04353295436010236,0.10513177811750626
-0.005236594423446813,0.06805396873790247
-0.06403572455170127,0.1606876734842745
-0.023427188233953598,0.061876588096782315
0.09077660047472627,0.014969706307255342
0.028491820084872978,0.03763759200493873
-0.005214267744249979,-0.007965091663634821
-0.04471536781195434,-0.10577193572566404
-0.006683293607113614,-0.015068979180888013
0.05447022578911906,0.06798676820645008
0.0777738302046144,0.0007974431137673342
-0.040008087765053574,-0.03270905401075973
-0.02631130531192887,-0.040803627788575006
0.05307512187988245,0.03262540207148943
0.015770512413385302,-0.04073867024285637
0.11783979312091977,-0.011903172383581698
0.05053683953909406,0.055619698993908534
0.06786789714947142,0.025232894969383718
0.004856886984128447,0.030259228642395927
-0.07961888409246166,-0.022609618154085666
-0.0027690742287398203,0.1064135211677804
-0.026817130296100958,-0.05762357284521944
-0.06829970773019804,-0.08066967608802758
0.1158637073815524,-0.006889073542639094
-0.043086763661044664,0.055076160462909154
-0.013562944715088905,-0.029247546056397268
-0.07134637209079238,0.008836104263685866
0.03449102794980122,-0.005107607700107617
-0.0348809253676228,-0.0049246685964484255
-0.03843575631088154,0.053249596082809394
0.047679368789243566,-0.07036567641307977
-0.05225139752900035,-0.058792728209484765
0.053767171397406145,0.05982159265064122
0.02705467635041678,-0.008433154338882698
-0.0774303929729504,-0.07529909661695977
0.01070935393590453,-0.036501450901610805
0.0026705142208900455,-0.05698388735080116
0.06770942363647739,-0.020581456508393093
0.016577180554896837,-0.032101127756346916
0.11175733158414652,-0.04170057478871328
0.017661379054460084,0.04042415710985364
-0.041949917734731015,0.03994445990464343
-0.03092561641798553,0.08153769919254363
-0.0680758673497266,-0.05388979461974758
-0.0132645238028475,-0.04471994854078054
0.07437215220358634,-0.04340247890070402
-0.001570321707174211,-0.08481629178993805
0.03232661772745373,-0.061244362100655016
-0.029572178186923252,-0.018233847438360477
0.05249807405905651,0.06003908550601693
0.04517834989419385,0.04056991202678299
-0.05133185717328107,-0.045993210212952204
-0.013916903986977702,0.060359130378179394
-0.015211540355351638,-0.02537379715554988
0.025532930571148152,0.06325752432662263
0.001235976086463937,-0.10364636190816441
0.0711433875090243,-0.026517347473592
-0.04110010821922935,-0.05020365859103678
0.010609267713637604,-0.03496778461098483
-0.02815996630106134,-0.03382781034793175
-0.005936706711008906,0.01145657958466451
-0.016413989152127727,0.04486592628912465
-0.01636238098963035,-0.006134688667188172
-0.0845489945453243,0.03635715217091496
-0.008484965532264743,0.036678836674878805
-0.062424634925335995,-0.06163528625778037
-0.026988482926467376,-0.09980387861449422
-0.016354945878711676,0.058738696168039686
-0.026008514851820826,-0.016450692151351202
0.028976668201170216,0.03853230307171328
-0.108396939064438,-0.07543141944421307
-0.01677228713788047,-0.017627260872864942
0.027303369403832062,0.00644662591209963
0.05643807619709916,-0.014109165241420842
-0.01992998863052765,0.005885082364213739
-0.04254414958436723,0.043278952156279075
-0.047523758545592876,-0.15276142184219998
-0.013498407994823615,0.10532632351929891
-0.09185137287454653,-0.016051605052296816
-0.04522513720019656,-0.08309255708851916
-0.0030154849141287715,-0.024575753091799383
0.004227879828761633,0.019831789267965413
0.027275790327364446,0.09232787227760095
0.006795551404707456,0.06406367134423663
-0.058569436361564184,0.027002853715539312
-0.028053217334294903,0.0024158388660765924
0.049665467064772484,0.0024756872948383628
0.06157781173398383,-0.010243722437987258
-0.02149279156068486,-0.0066688680655436865
0.12920271181540688,0.016147227524465214
-0.03478870777868231,-0.02334783191469493
0.06574628692020729,0.042336246900527855
0.06989607537501287,0.13035925335479268
0.029143976781574543,0.055470937984823256
0.03847174461365972,0.07969356500064678
-0.0024936667955031654,0.0812279524297171
0.03872012003002094,0.029658066493812335
0.0076286699777052235,0.09980999675617198
-0.023844910995431914,0.06836919820158896
0.004221458635954176,0.058001017431379906
0.09792749801017622,-0.03930903585102176
-0.013068939758218538,0.08151251774136013
0.024242086338301928,0.09721597053594858
-0.12371500389991572,0.037045259828509744
0.03806018327072701,0.03588863232513374
-0.006476575245122794,0.07504163753363027
0.0287057803202485,0.0953919549637903
0.044536441185867616,0.13274959710345635
-0.048203200028953425,-0.019504252800223935
-0.04165203335838047,0.01917400926311462
-0.05661139788420845,0.07236890676847031
0.07268599673139649,0.007552253461944728
-0.00871624653614766,-0.0808958819143319
-0.07248628345466267,-0.10384726974416209
-0.02843632232122451,-0.02892910535217475
0.02609383780348257,0.002119936047704102
-0.0417378097304081,0.03784732271786308
0.1210491788347779,0.031182712306105243
-0.03360363781256484,0.003189323533078433
-0.07196961911288267,-0.05979350056841662
0.06691727893446077,0.014377737336596438
-0.07887249311198899,-0.060638950829633054
0.012257461823286785,0.0317884052433159
-0.053736494395372945,0.021163196950741016
0.04292954677974848,0.12546536949017975
-0.026442333336300895,-0.0020071801217881827
-0.06140916867519543,-0.08891113663322849
-0.9841093149012067,-0.13777725820829756
-0.8240326840159675,-0.15579267270286798
-0.7895496952786853,-0.1757276764338307
-0.5881189567645513,-0.05309427556556867
-0.48187706503626165,0.025325301351284052
-0.4691919407331713,-0.07851912392355774
-0.31002611550846343,0.018932590575737707
-0.24278275682888636,-0.008558084097581731
-0.12323098220551662,-0.012496069744118127
-0.08623082317495168,0.015592286907883661
-0.17876745461744098,-0.044822184366901996
-0.048021076634613476,0.0698805904271799
-0.00994741976257326,-0.01203249273954108
0.07587538178044957,0.06265794940309002
0.14934843111827784,0.002615443210292393
0.1046544425788543,-0.029820090375360243
0.1680210371685546,0.023497608976525575
0.21168078061194448,0.10939266138581524
0.20588873306134503,0.01988479138227544
0.12351363940110983,0.033705583610467924
0.11566666902816317,-0.04848647502753008
0.22097778857174807,-0.023326583967789062
0.2910476770482438,0.12672478695918987
0.17511520890817628,0.030072085117929134
0.1482521568417687,0.008559967493539662
0.29550263788693987,0.018607240624804445
0.20580478058237855,0.06284362707346584
0.19234676758480093,0.03975564322146604
0.17760442561007783,0.052616751081733526
0.16403942029987595,0.033593834538223316
0.1657315136419019,0.04076568044615713
0.19630207901556676,0.035950682627238974
0.18421397093647235,0.03395761786688835
0.20036464184076389,0.012534094532134273
0.11287301446155693,0.03826625223174891
0.2282721884735438,-0.004134517247290755
0.11349599241006,-0.01722074709175845
0.04695593934955215,0.08599430536695693
0.08149930051736201,-0.06635538267476551
0.135965972532701,-0.04458660839080144
0.11123086222071857,0.0012057078375326737
0.15353376667919205,0.016912857049069842
0.10336025478975557,-0.012599275674355485
0.11319689679994965,0.03219149837644766
0.09270896001716473,-0.007228087865133129
0.004388184742679338,0.04706885351816849
0.04618903902450091,-0.0432281358919868
0.003993661037418078,-0.04400475182354732
0.16050091474166744,-0.018489868257793474
0.17350437906800686,0.02061191555841805
0.033177039999112055,0.03551427225234112
0.08168648319332471,0.0490635902553127
0.0871375578678703,0.009852688427837816
0.13980456480024894,0.06460942282746736
0.06880647782111275,-0.09428210282663657
0.025676341207651242,0.08270524157893974
0.07942431519654987,-0.06921082558768846
0.019522059163469135,0.02241865363996325
0.15164013675283194,-0.019974975450957905
0.11876936948854191,0.019583242830198303
0.07203509471234537,0.013025721920868507
0.06923971654844464,0.04388828313106394
0.03599590201300075,-0.05442132000198084
0.04456744809109984,-0.02649892618745087
0.004238380504297999,-0.07382945323507849
0.07233118467116142,-0.0017252452591273136
-0.05154753909623534,0.01010326517374001
0.0485641378967817,-0.016179443021832954
-0.08834358266614198,-0.023473829418965197
0.027899327019601274,0.03405316778080963
0.07787042653829912,-0.007536247192953817
0.07653020759871396,-0.012308361079763595
0.09952470001104885,0.0631054660626827
-0.01582903023705635,0.009065326211789812
0.07949435606232422,-0.021119793030801796
0.0286425300331662,-0.04892113978398501
0.0714968128526604,0.015958474256188862
-0.03320551924868646,-0.045938788798846796
0.07709227768541016,-0.08718873434694042
-0.1001579914187536,0.02907067025231043
0.0927850831947366,0.006077323305026265
0.078802255757984,0.012662322010885895
0.01450360305688455,0.004867117079551719
0.09062514690409429,0.1037065527400887
-0.06227928155383001,-0.04743532096871933
-0.02268215805026131,0.10041759424517231
-0.022406878369274276,0.05911840566240477
-0.018918931471229708,0.003193841608972986
-0.012530685290721677,-0.03303636977323069
0.03228281347215316,-0.014557431693236127
-0.02226754762681884,-0.0261848223108281
0.09706423435018444,-0.006915915976880703
0.032263385201558185,-0.09388428517595127
-0.1133459987901908,-0.06536785857724735
0.08359236095765193,0.0023924639722496675
0.10626716910496237,0.049658187958477984
-0.021876342261747513,-0.019665099503626424
0.08587186421934845,-0.023400420938001838
0.055671978256622456,-0.07061442885115153
0.036357157656600685,-0.013185385954103278
-0.023342006407968026,-0.011436130514001412
0.020050406858324564,0.059662792213763624
0.06395365881365514,-0.0621696320101604
-0.057271118144358826,-0.02947796206631329
-0.009465676269964727,-0.05558157230789991
-0.008292639611038448,-0.014021163358587269
-0.04159018543898219,-0.04922316790070941
0.021882351553065418,0.04408674536560148
-0.04195346407797347,0.03847876935330029
0.0812813356702695,-0.0015733115120395212
-0.08201240843553552,0.0356064087170547
0.0889029289959252,-0.02061704929505648
0.020941732073638482,-0.04078567267317668
-0.038901375978717394,-0.024076852650372373
0.000698536342319311,-0.13443290547702383
0.06872876058775558,-0.0719943525288454
0.05350297090481801,-0.06179724169950006
0.013261675786338654,0.007118069686393853
0.005516147222528099,-0.0064680472037640414
0.016255781599956876,-0.04975594307932583
0.004765308947413158,-0.022698643440612586
-0.04548850894942484,0.0016627023835881147
-0.04039232370562499,-0.05177839072204559
-0.020012254010525605,0.03482958231666587
0.0032399977779280446,-0.004975187810562456
-0.041058949703087724,0.05343946253202807
-0.008524283647634856,-0.08789147068810829
0.06874740653020207,-0.03202615919974018
0.09879521454232251,-0.02897670365898123
-0.00495011926962801,-0.001978480259031766
-0.026436428819301732,-0.015219656371346802
-0.009807838937798708,0.0035779595672436257
-0.002065051771302264,-0.026628411999733582
-0.13779331783679954,-0.04997410333383466
-0.0050206480810578765,-0.001073916547641926
0.0505532156684475,-0.10855468560002604
-0.012092350057913552,-0.08051086155471401
0.012014885924600153,0.039603883241875804
-0.07064499157226814,-0.05599033293269723
-0.04580725796142103,-0.058076238014403286
-0.006941378640747373,-0.1516698889731435
-0.048400019661339735,-0.06138311868352926
0.015269737106285368,-0.08014122914871835
-0.015867867632107686,-0.052241763072949365
0.03341960673452035,0.0015893837050594412
0.06899023242597838,0.013753679423550887
0.007016670490578044,0.02191989886432937
-0.012807181462099259,-0.01019569949523973
0.01152246704292571,-0.06578538293755688
0.06186221332107091,0.0391448402141447
-0.03623083314411528,-0.003338809983727966
-0.03734964761500304,-0.019943258935035714
-0.0033542338430280613,-0.02069626504117508
0.10373723351331399,-0.027562365334646642
-0.1364920031834187,0.0926799019489011
-0.003888249226052722,-0.04882853632001122
-0.040623269971229295,-0.021895216757866074
0.07593494578963073,-0.015399436480603908
-0.06376058525060126,0.12525753206585602
0.05674883000624226,0.06360201099295408
0.054994439268552124,-0.04628647298282977
0.04647342754868305,0.0026687274844592727
-0.05558115170858058,-0.010155330537970329
-0.09723160974880879,-0.017183728010469163
0.038531497684241446,0.03709080770778587
-0.09680613939337718,0.10523517771083707
-0.03223981609960743,-0.05322220373622143
0.03839141242120291,-0.06577751282598912
-0.007565461213130918,-0.0653638061032052
-0.07371274474225892,-0.0999043408900315
-0.0779403284350905,-0.014155795110354185
-0.05564842264633728,-0.05462528377877791
-0.02686830807698995,-0.061197722592028866
-0.07688337700415494,-0.017781362165013755
-0.029117115660632586,-0.011560687293504127
-0.01686537527222881,-0.03309248895967232
-0.043426268930358114,0.005721750490336091
-0.012153799325118352,-0.0888664450700436
-0.05067035696069534,0.07794613437830428
0.015268350124288697,0.05291971430509432
-0.03534088900132083,0.010132444034831002
0.09029774484042913,-0.024783528153364813
0.03613478359613338,0.08647349067097099
0.022586984184890527,0.10409083105646054
-0.0286576867490124,0.03721448417166303
-0.07482777376958918,-0.0012347139811426655
-0.012925727748205452,-0.010349980999005779
0.03857451949819716,0.07660492367466346
-0.027108530025947854,0.00933268909564728
0.00035594713883225007,-0.07275861747618124
0.03192772034750947,-0.006720158349078072
-0.08370814882356754,-0.028418366679084484
-0.0368454298711304,-0.07663431781986188
-0.07325621142899535,-0.06860377888514363
0.07719084260928871,0.05573328493897854
-0.07484170223571376,0.013486342045367417
-0.05053523998980981,0.026027483563949516
-0.07322241511907356,0.009636963605240433
0.037954758056640954,-0.04106148346355859
0.009869655209950853,-0.016131293850065426
0.050054138223844295,-0.0001733319224358973
0.013128866381739835,-0.010822232556005135
-0.03177521669399244,0.0201358595025223
0.04609782658177428,-0.02199505801181889
-0.07941375473009578,-0.007933271893090874
-0.014019030326228202,-0.04819868217473747
-0.021060030024273264,-0.05032089544731644
0.09399943925327112,0.03899989092075139
0.04374152411396278,-0.02249365103676446
-0.009625452937342361,0.0010461846122346834
-0.011328037629371335,-0.0023367716692556536
-0.08144114082217306,-0.06310985156566556
-0.033291053663885704,-0.021218722882143434
-0.06420307198230972,-0.009881545116731361
0.0018748119874537669,0.012999933446728625
0.11868669880780522,-0.02032205447716992
0.07763629780707956,-0.03658173821466041
0.0847803009914079,-0.051996358409637664
-0.06726465145316864,-0.008106637496395895
0.1116065605299161,0.03179903656347234
-0.0008197682262977906,-0.018021250683676108
-0.026038225468336555,0.008912790460570873
-0.009577949774119836,-0.06013020291927414
0.11280525225846859,-0.006184780831900806
-0.035005203266882876,-0.045016316673385764
0.038479612697499055,0.08891324651953676
0.11950511796706624,-0.011027991846625102
0.0026212671620692487,0.00787622250202829
0.005699132312484506,-0.07863109638274154
0.03101718446102847,0.038197161727034995
0.004521859147480208,-0.04849669959619151
0.007823339324401001,0.06980652719509498
0.033144789730907884,-0.005850537591414136
0.11661458632926881,-0.0017025539008048906
-0.003389082994927818,0.01725822617292691
0.06915822951380937,-0.0490158002724521
0.11138698131997704,0.06185265762599398
0.02851384361806942,0.06456425339087932
0.06519436102961765,0.05157090367167429
-0.025543166877877065,0.003171902114723008
0.14500367443101744,0.04077377513581192
0.03937729680632048,0.056338240994311096
0.04445268856288649,-0.04778241199982684
0.0719462598904625,0.012838009956630382
-0.046466869464474155,-0.031888086555583894
0.0855014710235053,-0.11384395462665367
0.043071958140915564,0.0790182388651773
0.006677209693106751,-0.01896682179877874
0.04603631279429228,0.014089360060455788
-0.08809063277194397,0.09373558732710541
0.09661837141196256,-0.005166978946345213
0.012195447376320237,0.11584688940878331
0.07134303316036704,0.0060884981005729175
-0.06781820323985516,0.0755451984923184
-0.006944562062003246,-0.06181143134732796
-0.026259582592482917,-0.001221122272194352
-0.04772705531373296,-0.0675552494640968
-0.08079473269879851,0.006147117787226235
0.0702638796958443,-0.006255896643709201
-0.08881154777147199,0.06301270980990259
0.035900582789655,0.08570859676400212
0.08167298163169615,0.03733870447789099
-0.012321838772032526,0.011181786837251101
-0.01392439251118432,0.09638734388036377
0.01884527484775043,-0.021931053607888426
0.048209494503607925,-0.040482325948981594
0.007371852730585737,-0.0362507437294251
0.005401350982361025,0.02924216380387975
-0.07049110257637817,0.0013858557082360406
-0.06318308406478672,0.04830126319746407
-0.014792397809704224,-0.04119103857267124
0.05956836171684875,-0.0037178127415141552
0.038776231523435595,-0.0034254229234177667
-0.06473483802510384,-0.035073960282326545
0.004129363959154175,-0.08390715272074356
0.006820250554332771,-0.036413863947551174
-0.06936061298093385,-0.016104930957848693
0.051721903884098336,0.03849593958447304
-0.037484235298772484,-0.0424134208336924
-0.03857655361026551,0.0672742453609791
-0.10094897664256745,0.008714474770789694
-0.10271179227039798,-0.022734823661453882
-0.07522829969751615,-0.08111894157136539
-0.01734608652283046,0.052709472825109224
0.03267345613863386,0.005043355220491634
-0.0002848718317580998,-0.005971978740647647
0.03164612552390351,0.12040077316467956
0.022932555704105816,-0.01460631147350406
0.019070724594869394,-0.10027207299798824
0.06914012524552504,0.06999954657128926
0.0595396564275878,-0.06908781013795112
-0.001823866119714925,-0.019893916492904895
0.047879073609595105,0.016302255716082476
-0.07424111357782627,0.07110932995462535
-0.012420558085345146,-0.051488671724937686
0.023983126434274783,-0.04905371949240149
0.022694290637899503,-0.045672942390477214
0.03671256176942206,-0.07303336316867333
0.007605894985297564,-0.06341630515036034
0.0178134035036666,-0.10036798195025888
5.956861111458436,1.5717191767690464
5.13271081717195,1.422108439221651
4.351077504207476,1.1934370071987146
3.6382096658486502,0.9988856792471121
3.0180003917141476,0.8835667667465765
2.439199870658305,0.6965125841392428
1.9164064895429198,0.4954392669555875
1.5497775618008167,0.40743260294786976
1.1549814346168485,0.2893849522822198
0.8468946088457745,0.17769797558569722
0.4082807073840981,0.10367033327458582
0.23038882157620624,0.1000642083464888
-0.02679850153453351,-0.10268688239651769
-0.07420189256994397,-0.16421189999892685
-0.2895735847518647,-0.06471298475688267
-0.5466880958690669,-0.12233040345798271
-0.5563799035917678,-0.21518856959605628
-0.8316266004509488,-0.2519929573955854
-0.814989317783117,-0.25447570033366546
-0.9454206938037175,-0.338341940644152
-1.0013896393992305,-0.2828403280220059
-0.971657742035176,-0.35287696660677453
-1.0171720876499668,-0.3821058859302225
-1.0964308001849126,-0.3040918203933808
-1.019404152189752,-0.29813451340921815
-1.0810252431248712,-0.28702882257702333
-1.1802185233996771,-0.3441268610494499
-1.0551929186704552,-0.23442948947679176
-1.1968293132520906,-0.26102722956151375
-1.106611531414128,-0.2664541944274957
-1.0815094676330885,-0.2764997144349765
-1.0968594378438552,-0.2199013894145182
-1.0549174180428456,-0.2688253559530853
-1.0499620497472497,-0.2542247652672682
-1.0504528094718515,-0.27115703711432176
-0.9085644497161484,-0.2968380385833428
-0.8840917026806014,-0.2982629352444525
-0.8331234619337052,-0.19761915649304235
-0.8677241431140053,-0.285326285641406
-0.8328821369459048,-0.22456051342189798
-0.8061754559059346,-0.2041673981952208
-0.7800936365671124,-0.255052173921812
-0.7997704450453519,-0.1512138573485786
-0.6664775857552006,-0.1537993518769811
-0.6684507273962448,-0.154215063797661
-0.585895366491212,-0.22535528183421571
-0.5166902920264479,-0.10009315133690425
-0.6028893945130083,-0.1430834513195171
-0.6170108093309957,-0.18787204490013143
-0.5238437680292044,-0.11966082941633481
-0.45562336935167363,-0.236111393862653
-0.4406853753960059,-0.0866926208902708
-0.41154186864569925,-0.13567783385341306
-0.4042746651473249,-0.12510860562412546
-0.43225679304386594,-0.036195105886975776
-0.3096938987235609,-0.06118876848178961
-0.3033226201028317,0.018932891021205767
-0.4281498657819046,-0.08655304760155785
-0.33374955013440205,-0.07456446862831902
-0.19122257277870083,-0.05725150496931025
-0.252385951849642,0.0022577680267015787
-0.19542757217051443,-0.04857646485323827
-0.2030812371505584,-0.03447564283221206
-0.24260466235990802,-0.10363110304008172
-0.2372684362760506,-0.0845433587600707
-0.17635665747215284,-0.04039778605775623
-0.19761009185547063,-0.05177621640117666
-0.15743860718032304,0.009231424906850062
-0.11047690473877608,-0.02305051717495618
-0.16259705791008255,-0.06723744657991844
-0.12771477880992502,-0.013104671047005578
-0.06347639962494275,-0.0930432493945232
-0.07319396457712142,0.014562901913040285
-0.05714846395645857,-0.012793444345131445
-0.15810197638548446,-0.041002680239140166
-0.07925489922062329,0.017944665811457025
-0.1325814983276531,-0.12881403413996403
-0.08715987656574753,-0.08514042989462584
-0.08096913096750284,-0.03853424188065597
-0.04451809825168304,-0.09073322902921196
-0.07187208593026126,-0.03592443407556041
-0.007576741344661485,0.03121837313420857
-0.08077175042618141,-0.021772752383430516
0.005062340650516729,0.015902972179440412
-0.06386869629151981,-0.017631352761163257
-0.026079691031709734,0.008416237763489268
0.062145249825350246,0.056181330714243784
0.05927953164951922,0.03092562185830415
0.0047713116720570735,-0.05879754941436818
-0.11335532041325905,-0.07813386794856841
-0.08680790565540665,-0.02282098783185014
0.022028863143109333,-0.044926139445754736
0.0013975289736385503,-0.07879310834768266
-0.05621068189464428,0.018602462020078588
0.008997053071250812,-0.1303310180800533
-0.031447440086842894,0.026541896018824614
-0.05357596050310043,-0.042288740095631785
-0.04594315362353481,-0.041045797029034145
0.05078117958365644,-0.035296151025999194
0.02881234889826255,-0.032224765928180854
0.0015707351227490039,0.009091706986187324
-0.06085140553480925,0.04764857797324676
0.021470452722970858,-0.0955568682657514
0.06969398317509995,-0.03831646552386862
-0.027220297307378873,-0.07767531553152475
-0.02980103575377149,0.027827511641793513
0.07155991232042364,0.03131263464801955
0.03682777385206763,-0.008916563873167013
0.08520500179106098,-0.054996609720439585
-0.008946517732930865,0.03294649841870717
-0.015232068917711693,0.03422925900362539
-0.02437690742352456,-0.10673636712552168
0.031125260206162634,-0.0003219231282179623
-0.04451037342353921,0.08886985671752436
0.024408364593707897,-0.001885038096221963
-0.06337496349155673,-0.025505498939129314
-0.029283338891151135,-0.07048439768638474
-0.0693448611862474,0.08009771382159706
-0.01474355446171444,-0.01139419167719386
-0.0962260129998061,0.029013223478311513
0.05960474265538292,0.051677278945730515
-0.021657730788385475,0.05412304854572421
-0.0306144688485002,-0.015328121212561262
0.023622430552545502,-0.0474500280657158
-0.0007267724543837603,0.0657221296631587
-0.06786791769309566,-0.009882838677483491
-0.0022881316598323135,-0.04036451215482839
-0.004079696760856434,-0.02171636731932835
-0.023553467305929263,0.071748586847076
-0.10358143761891982,0.08674231748001533
0.05259708537295471,0.08407621506882677
-0.06134040622434523,0.07058889793347264
0.0007779245915522648,-0.04724467620720669
0.015037396464264774,0.01334862851712157
-0.0525470146327243,0.04402907993676074
-0.04947187457333166,0.0005010919147466382
0.02485361382217978,0.05125368982283132
0.06791667033895134,-0.023952697670919242
0.03932512204205867,-0.0058426788149705845
0.09645850756114799,0.02094465623271804
0.017227223336270935,0.037118915518799825
-0.018420853933620387,0.0004554911680880458
-0.006861921185395137,0.05684226011769881
-0.011676153898374396,-0.04078319898940791
0.1326606215524207,0.03292626596238722
-0.08971064484860974,0.02694279177850092
0.04369595888142168,0.019644973152451506
0.024632318790015158,-0.006378217513679139
-0.025388628545932285,-0.01370061286897507
-0.0019448432814360445,-0.050977985230801444
-0.036959459690712196,0.035250227568282194
0.03482983931376584,-0.04019631243193465
-0.03097406304178297,-0.020448324766318356
-0.10714544903143415,0.0033743531282198376
-0.03621178981955211,0.0863397421231561
0.029468695018191788,-0.030483295475665785
-0.03992651428160616,0.0168980212731603
-0.08886883082350443,0.03350001414259043
-0.0025224211350833824,0.014188036921440744
-0.01455589789587573,0.08237295647811059
0.07393813362094802,0.04303438168848796
-0.014825287243048678,0.05213431791950013
0.05016200566802384,0.1361026855906433
-0.04192193027454599,0.00701896220318594
-0.007036839012063242,0.04795246570466372
-0.04870694927616199,0.056560180224397995
-0.058374018755424376,0.029126233075577337
0.0014744008556733176,-0.024335676212873848
-0.04416602280450229,-0.021450925892773812
0.06466365921537359,0.04768263934192914
-0.0764412934645675,0.07755677283445131
0.023474765595793617,0.10180547432875117
-0.02285992794189155,0.0010259731732277216
-0.05575267531639556,0.010757816974405502
0.10639055883551256,0.018784638635625045
0.016578609847647117,0.011459309486787831
-0.05309997140708986,0.10601314749487677
0.010833305369953292,0.04509973426840343
-0.010916929944620887,0.042997750897333584
0.09822249367729464,0.08091293699989575
0.03179658207287767,-0.026363795636193846
0.004473394801628325,-0.04243382464063509
0.05965059822184117,0.021465073830069722
-0.030258911878309237,0.04166731086517292
-0.020335353727977346,-0.02406664116311001
0.04499465269837123,0.005117640195933309
-0.03252303040053082,-0.03857771823661784
0.06324274647514036,-0.011349887640332967
-0.01212887537658323,0.004405114639943683
-0.0027016190604660442,0.08987560974286499
0.08441577756556756,0.08250926704032606
0.08757242820145562,0.013810808036328608
0.060906623928107535,0.042481439259329706
0.0035818509553860664,-0.0020828286712684524
0.015248093121632052,0.06881096067497033
-0.02016586445040269,0.061483494611703826
-0.07787617702417154,0.011931584370202385
0.03925210083276421,0.018691480016137636
-0.09102178487711371,-0.06274870356778006
0.019845904173543163,0.007219730631862995
0.0382559962008233,0.047511432973112264
0.10227390178729864,-0.01758516352989352
-0.022787371615245196,-0.034807636651682274
-0.0033660442695687843,-0.07250838627118006
0.0018086599124017017,0.0004914932541768315
0.08955203330426778,-0.05476240121361863
0.11268514152937431,0.0021707490000777534
-0.012650104566731882,-0.03176832774849321
0.020772189294913486,0.016503279822062823
0.027868029326384085,-0.08316022715886427
0.08021465972249295,0.043939841472694544
0.03324989929125916,-0.046636044416739526
-0.0014930678842666606,0.05554989414706009
0.12387572317544124,0.03377138765197805
-0.014326676914183274,-0.032711639158522446
0.06311161605636217,0.0576163791487275
0.0504111125373381,0.06336566727913939
-0.05733933907969974,0.05343830984670089
0.01384421408844393,-0.015231138342515506
0.0443574606939509,-0.009018002689700709
-0.019995866208718533,-0.004256829888789348
-0.0026513564663533332,0.10542234471812834
0.04717979280992544,-0.03599122498643323
-0.038979619124872925,0.10619761425602489
-0.051251074008712774,0.02181553825960047
0.0598246635590369,-0.05738538749855783
0.029577857330320305,-0.05278668771630549
-0.03143975628934906,-0.00897171307568946
0.053161153978927095,-0.06014327137792498
0.08355017110512335,-0.010104998746886652
0.0052113899781010345,-0.018259125830506494
0.07257473986846197,-0.030903577118010027
-0.0004970542251859951,0.03615279468507347
-0.005706818336916322,-0.01862826167377709
-0.030866888498575502,-0.05579417840322417
-0.023563929105752883,0.03165598099091425
-0.018645491140703983,0.016867862622534265
0.009267569398620936,0.018316879831225055
0.06478025701775149,0.07051322295376147
0.0215132757446272,-0.06630823650127729
0.009033879293389587,-0.00843791470058309
0.024619138145474846,-0.03149271632182708
-0.03820964364883883,0.03661776598972842
-0.027292088954564274,-0.014472067775732164
0.10549320706372703,-0.07239837103767952
0.09323643736721404,-0.019860809166108082
-0.0259894215346511,-0.04935609235143687
-0.014252463829078299,-0.0038398632340345728
0.04015634734309789,-0.01577496681549527
-0.014210948589042377,0.028984185450858076
-0.023060540096418426,0.007660142945256994
0.06106783569302171,-0.03236583062225117
-0.01831772575899612,0.08724097233415448
-0.004746004595303617,-0.001241959659496486
0.07014608377811166,0.05192214312724067
0.021710512841258963,-0.08163647710662997
-0.05843240079121616,0.10973781700836717
0.04730209390435537,-0.03915932111527995
-0.12494759888828225,-0.021505050704218966
0.022675658039383123,0.029322294185582475
-0.022762076004658363,-0.035282176146415524
-0.003740406030088562,0.006864077565748035
-0.04947183471946231,0.052405788742919464
0.04446935061048099,0.042510362221935286
-0.053134128486592894,-0.027719931911634195
0.04081363093614461,0.008895467386260836
0.05989107280274927,0.06564174919070692
-0.0010982296333185222,-0.028248347561453994
0.048562468500413264,0.049313393822365145
0.06005693438936555,0.009930042650755788
0.040268582390644965,0.03261532529914614
-0.017466912563057088,-0.08680733542768782
0.023232326206794895,-0.06509301842377646
0.030283881380050767,0.021720374584726275
-0.03875916272296556,0.0807834339604648
-0.02594937154370226,0.02934516197307277
-0.039491399180603445,0.025836978968401328
0.00756708988307243,0.008160958779231897
-0.024013031695001377,0.05237625693130783
-0.11028520113998402,0.062006004414773996
0.04203402166805003,-0.021049693320631863
-0.0864177615602363,-0.04936789570762949
-0.044922506676983186,-0.04446886974484927
0.018632559964683222,0.003213553151889332
-0.061588020409089325,0.01572300406420423
0.08186459265635918,-0.005023656439865272
0.055725617107007686,-0.02629597732474792
-0.025966865826539967,0.015586450627387068
-0.08169653323338952,0.09817550951816015
0.014836298179215265,-0.0726699817431598
-0.029629452008895,-0.0033112611131427537
0.09407968715498302,0.017556673513179445
-0.03318386045195096,-0.011977010960076013
-0.056010410373307784,-0.11694411830185426
-0.0025338058724409824,-0.028229433585916133
0.04614184293673236,0.019972084888417767
-0.13781194113811787,0.0022878302070405885
0.0006061438000239464,0.09583749852975211
-0.06426666220159875,0.016024098320345022
0.03512021326492227,0.09691049599826733
-12.05574113388336,3.4132155707624863
-10.464720961247012,2.903822683384912
-8.836790932673466,2.5162891597098818
-7.456215014855678,1.9775250391448684
-6.234706177728842,1.723725067197221
-5.0691138956507364,1.4444032457852463
-4.08146933494878,1.157023680990135
-3.1897432398486285,0.9255916425375131
-2.376932107788488,0.7377505770850509
-1.780014105205713,0.4563258656124087
-1.0099095370720452,0.3018606866487995
-0.568891384073277,0.1170221781425477
-0.02212986288702684,0.1408399450551498
0.30836067807019674,-0.03891762857377507
0.6587525822796505,-0.14247846798064343
0.9693497205168319,-0.3763838932754098
1.3915468438338792,-0.3826123675385101
1.4256787528965387,-0.4181126633626402
1.7107735786853233,-0.40505958861921765
1.823412514646572,-0.518485657056068
1.945681059159961,-0.5319467848314351
2.107264668391967,-0.5415660346073852
2.1251618362471176,-0.5826015903499929
2.136141860060831,-0.6048918761723713
2.225528389940949,-0.7300477759077411
2.3133989744925,-0.6014821558042944
2.2471297519562374,-0.6229812399966277
2.2494166155886233,-0.679883131324012
2.210729067612865,-0.5639000623424909
2.1860275581235777,-0.6982379065349302
2.1518367750121694,-0.6017743432700291
2.1199530125991513,-0.6503441132965303
2.080505625040696,-0.5192644731710288
2.087652807868832,-0.5371168182025501
2.027764084803533,-0.6241222196535883
1.8651867708839545,-0.4864441869638381
1.8736343868929068,-0.5159682606080594
1.807239912453012,-0.4390339567468242
1.8022066005627395,-0.5354605787390101
1.6494755281586408,-0.3984642496136162
1.5613389659099146,-0.395465790787217
1.5024777383200008,-0.42849263802804416
1.4319381627198269,-0.4338545448285062
1.3260470392032553,-0.45518652117451924
1.365408406899573,-0.4291677807473745
1.318892354685757,-0.32359083283658413
1.1322995363391923,-0.2911431212709442
1.2451249318638464,-0.3157532652254494
1.0307129114215063,-0.20097015329589996
0.9813027465947706,-0.29323264439240176
1.0265371524873352,-0.3129120293711232
0.8903652436943642,-0.3062761960048235
0.9167043420280117,-0.2876879754218183
0.7862602159773483,-0.22394716337737602
0.7410654872537175,-0.23667138321512238
0.6307218022457888,-0.2367384768476713
0.6776160020446936,-0.19010355739789983
0.6554283906203507,-0.15853281471623193
0.47739790948360317,-0.1357258968286081
0.5143334199355983,-0.14693196973906736
0.45806118102372456,-0.10015614576641785
0.5392778759371272,-0.14876740293356974
0.43354342243087907,-0.07488642941916816
0.28659161478430195,-0.12460235489321375
0.4157923340857158,-0.1300919329674935
0.42977978598313865,-0.014503358830813759
0.3711216580655844,-0.13989116388661268
0.3679202685120536,0.015526339308953738
0.3104961133151609,-0.08186917934803152
0.2416410315742455,-0.0556799015437941
0.2722378141547928,-0.17375741378291581
0.2871224508397309,-0.10804860699800319
0.3485761657105071,-0.03905800685298667
0.22353772105353625,-0.04549995618541568
0.21451884682196182,-0.05159694236154552
0.10885765615846338,0.0284060365510383
0.17600872985818727,0.029213799862729997
0.09300182071430171,-0.0706871724824489
0.1376898795479526,-0.09694455287088775
0.1800778922481834,-0.054380219942546805
0.21731256711178729,0.02354038280927037
0.14177001131805816,-0.09907054415756036
0.1656080570072918,0.005322388891007203
0.08622911690878945,-0.04907963727792833
0.06803433785819323,0.005825241009204042
0.0022827573885711577,-0.05863979017153215
0.12978188275417457,0.04097471152448497
0.12599756231751172,-0.07531535256391439
0.014714571587711174,-0.0796938688276198
0.03734096829378652,-0.06620991517776567
0.06344854683695342,-0.14723517670963474
0.11035519731424712,0.13566484431655576
0.04509410024394768,-0.009377141150505504
0.06581732314804761,-0.0401004728334476
0.02817132983456546,-0.0897478799133726
0.0025996652725678027,-0.04172241553982134
-0.07497946583886478,0.02648603968403457
0.10968468715753651,-0.04098108257276853
0.11456958015565377,-0.0827684360261568
0.07307830535360552,0.08218780948280174
-0.0042549200909549716,0.007288563999478394
0.03128040991615344,-0.023711055105285934
-0.013481246702814621,0.021350090666588335
0.043829311515751736,0.03743462098707094
-0.027699612868524834,-0.02861827856125128
0.020104208888038447,0.020082478530554993
0.0299680575124563,0.02455249778002947
-0.0005897290661744138,-0.08201638220607105
-0.04221443116066605,-0.0028898387396965007
0.10603305464227138,-0.014151532197713442
0.09474293610881962,-0.00966401072194056
-0.07073345245672433,-0.002476205191745611
0.10787307519969477,0.03086615941872172
0.003622515935564676,-0.09085779070423314
-0.04988366669763909,0.04785113267945013
0.07051954195470758,-0.02283702300717739
0.004414229182085624,0.08102004912495565
-0.002259866230070748,0.03861057438001236
0.028045688189954468,-0.06489290030661062
0.037361751690732116,-0.05931504928750703
0.04052791804013959,0.05822362647263433
-0.06163476666100738,-0.06516527384051167
0.09881250428643483,-0.022963919353660718
-0.006018212919676595,-0.04486857877503691
-0.05247844825158591,-0.06299362646529809
0.04471152397514552,-0.028022523118550913
-0.038885429480654383,-0.04184113833873973
0.09409634498000974,-0.07544256440017723
0.07431066594883678,0.14595549075861705
-0.07918004627947292,-0.07531636058591715
0.01585854069333871,-0.10966370496706247
-0.01512781013593005,-0.037772579813749804
0.06003228697611361,-0.02611534929020647
0.003724024488271466,0.03298210223231583
0.012410901002886457,-0.012026853838218167
0.033314869149018544,-0.08388420635759707
-0.054959606219789514,-0.06085194395768677
0.06214902816596862,-0.06825892358607326
-0.04935190776533392,-0.003539330345742931
0.06251796299916396,-0.07177026338202262
0.007672679206424102,0.020118993610379464
0.019775903870009014,0.006097868308347089
0.0328730899049721,-0.026317153839225983
0.004127870036356008,-0.06235521882996915
-0.016060028028870188,-0.026933277510715493
-0.050197958449953436,-0.0032375823438075685
0.07774821426564009,-0.006115836539442809
0.0462240995864826,0.03284408108526967
-0.03995118539139107,0.03896437659852657
0.07871813267340305,-0.06609091954257786
0.025070112243548597,-0.006234732783812352
-0.06585622290993631,0.016492399946731174
-0.010200166212827124,0.11215265103022427
-0.05870371074757989,-0.005380691207499111
-0.02371919272112193,-0.04096300173507604
0.038835781677277754,0.06107630958958994
-0.01971104458840653,0.10500450954545426
0.027575755500702147,0.07387631504543604
-0.036895654672918804,0.029328549936610836
-0.035517491996426315,0.06364276433348945
0.05140656311338538,0.046756361294810284
0.07745299981145261,0.01218176577208337
-0.005280368199371417,-0.1333633756526824
0.05197988740105917,-0.05253492657959569
0.024247607006660434,-0.00982919082253353
-0.0019974326240155037,-0.02311382216959894
-0.016336117256406664,0.07872145531932909
-0.008424108455815468,0.07127119633183182
-0.007349108648122152,-2.337096735830456e-05
-0.006724367348754036,0.07069599504977644
-0.08197954070361234,-0.030536628606834478
0.05372820241354423,-0.06734458094866341
-0.07655093407474352,-0.03458403333834083
-0.058281858926273716,-0.04828253595853978
-0.03411381001365364,0.07490465195844714
-0.03226020447932397,-0.08076216883018997
-0.025606155809273248,-0.050937716452238116
-0.016752946605018873,0.09267221144483612
0.006701876138441287,-0.031359488389856235
0.00960841648607959,-0.02274677561555273
0.01342152381918832,-0.011780451174285902
0.0005415850623776905,-0.0021127025804958052
-0.010005567944619861,-0.02091704504859077
0.03328961320167653,-0.0020499262514469298
-0.003888616045347945,0.024967578429438392
0.034818202172414506,0.012752689096559494
0.019347929924817302,0.002976350396965227
0.006196969513725278,-0.05442559501284308
0.018804614947357585,0.04616252520319534
0.01287260277759994,-0.012398809180756304
0.049769299318543,0.019407701010644568
-0.04227966595111653,0.043672534313067154
-0.027571699219712018,-0.05925471945022355
-0.03971368925366957,-0.0295243262553748
-0.07033239872694111,0.05032950991528119
-0.08305737107936245,0.0123219501529283
0.025973570277910862,-0.0050184175495816205
0.03626502930310234,-0.027262138155155765
0.036893837828257434,-0.020671588481996468
-0.012045581379617115,-0.0784154393112319
0.0200411854744016,-0.0070702625450444825
-0.004572325360393559,-0.048268366924462146
0.041126736917308185,0.0359734886023594
-0.005652895777551972,-0.018891068531104144
0.03532197902650608,-0.03157181206493221
0.05638167600094805,-0.018772902464443936
0.024708638665254627,-0.03249160898491117
-0.02563102935717621,-0.05226106688298221
0.015066986239930073,-0.04552472558906156
-0.08115578434328416,-0.005486749184552447
-0.08185345329785709,-0.023017313113637927
0.08071673470376685,0.028929594441810556
-0.0567727687513454,0.03900089312482963
0.05051903608012332,-0.03457773064532986
-0.0016293447704098583,0.012626996670882348
-0.017148769614070726,0.06776441475744803
-0.06135861946756197,-0.03115602988511414
-0.0034504982728378155,0.008286007256074219
-0.10380564621502703,0.002817785391009525
0.015297030520590988,-0.02472089508495346
0.006779651014838383,0.00766030910745906
-0.05640350278889364,0.006787911160216214
-0.037585469853393824,-0.03307508595762664
0.03689803432826726,-0.020255418365076737
-0.08261447377256846,0.023853489880839743
-0.007891703857217524,0.08680546315883181
0.045579011048168964,0.08295631207927544
0.053030796101350974,-0.059795694037087115
-0.04133189451407791,-0.03400747258246572
0.007857374709980994,-0.025689173036147133
-0.009474307727591925,0.004009651984474304
0.0028598001848204116,-0.07092065324295196
0.021038736312206763,0.0064769286077667075
-0.011460824663991828,0.051366258203533736
0.01859404382696055,0.014467690684335968
0.025162261982954952,0.03426254429030105
-0.020240616449156514,0.059707545927919506
-0.02615111833507813,0.008450975478327634
0.010517024197058703,0.03296183302870864
-0.05570563731524055,0.005544904507182858
0.023237846021211754,0.0032201619159726805
-0.010971050258061586,0.06004504106034131
-0.05861760570278261,-0.03269182674246085
-0.048387928198247415,0.13940004166282655
0.020773963734238024,-0.019022879981597598
-0.03498392107152127,-0.028035707009821317
0.06910938211371234,0.021492357605931618
0.0110894029012221,0.01099344713232366
0.012343311766898476,0.029055565234203266
0.018703999682940307,-0.06278518616376567
0.06869213798031593,-0.11380589711768904
-0.04278910554577379,-0.056441306948719835
-0.10412239473803758,-0.033000071629733174
0.010166613548503598,0.06074053805769389
-0.03810389355975349,-0.03056452919006641
-0.0034007580578957614,-0.018305731166897675
0.024045537618108306,-0.08623235216350827
0.04277189426491901,0.06056469540780886
-0.07413111769400968,0.0646705000831914
-0.006736800616129036,-0.08723470543696027
-0.042851744299259,-0.09176562963177112
0.011180936689279226,0.025540781408471006
0.027841881428799883,-0.019209738875036686
-0.00809052031543722,-0.01878561328219626
-0.024189080718136503,-0.09961763151984131
0.04923407354248592,-0.03432611075282297
-0.06987736986194246,-0.09169586914211109
-0.07191491310276549,-0.1181870710309998
-0.042624586919551025,-0.059655402043105904
-0.07318538734989954,-0.04634743545548058
-0.002637828036565497,-0.04820832046907329
-0.05386842338990962,-0.06419647417388313
0.000394632882970156,-0.0007695816948260648
-0.04108071072024691,-0.046144085479755396
-0.024226420658227978,-0.0769950067396459
0.015054096232468157,-0.026332827657340782
0.03683786796912936,0.0025859822251708643
-0.10979796561229761,0.011820620771000375
0.08023615965938025,0.037104684066535346
0.014615579558634711,0.08217247815766957
-0.06440931825729501,0.014599658700691196
-0.056857773029020224,0.047596427934591665
0.02352584005475214,-0.015709502553595697
-0.0244493857561135,0.07213408919927652
0.07936784811557779,-0.006677888879469034
-0.065221278015373,-0.0004968050249586284
0.026592180002375676,-0.010877320997176834
0.08518708845747368,0.03765380439234455
0.0015041118185925278,0.06591130210542007
-0.00682277698122679,0.032459989858667805
0.06047841188150402,0.10306975112517935
0.05380107870453925,0.04010173569877507
-0.019435751044522172,0.022575680203460766
0.00753371664041356,0.07314467538827371
0.005333740290250676,-0.005121320696208357
0.05772274069127751,0.044084981575593166
0.00685443981514783,-0.036123723832557214
-0.09726676132090152,-0.029682707229039318
-0.005284401444647692,0.019322121462644788
-7.270247070464205e-05,-0.05113452835262081
-4.159399244231319,-3.8333807138240954
-3.631279947350176,-3.3066283298345263
-3.067337576739042,-2.7735852988926295
-2.5928791587996005,-2.3523953775917383
-2.029768824885767,-2.021324869906023
-1.753105017222486,-1.649935743683077
-1.475480296083616,-1.2274840575625794
-1.2032180781453548,-1.0715066448586716
-0.8585904368667078,-0.7924008547491069
-0.6329699440892524,-0.6409755436548192
-0.34772300248474863,-0.3563616341740434
-0.15760580162490215,-0.09616766543227377
-0.05786565793774109,-0.10218507563573012
0.16172590298278858,0.175078387907798
0.252696882741304,0.15943466507666337
0.3882766206479406,0.35185950547392597
0.44966562787245634,0.45661316126600776
0.5536783901254607,0.472436777005463
0.5948924420146293,0.5190483794895918
0.6279692166253077,0.5173686354225842
0.7579100440015414,0.6038883147901369
0.8031293085630645,0.6881814737813919
0.7383415750665727,0.6802799128561986
0.7837748039339266,0.7352386715418291
0.7608443028786066,0.7426019649570286
0.7920855443711446,0.7315714295872211
0.8093061070847659,0.6791056863913708
0.8294826173815371,0.7113782218827044
0.8080619928000341,0.6905348210693747
0.7682856314132247,0.6474178596200697
0.6931986646874175,0.6500254220203453
0.7624331105693599,0.6181104673963991
0.6683582122812328,0.6393044316784658
0.7886669281941397,0.7625999215905177
0.6888524656163639,0.6411625368599145
0.6819659200187248,0.5189768561124823
0.6272567277019079,0.5229870638157027
0.5499963963115633,0.5504569179104929
0.5975723448135558,0.471384015229394
0.5268800561257023,0.4682604718673442
0.5278986080043752,0.5034989943680671
0.5234096249928127,0.4509032199153256
0.5523389635770232,0.36275574336117405
0.5238168487916725,0.36246182634336754
0.37513325667651926,0.35847432586900707
0.4572695814166271,0.4180623803783782
0.4373525096637746,0.3212936777439847
0.4260671062264277,0.3294035169686949
0.40973843476242716,0.2753360018322786
0.3293233249584872,0.33307496682705146
0.32797068105568555,0.21941408885596167
0.4199242262683434,0.2539225464473845
0.29641639789087404,0.2688975552073087
0.3098048427228809,0.33315214770135215
0.2416782061226986,0.27961044988356576
0.2927028873008004,0.19760738438743153
0.28678212842551304,0.21772905444435287
0.36737914626078655,0.14156383375693588
0.17970555440459482,0.18673536069507143
0.21515498533187655,0.10468001982928589
0.12702793988708472,0.123874142302039
0.19339692388532453,0.14269695485108932
0.1905135042723669,0.13046193014840646
0.18875187358466125,0.13536302994530008
0.1057146958561283,0.14310971710115775
0.1588698356499364,0.09331889153427847
0.1075675825379253,0.05897464782786618
0.14529047660103953,0.19092744299497413
0.07399112088657436,0.07022032669547912
0.029321871315718402,0.12600588787966863
0.10022952462998361,0.03887469895679972
0.09765255648710539,0.08027950605376431
0.06662096226832363,0.09883414520073366
0.07638429432931088,0.08133577003770877
0.03349822520207041,0.08569974658903773
0.04579711286095038,0.0858184741458917
0.02777055604084054,-0.018708230174115242
-0.016555483575844146,0.04945556510473345
0.02197676036012875,-0.006714206915006508
0.007568750333383424,-0.0027435637018774703
0.11725242029814689,0.05150306632660724
-0.01845310447102308,0.007983369125448905
0.08485584981810998,0.0029001687300321275
0.07113203427842447,-0.044995304766435484
0.13240543109847053,0.025753609408430155
0.10708023971275751,0.027392505594383793
0.10728993214757457,0.010088481157591056
0.09243501284936385,-0.04141184555365075
0.11669447083496315,0.03475989219620107
0.006862676370449031,0.08262502156174112
0.11143228241192196,0.010154726407974497
0.024623701269317497,-0.001868993997805758
-0.021905018674832865,-0.11811029044606744
-0.034396420618572524,-0.03700167606761831
0.06903706849195987,0.026450327418344563
-0.1139966200987133,-0.0025496960106828987
-0.08313036248013586,-0.014791010896646702
0.06344376517888838,0.028080786776712344
-0.007067959976653071,0.005784389676379946
-0.02425158694557736,-0.06328651397739704
-0.02653916695317586,0.04458007685481433
0.07511159895658676,0.0487693439396873
0.045763020037985214,-0.04581574931809363
-0.021444502419869532,-0.00990298039067845
0.0523654942537896,0.005217908269117775
0.009583624146797032,0.016782730395463945
0.04586863796827265,0.0025734717498941072
0.030564160216868357,0.07751610742821699
0.07394759499975118,-0.07630130980884586
0.03826249567375374,-0.012311370613131725
0.05159751440167448,0.019488033527968587
0.040731016290508584,-0.0067396993259462214
-0.08726607740302338,-0.07619264187789646
0.04028962810360836,0.06886314333333812
0.021055114463455916,0.011074360103768985
0.14118487295427187,0.07427772285952425
0.00944866631995267,0.02351110614401521
0.01916362722683752,-0.05547087626466008
0.09787037870832306,-0.057557281132146816
-0.0751035576313914,-0.05448989985393103
-0.07742491111606091,0.04459359364462722
-0.02059320198371512,0.12226784490298107
-0.0054775557108121264,-0.032575282218998386
-0.019995041401177034,0.039721801642836736
0.044322638396669944,-0.0003982013124953776
-0.016418197237233787,0.04918950220855832
-0.03239993062311552,0.03368136318820379
0.04050428620431017,0.022667409738753724
-0.011617397849966333,0.03912981461753756
0.006527105929807483,-0.0007883632314000903
-0.022639819065712125,0.005131792771279375
-0.11988329349388732,0.0175245964416285
-0.04129924583028886,0.0036361928175136587
-0.01023441225701223,-0.0015493003377528023
0.001085643787675561,-0.013053638853761184
-0.036226416641807944,-0.04419139071171078
-0.08254905808803101,-0.02128231856976017
-0.1258611403419213,-0.013484901165870092
0.020442544652565516,0.09638971780613156
-0.04987859206763605,0.032224831958202374
-0.03728600339600631,-0.022897233467144236
-0.09160943036022887,0.06884521261242892
0.012099003238538374,0.06445504124480118
-0.029135314998078334,0.011775324403575552
-0.07191999840476607,0.02926189259636621
0.03677710339631296,0.03751392128798152
0.005419212855425723,-0.013593026678995972
0.04456150578749818,0.011021176682929748
-0.0036999207068479038,-0.058635379712332625
-0.034825917296046935,0.025110486666975004
-0.08060254927547006,-0.03172246776218786
-0.0062436170006671485,-0.03948469665077445
-0.030498250035357694,0.035538153357427785
0.013742425197209345,0.054468417741347204
-0.006733868802360814,0.0006291886612145347
0.02969617450693858,-0.024317975552459764
0.03284478668125345,-0.02764664134848603
-0.020258546317069175,-0.009285902066882235
-0.012891034344496875,0.005101303083532375
-0.01288213356054493,-0.009614200895674866
0.06814616305433305,0.06513428815266978
-0.141093776392558,0.025703927155486545
-0.08446595049751425,0.03006744827478499
0.06453156347530421,-0.019721277029146143
0.03935772691380894,-0.05713385701369408
0.02496161097658827,-0.01856400682702514
0.06641962180082664,0.009813877112877081
0.08304000896319497,0.034679899124180326
-0.0044720358377071424,-0.0716494770003783
-0.054592726867698414,-0.007238101837491213
0.0064920788286178975,-0.010830306440386078
0.032481236984577104,0.05357340405832555
-0.025017063768014963,0.01073138751972256
-0.04363895678370906,0.0023286881604521904
0.009790210477890677,-0.08760262245921654
0.029650884793148334,-0.0394473289687383
-0.00020695353515669604,-0.048870971135584154
0.017008402394934,0.0031005026098060843
0.03802792167402894,0.010465382377496044
-0.03253165074503652,0.038147556105020214
0.05822279554851576,-0.041814727938647205
-0.009543856757071787,-0.031790144368113546
-0.0013984774177230586,-0.045187020746000686
0.01608030261606104,0.02621087279150186
0.005805726910341356,-0.0023220149220418503
0.0030472068981619435,0.0021680065699519464
0.017377271805244232,0.005026295689515983
-0.04641375442987205,-0.012467323142017497
-0.00085219567824234,0.026772589845661533
0.010040720215677371,-0.05335733833578408
-0.07954012814667588,-0.08213729911354248
0.06617662020377231,-0.030746840837885467
-0.08313980361195189,-0.01890431446158634
-0.0031955396892099433,-0.08681676107628675
-0.11275109852342483,-0.046458722989578954
0.055481811802764985,0.048169705116898665
0.061691188589219306,-0.008249306120829976
-0.022561689152280077,0.04908553872087132
0.02102622673732367,-0.06889052599374655
0.02017244538338474,0.032991038703016104
-0.08587838581962176,-0.030377506714662248
0.06767332730880346,-0.02561053661806688
-0.05017327037648863,0.024601106758304354
0.025955098688637723,-0.006473190807075062
-0.059509167124441875,-0.004827174835667487
0.035653066496844826,-0.0830931512445934
0.019233914663122423,-0.029487774427360856
-0.06807459533753721,-0.02507157570450834
-0.012037699632330735,-0.08635332553589713
0.07973783808307251,0.10605177469458467
-0.016997866490811555,-0.007158729417111265
0.12381110307991919,-0.0597105280030907
-0.023118046649752998,0.0038147969283659523
0.009315959213608635,0.029601713334377285
0.03232743450178986,-0.11547851635885435
0.002877803886797056,-0.09410388910721897
0.04451346612978214,-0.11218228580589995
-0.01295728785956492,0.00789569462669398
0.02760495481865734,-0.1151503376262586
-0.017695915142467877,-0.0913114048090198
-0.009081270577742714,0.01642477164639365
-0.008131344461261576,0.021718121704485477
0.06494788582256424,0.0033307279281629214
0.05816280130570642,-0.03202634284186878
0.03996674067058863,0.015476689126607282
-0.003582040336458314,0.0003462171091880104
0.07437005702394794,0.012863579773052015
0.04416018395394081,-0.044602103942076116
-0.08430142426761855,-0.062182946336867655
0.007584618067584205,-0.024722196391740437
-0.06819995145822845,-0.023153428508946958
-0.007582722211147939,0.026472781867172043
0.09129289245577418,-0.05905759411992742
-0.038982973620664975,0.02898595531052827
0.03837561471781399,-0.019565263805718346
0.06402335491348272,0.05679933952639474
-0.05456487463789171,0.10117103722271956
-0.020996516190238,-0.0457472818305457
-0.02838487566177596,0.05574719396631213
-0.008369012347803845,0.00739829497247156
0.012148157271949818,6.129975071707781e-05
-0.04422009409434462,-0.025111683160416003
0.027467473304854315,-0.051861264927513855
-0.045007568538895946,-0.06969985803623417
-0.018938995784450456,-0.03381577352918713
-0.02665602673669209,0.00955963151195512
-0.02212785167496082,-0.012702716279244772
0.028628867841890736,0.004290543031120513
-0.08794461061973714,-0.00791009808527391
0.012413099590805367,-0.0017296305986597843
-0.07263385785395107,0.014607849055998547
0.002126423159259979,0.006372258533892391
-0.023946909199928156,0.03176589230431882
-0.08081845035955276,-0.01219959812850831
-0.009195391358370015,-0.004297369007914057
-0.06561266505881977,-0.04393321152869305
-0.05803812034325027,0.09297151999031433
-0.002787118377062959,0.0014761596413390924
-0.03308489371429109,0.012394503933515419
-0.04931921358379839,0.025760816108582406
-0.004341407389442038,0.017038641722199824
-0.05333133289633509,0.032599672346131786
0.028646941922341816,-0.015275221635121837
0.01693072881912866,0.07210562454592147
0.02371333387247623,-0.02488390787125575
-0.13143770311586223,-0.048123476166744644
0.14095378439562883,0.021443872658029526
0.05052703171208188,-0.09546487193695932
-0.021953885258754115,0.02432544809275575
-0.06591348938011815,0.003574897360565584
0.061482314263080436,-0.0413210297951142
-0.03778835799318954,0.04443007473022059
-0.042859664218825144,-0.047269464307320784
0.04891383904421093,-0.018052775818999472
-0.07225285246463428,0.041724985312044736
-0.08817879298359818,-0.004159497615929159
-0.027577648773749436,-0.02736861589015607
-0.001030217342652684,-0.0005043210383163504
-0.12604160919878266,-0.02161983634602261
-0.15678283368567264,-0.09922795332365855
-0.06067146402190829,0.0638577750715875
-0.02631066788380301,-0.010339795925721125
-0.03569341360846314,-0.016315441515060917
-0.0069348977941306265,-0.03890885329762015
-0.017527288450252494,0.05506657266181167
-0.00041993723820618785,0.006324103239833444
0.029517494653137896,0.015633417259950586
-0.0003487494307071082,0.04686384548584816
-0.006490156229393876,0.010760304790598764
0.006112572041326163,-0.037065048272653625
0.04561465042512311,-0.027381218064456935
-0.011331202069997461,0.03540905237955965
0.002189719727671867,-0.05148783362291519
0.03759676547900465,-0.06545161560714582
-0.08769447127971622,0.059440172751396285
-0.053820525280870876,0.005202575740000978
-0.03840455364289801,-0.09245821205808462
-0.05295703667953443,0.014827105957201856
-0.026544892325492883,0.08030682923023069
0.01518931492905376,0.005655549928590131
0.4680464972348222,-4.418563348293514
0.5024222846288728,-3.79738771740405
0.41547478438580165,-3.205738369494717
0.38525520714363504,-2.6636724647943124
0.37962370716886096,-2.3989858385667358
0.2269515893337399,-1.9147229989903716
0.1826669064771147,-1.4764718941495079
0.14835838705830742,-1.2178013283932854
0.10634079335392865,-0.8492147097633799
0.10603987194613207,-0.6459793503531601
0.03395154746072327,-0.378585724001568
-0.015807905163473072,-0.2284952656379
0.008454676092183774,-0.003521707432226094
-0.0024912885686702007,0.16747069212305837
-0.07993573058304212,0.267889358213665
-0.016325665318775003,0.3238178033030127
-0.08285408102243544,0.48240139077535643
0.02066027501439424,0.4848960961068348
-0.022434508990363602,0.6212917729653091
-0.017911779267450974,0.6774174330536623
-0.1145567200951573,0.8131521144188733
0.01079254398420186,0.8119989364703312
-0.04460857426015061,0.8085828799087393
-0.04818393597022649,0.9222723380170441
-0.13781882447606028,0.8232259716542711
-0.11877472878575843,0.826872017238304
-0.07639512012347015,0.8088251834019657
-0.0821725491476138,0.7482972434820324
-0.14477619939784778,0.7299092150312211
-0.08831875255316289,0.8036627450677095
-0.07461100206035069,0.7585748062728946
-0.08524094761574272,0.7767312859293934
-0.06679595078809818,0.7810262437213475
-0.022186694423653015,0.7026642884580341
-0.032555779696340326,0.6853557857730079
-0.04585908385442037,0.7023612361567537
0.04958956963011368,0.6933261241129677
-0.037137772521023564,0.5419641993267554
-0.030650620561091815,0.5989391178399905
-0.08552851144300695,0.5956452047255936
-0.06426421703288625,0.6355726492415983
-0.010652381463506055,0.5886025918202936
-0.1126007358783137,0.6160050049809827
-0.0014229390925312169,0.4329967710469206
0.05500362647110538,0.4365852685502598
0.0023533674192188006,0.44679033953569963
-0.04860399529997716,0.45783208359458927
-0.05148021690762003,0.440084852424614
-0.19849883930473677,0.4451721053509006
-0.03818297190989258,0.35970263428629906
-0.04945188103051415,0.48571653666680764
-0.09751101861359943,0.38438154041557687
-0.057981312944696876,0.34387330370305136
-0.03061159321171055,0.3034898608519101
-0.04744547138813579,0.3973237117951921
-0.02029553706725972,0.3085651698058241
-0.02245118866751381,0.2538131715663239
-0.06759083782498596,0.271185439331242
-0.09310209236824543,0.24313529431416767
-0.0548822845403046,0.2120260399205149
-0.06326613839780879,0.32768034201634083
-0.018520142915601445,0.2838152237246572
-0.07007996094740496,0.12709524441546502
-0.031109539120985602,0.16288915233020945
-0.00775183233595772,0.18704808311068466
-0.12758200509407833,0.24682684563716412
-0.017958710227443567,0.1646730960904507
0.042720819264129864,0.07509043788612277
-0.04297457018119584,0.055703027629200125
-0.06928994123129115,0.14937689325391784
0.05062877807639139,0.019436151978036997
0.004297991366010931,0.1410809514297147
-0.001064051919243053,0.09574166617157165
0.007549198036139099,0.09753487784743387
-0.009982074756657076,0.17614506737541152
0.08626720670428713,0.0662456164202143
0.02061798593096517,0.0128180162774841
0.06086085750274694,0.03246834673283874
0.004573161769581538,0.025577853452403647
0.15035903660664227,0.033054209238593826
-0.0032305599026909333,0.04670131222204046
-0.07306379424166179,0.039683444063028143
-0.005015465626228358,0.1191665868483718
0.03454081659979499,0.03543768414832449
0.09626532658895125,-0.00398481791547195
0.09364295779823477,0.047918574293634913
0.0034413822240713814,0.024252558921760117
0.06235344424771965,0.023208892101580666
-0.053057547111210794,0.04190470091608149
0.030475002516887097,0.05220181052213878
0.06429272361457514,0.08059232625880085
-0.035235480429257546,-0.059244489168365035
0.06625506585683812,-0.025607067725124687
-0.03423735079830706,-0.044680300106501036
0.05939737915864852,0.026761799198373355
0.03661217298061086,0.01470593516156813
0.0775540408190722,-0.0041694047368737545
-0.022120309017689504,-0.049337442704299087
-0.029711995890290832,0.043474971941596136
-0.027809063490878114,-0.09162396848374345
0.03878856131881625,0.14383471760049008
-0.09919978717519845,0.004828068506411563
-0.0004953414439665483,-0.015291926550964747
-0.011860801713343373,-0.01603030383968486
0.017339155088835254,-0.04107044770253768
0.004939791733509127,-0.02877465092566224
0.06900966665888925,0.03900143937553004
-0.04148266512390298,0.059190385839946236
0.05542025980736566,0.010287883286376046
-0.01638867660515949,0.10502795745681913
-0.023140682166308085,-0.005771987345112429
0.028729315682367258,0.07254083796698363
-0.02001848366448939,0.000847484701170808
-0.0583132240021923,-0.003576728202494485
0.03346518703448991,-0.04215325931895636
-0.04694638078190786,0.0848967591658234
-0.034185607237105065,-0.04646879646133284
0.01471119137227148,-0.08403330006064011
-0.030875459899075634,0.06318167033080219
-0.06597893105466297,-0.04674705500438931
0.011298878555102133,-0.005543424192532365
0.01613668216035236,0.07330540939688682
0.006235133960711208,0.06598807761095933
0.02864500054211935,0.0011787832140558953
0.024440129214181757,0.02965675649202263
0.018647605955952357,-0.004306662188711886
0.011431662552058457,0.0018130743544625735
-0.008430360106240459,-0.06912230302048651
-0.0473976526169067,0.013042220444583974
0.10950332879070757,0.010919069213324556
-0.006420277848556491,-0.0008507113920898556
0.092116779776658,0.004094293902426521
-0.05872329841104971,0.03525988730035732
0.12746869736036795,-0.010451082044327435
-0.05291810495939942,0.062140853562109674
0.09576377567548087,0.060101546206229234
0.03295465636510378,-0.05128598837343867
-0.067758106143603,0.03631363958271825
-0.01715432395380338,-0.039922922292275655
0.033346461675653145,0.03759785185262374
0.038075829598606115,0.05441846647793086
0.05777408839571268,-0.002563740691412861
-0.05814929792135595,0.09553314982902612
-0.07576693018343195,-0.04620078080226318
-0.032526335793565675,0.07591527011768716
-0.025919489605418868,-0.05291036823182182
-0.09160779685581842,0.09164903695057094
0.012759275885939732,-0.022723391754257395
0.02887628418414885,-0.03226073324148033
0.11317372441329718,0.08253726720864005
0.09777985147436088,0.03664672720333738
-0.05982961326998497,-0.05022260096832067
-0.05177683325974196,-0.004475581833438409
0.05027155368244568,-0.052112462271421474
0.05953776254370398,-0.021235816799067768
0.012955461564124181,0.037745089534015556
0.02309090593051158,-0.0650066803363015
-0.057678405051287567,-0.012429413743170997
0.04930470378193607,0.06542249245055677
-0.0009090121472500332,0.03480170648836916
0.09895325682011809,-0.0302759158145638
0.02283619524540199,0.07818063042033505
0.03232045532121943,0.01730577969500834
-0.06053902017959642,0.12163549411594189
-0.03435480849986358,-0.1139070170089805
0.058869507129653394,-0.02078318072588669
0.011930321557738542,-0.020098871426231752
-0.028876557949203185,0.05457558849585103
-0.07357225627046106,0.007074427207370934
-0.040286732674445415,0.11436757708911147
-0.048570393156887666,0.0815660480933583
-0.006709894256847165,-0.0489965396883419
0.020379126530186066,0.08245581228709989
0.07222517964036851,0.02012737088766257
-0.054223847935392734,-0.031929872268243994
-0.0020463091465234007,-0.06783837625037681
-0.07195450358408528,-0.00029744127676101847
0.03847921956812653,-0.007862657445268949
0.012584623238211017,-0.05005461324935903
-0.06320655559998932,0.04135882311383587
-0.0561276226815494,0.02103800339107527
-0.06520606916611113,-0.061075043518219324
-0.004562963772984509,-0.06164364757003706
-0.08253151208560366,0.00030497774620319613
-0.057828396083607424,0.07455101588249678
0.08847061803967157,-0.007420986514060218
-0.026699760993802855,-0.045296733940172265
-0.03703053443144047,-0.019187797669893966
-0.08321315542346663,-0.02797733850696074
-0.007695465447551267,0.0037001289181798746
-0.04898639450543052,0.09666618990391196
0.040287554465494105,0.004880670458734203
-0.01748313322272257,0.024679717470316505
0.003238916557690371,0.00918287758105665
0.036510984129290804,-0.033560105015782646
-0.0018708364179497658,0.04713473153906667
-0.05541514984225879,0.04890902604724234
0.018120059051924632,0.1050928504024172
0.10906700462826285,0.004893030753913969
0.036700223811904784,0.11661133136761632
-0.03412002523556823,0.02483896310639962
0.015487119340392794,0.1045241813980619
0.05709379332739638,-0.00743020746109148
0.007690606943509879,-0.04224214679597429
-0.0505497157633755,0.024400408538277088
0.041938800258265005,-0.011561544234331532
-0.02759791960517058,-0.013382120262322671
0.10946188986515867,-0.03871290856459622
-0.05971680244050369,0.023719892518841552
-0.0011212741978588077,0.049715143680689314
0.06260768073791023,-0.06297330604355261
0.05643686082614337,-0.02296811943690883
0.07470066210822433,0.051533079949326724
-0.03340380463494242,-0.07269548432279786
0.07074801071891598,0.04230206168169083
-0.032400249422603805,0.04257434355786729
0.01808864711607532,-0.11829696548982635
-0.010761200767926532,-0.04044288303742934
-0.10624055554956188,0.05851738235331193
0.08491729900331181,0.06015197616036362
-0.03515840069591851,-0.027679574445540436
0.023227839882197024,-0.06608819005032446
0.05487485596291615,-0.04402337999145554
0.033751028461559404,-0.0327996406929026
0.06873091834111181,0.038902339068422456
0.05852428239117956,-0.10068339823905956
0.015258378861766408,-0.046446401786699704
0.10143119471888293,0.12116141474878714
0.04418385361765203,-0.0037456148940160135
0.052320232354895746,-0.043584348986123234
0.04201177335751653,-0.04244251719501646
0.03807509331121994,0.07785526483774204
0.06574743115210362,-0.06230748312019781
0.05434486506882603,0.051762669459134575
0.039794007905313844,0.10088195727868936
-0.014117256761757716,-0.08053458176763069
0.025207783642830005,-0.06318107056512198
0.04578700732013951,-0.0895705504344461
-0.00370166728156625,-0.1133852016578682
-0.0821771328003269,0.02201873737745394
-0.023403604333917714,-0.004640334739130527
-0.0424938831220964,-0.05336529767960908
0.07709645448313353,0.09682076398123785
0.016726312751571278,-0.014258479383542957
0.018782388936524064,0.019985590107604253
0.04045267123481305,0.01569104180258902
0.05303675696458485,0.06840746733709001
0.06935279718127324,-0.04120063043242956
0.08326153912517656,0.020921690290374325
-0.07635514244058647,0.009435130122786661
0.02325001155888784,0.012006205855222243
-0.043603640946704145,-0.001558425131771339
-0.03901802072444428,0.03173691678986791
-0.036047491506826956,-0.08185079796048209
-0.0395989146373951,0.05624920895014383
0.02361557881777316,-0.07129611737062261
0.04072727537783562,0.07225773718109134
-0.07491845243081224,-0.05926968582264328
-0.048732629774546454,0.005396205340133527
-0.0024529490092563104,0.03732355198868058
-0.012285377033792049,0.002690321421650705
-0.07025908129884371,0.026262823143880853
-0.030590235342486706,0.03612203926632477
-0.04531746912861196,-0.028452915545500404
0.08596378160981467,0.022188824257986257
-0.04608843894604647,0.034937282460389796
-0.04788286822640103,-0.07985517428065912
0.064282315373796,0.09463011612265175
-0.03686975860103334,0.02743521534418923
0.024832578286181815,0.0315957989772849
-0.07119339221957116,-0.02295186403208764
-0.04128611522277683,-0.051274215387701265
-0.02052076006711407,-0.040257792959541315
-0.020019141327160477,-0.057069426069983734
-0.02299935577708321,0.016286011349036542
-0.04110813196736632,0.010333128543784332
0.005903849503928919,0.013074296427950917
-0.08110063425628465,0.017917227649511203
-0.07422174480856833,0.04699724943559442
-0.04575496829650183,0.01850525409316261
-0.0989086847094739,0.02968482444309729
-0.00673330460703065,-0.037308235705819905
-0.06383887567572344,0.02061944921485319
-0.042158929102540994,0.024452078901881072
-0.06338279758575695,-0.08451054898716256
-0.002066619880751814,0.05879897196278878
-0.0030974534309809697,0.021062208817646744
-0.06537331834773479,0.06474340661454837
-0.004155446087002454,0.02126910307956415
0.06384793924060747,0.03428243653636422
0.029812222103064865,0.025746389066859388
0.007614224530591292,0.09282960117817432
0.06434625169096919,0.009437400102549986
0.028345799521843046,-0.02179542587946046
0.021369188337621595,-0.07099750066014328
-0.06079095328822575,0.007111817588713449
0.08894222273356105,-0.0813221702267836
-0.025410352501854035,-0.051394873757560765
-0.019574335409112995,0.010439523731873054
-0.02623251420485813,0.06262111068216934
6.8789842585295675,4.925661049649322
5.944818672792103,4.340425362290612
5.028780819673336,3.6729437517250894
4.167004452382541,3.065383114202295
3.6310045491312195,2.4896625926960194
2.879122706242871,2.134846951709203
2.2919509614899485,1.7037546454074382
1.902174827083005,1.3871251628914465
1.4067693891413773,0.9477772802130524
0.9703590015749868,0.6960985921660641
0.5626648285435089,0.4759127390425934
0.4444437934521196,0.2826223433055887
0.07341419716576564,-0.019908260382430633
-0.29980279027364487,-0.1621433194627439
-0.3444851497670356,-0.29180604472569266
-0.5783975066991577,-0.3047881208209303
-0.754271164332454,-0.4768316865953735
-0.8555419282410025,-0.7194178954502881
-0.9839949143167809,-0.7086580658888768
-1.0629541533445077,-0.784309113199523
-1.1240824972417518,-0.8787594708048638
-1.1723193951663031,-0.887811327468428
-1.1833515011500129,-0.889495927415982
-1.2466744775467145,-0.9790821411748982
-1.2705984435168105,-1.012800895542892
-1.3455501618734003,-0.9659409415835102
-1.3477952608243349,-0.9453493172610524
-1.2900046270073466,-0.9914917534965553
-1.2300989898075572,-0.9105312283351434
-1.2012412404494943,-0.9127566974704102
-1.193754804198125,-0.9355481396337795
-1.1544626838038061,-0.8146256405403538
-1.2281623544611424,-0.879290342850399
-1.0973272862449719,-0.78877545721399
-1.10079731012156,-0.8139289249770025
-1.080610379857301,-0.7584543839422572
-1.139797714159105,-0.7751722658163528
-1.0067700863795843,-0.7670957952605731
-0.9834346649442345,-0.6422545797154834
-0.9185768752825005,-0.692097271983811
-0.911197395269804,-0.6483725740541268
-0.8682626656848627,-0.5645326734369243
-0.9078771782567895,-0.5225007072279969
-0.7409166554777172,-0.5576910957250157
-0.7424279159004106,-0.4970778429159548
-0.5892952701005656,-0.5007317351937852
-0.6833917824786245,-0.5321209948142585
-0.5715300949207581,-0.42435913065212155
-0.5702118468379235,-0.4186681205325598
-0.5734274425852167,-0.4611354377448017
-0.6057519059848827,-0.331388300990555
-0.5552291680695906,-0.3335092843519175
-0.43818456064486083,-0.36087770263486485
-0.37210847263805535,-0.34841658794355457
-0.49311363396964586,-0.33281587009439867
-0.393144721956189,-0.16203072023682513
-0.2940795931787134,-0.21147818426368553
-0.2648915864874891,-0.24567895996801553
-0.32978541626975033,-0.2946069532090268
-0.4600421645964564,-0.2614708684712113
-0.2587371293961934,-0.23589649406914148
-0.22796095765256918,-0.24125914907431778
-0.2836151659579934,-0.08795378014814006
-0.177900331161649,-0.1651252439807562
-0.21130139759347946,-0.20540280962469235
-0.14131704168299253,-0.07696765092675656
-0.20636536726184565,-0.14833900862385316
-0.2047985349581518,-0.12867549525244049
-0.257712207350089,-0.12655664705774827
-0.10283468809507573,-0.10661841040451996
-0.16665225994214808,-0.16311276348629428
-0.09656261436473423,-0.11343435132920807
-0.17637134289155076,-0.024683965432432314
-0.08882587523248617,-0.1743581467473748
-0.10837775136880054,-0.1683312614588265
-0.14396375423602648,-0.11223219186826185
-0.06349815440399813,-0.13492905748803255
-0.12908585058893568,-0.06108466785904316
-0.14105385296068554,-0.11265164925755534
-0.10417789646194062,-0.12540375542607896
-0.1713500510094993,-0.004403231074283281
-0.1226780557708506,-0.047756570382735654
-0.08669310539427923,0.011589975319072479
-0.044870049925347634,0.020373729013364344
-0.06001288837465535,-0.08208597269529061
-0.09925515916329872,0.007274492825453303
0.02255355544472641,-0.05033253613454571
-0.07350241453640474,-0.016930454963053843
-0.12110157734444443,-0.08971279196225722
-0.017233064420850847,-0.047589182143994505
-0.1521982031864907,-0.020386902023420785
-0.0785330093795862,-0.06936139231572397
-0.09742572761468547,0.06686341381704697
-0.037672530614770425,-0.05050000326967351
-0.033827586713671615,-0.05729182094120482
0.013874997796188268,-0.13019432799214353
-0.01604330898506656,-0.023538544144722166
0.10393731663777098,0.004310747799929458
0.0015589090620512533,-0.0005078334272790538
0.02653560829221347,0.02192686153905032
-0.039891692782888635,0.06296085999679794
0.10809664195293098,0.10320348593294298
0.04577368109220559,-0.03216663177503612
-0.04619686199498387,0.022346657405453225
-0.002520402806319432,0.06438498849413407
0.0127333468996898,0.021547468834854238
-0.0532974778269704,-0.0436332730279641
0.012055766020469767,-0.013250880553157006
-0.01523716854161891,-0.0602534776599879
0.012144608592297962,-0.04090163184272027
0.060410811491878144,0.049290885363514905
-0.09259945477400411,0.0878905916002813
-0.041789191837820025,-0.02800609188260953
0.032002690826826684,-0.04620994624552773
0.04365967345632382,-0.009997073130860823
-0.005195670767234993,0.024144590835059515
-0.0686420681413556,-0.01500262559667192
-0.038775002292160424,0.033329625431539014
0.022240592533012506,-0.058616623821173025
-0.026597139307122597,-0.06994888737915574
-0.015250081365947856,0.022709027088206532
-0.03322623779359879,0.05804809418160667
-0.00320725705180519,0.019770880565055052
-0.001282653907366177,-0.028047642915801533
-0.050593764087074486,0.11678281140690283
-0.018428164191056348,-0.013024374594593054
0.002603355406649889,-0.08805896900067182
-0.07823855594976245,-0.11038177153952532
-0.0947841836214397,-0.07066726546489782
-0.016198797721342452,-0.04278977585503205
-0.012128602402026446,0.00818189934329449
-0.019302926026433104,0.007658659134967062
0.06706772699698903,0.1075111482916434
0.07848240842021964,0.1043415814206434
0.00039726932380047385,-0.07322720011252534
-0.002140621877337651,-0.05396024692166168
-0.000648102624421474,-0.060607635506470726
0.015521873671073983,-0.041117464841639646
-0.03090172311566959,0.060299978400237625
0.009695496025287954,0.0017135973670493621
0.04232683893817115,0.025089450961524484
0.0433444545211981,0.0025478022382360316
0.04456810997391802,-0.06876079106203069
-0.00027436094897197,0.017100484192554208
-0.021784102056146122,-0.009387330886335062
-0.010133767605283808,-0.011589995498983971
0.04656021910042313,0.017409888439161383
-0.009825742942551506,0.05721200237539377
-0.025581626130450695,-0.04533955051239217
-0.011001098475254937,-0.1574431638183304
-0.06339891647927154,-0.07167459310767876
-0.009569656720268362,-0.06723211215673254
-0.03469914719358878,0.020946178524290083
-0.020810484659046488,-0.02034230113522468
-0.06658828354990036,-0.05725507582362786
-0.14385175653081994,-0.016174162746486545
0.011270289078733176,0.0144684691055397
-0.0601172733265103,0.009471927425333473
-0.007309651186978029,-0.006672225866152464
-0.023556959804070368,0.024467348835474904
0.05474827788272898,-0.07587612421824921
0.03995322250784423,0.035202618280995926
0.11247140773037083,-0.005746089063441585
-0.0006056700887920805,0.030414591314263204
0.05156688672902672,-0.06572875204964701
0.031500297743672044,-0.04790311795379962
0.011902898973596237,0.09657434738291243
0.07072641916353584,0.058232442419944304
0.05300571625655629,0.038204520840413723
-0.0188647867015725,-0.10910730799699578
0.0201361351243803,0.008573542040960122
0.011579323131555111,-0.11744460111048967
0.04162030925574102,-0.0396208222283782
-0.1269188469704609,-0.05102992368863355
0.0288668774315567,0.011448370999259974
0.002190130811542134,-0.03448049754361928
-0.009686141701868597,-0.02443033473902384
-0.031562818292942905,-0.033946105592832516
-0.006908784423967099,-0.02821172402664655
-0.00206011604762708,0.03142641592001555
0.00953482453657499,-0.0014442926617249264
0.050537464847011736,0.02615466216749537
0.05015362064107698,-0.03318033295713846
0.0005657775611552698,-0.007218512670784272
0.08525460269987822,-0.002613436994172002
0.06890442605429559,0.11739940421664549
-0.04485115732957697,-0.0524331410097798
-0.0827096760304769,0.07707229827519863
0.07197396224783609,-0.03106666741606924
0.05877667774745731,-0.007281259692941966
0.08616485768163516,0.021645338415118325
0.09708577705986925,0.018457298140499366
0.07066664189900387,0.036674439736177254
-0.006913854565262632,0.06793857981833148
-0.04851299095762166,0.03302370561382324
-0.09455264435047095,0.013015747298004159
0.041606660855474625,0.04103142839769691
0.013880251166116644,0.06347646652667667
-0.05525742237327447,0.057479603232176955
0.05266430590776995,-0.04056617828055853
0.019696397100357223,0.05945592441268098
0.054891295925794545,-0.074288554515883
-0.021613138180676218,-0.10078285651443995
-0.04060262358228667,0.040507129522752
0.08202325204479491,0.11944137454134376
0.02738486312272173,-0.0521392611914805
-0.05670592755629482,0.1198580465333614
0.001511105855909389,0.034071630343500726
-0.02376308255701167,-0.058100490212262663
0.017121473389717378,-0.04649850866982778
-0.09007475466582916,0.06853422635739911
0.0504911672297709,0.04161628160320883
-0.05462510202854949,-0.07234256757985441
0.034782520164848646,0.06186537423532504
-0.11234080101285385,-0.02353029715926079
-0.009813451373894055,0.02612796999873319
0.013709496236637166,0.006379919557777281
0.009232486574353115,-0.07860775764064058
-0.08302186803675139,-0.05027835996075784
0.005645201579980032,-0.053780003854465956
0.015082485410009169,-0.009568747776028534
-0.057018783128116896,0.05049801148995173
-0.0419089929172094,-0.04054036853592414
-0.024809555962537103,0.032499929056553266
-0.05176146466917246,0.08072150129398778
-0.14200891818529068,-0.07565281410064498
0.016575060681165973,0.013953953550550695
0.034929059921047695,-0.10667036157477967
0.005016123687241244,-0.0021290481613579085
0.0324080177113671,-0.07207212151021306
0.07004031039993297,0.008381665326101686
0.03001620770879115,-0.047212728231693916
0.06550461648702588,0.006784992572712935
0.01566866885043736,0.06538657336128482
-0.06660831944825367,-0.03890770336400318
0.06985038133631814,-0.03535815372503079
-0.00029502755000054273,0.07891631125806127
-0.040350517680625836,-0.0926343767325845
-0.015773770663332083,0.049570824935448767
0.004005954143649088,0.001487866743535373
0.07039903069577079,-0.019731111248355367
0.03744133531538342,-0.0372734024761765
0.023197657062909233,-0.0185969677260818
-0.04599713167633688,0.0019838845670403643
-0.011062039581801332,0.05075833086717986
0.02880984232478133,-0.11331925167648742
-0.04718267874718409,0.10108948311747354
-0.002746371756060812,-0.05755643095264573
-0.029676599893735525,0.025070693375152567
-0.09418240114560553,0.07796021460140809
0.03133512957223103,-0.035871835100682585
0.047020688520170884,0.11899458182772243
0.00486860133889312,0.0372452589857348
0.10195864507636995,5.996342811991767e-05
0.05323658829926863,-0.030958385564809295
-0.02686185158531911,-0.03239311137519861
0.04452205275034045,-0.042253660549854535
0.05042391858631699,-0.037750322373679854
0.03914986186388289,0.00019367713833984626
-0.03630714400647106,-0.02478572426198152
-0.042489099050036616,0.006440554301544511
-0.011069190887836401,-0.031964441673510945
-0.03910321004683505,-0.08601229422736369
-0.058286660672306964,0.10134333167278903
-0.03966597254575038,0.04688640678402065
-0.10462736425478085,0.03703349097208662
-0.003069439447907928,0.11424455456478409
-0.029636821575512437,-0.04057266936675291
0.024873424033978225,0.022471031160047988
-0.053062475922509025,0.02821248527676566
0.040841989478926484,0.01955053270262493
-0.010079151087914759,-0.06520905696898438
-0.04778581985891227,-0.028442659920272954
0.001347360429957492,0.1513318379035134
-0.06338721749053809,0.01762730086153665
0.02140975675855803,-0.046599072908435735
-0.015863090331206958,0.06689645132059102
0.03498483651393464,0.059557345827776706
0.0025976981750777733,0.04298983069696658
-0.09008209836459491,0.05916187765291576
-0.14310747311529526,0.0052532054916811545
0.034735930550785006,0.008196069763852166
-0.03952164152636996,-0.011108175801805219
0.08394222598209194,0.032073141185627915
0.029176616110942164,0.03605481113331295
0.027672295587137907,-0.11313243344007422
0.07682268284633839,-0.050844910156460185
0.09138055100838634,0.04530848515369322
0.0900275781440709,-0.05244057123339704
0.06720832571434636,-0.07790324351893445
0.04007966429538497,0.011454738631939389
-0.04546315894451794,-0.12864427403923354
0.005504219574742026,-0.06377015343488741
0.00160479229648556,0.053156761847011826
0.047550154495476366,-0.05955067039486332
0.016329074493576165,-0.009165099794698765
0.027373982607168904,0.0027782941571086878
-0.055364104954300844,-0.13664615930274782
-0.014020108572986764,0.03206472234478071
-0.04425975725721786,0.013820698778222293
7.191015981403071,3.398623755430595
6.145649191158414,2.9543463486963715
5.381093606286494,2.463599920365356
4.419910662602566,2.189171658493548
3.66343653500125,1.6880400841769911
3.0540314019490067,1.5164085206230375
2.4336037881992394,1.1741231720010314
2.0064065820939523,0.9719506451944792
1.449077163805159,0.7040198218614794
0.9175134503665023,0.5672318413074939
0.6740416994776094,0.2903684009256234
0.3712183305554222,0.159388195578125
0.001908656948791422,0.03139963216326462
-0.266219372758081,-0.08947285713037871
-0.3798446097490344,-0.09384705441855226
-0.6157734851469574,-0.19265976770403967
-0.8352634903422571,-0.2699239136095223
-0.8073308315172861,-0.4410388623904312
-1.0098594014013922,-0.5113623271456331
-1.1377910506382523,-0.5047317298721419
-1.1477350920459874,-0.6161947712745656
-1.254851290802352,-0.6010068765526004
-1.226994692462387,-0.6084472120799135
-1.2983005806907233,-0.6619063020942636
-1.3059785704485698,-0.5989891227540478
-1.223270689811106,-0.6713043587363904
-1.3841189625167547,-0.6277535397521798
-1.2880367917235889,-0.5561921058480499
-1.2495111098341618,-0.685184925033224
-1.3219024505927397,-0.6431957505635887
-1.229171289024112,-0.6381789928502387
-1.2396458508636135,-0.6496463659378336
-1.1989345128708397,-0.5852273636693646
-1.1383492639718997,-0.5590078211618958
-1.1227845427312246,-0.5977148194529347
-0.9787381590904277,-0.5466313800685174
-1.0842720206958836,-0.4964634685179544
-1.0715516585368192,-0.6122816395940218
-1.059429601942314,-0.5730298413081689
-0.9730623948343154,-0.44228643692074043
-1.0146986200470471,-0.4323940666027545
-0.895226886080927,-0.3591290690729635
-0.8306212331877578,-0.45331940978816004
-0.8543630472808151,-0.41918603451958736
-0.7213860191865978,-0.29826218494413237
-0.7432260288402135,-0.4422902806036947
-0.7496126880932803,-0.2911777380057815
-0.6598669886127045,-0.26627285016982144
-0.7396652943974531,-0.3903551631736342
-0.5556848206617151,-0.27525454790623616
-0.5522911602275036,-0.38555859699015604
-0.583592154036541,-0.2483588733478878
-0.4851111983791327,-0.20651436762232478
-0.463434515397763,-0.2498155999383711
-0.46775526158650726,-0.2338259527353475
-0.43924488571004605,-0.21976496972575982
-0.4977035792746972,-0.16257062777548192
-0.31658958456785663,-0.10205900305986466
-0.3332581368207289,-0.2548457242655949
-0.32223767443413887,-0.21492587502093344
-0.30839258815037557,-0.18968719329007064
-0.2900768457010836,-0.10953326578369704
-0.2532345508095347,-0.1601606546749708
-0.2268878833872527,-0.17814183973904232
-0.305088377082911,-0.15733121010031006
-0.2531831423361832,-0.1787415271283916
-0.23555919038608658,-0.1155157044650261
-0.17446290103135184,-0.16369916311241683
-0.1835618568326554,-0.16236668167960577
-0.21069181412064686,-0.17712315442191726
-0.1277390682788618,-0.054926440696468085
-0.1899375116270277,-0.06756991503435383
-0.10216489622365915,-0.08655955302445946
-0.13855023666605326,-0.07400281948042192
-0.2132519056850289,0.0068221987230008135
-0.12664745657970142,-0.08829659788233482
-0.10347130985736516,-0.08148600372318372
-0.15239668132640405,-0.03522404694777573
-0.06021547485096797,-0.07017986733935706
-0.21177318230028952,-0.0814988041722447
-0.15217227598314365,-0.0018926619011989249
0.03162833760847264,-0.09003277820986436
-0.07129644562026247,-0.0739199314622072
-0.04283379073878316,0.02751206457341109
-0.04410844048326756,-0.013615789707114245
-0.017442795328397945,-0.038046610942359935
-0.03490709166790235,-0.01913505288123945
-0.11449860429810083,-0.017715599081343986
-0.0051812041682558485,-0.07370598523757435
-0.08954110082889535,-0.05895875278393553
-0.11470814125584097,-0.09397205791354792
-0.04472107073617632,0.034579778874940084
-0.06069521922037681,0.059085824802185195
-0.054555263774139856,0.00790315444676265
-0.06344861277760386,-0.010293863369604028
0.055109303494151725,0.008487532435584838
-0.030233842549890616,-0.026469529084032096
-0.022534539103903316,-0.05625104398058355
-0.09597485747790047,-0.12160248581743445
-0.0018649807941089579,-0.04617517949923762
0.06578280402876768,0.043812876874786834
0.012586847211656402,0.0014952054919060258
-0.10528258546360511,-0.10182060587599083
-0.015722340085165487,0.06994497239852059
-0.03909443260530274,0.03581962805605517
-0.080086921206022,0.06478908717724136
0.01949808192332056,-0.024238332544170536
-0.0019207090238094991,0.045565261131397514
-0.0779784346357779,-0.06114505160609431
0.026090996302195343,-0.026464940241533362
0.0565768757333367,0.026278958319490547
0.028247661279439916,0.022012269408210265
-0.015844287124954663,-0.04253060204801824
-0.12871988358114295,-0.0015910881954827021
0.032539989538417476,-0.015555356405075226
-0.014153577793139763,0.07806606861049895
-0.008374334521535767,-0.05075714242972157
0.04460158851635235,-0.08037379581665696
0.03768419143081052,0.007435256023348376
0.01241139188217077,0.01647409918185393
-0.021590849498716508,-0.022358942430740637
-0.04212092002823164,-0.010587962819276526
-0.05292801008375383,-0.02608349584467754
-0.011725176808848829,0.012124529409360475
0.022742948336509586,0.03442181833479148
-0.0672069379499521,0.04374494449849123
-0.0034277523348433536,-0.090659016455079
0.05337683658499827,0.08297496449952056
0.0787412049603836,-0.07297049750013333
0.048488882749129644,-0.11573137579284394
0.03894107208709609,0.0012565383844333439
-0.028563257833141745,0.06183588008949004
-0.007092757369468534,-0.01238947083426508
0.028073207347784773,0.09161515078168597
0.021694635601120796,0.08397435703854997
-0.06522501415811723,0.0178853893252221
0.04424625508560939,-0.050196460204322904
-0.04095076722373975,0.015712227899064297
-0.08785140891942458,-0.07349170170980825
-0.014336002046255143,-0.007845012013063415
-0.024389344886685635,-0.031561535380831396
0.0010170701498327193,-0.03039287539065426
0.04297244807662508,0.0421618211979792
-0.029376678991862186,0.04773409559223151
0.029917963103808412,-0.017335351414630454
0.07525085512193738,-0.031589295507972764
-0.040862584702747506,-0.02680887175572233
-0.019617719995684055,0.05998549013531835
0.11774671933000866,0.04729120558030146
0.0066316573306860055,-0.10049810827730066
-0.024076675522869753,0.0880024290704394
0.041889805631247105,-0.09931849494328826
-0.11574737733126086,0.02745289172245301
0.07253033277423511,-0.0470191898855687
-0.004803382756736066,-0.012840818990540301
-0.0004991609463305836,-0.00027025500030722176
0.028853179486924778,0.0869631624238402
0.026379641856365134,0.042156256190249736
-0.1050223853036964,-0.01988001523828959
0.019944589505450916,-0.027349629395680388
-0.0365252721516956,0.007180925311861189
0.019817651786010786,-0.04783712550014574
-0.009756145184310642,-0.0048214618583610445
0.04662351667072518,0.0337884961150206
0.04617350379937221,-0.010172355176410007
0.02980033321411342,-0.0720615205221714
0.051621730349787384,0.09933347236348852
0.03766206299324108,0.0881867448292713
-0.0015861191136160979,0.014621445482712376
-0.04583131057714333,-0.04825307734345369
0.021745069394745572,-0.01976554697701281
-0.03349438588748098,0.029889148869585252
-0.018691595559360133,0.03824503925246313
0.036657732945330396,0.028226618728375362
-0.09664675561168523,0.03037659917922733
-0.024629961399094208,0.024643336941748896
-0.06744425750907393,0.01947919887819085
0.016830543451568925,-0.017683080589041934
-0.013082432722126319,0.020136419582148884
0.053432021773105395,0.044220084372850584
-0.04198891843229175,0.04074740846283326
-0.021835433922479018,0.030538415050664326
0.0046709341763651185,0.01927457836947604
0.04188113357728808,0.12340022338134203
-0.04508272639158881,0.0696711990989069
-0.032399092732860076,0.031440367926260177
-0.04950918016959047,0.020545941581862487
-0.007493285005047503,-0.015895871438631963
-0.04039028237962295,-0.007056353814818719
0.057865740747535255,-0.0005723573191160798
0.11555821971410929,0.14445424302371518
0.011399522848490544,0.09233027853599524
-0.11289530193834965,-0.034111539335097
-0.05010830542129979,-0.029387220035798127
0.012412678257988485,0.07712780772429058
-0.09859453812398088,-0.030063327742306845
0.051375928714017194,-0.017001396333742418
-0.003963898850971509,0.02736191225690167
-0.04704303455191438,-0.011933020778105315
0.0033104042150030946,0.03003165631361284
-0.001157169746758448,0.018837158809780798
-0.10908017867562007,0.026678085660094157
-0.007466437886917536,0.06083429209437316
-0.0010505790352682539,-0.04431046576842357
0.07828943138272006,0.00012207191349713348
-0.04650026073822298,0.07568388982216337
-0.043106337907311734,0.08729298573949636
0.051345846759877065,0.07037928256348919
0.013018070766594142,0.00319730070001574
-0.0728111134016671,0.032107990854665175
0.09520282862718378,0.07638848464671684
-0.023114544973060647,-0.04574155270835572
0.06066264395073863,0.05883388079030437
0.04397246355894449,0.0060412175175936535
-0.0006335844673621763,-0.085804945687605
0.024134861408747734,-0.08528079884566245
0.013074611811342021,0.15912147711206012
0.03542968541824839,-0.032275801996777514
0.04660380972591824,0.10023035443850717
0.0540190817340223,0.07329292857948162
0.0409256507823201,-0.0008133688136166628
0.046376130829063715,-0.015522719277338688
-0.04371663476201336,-0.02026073813785979
-0.011843399238200344,0.018131843960393534
-0.06204012044534386,0.00368905566133345
-0.012991038814566263,-0.12680961530576806
-0.017072008653241637,-0.0705234283874516
0.007081672889864419,0.04127219146091922
-0.13572663052363237,0.008199750887693123
0.03542332228139263,-0.058676911464245717
-0.002934041021194451,0.07402090156822556
0.08940471813574605,0.02476876294523884
0.01766062235701596,0.025962248737427997
-0.0746393393326561,0.13379777281973787
0.056335552440047704,-0.02294922022649089
0.012886062651064843,-0.0046234013704311745
-0.04182160406451661,0.016013998049911007
0.014925792407037468,0.01622719148129765
0.13205668736262774,0.026654208669045
0.059091312508694455,0.014757785409639342
-0.011823069564436996,0.0179960010713106
-0.05766452514881454,-0.006827134644623745
0.07229742748163848,-0.060196314590760636
0.05959770498693697,0.06308832852954396
-0.05812229340590784,-0.05459756550828411
0.046267012859769155,-0.05219304972784496
0.04347095651161806,-0.06425539404065761
-0.03942370671732065,0.023753538521975294
0.0908125003261834,0.08927629282713309
0.0015160778846388685,-0.08204064298136753
-0.043117514849667624,-0.0205622522401595
0.04922521562875766,0.08906142191068543
0.06414690175184809,-0.025261972082340368
0.06331989294922333,-0.0634891984579303
0.015707333185500244,-0.004392555578729878
-0.0625060624302536,-0.020402139131651145
0.07145017961086385,0.04435719891043305
-0.01810247414850507,-0.03915725168914876
0.009159005250352872,-0.05009899070182683
-0.01082833844418428,0.06607161128970081
-0.09289991479337523,0.021509860559390546
-0.04401355158618472,-0.0673723526296807
0.0010307403521960957,-0.00048284913700672935
0.03359197177454187,-0.05093707098175151
0.09294126863836022,0.04866835526697806
0.09376142317340769,-0.011488875770696148
-0.025931934745039,0.08889670757616235
0.060723305954514306,-0.01939540319388939
0.0072375250791372955,-0.017954031163095446
-0.08297787427942226,0.06520820748782297
-0.01798040153052959,-0.0553353507956931
-0.016304213648814885,-0.015053020657458078
-0.08521501977164306,0.005777371499202823
0.02153468276960642,0.023389035463539633
-0.0668376078833639,-0.007320324681060863
-0.04307091112914928,-0.009023285434679989
0.04439082848663267,0.0323721845564882
-0.01875083266866694,-0.07681213706925125
0.015010965950159369,-0.011609496773034144
0.059788305880229466,0.030478149899695023
0.0933362384486116,0.03015941379288636
-0.04747686150440138,-0.004631739175715048
-0.010237340978351234,0.1419817187655111
0.07077868472244253,0.04621986833334141
0.026913336230254593,0.0981875825130934
-0.16781533414940988,0.044475583798924086
-0.029748158667694386,-0.020820414125325912
0.05332606991590148,0.05393280027171361
0.03989832242401242,0.0823619761680141
0.06105673905636315,-0.055510975463053884
-0.09245250009169055,0.13108109135177584
-0.04718461589138353,0.015711388805532814
-0.013762264292286167,0.0699365148719122
-0.08229025246167973,-0.027815536928609847
-0.027042179769518594,0.019855007551624653
0.07407238800964722,-0.042140345933488775
-0.023797666787104065,-0.04745955212977279
0.004402620633104943,0.046798882827979046
0.008262435766093534,0.039949566961927085
-0.007522464729957218,0.0847977787337712
6.088599661635734,-0.33356161725716105
5.174105658932887,-0.3168074280250064
4.412237067039633,-0.21795253456169336
3.6595202662136197,-0.15747803814575978
3.0890008569876817,-0.12541672529751818
2.5005463715983054,-0.15885143327438514
2.0431604756252195,-0.13431139840193185
1.5081359814742654,-0.08125065544130143
1.1904906782541251,-0.11131677193538533
0.882749500516565,-0.028826083740111804
0.5450235871893384,0.03502309876980916
0.2090494455724693,-0.0021721180369230625
0.06312349681144451,0.09076450078836747
-0.18168549309082918,-0.022522086342283025
-0.30511222825705286,0.038430606098759396
-0.4600258691306729,0.13263971763889057
-0.5868215237128551,0.015299027484847582
-0.7835978773736549,0.030065399015655445
-0.7890139697435395,0.09414519501974322
-0.8845307762873279,0.09021043751186111
-0.9627126900100651,0.1039349557389875
-1.0308213404443027,0.05544386411452277
-1.0431275873942774,-0.018922432937505146
-1.104815075198121,0.07609298865553302
-1.0838765251329974,0.15274250308232465
-1.0934487082296516,0.028831417817940658
-1.0115588101289592,0.029595766831240863
-1.1250873527716314,0.17717256740701398
-1.0055896837522516,0.1094450242999816
-1.1074368736598388,0.03189073723230369
-1.0994651760664254,0.05391737798298808
-1.0801978278736626,0.11857806879924203
-1.082564692748625,0.06840616662504802
-0.9486152981871001,0.122637603292158
-0.9525499516064214,-0.013229443493120288
-0.9708017329897419,0.12749023126188846
-0.8958560680335741,0.04834685151926334
-0.8347358247585912,0.09029980416781454
-0.8880539090787042,0.10722243140175025
-0.77453010024584,0.05219480334605973
-0.7646869911316508,0.04084445415047177
-0.7125130676603874,0.041204057591326726
-0.6921648817491094,0.03858043181566688
-0.6789081098850539,0.057356218682623486
-0.7101430981133434,0.021481730312114054
-0.586791436973079,0.07775422500267606
-0.5912412295864171,0.0008873421615914548
-0.5092655641174486,0.040306512317662226
-0.5792100019757509,-0.00965011174912743
-0.485766941955604,-0.09256468409196306
-0.5634603823154657,0.03748563721868219
-0.46239062570798267,-0.013417821429762895
-0.4927890261919443,0.04507165599628652
-0.498526493497552,-0.006000523530772255
-0.3404359449680304,0.07666552004250805
-0.28631062814268055,-0.011270609192591454
-0.3139378899866523,-0.015280705145020394
-0.30776175847442144,0.03099061758647722
-0.2948965342564285,-0.01958444422782406
-0.34880736367128407,-0.027288075035974663
-0.29136722831884876,0.13270559774870583
-0.2785697231616438,0.00915761103445899
-0.25294417360185173,0.06816042484925376
-0.1623779639294481,-0.027047968580013824
-0.0859248352386804,-0.07235938933983208
-0.19347845474837438,0.04281929066099191
-0.05892573859897421,-0.0495693532082864
-0.2189422219964463,0.03259028324443577
-0.11929047965051398,-0.013903594202934393
-0.09081729900606234,-0.07469818909848026
-0.09066186183382094,0.013285663043454583
-0.15885714872276638,0.05830734748668341
-0.022885952906541843,0.02355463178796581
-0.1936555823490585,0.10259612722314551
-0.05959824022198447,-0.003088011022959934
-0.08935481724923498,0.04865691203196594
-0.14437663053980387,0.044210740579069444
-0.07151392296887261,-0.017725819919790296
0.05380809233323123,0.06183967065500788
-0.04229061456907359,-0.011937329751017396
0.004854079875553037,-0.049111931084724406
-0.021156472254931474,-0.0786024661691789
-0.022350570534911393,0.062210144130157685
-0.02315440874736845,-0.04399593932491642
-0.07938143242071866,-0.02800878306748431
-0.049833903721114736,-0.06889970290980689
-0.033635060421097145,0.00040560708799935313
-0.08189742422384647,0.038524659535837905
-0.04221548270293876,-0.04067953035063816
0.05005748623702521,0.03130528905131906
-0.14452111936885012,0.005161092904036241
-0.058045858440007606,-0.0708977861709783
0.03603241670270157,-0.0013770578619917689
0.03142715162651569,0.011752986364398095
-0.05554803545529667,0.02795342495788342
-0.007773114761237043,-0.07366464690707236
0.035084576601558136,0.04091337675177049
0.007970823489177603,-0.003103179774858465
-0.03808716885269626,-0.023302483094276474
0.01100510534540803,0.006660421575524607
-0.00221670863460079,0.034702395367282646
0.07539688841477823,0.007315551926167112
-0.029251271992343997,-0.044970801041401345
0.06925475726805548,-0.0186188716582979
-0.017376811163385637,-0.022524209931365034
-0.07710637528134638,-0.045075230541853424
-0.09339630967080914,0.014225711674242764
-0.06190527127994874,-0.10854800858883733
-0.09638884956106192,0.027247912362528912
-0.04979570720043815,-0.03545387948290738
0.0493661563169526,0.03410782118966464
-0.10062992528481934,-0.07773431700190897
-0.006544435768108139,-0.11345992411823229
0.11008721780779739,0.04100817288674195
-0.004013533120859641,-0.07153723388417992
0.00973076581443309,-0.015505232542498066
-0.012968123617659916,0.035628869171068556
0.00819307246156466,0.06955605319694144
-0.04315263744326092,-0.06748034524410443
-0.017460775900123474,-0.01997542347084841
0.06106085651968593,0.004982548893144579
0.03317941709370473,0.08041007651002646
-0.005660126560797226,-0.036972378496039626
-0.0412008156010677,0.05775875673962953
-0.09547406739688921,-0.04509850077387194
0.0568431242236693,-0.01549368534490459
-0.03007207210432578,0.06167795656296017
0.033260555231894674,0.06340619597343006
0.024897306420084697,-0.011809076833105163
-0.013189239095164297,-0.039738872826437746
-0.03350066583520792,-0.051406303631991446
0.03233970916491262,0.005563129703838363
-0.021538560312757225,0.12625501022369368
0.0030598406158083985,-0.018270913929729474
0.046915463541041376,0.10302212171586919
0.029944501377499474,0.017412315349923962
-0.008239504064845925,-0.024544637195183842
0.05493863411209198,0.023345119066363593
-0.034985978656059624,0.0022452046019221933
0.00921095749311879,-0.03351828087526526
0.10250400495244867,0.11446310840203253
0.023379410587321084,0.05147109012350741
0.03615709663211227,-0.01668929201621587
-0.025592621349149927,0.04427400669780659
-0.052731762001455657,0.07040560987855038
-0.03323497248441576,0.00836345250269034
0.0776695186211906,0.05908706111814455
0.08045133297027436,-0.032670072216117896
0.006211762399420555,0.020516868079580298
0.06329415822410912,0.0379046746101326
0.05953159799926877,0.033080489998879914
0.03061258385722542,-0.035635660291672484
0.038168254280962405,0.07074631353398982
0.01892577179823102,-0.035693336224392094
0.06465458309705052,-0.07978659320930778
0.03836195026207916,0.029865497399478094
0.037738528986879606,0.000946628905469581
-0.07427326125194758,-0.02687915504790564
0.023460077346756397,0.02956888451361142
0.014885260573422451,0.04601656929600088
-0.015770353937809616,-0.08263833486314222
0.11956771937655374,-0.02826738874517327
0.01763451975811049,-0.00428102747079977
0.09493257162154127,0.021492998575407114
0.04758726360928592,-0.012818604058965458
-0.01832960077644733,-0.010159098512840458
0.008468411734560996,-0.011043539947159946
-0.10615090484467112,-0.027751320647265133
-0.09796449290421465,0.02047574137990578
0.032924792414509636,-0.015088015029766838
0.0513560903907374,-0.05683167982883375
0.1610123336622178,0.021175402816308628
0.06567538771938536,0.1476723601936657
0.04939240485404928,-0.016605898097588504
0.011268475859935987,0.06638305884990972
0.08533210118676793,0.06501849138663117
0.06741996522402868,0.03213377534044452
-0.06434206214673312,0.054736355453032196
0.05944600924895849,-0.04106844903097345
0.005226615933827089,0.056755134868092895
0.013316446334118178,0.06511107905206302
0.06225562075622794,0.049539100430898875
-0.019169496748323276,0.10588290825522334
0.015315509395122,0.05511139656605846
-0.00586436727868604,-0.030056702399776383
0.07157351127910061,0.0006939286867517457
0.03747377016620091,-0.08553975494165023
-0.015116020269086036,0.0733251410342511
0.07649197919587729,0.038849548803087504
0.04573409255241048,-0.030080894530093903
-0.025117061022400744,-0.042179210498832574
0.023516115718502435,-0.04087935871720168
-0.012721896478849946,-0.020740729291508685
-0.011889420825767705,0.015473865111702602
0.023854955284737165,-0.06695619232289404
-0.0687965578720553,0.006610303168288283
0.08150105597182838,0.0442894388165795
-0.016322333961717783,-0.03269686363569037
0.08266084935010042,-0.06417421891130258
0.05062810515118707,0.10089894559166238
0.00013761914762762308,0.026323836223025917
0.015384221370127103,0.03958827575063936
0.01830646549900876,0.021206462527188302
-0.03237653919046598,-0.08978146764637708
-0.011668501323179932,-0.03104296098604424
-0.029806908113476145,0.04343946784302181
-0.04660038042952453,0.0372695319970197
0.08501433740949525,0.00949354587858023
-0.033953453341575394,0.016758548661846062
-0.14273753721021987,0.02618494164059791
-0.1045302650809283,0.03877438336391807
0.04637559237237343,0.04028828730237527
-0.026574287079111247,0.0023164108260265394
-0.02519129056794801,-0.059921435436861334
-0.05087961597108284,0.02663823473148073
-0.04744122062115062,-0.04938005791609185
0.0440665475362668,0.02729962529476617
-0.02022397917442367,0.03403385648508174
-0.03569558900895381,0.022665694487257766
-0.0018390795061884874,0.02879939306571081
-0.06893112375820544,-0.002309370212159177
0.03706996546323889,0.08721983813074151
-0.014065912938017962,0.05139638375998709
-0.010226241251491092,0.042166753382356606
-0.010371565361815493,0.024243126984227488
-0.07420527764010519,0.05658051691939904
0.008683916517155922,0.029139720325923053
-0.01709484224608166,-0.010454539969511699
-0.009890188833840798,0.09173084256096732
0.10115423467421292,-0.009283693587209655
-0.0335977513225469,-0.007482191440957926
-0.08537177798491181,-0.01669697233328317
-0.09795197364051345,-0.09647038700004358
0.010850698170236775,-0.012318845447809531
-0.08674379199803556,-0.13290588038709378
0.05567356968035138,-0.0005883962496963935
0.01818198355039151,-0.01690262973090228
0.028253809786625526,-0.05667119285954286
0.05331246112426322,-0.1120868596177142
-0.11009241602831307,-0.022999330549853002
-0.007939329306609285,0.0008628179676731761
-0.037220981760763404,0.10176900658850119
-0.07727710718138588,-0.03960474542728436
-0.05185174768073685,-0.08874226492361487
0.009192487968828806,-0.02656126772831217
-0.06061637454229649,-0.039064642323794634
0.030336350092392488,0.08562488819269153
-0.03159179088399576,-0.025336425124540606
-0.012254121706121146,-0.02909140836545906
-0.024245915506640715,0.08525393939165203
-0.0030180341989195884,0.023439097858372553
-0.001986772497906221,-0.05774522855176994
0.12398463279205535,0.017514415520693997
-0.0014810765408328189,-0.03386790378585744
0.042028082890129534,-0.0199746257714872
0.02836637981716923,0.0639663515173782
0.08447548392725776,0.08961597405894654
0.09068082052520507,0.01972412990372545
0.028513742865773288,-0.031307143707521905
-0.025679030543175243,-0.014461829514756303
-0.09926332435954431,0.08186342033367473
0.06276262427501622,0.056240424778724624
0.006536172920063237,-0.03632963002311142
-0.08145902233357791,-0.04788464985960361
0.04382177247454781,-0.04589372769789975
0.018995624150649194,0.015743967729758866
0.011543089432038047,0.012483340985251293
0.002034470589006087,-0.07025432238926375
-0.007572914897323792,0.11335152310388927
0.08709768345681441,-0.0605122515317014
0.0028558557719259164,-0.07158614667896644
0.029447851871429797,-0.010185783382800797
-0.0009832942473270313,0.043284771903491955
0.04750488704178139,-0.06172417892664637
0.06893850712303548,-0.1156806459291185
0.07278810970097963,-0.11410321320055733
0.06974488149142287,-0.01718808040106824
0.05519111659060773,-0.09150853927966202
0.027298580466961913,-0.011575405476438027
0.035894394128680396,0.03025966666087274
0.04462704158532414,0.06496077345041044
0.09602497626553425,-0.055736049465403614
-0.06637900950371355,-0.0065714363258493995
0.03496855905320818,-0.003988392642951279
0.0736438159059146,0.09060477616631078
0.0644648676434176,-0.06422042363091716
0.09915003094992951,-0.023322987345318208
-0.06218374533399522,-0.04941319726744892
0.0881851895802139,0.03691500725980933
0.04486837126917578,-0.008415816344391678
-0.01909052698257549,-0.004096569831778089
-0.013338767151254982,0.044693445971670895
0.095503408822106,0.05032172829141415
0.09752178746322693,0.0264593559972493
0.03585371499196164,-0.04922453977839917
0.11446373579717464,-0.024861590514613025
-0.020962768657392286,0.06951928465156877
0.05591322312973028,0.014187663112600954
-0.015460916180798291,0.021842287685483484
-0.05931915282217807,0.025183251087829893
3.5372300590794215,-0.1889274946027952
2.980990433057215,-0.022237381698315517
2.567906444885236,-0.0652935413196455
2.2113710209572823,-0.07454998242713874
1.723044325178248,-0.08348730496584929
1.4898908823224226,-0.021771029778301337
1.1523910149760075,-0.08810314111782512
0.9106775818244733,-0.08544259574436422
0.6556646329830643,-0.09135196525803815
0.5239417449703787,0.03741992742890375
0.31047356481677263,-0.015593659784639164
0.1582396648968656,-0.0077830745906396145
-0.0645966935995188,0.028667298958063053
-0.04488826258484982,-0.003989162763478474
-0.2585714667077296,0.03498625914786395
-0.1983417104184833,0.03466132340317908
-0.46070034364421825,0.02009605771434115
-0.4271008538155362,0.09906883721747317
-0.5010507505922006,-0.04982375986136203
-0.5904307960563815,0.041645007407655664
-0.5830146943293394,0.0586853311220874
-0.6940968715691962,0.056937463510642286
-0.6493506844028375,-0.038204723410308464
-0.6065224932640292,0.09079044914343265
-0.6397944798806833,0.03258497320462323
-0.6249267986970486,0.06712735884240907
-0.6780894095291021,-0.007589870258331719
-0.6229203081389324,0.05244587994001121
-0.5748108194170851,0.06067622824762906
-0.6378574697085214,0.0426132191179015
-0.6155725408563204,-0.01197664244423819
-0.642556267287039,-0.019971029847724246
-0.5492622759886484,0.03482632595224951
-0.5356945476198371,-0.01399703224839576
-0.5407528295831795,-0.007957865074389172
-0.5129740931584994,-0.023282018151710437
-0.47571229163774215,-0.0030525076622066397
-0.4840926635142304,-0.04329562501875221
-0.4404971522519274,0.037522358658768414
-0.4359305979921455,-0.03943995401097464
-0.3642418810473243,-0.04902158880123676
-0.4321603189577523,0.04288842770233548
-0.4159237449219558,-0.08269947663895397
-0.3521106002718488,0.05308346889911922
-0.3742537292589093,-0.03439010759332124
-0.34330354040727196,-0.017854770811032702
-0.3120381105154793,0.05290637375833807
-0.33347150502248757,0.055703052829084346
-0.3542429740879726,0.06227733828057226
-0.3633458276560598,0.043332261231779454
-0.3107137699975872,0.007914832955028891
-0.36390698817813594,0.02265533330825873
-0.24019160078385715,0.02519501227713285
-0.2561826005873838,-0.06782065175062599
-0.24307825075962095,0.032893075575369704
-0.19017479682239702,0.01020717175791339
-0.2280116576740775,0.03097587138752058
-0.1427557600704837,0.03718706536897246
-0.2114841477131894,-0.009083017164051889
-0.12660797333330268,0.03551503749987826
-0.14514378553926716,0.03958424167808573
-0.10989285874974522,-0.05390629551511205
-0.032454154610192534,-0.0050696690550136505
-0.09980648796604985,0.00406144180222036
-0.15818215985613657,-0.01609406298455622
-0.0905561016485418,-0.05944501718337702
-0.03770603363407283,0.024143288564640236
-0.14160812120133984,0.01156140625840242
-0.04189614616985667,-0.02875913209123629
-0.16984934652696604,0.022341908938917472
-0.07390475119040062,0.03899795376478889
0.005479254973308693,0.036686076561696236
-0.002755078387157016,-0.013188845496089473
0.04499939509719387,0.11465415701584042
-0.029191257555436716,0.04733351883620368
-0.06692396021201436,-0.05806408778287924
-0.08242252345333032,-0.04447342247110581
-0.014640989964146929,-0.036599502885413845
-0.09957405539986598,-0.060470914968235555
-0.02405822493158999,0.025895939273503893
-0.026488289171708042,0.03081516570323637
-0.06565124565454061,0.09906617672695557
-0.061173025889723946,-0.032323628380560236
0.0030841396666176635,-0.029569864506100677
-0.05140633157084528,-0.02499394406048527
-0.004169786265061799,0.04116173674886289
-0.09181162128616047,0.04548071417905455
-0.08558420136997276,-0.06911321602352805
0.0004971622813624288,-0.08831149999710983
-0.04189186738830104,0.04236423781284662
-0.020932883727781383,0.031599553170660856
-0.03054238332315443,-0.0079723850955311
0.06814069295160534,-0.06094865527278129
0.1378190232675346,0.026396980799360432
0.01726475501526377,-0.0291970101788634
-0.02764121742177729,-0.0158150054044305
0.13567273398418847,0.04842564271912625
-0.021342279959454816,0.06104875609372933
-0.02181732287446863,-0.019860644354077375
-0.009992732985742526,0.09658162748251771
0.052140614095318824,-0.030713474842838914
-0.02820509427974786,0.011126989020103749
0.006590678618369391,0.048219828699684227
-0.10009888043106421,-0.008134236526043651
0.004012947519695621,0.06598623080279076
-0.011065731296712754,0.020827424078441036
0.07778864629058867,-0.03952248197999685
0.1714598064473093,0.034324088787632906
0.04610451748497177,0.022113019435896837
0.01905676703184212,0.003031863319310008
0.035243129885987254,0.055186043842080944
-0.07612543928220461,0.02233645938248742
0.02726922780339692,-0.023992816835888595
-0.01622531798581956,0.022109803573458254
0.025011243811154337,0.13400501226653946
0.008913232211275993,0.07766091831733751
-0.0643988507156189,-0.016153819463293723
-0.025668249987177802,0.03668301655638051
0.0038889749448086522,0.005794400779160642
-0.07014786791461011,0.08965114593981238
-0.037573572625783896,-0.018417622297601792
0.04434139145216212,0.015403985247067497
-0.037465382609781196,-0.01820494398204327
0.07456160684527581,-0.010068318754914443
0.11250451032020489,-0.0469162053558421
-0.013396168240437182,-0.0432142297528594
0.034808361590597,0.09386615148306413
0.0020560703333827547,0.011219642046702179
-0.030362958945062322,-0.06801886979887597
-0.023976950922585956,0.00047849193303621876
0.013623327695488152,-0.009950716336186959
0.029442285694409737,-0.017418643782605926
0.033106703049053464,-0.0017175964609478303
0.10246309173716946,-0.07020794414023555
-0.0332556576319593,-0.05888243593829921
0.06559811532738727,-0.0408681403342514
-0.0007604591375045373,-0.07050242911811208
-0.03690379736165869,-0.11998015880496578
-0.13538040889372707,-0.05213121073097564
-0.011417301028148471,-0.07846966177765094
-0.05017655691351338,-0.07669453960466097
0.043562389308366777,0.021045135730222098
0.01515565367347026,0.03330850505622067
0.01992332511156763,0.10272431033413522
-0.014996878323075086,-0.06862348939552225
-0.022011175499847043,0.08425910581575283
0.017295423369800292,0.0008751712416323297
-0.07156330838193684,0.06689576606040475
0.07142619945429432,0.012983433434268579
-0.06812711046688608,-0.1071458248005708
0.0209657185499159,0.02679400082397139
0.08230267152795465,0.0021297995085698953
-0.09538300574520633,0.046871804472564345
-0.025214987383814384,0.013928417332760986
-0.06600387417479561,-0.020634509004539617
0.032316942250862304,0.12080531209337642
-0.014392156744242404,-0.010029363532177451
0.023705028622514373,0.031191490950887184
0.006608319368697192,-0.01686960576871091
0.08409400899065897,-0.021056697450375847
0.002497748678405373,0.09748486707520472
0.02037747412031096,0.09929406393501677
0.08850734276448141,0.05057827872319123
-0.020436269672331787,-0.0702702626301687
0.08121225410118857,-0.056522067602735225
-0.026880567457100258,-0.050513892905500166
0.12281135601953219,-0.04647004011502117
-0.04017654700554373,0.016062317564086548
0.02463041799322417,-0.04747014475400092
0.07478380255619692,-0.05069678244227954
0.018415209667744264,-0.01069561557997578
-0.029465796298861206,-0.05818069162160312
0.05587136963745389,-0.031671568261423935
0.01009060255534969,-0.18030879955150206
0.042592365806109464,0.003222001617368581
-0.05398382271284202,-0.05535006262665294
0.09009333445734573,-0.03553782414811639
0.020840184734421147,-0.008888110359767465
0.046260662036530315,-0.052086446231284944
0.01823714202172292,-0.0037754143624178973
-0.0013601523541091906,0.02811299838209897
-0.045156084547080935,-0.04518483712154086
0.02626020236544023,0.019414664560008198
0.02144011201834739,-0.013194181318796488
-0.08046852049694768,0.054292238913312724
0.01616976892667963,0.0051407412338150115
-0.030942062200304016,0.03477670746644849
0.02838309309532669,0.015294494510344158
-0.0022487929458013985,0.03911755936526342
-0.11360839674368534,-0.009097770087403357
-0.015244993935245265,0.05826567679116218
-0.019926873574618083,-0.04385596287199621
0.02603850592774269,-0.008144799585458034
0.005396432478563617,-0.043879355942449134
0.05881259415965364,-0.11224296933552337
-0.036177395289702395,-0.01866432820675173
-0.03468764613275557,0.09260619221117872
-0.019548794641962207,0.0668343426003436
-0.05420976806152683,0.04612500731767391
-0.06064161279792274,0.01888018448499763
-0.09431743578960461,0.018608897814906836
0.029631218278061526,0.055719511778179194
-0.12157302373827984,0.07131259117643227
-0.0516983901175721,0.03514352883890631
-0.016628725641154384,-0.013721417058813589
0.06512006941439193,0.05439139530437188
0.10276037619581548,-0.00023868594781958213
-0.000952664930315943,-0.02628083897123272
-0.023981331573914334,0.1264595371977963
0.0870663554486607,0.0385609110812251
-0.025744145176337687,-0.01311170778047493
0.033447946052997446,-0.026550030539123328
-0.056711465912217096,0.05188019142402403
-0.019578163822340816,-0.014848866901043582
-0.043071869731957056,0.05256753226087962
0.11230421175681908,-0.01058515782099156
0.00631758282922942,0.060243156072784104
-0.021048545277026688,0.025723409851643734
-0.07367780229651491,0.05583141530021026
-0.011135330637579337,-0.0815360402392811
0.021590994106263778,-0.02818176375526123
-0.03665070460620837,0.026281844401535828
-0.0011973937040580633,0.0313549707751002
-0.012193000498951154,-0.04091214476313526
-0.015532061927077394,0.019381240848280974
0.0830677442640233,-0.05422777268701604
0.11439157625540206,0.02329627039045175
0.08994590466348995,0.0701919877367101
0.11787634456195806,-0.007980843754769469
-0.023482393220353857,0.1429384695479261
0.10975187277003938,0.03211745082088873
-0.008059885953902033,0.007540489767383474
0.02932028529792465,0.07737964221450856
-0.07270464324735505,0.06350474008762025
0.0536208233809367,0.014148108792763585
-0.013871119441364311,0.06134830764155213
-0.04316825838766755,0.0539042060967464
-0.016111518220694385,0.05431113428125986
0.11308549657441733,0.003404707600117822
-0.04206896323640087,-0.12646827713701092
0.06388671064652349,0.007684507569390059
0.005571836090989532,-0.0532670395881205
0.05036156887400197,-0.03469572128206871
-0.020016614660937803,-0.06416040801961043
0.09802051174127653,0.06923906023047352
0.015422982509009708,0.10074443107652435
0.018532182648878827,0.05318839798224949
0.0755513843654767,-0.03467773850029657
-0.005870739073373963,-0.049732677429787694
0.008980004633633323,0.05155009456256495
0.09400886829542626,0.07529355678980149
-0.10410432171463527,-0.012976714774991504
0.07008242911670212,-0.07947485729851321
0.008620878389660122,0.013003815567822404
0.10328259404256954,-0.04871461106984318
-0.06442878948096033,-0.02821479539650809
0.0199527609932263,0.024691368008884843
0.04089236180358606,-0.046964823900845186
0.019470588749055547,-0.07819406095156196
0.04753143860381844,-0.05485415122184627
0.07863124985531908,0.06124457654778166
-0.019122315034926743,-0.017028943394671706
0.07014555591623486,-0.09280975580244144
-0.0017466265588545228,-0.1131990248509337
-0.007296873988699125,0.0202528253307542
0.010924574159648192,-0.010968405200666009
0.03167296126526353,0.018898685728833194
0.03790030931778868,0.05071874585676051
0.07096646677828239,-0.044428784097010884
0.10975542219159194,-0.00787355271899011
-0.014373674363869798,-0.04417806033024955
-0.08665369122996852,-0.0032061184430233515
0.006705883933090235,-0.011484664701943962
0.007515472291880258,-0.07710960682979735
-0.03083025007939838,-0.055106147449166365
-0.03352889137288018,0.07473451428908717
0.00973173985916078,0.07952167011002548
-0.11475942000208703,0.01843616989553964
-0.03545172328555248,0.003156090801945069
0.01618330447763286,-0.010083959079436856
-0.050064395580132134,0.09508157703861356
0.005071325371108923,-0.026978531386268177
-0.024848850100585858,0.005954810759580202
-0.04557038302580041,-0.036826526499300884
-0.11818923758697596,-0.07251379886215588
-0.06336487566331057,0.013604190743198501
-0.015598334295360856,-0.045772869105005436
-0.023412492309865626,-0.09578391181082278
-0.09742578036369565,-0.08806046742214212
-0.11711412153427658,0.025755650024671055
-0.09182027065303172,-0.05205239456287674
-0.0725116380275033,0.037825905979849354
-0.06002940496404959,-0.046163612255272116
0.03371474129656496,-0.004283461955791639
0.08177297170431566,-0.05062814663736806
-0.10176498693115239,-0.09121005994791484
0.02100270811478814,-0.09647744845413325
-0.024419608711754196,0.014371596216701883
-0.10129737926311663,-0.0246511821796044
-0.002143628696849989,-0.044928413311792204
6.286795170694704,-2.7190843152025717
5.340404237057119,-2.385998878867614
4.6436768340600585,-2.0132862280994996
3.784449865416727,-1.6723754285162693
3.3118108018203016,-1.3936836522871185
2.5360524963788595,-1.0522953442382688
2.0435785584587616,-0.8989970958812232
1.6371156101332365,-0.6881827002824991
1.2693747687275612,-0.5317710164203622
0.8813762256821541,-0.3779292546333347
0.6350468982825453,-0.24240171170253752
0.31353528165427746,-0.09255342187359156
-0.12561183586352365,0.04793330801468004
-0.14008651143274214,0.1435337080961412
-0.34168294055750326,0.23032413249575678
-0.5487021411120296,0.28795800493020285
-0.6668906699551973,0.2375560247422212
-0.7355345172524673,0.36231603963321357
-0.7936484959278111,0.38623423854030187
-0.9504951060382889,0.43163982504673987
-0.952179863869814,0.46300029077307514
-1.0396518406025497,0.4325475883117864
-1.1065923566623614,0.4787215760447016
-1.1310390811621005,0.5475792824311632
-1.0969606930277347,0.6303528009398393
-1.174304513174202,0.4676150257790033
-1.2240786372602444,0.4830439900553334
-1.1825031413733103,0.539003506141552
-1.1312256169594768,0.4435103612850916
-1.1519053518231575,0.43597277451074085
-1.1361010118518227,0.434799962397475
-1.1252936592705771,0.41602240829495857
-1.1295242003606556,0.49631399894860856
-1.0228844502766574,0.4017827904531253
-1.0575203936537865,0.4003941429264649
-0.9552472580321972,0.4518355071644452
-0.9794508213630526,0.36285896515700483
-0.9167310435708681,0.28245298001312824
-0.8605399954545666,0.3840896864215664
-0.8454820836159475,0.4015942490441965
-0.8831642511582275,0.3324288045695081
-0.6459402612250884,0.29621868839118504
-0.771004897929352,0.23453979382317303
-0.7093782872770089,0.3738795851746361
-0.6350171209069363,0.24905187542908935
-0.5971300665961191,0.33191010108166924
-0.6186703941283007,0.28951851284170654
-0.5752057197595553,0.178672687112093
-0.5001814548451677,0.2128727776663853
-0.5187796610461365,0.1863015034754098
-0.5090438524207661,0.1880336215294667
-0.3745021884519464,0.2141488659387517
-0.399666429826862,0.15884399568525767
-0.41844305402658516,0.08864785147746874
-0.3865961729646242,0.2538743006137891
-0.40870876186485294,0.15415682864663025
-0.289312368300938,0.09699321414588927
-0.351769337439768,0.10950093787523035
-0.37603368223952255,0.14579030697745954
-0.28549530582855387,0.17152499261886892
-0.2669246215527212,0.1454906852568587
-0.27741406254986756,0.03696276604972438
-0.23578172103613976,0.1025418873234358
-0.2651452452811677,0.019639458906218765
-0.2505712305335012,0.11601256249932021
-0.22262312602222575,0.036542530119898185
-0.24710599576410036,0.12158948604014005
-0.19988257782564392,0.0035612624530904913
-0.21685060320396576,0.0665509748063249
-0.22658317115928467,0.08323320181083203
-0.15483528299580424,0.013013419172727005
-0.13664664718246075,0.06239034360689168
-0.15295480547947218,-0.09507838246781888
-0.12180772768834063,0.03354031515026955
-0.1156355561940141,-0.03647503750477162
-0.07450134460362315,0.08606457036254972
-0.16992865732526935,0.0028311635754985354
-0.06802043807042359,-0.026492891724656853
-0.08003816459168057,0.09367988776722208
-0.05450785553690032,-0.003781931874771334
-0.16354691579934888,-0.07041358206675505
-0.11255023398848667,0.0540786428279488
-0.08385311263860029,0.07150436247128239
0.024026790503775958,-0.0958825370155896
-0.13086173108203789,-0.006238009934653458
-0.11933869709563205,0.08008269329238275
-0.04939180253763988,0.07359850110556056
-0.07740505587697438,-0.07978530603893706
-0.05459093566667388,0.051831469476576485
0.0502733661546577,-0.006937521271699923
0.0027793531557158135,-0.01569118381092783
-0.0522195780575979,0.014393085723507119
0.0490307863581452,0.04314373893597105
-0.008386546715636396,0.07675464381614905
-0.06225055986429437,-0.006686584759471054
0.0012973145597008837,-0.014110781216099703
0.06484148298537809,-0.023070660821470624
-0.05290498495050951,-0.03565523946355324
0.017562226212816445,-0.023567521070275904
-0.021414921904497643,-0.0500362393871604
-0.012594897598246745,0.029648839182629973
-0.031380786727705785,0.041915647393857114
-0.012105306534862149,-0.08966063279463765
-0.10899675391872596,-0.004557476061162061
-0.011581502423946956,-0.044040287288304183
-0.02589393967536978,-0.06349794111227743
0.030482325054126815,-0.079423852508546
0.046146419622943,0.017443279834044586
-0.07001467179581743,-0.007543657666638328
-0.03419033873075021,-0.040446059785121447
0.002753923147363383,0.07684212804998901
-0.04328772766353509,0.0007368071998137102
-0.005644302353273548,0.005955858113906375
-0.12039651806514808,0.047395671306869225
0.12313381617224196,-0.011782725371064149
0.037230349146409436,0.01141476703757474
-0.04763699633969886,-0.011271703700017767
-0.024964046292403674,-0.01648815919282718
0.02336653725634381,-0.014472869430166449
0.005259949249151703,0.04545466945098149
0.036076753613164245,0.04492178351798642
0.05871765305241553,-0.04773954717693734
0.042808258565996495,-0.05091224508970196
0.07137327907274173,0.03986328668786453
-0.04344983974672639,0.011080626831337152
-0.03546814273304953,-0.021591780610742895
0.018639203467545606,-0.022921080319837417
-0.01702377839182422,0.04247633099498056
-0.021787528934242646,0.007362694661802684
0.015921194611448603,0.048560953272277094
-0.011377601009572988,0.07397255771530455
0.043262886474219685,-0.03504246632080174
0.030182841107063405,-0.050899112633956294
0.0189507028267447,-0.01847381766475001
0.0036813439228578146,0.024246647429243165
0.02569962024845681,-0.0807683720662127
-0.004730038787101251,0.04557629880209551
0.04746201962757604,-0.11126413589916934
-0.0887744156531793,-0.011644926432632575
0.0021813001483691158,0.02051704208373327
-0.046173952170033936,-0.026050201392641553
-0.05219479991597092,0.06334858689817688
-0.013550675456795542,0.11456327615674486
-0.03432663305475096,-0.005699091068033615
-0.017215534890040636,0.008493518741249782
-0.07099842794277841,-0.02583850664927656
-0.009343824604833434,-0.020427777123643354
-0.014788550016308825,0.09047685319784148
0.027979905226680472,0.002708649204124138
-0.08388073538486274,0.05781384631854937
-0.005726386900415004,0.02902039630287196
0.012529473070755956,-0.03758240230580636
-0.05428570481766354,0.07907060896610293
0.06396568502628187,0.025953600011469853
-0.03580959662197951,0.13664589181750678
-0.037930195152698895,0.07553392284482337
0.00021879057693910062,-0.05463390342405919
0.06765424275972223,-0.035860924997464
-0.007927176144750624,0.007812584282722426
-0.04755006104373647,0.02010908292093275
0.02375943404314173,-0.007369400087320756
-0.07371984031211783,-0.036259603469416764
0.06651093426624977,-0.019826271723948873
0.08954277870951256,-0.10185876727539021
-0.023875195090892434,0.0016662253978074176
0.09837720019574578,-0.010962780697791365
0.01910670997888264,-0.016185036653241353
-0.014267079390820114,-0.043837573709268815
0.021325910282903676,-0.004729892403509554
-0.010688606545893597,0.011245493938690738
-0.028382067804894908,-0.11122146898384645
-0.04341516175822771,-0.11914771183160706
-0.00897255653801289,0.030110348437835572
0.034344858344864504,-0.10075608688984987
-0.03893584543510731,-0.05365774152507663
-0.00854166138191894,-0.06218608446745132
-0.02495390947602401,-0.046223855391633664
0.07602725669100033,-0.05209769532335513
0.03160017999043571,-0.08847847516867363
-0.03149129345595991,-0.01002957405632406
0.014360234357697177,0.07810113341512515
0.1465306765392733,-0.06566530585600926
-0.042242704384533966,0.08522400980426625
0.05207582027606818,0.008977898559881573
-0.043058449230009475,0.11923247629746087
-0.007296270199539823,0.037194936890437395
0.06482993648403917,-0.08696841799993572
0.03928713124037499,-0.06252814398646256
-0.07041849670697611,0.018015289808433154
-0.06966801126718666,0.09294258999962818
-0.039993472607737654,-0.02973189334913261
-0.0036007053022052427,0.007315299429051741
0.0699416009603739,-0.00766025371643345
0.011293281492720773,-0.030256770579674134
0.06706734421038073,-0.055619643805273344
0.06645312603592965,-0.017266247975422422
0.0675703496102471,-0.04645152902130741
-0.04469606220713614,0.0007743833190159424
-0.04398572989443677,0.09217764422165396
-0.02935566528576186,-0.04602098453200026
0.02020430450499357,-0.1105947120935
-0.09796851093756592,0.1010865508932838
0.054247428497640866,0.017063415828202408
-0.03646337686504989,-0.019586285775935273
0.050448863583685326,0.02806841672579584
-0.01214972742014842,-0.06689015536744647
0.12439801846497416,-0.04592029883202151
-0.05748640621178966,-0.043360027207228105
-0.032678780871641035,-0.003964714481908101
-0.11898278555779525,0.02608122680915564
0.019413018131589334,0.0947768967923535
0.11263165762197302,0.13995951067086898
-0.013909360574333085,0.026403964292030097
-0.06370865752067276,-0.016939218830450214
-0.002586792851810092,-0.03723521107104038
0.02840573614062421,0.04644360187788954
0.050415949836113014,0.027009514145174454
-0.0025941018601531923,-0.09468037266607383
-0.0644605828370447,0.0811141412914172
0.05156158959723792,0.020230585699375928
0.0756046439723907,-0.028472525808137125
-0.07227461934713145,0.03930478377553217
-0.011075930295723586,-0.03727923629560729
-0.037897005099653616,0.08528566847060545
0.01910988073705715,-0.018774972427535907
-0.038493957828658124,-0.018349834992703595
0.0584038617414373,0.0019290687942483617
0.0400387423407836,-0.04252842031128841
0.014148145073050292,-0.06228686552539915
-0.11291049706502884,-0.0697453627672691
0.08582382654600253,-0.09201269265901382
-0.015440309349311211,-0.05034902467980956
-0.04412475576505751,-0.09854791638103168
-0.01048099997769264,0.0017709042774417027
-0.02881531937073001,-0.033256881786094955
0.04621261461262228,0.04610217583039196
-0.08690017849622633,-0.006530782791256089
-0.032690389758027946,0.054812779446656204
-0.046744370711564884,-0.051114599416189746
-0.036083010982643764,-0.03902471287817144
-0.015186802937989609,0.01991473964744177
-0.05390014210797393,-0.034430002947821836
0.07541307394407004,-0.008952641482460564
-0.04185635567122354,-0.06775760213912693
-0.010829182342059412,0.01930957342440748
-0.12607080731899933,-0.04052254492607635
0.009849486781894031,0.0011484148171109019
0.017264155507663817,-0.04387620852231756
0.005276155044079162,0.04566620394111036
-0.02515926721043009,0.001482830279479305
-0.09699583941420482,0.025710872463781512
-0.0034991682749245527,0.06070803258718639
0.0338118007087705,0.04719808049225213
-0.04468312756896395,0.05402579945583788
0.10611971011587154,-0.03425033167297513
-0.0018490753408209448,-0.031055787894977246
0.05233598118450238,-0.051540743788039134
0.03984154740485271,0.1035534051853044
0.07705154803096854,0.011558553334583381
-0.011620618547291909,0.0421648764916014
0.011234338579586901,-0.11834268948054524
0.03591484222478562,0.029783210662760063
0.030181487646853244,0.0008717297134734018
0.04407666491371171,0.06492816067338197
0.008507451470570287,-0.0042021951686391215
-0.032227612143690354,0.031969290115880844
0.037824126603577875,0.0051829367995409725
0.010455893683839642,-0.15058010605688874
0.0939314346655925,0.01046078710409783
-0.000720738992914853,0.05260165439350973
-0.0013735648743701135,0.049931081747914635
0.002668452445348306,-0.030222032673296033
-0.05026585826784399,-0.07634838815084714
0.006592206476310517,-0.004858006992205359
-0.12521298875654358,0.05706497528158589
-0.060255120695444794,0.009583894995162297
-0.05087290318177751,0.009236312618399158
0.07617710745373724,0.02988613241743769
-0.005961072559794369,0.07289590830785113
-0.06505779362802137,-0.016223164409491283
-0.019482175684199743,-0.004998155952617588
-0.024127848147040262,-0.08229515473515008
0.03312286058595004,0.013285086260867308
-0.05933326857761985,0.05120481758154864
0.03410710189910704,-0.018110797584814396
0.07332594029063604,0.09781229809828085
0.0530342818254506,0.0017514892620928146
-0.03987483709692377,-0.01035637400738841
0.07038750463973224,0.05674158413407391
0.033291009872559424,0.01584548463767675
-0.1231959046144945,0.03199853722402784
0.020767959606600293,-5.8877406181618436e-05
-0.0400464010085329,0.046562236084766916
-0.03314927475365541,-0.02894429694996978
0.04263712110267354,-0.025955188627955067
-0.045379615224710915,-0.0523629831603985
-0.02553240069556482,-0.044312587576418275
0.04514476285603013,0.026831754672208493
-0.01478028005498017,-0.0074447474725919515
-0.05075525918874263,-0.0003422753970677133
3.3415794945516546,-3.745775750459391
2.949535703269047,-3.196451898080748
2.430253964470728,-2.7681230349837382
2.1461186866290056,-2.3322601421360427
1.8108183561308002,-1.8689940653208919
1.4246166347441267,-1.6029187742875297
1.114957259071857,-1.3330207182487293
0.90207567833106,-0.9509532584544732
0.6517526541309473,-0.8158959246593374
0.485406346169622,-0.4978882617384503
0.23771593765996749,-0.24616012693041112
0.06285601825842109,-0.21468926230491364
0.011129060505787016,-0.07129022257274335
-0.10110686253543938,0.18779118255731406
-0.2060426134294881,0.272141791448459
-0.2568127940984285,0.39038360781293385
-0.3592486825079584,0.45827582684443735
-0.37545976019283583,0.6251555165024458
-0.5220230016331169,0.5316215708030917
-0.4805422703405611,0.6891807106641812
-0.48984099556783034,0.7099503131411514
-0.6095470130799456,0.7114568432026078
-0.49200482331241213,0.7818696855999403
-0.6325346297850943,0.7601573963015975
-0.6952414465196936,0.6920990285246656
-0.614643584690264,0.7572637395343104
-0.600449823511772,0.6983087589183945
-0.5824461957205588,0.6689219346080908
-0.6992483633691164,0.6686977774136595
-0.6942576657808357,0.6921491834920948
-0.5527798286352748,0.6423649468439088
-0.6138283960105047,0.6953985770665998
-0.607985115359007,0.7017176831584804
-0.561877042656482,0.6246832356025135
-0.5195492863751258,0.6731401839444817
-0.4796461380552627,0.603517354902204
-0.5028030212853534,0.6132668803547949
-0.5842172305847143,0.6173654629654981
-0.4702766632571942,0.49420852994375614
-0.45980768787940574,0.5348391932416093
-0.47079163824479553,0.4734193837376534
-0.4262935858510302,0.4831475996063205
-0.41088802559083765,0.6075054448168123
-0.3849986573220798,0.45689955583151665
-0.35617111784242733,0.48047622968344017
-0.3388962842469899,0.47508654030552566
-0.26128134932910263,0.337883370170162
-0.3439443559490249,0.3500999072596097
-0.34351184221792513,0.37998312716907134
-0.32832535266528073,0.32538414042163016
-0.15065175625797272,0.3342942004921814
-0.26587890563234,0.2271563658310457
-0.2712034702568074,0.32060621003524603
-0.2522876741904276,0.2667674107508232
-0.2572642804039657,0.10041969817646146
-0.1638758849703263,0.17670164040955308
-0.14278065241766003,0.29539465403929455
-0.2577072980397385,0.21217889556572647
-0.1790969741104155,0.19986814194818486
-0.16338107114114842,0.18282181021894983
-0.14025551126117836,0.10740926086562672
-0.13668949532678362,0.051853939335277155
-0.10502665568299761,0.11590694181988337
-0.10887505183518006,0.1069473687943723
-0.1268778068818607,0.15023282855499132
-0.17378812157045742,0.18037007853445114
-0.056481477328259116,0.1299259993350743
-0.05748251392132354,0.03394399925017692
-0.03356767298655364,0.14783605362705762
-0.13431942452400586,0.005537840048903883
-0.09215410472305191,0.07257331926872443
-0.06823221911547758,0.10842775816452506
0.012544946043190341,0.14405320417841874
0.023232573754562155,0.0689630336335753
0.0053821713229404156,0.11272609928509536
0.03584683442578927,0.053701966092440524
0.0690322554617182,0.1491476230356861
-0.07969330000233256,0.0477602057449258
0.01614651367775355,0.06157268889225776
-0.059789275120796334,-0.020020925148294958
-0.04190943499806322,-0.013322012013633682
0.03040066797850939,0.1391732642408038
-0.046793965956879555,0.023278622921580297
0.011513286695130843,0.12398026375961141
0.05343558954356544,0.0550330132205433
-0.030009527909665545,0.05493305087115122
0.05879477964774001,-0.03037626275970316
0.029348593089728987,0.04637089650083314
0.045626928342998446,0.050415192885817216
0.077558684643434,-0.059256130063625345
0.08014414555927009,-0.06453115143382915
0.020487438065886165,0.0759526490594681
-0.03913756888871263,-0.03758282762877639
-0.04037450341372802,-0.015627440416141447
-0.03009323239617414,0.05652388380445753
-0.01924723800007768,0.03935574771003505
-0.05122720796649147,-0.013907321904176408
0.012753229964341337,0.06856514398851316
0.018529111484459515,0.031800407418529485
-0.02388948795333215,-0.029608942167893067
-0.04212721641495171,-0.04694239407545957
-0.017309277132940594,-0.008197814726350255
-0.027112604486148592,0.04381008347544905
-0.08054558406609175,0.033359532357166724
0.007978296016927474,0.046840911397101774
-0.042463463279894365,-0.04368479447963745
-0.0955512705649412,-0.015408180106273135
0.06598742061805034,-0.02668332566375953
0.02438116526400919,-0.0070843777790761
0.12787213865580854,-0.08891052834980384
-0.024019056650007094,0.006962299095673379
-0.0790768749799883,0.017837254228616296
-0.022168334618792012,-0.007352553219341154
0.02694436593448553,-0.029575216686861673
0.013223464636251455,-0.04227988027112347
-0.09276183569626285,0.06601710498482005
-0.05865247258193679,-0.09027717203115032
0.021626724164961204,-0.06068485733669759
0.02612655039714217,0.021596651133561153
-0.10245104639622624,0.060574672299274566
0.027933672860888513,0.06171122314895257
0.01847551133751306,-0.04227860331515349
-0.04197713793912628,0.03135443596074931
0.06520225323968915,0.003333444992347818
-0.013225800647750753,0.0029006311885150585
-0.049282865663965794,0.05674788853668597
-0.03908327297134502,-0.09233060195668723
-0.012841763547917811,-0.08926222373328929
-0.14032719813361907,-0.012746449289677105
0.07609030572922484,0.016675618638687096
0.0643681730679386,0.05764988407038789
0.016625214970275783,0.06372674408881121
-0.034485779310863926,0.04102674501817816
0.04888291554846021,0.030532624554798226
-0.08160211561063542,-0.007716199079067038
0.04631331420020774,-0.02205149603222087
-0.013942110225464537,0.0020317077387778278
0.026690545890213413,0.04633147553978692
-0.003297801705529198,0.10386968449605119
0.020872906901159522,-0.00010866745972304588
0.07709607364957324,0.11471425079338388
0.03829166243607558,0.11604761751718218
0.04058456432263827,0.12959096104853648
0.03208178765123686,0.09824596648460447
0.041690767096586805,0.010483326765508685
-0.0921930843950208,0.0787478838494492
0.018872502267971675,-0.00760581285821324
0.06346915516807167,0.02100164727108355
-0.06009177026520055,0.07119760265743247
0.01120360794740116,-0.01206579402335714
0.027420488231713273,0.004626725794810046
0.054256802308770086,0.10950917952445396
0.00326855128187702,0.034486253179096954
0.061363906049643153,0.010281175098547347
0.018893949220847243,0.17035577845095556
0.13289015923508793,-0.004400299363294648
-0.03907773876207497,-0.0108137163656789
0.08952788152738236,-0.015431447335029824
0.06244646554914526,0.020563112896107003
0.06051435299011427,0.008947123649528061
0.010646964931399506,0.08212574025379892
-0.022338288053932877,-0.005702990836520689
0.025462556597272628,0.04229321670856198
0.056859674463369946,-0.0388231899212469
0.11756334246692288,0.02824800654194069
0.0716954100578694,0.06515447522325774
0.0009420475979251379,-0.04199278374280133
0.04460667061467738,0.007781779190026917
0.018021764905963245,0.022197500218997617
0.06848596562782966,0.021583632709918178
0.07648601805327813,-0.12925921655336003
-0.021074473214914173,-0.0646069481966084
-0.033296357155087705,-0.010862619974950962
-0.0344512391040572,-0.005692626242243384
0.060619396265842826,-0.059428925619160536
-0.022327813002263358,-0.052458236579326696
-0.016133873359696876,-0.038755247204565815
0.04753562443823672,-0.0469404408295669
0.02287490280888402,-0.02680638244081881
0.06329862924628844,0.038043483022081256
0.07659467496499348,0.0664082647355588
-0.03655171569320195,0.03606565822868055
0.006286559051431991,-0.04526236202936756
-0.06099311498867144,0.009079958664994083
-0.045299965657537196,0.005208534054046535
0.07849671997421676,-0.0012045973840324534
-0.0014053935898336,-0.013127087334121547
0.0013244604210597803,-0.026177307652451236
-0.044147178852147924,0.055998825798886535
0.006238591983933714,0.0035411146540589213
0.042774539504479854,1.024349894330253e-05
0.045668995613265956,-0.03741353639226935
0.026356709459869128,-0.09223765022858162
0.046010359668197665,-0.08261559247417995
-0.043502059505581434,-0.004811229312509806
-0.01822400004274891,-0.0693107202146008
0.05296923078004159,0.0564832389456545
0.09726346330080993,0.053699237892430855
0.04293216520054109,0.02339767115369408
0.008388016577863078,-0.013179951568221188
0.00881598382596501,0.008750642161951799
0.03957921177495719,-0.014063693884775554
0.11432676847749873,0.0037233688813259475
0.033248107728030815,0.014628021434164327
0.05979130577050713,-0.004118274246322001
0.02968907537904939,0.01737855314883264
-0.07313939027095147,-0.01472337767109095
0.03635236233128623,0.06347292498653545
-0.08701860085875043,-0.12124198570487804
-0.06410957593720358,-0.048374301295672696
0.08956217569539769,-0.048151677775207104
-0.03473427052245199,-0.09105308223176313
-0.0002662872487179135,0.08437185691994295
-0.035596442331741945,-0.06949105660715083
0.04070652396951488,0.02999768881789984
-0.036473991406337544,-0.020072539635987097
-0.02915611294786226,0.0054474321600605155
0.020605090789841258,-0.02808009658816238
-0.03536139134733114,-0.09073827972969577
-0.07542827817358849,-0.06765049272852437
-0.09542050326148205,0.060063484968708114
0.0038215001525906764,0.010303647952849111
-0.040365777499398396,0.01483100547508849
-0.018196273045267074,-0.03570231086490132
0.06318234553421462,0.01648973369729015
-0.007093156971619382,0.07247624466553046
-0.05544305103159407,-0.012762974469580236
0.05535339489700962,0.10857858147378091
-0.013774408258924682,0.0840934996683811
-0.036029488508354884,-0.06320248730289803
0.015029228830186184,-0.019828581153528986
0.04680529484094075,-0.05471667773684398
0.012446935886636364,0.057751623878550574
-0.012543952411505192,0.13235650803372073
0.01194881343740748,0.010132303008985438
-0.0257812951323568,-0.030527607014991416
0.005361507201471045,-0.014583327442934096
0.013533997743477306,-0.020897204577348828
0.07841617393268269,0.007290660017211653
0.03953775097083822,0.05886837139520818
-0.016164220195761185,-0.019197685556403686
-0.07991123284575552,-0.04430499846593058
-0.028375817885196313,0.09295812597470451
-0.08792835263492693,-0.05544333232439329
0.00039017535969613874,-0.02679201056414019
-0.001395162114642523,-0.04510744466712776
-0.048233293811674155,0.019327269917033665
0.03533865004668626,0.020693287523517685
0.01009071655445025,0.02811605727585999
-0.041301661609978585,-0.02101225246685633
0.013594507865303173,0.07625771615808519
-0.04476309583239673,0.026343421309861767
0.05712024993109485,-0.018076287199800464
-0.0016321658077845958,0.13717095097699775
0.009960914412241825,0.025646595587405
-0.012357445390318533,0.04650867306690665
-0.02896686252015615,-0.024392999136082356
0.004419011464899807,0.006499825813378112
0.048857600947548666,0.047870150176391076
-0.0019047207402715371,0.030620215374161843
-0.03452970682193366,0.014052850152131365
-0.11025072450380409,0.06324710529937666
0.020996096639624054,0.029684965379168104
-0.01529011234473982,0.009738022386169073
-0.031721461133122075,0.010680297678280607
0.07438821247641586,-0.06077216101100543
0.05840071274450042,-0.00445140011310061
0.0009667291093017087,0.008595175353298058
-0.001795571580185536,-0.08294306859819743
0.04547590356775219,0.01156100794369585
0.044076150040622805,-0.07927083899673351
-0.023166031830303534,-0.11553063004737066
0.02478166313835241,-0.010090031919889513
0.05672883006482717,0.012813502517137632
-0.08267233903606025,0.007890133763815445
0.009656238463607296,-0.029824872706349974
-0.07729866973727545,-0.018012143573930058
0.02504340705459531,-0.07968625759335575
-0.15327247410058203,0.030108288710314395
-0.04482963079028017,0.04221048851005209
-0.034201459962517056,-0.009569539406899894
-0.046121860703427706,-0.028993746939262606
-0.05824346905645163,0.06234770966383729
-0.00878015030497868,-0.012964014873967155
-0.025916637295543048,-0.018328667126359617
-0.04291934921377691,0.029550683287680655
0.10500656981769971,-0.06607318258513416
0.09855723030311651,-0.02029853113160377
-0.01724293745407163,0.036475664756551396
0.1140309651510675,-0.13919510514964428
-0.05220026738248168,0.09486473311436074
-0.10792782888935297,-0.06314449021164571
0.005342007151259027,-0.04168785205506973
0.02093061741743449,0.016815981505889917
0.0121841297902478,0.040759070075929014
0.08882921956146261,0.06358037954073524
-0.033922188313102015,0.06849154880644974
0.12194952066886432,0.025160379936640644
0.012384804277144498,0.008082180651750578
-0.06383118423113684,0.039871616024177936
2.3685913226249116,-11.022907001463793
1.9987770978954937,-9.603211795611353
1.6530677364801696,-8.146491577142978
1.355084324525632,-6.938951636598576
1.1587549203981602,-5.628737464998229
0.9307815420835538,-4.706420995874233
0.7812053593796515,-3.7025045542925277
0.6351250486092798,-2.856530843884933
0.38697318989501683,-2.1635032294759555
0.21675551190719572,-1.4781398710215676
0.2440482587216428,-0.9416531192836854
0.10803420826278409,-0.4256122562312581
0.03802837579016749,-0.07419552117132369
-0.13440488341758638,0.3459703203856749
-0.08266368931621473,0.5935150768187368
-0.3135303314611287,0.9493104126352065
-0.2818133247881767,1.0903420672430872
-0.25178474150543284,1.424316892625219
-0.3261495314186286,1.5511637997429184
-0.3806448403974144,1.6043629571359026
-0.368408003646422,1.8322759254880152
-0.4358005849489105,1.947677205748268
-0.3739802818769756,1.9268920646771435
-0.3222795073873136,1.972424760143346
-0.51389381908762,2.0815798061296227
-0.4789893995545076,2.036574768389757
-0.461515217448911,2.112725257983643
-0.4187308320077063,1.9909513667036738
-0.4846670965780707,1.96411766230244
-0.43293930373257955,2.057047191676315
-0.4085502702450878,2.064619103253875
-0.4761781610339776,2.0113494712213638
-0.3483652362039324,1.8565789478290988
-0.45244791319989736,1.8088731598711163
-0.3946350283945776,1.6980584136398116
-0.4174955917477546,1.7570197519788429
-0.4113440353451245,1.645996731985477
-0.2604164508356812,1.596153486582957
-0.3544258437699518,1.5272640058412477
-0.3388645357049822,1.5313732834006022
-0.2807853500595451,1.4755900979041179
-0.3325039065078017,1.2685068113157345
-0.30496815664667165,1.3229562777968682
-0.24602661507303147,1.282281880790218
-0.22073479869505322,1.3113119023044333
-0.18247690363873093,1.1869055063408462
-0.2496194016709687,1.1366594073493932
-0.2868715479865595,1.075863759966584
-0.1844144444591189,1.0275164293517596
-0.1793280534277858,0.9233765576504885
-0.16427173162281622,0.9444483377805493
-0.17417808945684823,0.900723554563111
-0.24690210802167678,0.7586292316634747
-0.17379543520788185,0.7774267737972291
-0.10849241538909227,0.741599601579545
-0.1881871920564042,0.717696276774675
-0.12735916674714023,0.7318953479478966
-0.11777405181411083,0.6982710730282342
-0.16764409645839495,0.5389365195721771
-0.15519277858664457,0.5106059395667837
-0.16415253887512804,0.4955733252174005
-0.18646014892427526,0.3782961983769616
-0.12002552320610523,0.44834058063223853
-0.0042371771979958645,0.4174076826430353
0.011749460924158989,0.44067848382030145
-0.10132758155145946,0.3439104948000906
0.029984925382213395,0.2785273268260083
-0.06647920784198684,0.33522059051765896
0.001269488177369063,0.35433342116456346
-0.10747672093994076,0.23035713564408683
-0.08173612465898222,0.17190259101009991
0.03269889228030198,0.21401779231411694
-0.0979328715287011,0.2862444507172859
-0.05945717219237526,0.17553981767527876
-0.03268694926543603,0.3430831355092967
-0.08554200439495888,0.1581002008048409
0.035307584638892685,0.1817749698913846
-0.027865159506096658,0.18276786133357986
-0.02158719889193949,0.23469791529730435
-0.038565707823863586,0.19203167734987278
-0.01971862315537538,0.05030880775829506
-0.03007761935146579,0.14902274868783663
0.026528342438644777,0.16039640901847146
-0.06500754195148827,0.04836336179765706
-0.020870481672105985,0.07138454833953237
0.09344203637786373,0.08196622499714667
0.03837355063040418,0.047646047329310076
-0.02036444508969814,0.029373602387969322
0.04362490854361177,0.054018995117432966
-0.056602474387369164,0.04530657572020043
0.017836892990604057,0.013688127354116363
0.08385496837078385,0.1316061449935625
-0.05324518049272282,-0.003508684458664736
0.0735508632371434,0.03250999571287691
-0.06515233719528177,0.1320486597206967
0.052746778903531986,0.0806374411227694
-0.01887171633141218,0.04200795926883971
0.016197116794970434,0.07101686657491375
-0.033488477012444694,0.04889791337378141
0.06156277588764145,0.01121510803382698
-0.042327482246935416,0.020036385976372993
0.11414839067003674,0.04185047889779888
0.02496345222248234,-0.07822341668242742
0.07407556465356191,0.052008468939770756
0.117517251770071,0.050782810230814476
-0.04454029435908559,0.024133760293148093
-0.036773371692571055,0.06458754155671168
0.01822588759483087,0.04424311174349137
-0.012757859386362749,0.03398349803734667
-0.0377702393228048,0.05749525962684837
-0.0003171219717025891,0.07022918645516665
-0.05428691367835051,-0.008657083178848599
-0.014750903061446115,-0.016729556450271847
0.0034696253757371207,-0.10325549501753671
-0.11935327393893931,-0.012553199035580002
-0.013818331052570236,0.07170403074845451
-0.0021207091394576,0.07997302328942439
0.08575964767086959,-0.02384789836671114
-0.1380053139465511,0.0700146764753786
-0.05197182593562526,-0.0467271347028562
-0.011349242106511432,0.012552073449938025
-0.03899537402603423,-0.07410270519719153
-0.07700410474775896,0.06808055440794739
-0.08406713785944761,0.08856303061470833
-0.052789835957373916,0.004801622197856773
-0.040503449559446084,-0.06787387725596458
0.009429303449140738,0.02418727152464483
-0.028987673206888477,-0.06088575097351749
0.062114859724037574,-0.06204202171147018
-0.0059844522877750515,-0.07972044098323204
-0.08326867896251719,-0.02511809103177781
-0.018105251862579337,0.07192423942972553
-0.045350219222288476,-0.03117234799998533
-0.024572701028761267,0.02169894602625009
-0.05462422381956186,0.026241431234037896
-0.1002242446420798,0.019903083422378905
-0.018743475436476066,0.04415716652382627
-0.008877257990258458,0.05075753530516722
0.10197401982240271,-0.11554644358362397
0.020694881583504528,0.0806342123931537
-0.0191855821208516,-0.018891457494854047
0.029661405585172846,0.06115873681082669
-0.022938029033739614,0.02633795179375384
0.011264866881696665,-0.015977954378770524
-0.02556697453506869,-0.059201952587474606
-0.047918154328672254,0.10585084816716314
-0.0320315506425306,-0.00787786985886806
-0.0019500838444950974,0.05395187575376073
-0.07457081846549601,0.09296840063321456
-0.026356648880297782,-0.05231352152222869
-0.05864279427423486,-0.06017077949519174
-0.05030845157245724,0.022774738987758038
0.028625856054251417,-0.009275868012501829
-0.020823716696527158,0.051544934830428234
-0.058809196327238404,0.01629149573056225
-0.026973268978070144,-0.0009268354701643649
0.025236088170969104,-0.02348172106102569
0.0033327679329653373,0.0619988308758661
0.03524676620189702,0.04027910972069033
0.03185133548564642,-0.05121206487641516
0.007579671056415639,0.011360187168920757
-0.03839430909189134,-0.0790469524490026
0.09072222586532039,-0.01797041268648239
0.060680125434552014,-0.02838338159902012
0.014741831106297884,-0.05482054606148005
0.08722681399382873,0.016447715190483814
0.08806813683213247,0.059438158912719294
0.07917673401891948,-0.03534450340600517
-0.000495831816704817,-0.04607270175570283
-0.02945603535206274,0.01665230129302346
-8.286800621728e-05,-0.03253397895862394
0.012095706866258795,-0.05362922104862507
0.04667788287322594,-0.05634375069124925
0.0081961802517245,-0.10463315091067989
0.011368027008697197,-0.04751748144427863
-0.03864978249404206,-0.02690553514344042
-0.046757622969711324,0.032428061231043644
0.007795781869251601,-0.07904980157161912
-0.07053827912258023,-0.08692540478423827
0.029494089665681872,-0.0637326280717034
-0.03671771108699628,-0.03748662636795654
-0.05525010565220656,-0.033841454434628694
-0.03620295546398439,0.01338855582843098
0.05527718360609521,-0.1004459784219128
-0.03935065422356407,0.026927138500908193
-0.01636845655216696,0.06039654182709423
0.06562175351510524,-0.07237084378831737
0.01286209723511544,-0.025027372221591834
-0.08233311836139923,-0.0699414809723725
-0.04420018787413417,0.006295462834755131
-0.03388540174822885,-0.000855276879100982
0.0026032390499052156,-0.053460327151558705
0.13117274552790606,0.05920366801693469
-0.09929194028499921,0.054404757190832355
-0.02643055105367352,-0.02564028918536715
0.008590817291793403,0.0046125746933047395
0.031268794001776797,0.010702266856051534
0.02733962532016597,0.010544540852184718
0.08264569926188506,-0.10560183388568745
-0.00928279857063071,-0.019791156418874654
-0.0699197917989362,-0.10040623843216617
-0.05305373977302061,-0.07173838535081445
0.0389570667941236,-0.07764064234771413
-0.02416156593401567,-0.015595158267230305
0.00650655027462364,-0.027249343358016855
0.0018719653557532738,-0.07138543588185597
0.038155080988172455,-0.084512899080182
-0.09621916977771594,0.011832900058694733
0.014824098849609049,-0.062097955937851224
-0.057446934616346396,-0.007355273653776785
-0.08086155731677458,-0.07747761837003062
-0.018869277649759077,0.06475914287102202
-0.004668367244319394,-0.0012115456296955887
0.006580995411221327,0.09317133048808407
0.09907253230913364,-0.008380306030910235
-0.0436593077822654,-0.05585712352129507
0.04371454020276237,-0.14876641404792557
-0.029654951951497463,0.07512211455358928
-0.012201336175511541,0.025933918484503167
0.03430773661251786,0.08337529371619228
-0.07915304021833801,0.12850542324551917
0.006051081339027865,0.10183345235650565
-0.009997309537321078,-0.06354597498672016
0.01165280755861273,0.044760357013035226
-0.014471478179157263,0.10364746740135287
-0.028397591459810925,-0.022652754495662123
-0.09072117611601879,0.08343579843168485
-0.028452633390497716,0.015426704788027249
0.03687208018907225,0.018211087569929056
-0.021038365287946018,-0.01526612544199912
0.05538112684140292,-0.0004281006306691461
-0.051936814502739445,-0.012927996339794103
-0.018711166393179962,0.015458439534143116
0.008264518145546846,0.01899122634467942
-0.043140288707085056,-0.029369009917888895
-0.022515706481841063,-0.028686127184415995
-0.04148416520224414,-0.06267139520126637
-0.05965419892143416,-0.0369486745077679
-0.04625348506655516,0.005716681466197899
-0.02457976498695361,-0.03146677496208182
-0.016321763631835975,0.08268624651214174
-0.004563908532830769,-0.051395210936678204
0.07816916072195222,0.04424639456276366
-0.08043472873627573,0.007733656889263965
-0.07022963129123615,-0.05743224746741617
0.10621461652850923,-0.046817071357058565
0.14902679469677865,0.03744804543482211
0.05594713991097684,-0.07512110781057313
-0.024601205594826543,0.009997294132790182
0.007878693274309272,0.031675593355409926
0.006486412113131784,-0.061237694829933104
-0.01591348393162134,0.06105823346920049
-0.054575221191757936,0.03936986497884063
-0.04295706942425709,-0.051664550485151325
0.01753430591038884,-0.08822195901720944
-0.005392191267748316,0.02297164661779899
0.028706550380069456,0.03758261371056266
-0.08029970585387292,-0.027107652254552105
0.021564154828930995,-0.019754719844387734
-0.09213350990730663,0.03616615893802601
-0.08976437752163777,0.06263320188289792
-0.04075569902513325,-0.024870752824441542
-0.0022403593904455656,-0.12453878632012752
0.009822284729304676,0.014636489065037374
-0.019262989882482297,-0.016364787668204497
-0.02340881154347888,-0.08605784357444407
0.0026848038737560826,-0.06626396801184602
0.05727042863426701,-0.06262726435872835
0.09349155905012599,-0.08676271193001875
0.03051545285045537,-0.02349081352768998
0.08637058262217047,-0.0401075981288591
-0.04083096088950403,-0.019354356680388093
-0.010706196637113766,-0.033789720670981384
0.039124873623601404,-0.03594728871486355
-0.032382790236527195,-0.0510638555619524
0.056430040358134634,0.05582095628842597
-0.011529961000347368,-0.0892320960103157
-0.05944233835200015,-0.053938421965349925
-0.00378316017235684,-0.07823592897475666
0.016720120161236827,0.0019960114682824326
-0.05098284957330989,0.020783890595228005
0.017100447862269864,0.07820018711805132
0.0076731263616926,-0.008881906324911714
-0.03882442023228526,-0.05900689695119483
-0.005930291607511278,-0.011349906356788751
-0.01449957813819184,0.10104399590634736
-0.0009457589624108538,-0.06896254155481533
-0.07120408077357632,0.0042496234655140415
-0.01780301635825773,0.08245968402360832
0.003834002379930452,-0.016061750353141568
0.05910204039010502,0.025472463102495218
-0.12847333869969985,0.027926546422426382
0.019816805792481212,0.09161871520340722
-0.008121466771059908,0.007316973685642783
-0.050445574569049204,0.06724363919919042
0.015549640720918936,0.06165542990938526
0.016112843416198563,0.0880926588687907
-0.016546334894255187,0.023533286754875312
0.0310199486785611,0.07257293767222744
0.008557135234968158,0.04696921208809682
-0.634378559368782,0.04114138146931379
-0.5531254570574825,0.08460725894201272
-0.4539733190183122,0.056793702496360204
-0.4145603589871928,0.05852588142897736
-0.28942256801055116,0.10298716361207312
-0.16686091564989475,-0.06582908754048056
-0.22685312162397697,0.02536202838004107
-0.08747779729335631,-0.05582361019985849
-0.1271472598691486,-0.051708960428432385
-0.013280607989514588,0.0692350725307669
-0.07571850642996114,-0.012420675366475335
-0.004414541102101762,0.06014480580622276
-0.023550543559330603,0.08408880793210607
0.008018770456364538,-0.04527289011081194
0.05839998467165602,-0.026399411765027393
-0.0020982555874841657,-0.028501049623721575
0.14573586804624206,-0.05933827555422559
0.15246919837517292,-0.04237609041802983
0.049168443779562275,0.006738684364497951
0.03260342090424974,-0.012636475452686903
0.1405481125504903,0.012695634826550263
0.04912832599268757,-0.053078415551693674
0.07993969449176302,0.011492127400337023
0.11041234202818562,-0.03617568923873088
0.12873306345974725,0.010644906594289013
0.09915100630682426,-0.023510808153752172
0.05220897156978482,0.02436546575926054
0.01860927699573836,0.04876663378390085
0.12908695420322963,-0.08100146606874967
0.058214472467142175,0.02346815815903037
0.12426735826899671,-0.013874029786283762
0.07990769222445605,0.0394951743680827
-0.02034848877051433,-0.02720152387328045
0.13803097439395923,0.04891693489201992
0.011570744680122813,-0.04234046927807405
0.08750073804450625,-0.032600200248231716
0.08658012604591664,-0.09097748817346682
0.1113483236385186,-0.014386139724140868
0.047567107426698216,0.02379045177159716
0.06982149354416275,0.018732757812752555
0.050069781465671266,-0.0361064054173908
0.07925125886807563,0.047273190910090065
0.018766707388134497,-0.022999091983477868
0.05515441392296922,0.024903122879237356
0.027071577481616482,-0.003208321308929816
-0.012869452012281332,-0.053191814607228036
-0.04242522717344718,-0.0619605314529805
0.08464307591553027,0.08627501404112164
0.03656361829255635,-0.005830565110026371
0.05025258427426828,-0.05552835644547816
0.08476665113159344,0.02826931093251564
0.025887649969789286,0.003236109658250422
0.057812981391485024,0.09197736514878185
0.037532310264721175,-0.039387902246138785
0.026979418250731274,0.050787475234201004
0.04595260580565121,0.07819747331904342
0.05774092033834533,0.010640336543392154
-0.01532750238474618,0.05311268658201069
0.06691957422777947,0.04853331486887512
-0.014055206105725436,-0.014115547712384022
0.05205404298161284,-0.04546426295055923
-0.0264473984262715,-0.0025592729797002606
0.07980906327787843,-0.01750426622061966
0.032991155167617345,-0.05051855962516542
-0.04758046801255358,-0.049700071082492685
0.029699726722053642,-0.045180230947101635
0.09862488189179779,-0.03749585307989772
0.06869296364601409,0.003988225207226571
-0.033551956732538815,-0.024794199869134254
-0.0004915822982209071,-0.05948371293374676
0.12469969983892082,-0.06482950788204819
-0.04298193563151309,0.03862988790695653
-0.0648845142947865,-0.026701990298177315
-0.019566443846489832,-0.08068791406935508
0.06220901952532329,-0.0669855204237173
-0.030909152233437622,-0.008376574800516744
0.0532841988069552,-0.12537497977726667
0.0948635192664051,-0.053740498529554134
0.0023941470377445567,-0.12318645675511739
0.04768745720301728,-0.057713833948895815
-0.011353456354016769,0.025696248181681314
-0.006101313292723402,-0.03404932103491449
0.007082857139074665,0.020629864149524512
0.07117450432761371,-0.09658507297612325
0.07900185311449404,0.02217379550464216
0.008454040411624543,-0.008296210085305004
0.04598883690437271,-0.008089952786871815
-0.07989262811365304,-0.016187951924188697
0.04910879422567049,-0.011995635799887331
0.06803707474626754,-0.08227963028874381
-0.04115361362721978,-0.05717617933281803
0.08674098470254965,0.010700002771213846
0.013169582125931516,-0.010716564072221196
0.05021112521414919,-0.18145922763110123
0.02472409145538717,-0.04811540265365917
-0.039865237331579845,0.041333200831352696
0.008053240461521552,0.030642015507746576
0.033192205539678145,-0.02962521003905123
0.024076208362486636,-0.009096479515900355
0.012307045096464823,0.005921651826599748
-0.07201729224775621,0.0021317653929123874
0.004281560660423828,-0.07992105783590102
-0.02744205542343431,0.04908573648736859
0.09721501040525135,-0.10205175311183663
-0.050231509053423516,-0.013242256107693896
-0.11452327270342673,-0.05456210582399029
-0.020904296557770315,-0.09243703909253558
-0.09621768667481782,-0.06602389787150582
-0.04854254749503081,0.05370264245095401
-0.024304675963663536,0.01512566004225756
-0.020064133258676616,-0.024915752440564695
-0.04361109457622801,0.007378900219344724
-0.004832108793313472,-0.010363994442650395
-0.09694097997300193,-0.01870171434002767
-0.11114837864717657,0.022500639169094148
0.018910205647763835,-0.09875127868217737
-0.011065503331156083,-0.01575003799651471
-0.07244161980611503,-0.05465537724723776
-0.043838770370186436,-0.026378579255301297
-0.04957658450519661,-0.04461511092613796
-0.09449263673280839,0.0334335073721892
-0.01202549062511537,-0.014748681996396337
-0.08381010291619678,0.013136705840303433
0.036663637631476086,-0.05092802580643348
0.00029824389078993586,-0.05066823226426648
-0.05924946991479469,-0.057381332959903525
0.0417255694261539,-0.014319390776672155
0.05673364180305232,0.026975510499271865
0.018406881514825658,0.061688045424958995
-0.06984333491428656,-0.019859015248013444
-0.038145554225489584,0.007333735714908907
-0.014366126574597814,0.0010254410545370504
-0.004509660188047191,-0.02180248567979695
0.022848463208311017,0.13240738512589992
0.015447906413998402,-0.04709060462900938
0.009265695469847832,0.02757956543622004
-0.012939457329770278,-0.044513657963801107
-0.04082050798790117,-0.004857748228987494
0.003680017618793524,0.013298737733164732
-0.02067664662662323,0.0929357141208945
-0.027590947897010415,0.05738932687808067
-0.04399404907989531,0.07373317731338809
0.07532964656520079,0.046105052440504175
-0.07543240374030201,-0.023743224962420578
0.018969866304007522,-0.014528235408175993
-0.003318127676916181,0.016855211901351773
-0.046143229436762745,0.0027666620157723726
0.06358291745360058,0.0627447702471737
-0.04091426412316985,-0.006053828729178531
-0.020100805685994653,0.11100705529587025
-0.09078775212835938,-0.027775364379266698
-0.10498935810759807,-0.009212186711328856
0.01172799404508992,-0.03230742429185571
0.037771697406268484,0.053856243603063944
-0.10291853878610174,-0.08708169048889929
0.04912322291277679,-0.05208127798452226
-0.04608405853772843,-0.09243697637966614
0.0647742373848407,0.03405793575831001
0.010380028729233605,0.03491072718747283
0.023600153099076135,-0.03528624468471388
0.037491472073940935,0.06182590414654899
-0.016809501363207253,-0.1605043506106047
0.04182799285058667,-0.05468392286267025
0.027600114644624675,0.09528077568804887
-0.014665284985586636,0.06076389808226133
0.035550220586627795,0.060300955589452185
0.02302807676934495,0.020707303465290337
-0.0028984855019098185,-0.04482541785145518
0.00591932503733069,-0.011553460759719627
-0.11218095051296029,0.006553128223406695
-0.07652712190928193,0.024863397169163855
-0.0028309758620934135,0.04249859035250966
-0.018229128088122198,-0.04662896336749222
-0.05100439543497465,0.11547951157978296
0.014151631621724827,-0.0713125229742107
-0.021180421884458154,0.014998194797386089
0.11912287149131133,-0.061674622989377516
-0.10016387279677544,0.023914090562825754
-0.01217619480065047,0.002464012208759794
-0.06740086448029073,-0.0021058617899852757
-0.005482869527681848,0.06665862935243641
-0.03233036103394046,0.038048787961972794
-0.023643687416373273,0.03695216819506993
0.0344925668778365,-0.023193074082939805
-0.04018948585499071,0.040748796090946046
0.060729352732194104,0.04075218834095232
-0.03826145008947222,0.005013203786992057
0.04932192207574895,0.06176290694972147
-0.06316646282709502,0.0805844610653782
0.01666640555722114,0.05483332178840658
0.04306930086184805,0.02011475189789157
0.05375157076480271,0.035399561678062096
-0.07664337151673017,0.021996681273554537
-0.06014152075550507,0.01999955142008514
0.02912093512008245,-0.04507245635833597
0.02657856762489033,0.006043705472506888
-0.02281122500155469,0.08138376417631463
0.045032005542521,0.06569277782768988
-0.05141710437771581,-0.021640565067948096
-0.06226457908444048,0.04301612165752567
-0.07952065296241684,0.011884995748647601
-0.0801991529949152,-0.03109197836009447
-0.014210958113948211,0.05014122026282961
-0.05935990117129118,-0.07016495443919796
-0.04270029204730141,-0.02515446592174072
-0.03480881361157106,0.019330226397833244
0.0032985911132497776,-0.14087979132909909
-0.0046519326636170815,-0.09830683376345833
-0.06311931175310054,0.03759897933247359
0.00824808770698933,0.008312720905529057
0.045634083410706065,-0.11645484782307017
-0.06090962831926769,-0.01983209031713019
-0.046534124464842105,-0.028180986567763938
0.0712178440789398,0.13292292522425916
-0.07774862361143811,0.10461666656166971
0.002837742463802591,-0.021681951343100546
0.0681455368778024,0.0330505236041336
0.009799831799287118,0.01158699822218762
0.07943674042438309,0.02739990951921017
0.033974151344502074,0.04615619298162271
-0.03447239573818956,0.04042680337107314
0.020482582971801316,0.07898334837231058
0.039122343921291464,-0.05888106031947267
-0.028185824856375517,0.039376126708254626
-0.0035339017023914617,-0.023914216832880433
0.010718500302908857,-0.004543469927806254
0.03508549467239267,-0.05545054357416984
0.0014035406160693552,0.022312552068246463
0.032256752721184,0.015471049683988844
-0.004132642123410827,-0.01987912076629389
0.029979529375732283,0.0222849863571791
-0.0037956586003747104,0.008860359181061908
-0.04811894997676537,-0.0012566115212656634
-0.02439981935391416,-0.009088088629700113
-0.0818045925520778,0.07158664785649202
-0.04372052228705363,0.005227930829921755
0.04158730810822287,0.04804176794462747
0.06001994322839912,-0.04835912785109582
0.06069954438620529,0.018732851510045032
-0.06327684757869603,-0.05407660563743358
-0.011190984966331273,-0.0010404372765361602
0.009089195948216909,-0.02886833361499756
0.046239879827326684,0.021519301465059912
-0.05673595234784708,-0.042522330540883696
0.012001048233394596,0.02071646613940814
0.060818468689249144,0.04895582595304683
-0.10900390656980802,0.09324417229403258
0.002320743540712116,0.019147355124101373
0.02974261686172721,-0.006492084651968363
-0.015112627291366369,0.0035494347539126317
0.04732957778700664,-0.0003740026459961906
0.016740822269875655,0.04765838797880216
0.08849448350376202,0.07242516634881781
-0.0012292121174529262,-0.10101479375899165
0.032839478665746505,0.10185668092310311
-0.06446288660796744,-0.0835554408179424
0.028324819181698366,0.005943469632803129
-0.07182242892925343,-0.07382080776261221
0.03660504150258333,0.006760326171938278
-0.054166614597954625,0.0623181723356936
0.03477565322589036,-0.017063579824386686
-0.0139472033103151,-0.02182523973990517
-0.02989533147985499,0.10574445941741566
0.00754238254594964,0.01476391260090156
-0.0414456737757763,-0.02522943164354021
-0.03857015497595387,0.0560600216151921
-0.017913353921722084,0.0031414202211320057
0.13619656924404386,0.014236253846607292
0.011721556780121977,0.062097418042454125
0.008554601868084653,-0.057587113828622576
0.06337800165113863,0.05386833869437276
0.08439474891326582,-0.058239239395728094
-0.029958129992266484,0.005247586793014563
0.02270068997586464,0.04569611752141762
0.10692729689165462,0.08110190905679875
0.06410383427615834,-0.1020629999910281
0.03849409950206274,-0.016893882128290072
-0.010480330473049148,0.0016107378531478554
-0.07523480611027762,-0.08102311401227971
0.08263958580320724,-0.03420160656665934
0.04100832599249691,0.026278331162305567
-0.058099194173004784,0.017861292971610016
-0.002666394803029888,0.046799821759302945
-0.12023043520192558,-0.047004162461290785
0.03856218630027515,0.00643582345772293
0.011942116932287644,0.02053024465928689
0.025913401678288116,0.09543793214549572
-0.06813991304128253,-0.015004988103193827
0.050614793886369386,0.074863819228205
0.015503314210617177,0.06361267130168902
-0.043657039302754615,-0.04339701345942056
0.023684934893599463,0.06411516262362404
-0.0014980269246840754,0.03689843371176536
0.05315679575808394,-0.01058233718082421
-0.01423188150448466,0.1095300508844723
-0.015129316312732755,0.006410906953132452
-0.08997068683059094,-0.0018569347266141067
-0.10658581055452418,0.046317671612720324
-0.009766147060204419,-0.017499500766918905
0.021967498972551507,-0.025365751667089494
4.099728492058109,-7.224605955201114
3.493276176460235,-6.217292169157739
2.9785201677789357,-5.396239832236535
2.4547506243703037,-4.4151697396826535
2.0713866914007775,-3.7427100985617283
1.769640110002447,-3.08839250479732
1.4475885311249508,-2.404427285912443
1.0849768349830262,-1.9747052324897831
0.9203743265001172,-1.44775205646976
0.5453577628562262,-1.0691239271183721
0.3850254422802722,-0.6702190716997257
0.18442331341765655,-0.34644046711422233
0.01068926282227509,-0.029560343516635904
-0.07351589945613099,0.2454472271841392
-0.2601814333370929,0.4663427101395639
-0.4040349910032187,0.6405369828291746
-0.4142831673833612,0.781602898805319
-0.4469612283561969,0.87736217895561
-0.5610025961613816,0.9646987277574699
-0.5414695542931769,1.1870455809122646
-0.6559386242257009,1.2587298990977227
-0.6281963126739486,1.294112117230526
-0.755736936624315,1.2836361298571854
-0.8205638441166357,1.2285894578813308
-0.6926872777395032,1.3352436046435217
-0.8111817027859773,1.4299908694056769
-0.7627050672360708,1.3318716549542173
-0.6333608614700295,1.3639136844808906
-0.7125948777931741,1.3450078366189875
-0.8235097175387918,1.3120663188431594
-0.7491414642695733,1.2629282497955128
-0.7246004991829813,1.2317277096463126
-0.788442789993432,1.3004166255114582
-0.6473896587883425,1.135091059334892
-0.7043424686622818,1.1125512186635838
-0.6586912512667404,1.107820673836536
-0.5055968925330736,1.063419196777414
-0.5565963946549313,1.0315445639393521
-0.6362969679979907,0.8815709691167439
-0.5843149703360755,1.1064393175334581
-0.5703205135292648,0.9551386663619588
-0.5026498721226392,0.9094980985912451
-0.4326942285714717,0.7832168986065569
-0.40545158856864394,0.8085459338469158
-0.5304082678969452,0.7883536353809998
-0.4431169667784842,0.8118963381460799
-0.3266508522032816,0.6784678022192469
-0.39271766999087643,0.6167588121571193
-0.40302986128490537,0.65832494673219
-0.34061270626885837,0.6641713838088193
-0.41103827475782,0.5165683825140104
-0.40455811798861163,0.6496837905272527
-0.30776221884844374,0.44126456222096805
-0.27096207227930275,0.422381427715553
-0.3578780557348474,0.468951062369571
-0.260483849980938,0.4705895286710975
-0.3243302084834938,0.46489947143796245
-0.1904515425142173,0.4068548780949719
-0.28298692747345927,0.34395616823768926
-0.17995536273505458,0.24570485616269278
-0.2486273637498697,0.27618625394106544
-0.2191807213572277,0.23255526466464918
-0.09529459055170439,0.26481469689517284
-0.12727348456924306,0.31071141662915674
-0.13338511785343704,0.20093372991399672
-0.14171277038367355,0.1985309452350711
-0.08413030632805232,0.19660085550360973
-0.09737879240113999,0.18216941485191726
-0.1545120615898678,0.14101205250961818
-0.08027309542138489,0.17216978822870702
-0.036681403357937334,0.08328338211816516
-0.13751116049835255,0.08964885386016962
-0.13825436556068132,0.07893944087318862
-0.0777656680273703,0.1753580835783166
-0.1476654207466275,0.11018318394963583
-0.08573616286100187,0.09220717306368949
-0.011655497043606425,0.17796551814524209
-0.09130005986976347,0.09397260349943304
-0.061404152573945346,0.005106956310305111
-0.07450340235641614,0.09355526824437312
-0.12117350833658498,0.11159147393971097
-0.05193440926115235,0.06797114908652546
-0.029944985323361997,0.05525563895985865
-0.08029107501802565,0.061839611954968635
-0.0688088254470198,-0.05270166693833686
-0.052724061334849,0.0988604153509379
0.08288401133988593,-0.045723699991291715
0.061830565474031346,0.03169896515427725
0.003802854442267821,0.06078469682788673
-0.0032554430694164034,0.01039617086865352
0.0035952421648221544,0.034100414647037794
0.030898415106547512,0.03483147491107279
0.030858133309409272,0.06031410202227725
0.020739066897205033,-0.007220485904155537
-0.03476335166812253,0.007402448963590685
-0.0389911190049713,-0.10975058995797442
0.04304744058141918,-0.04609445723722555
0.02960190945992569,-0.057486700671486105
0.07903652694303939,-0.018384971913365366
-0.018761464085938553,-0.04367954502697298
-0.01676457428611685,-0.047268631967890086
-0.034935836770716426,0.0229114800186972
0.04419382341277808,-0.006981150950961185
0.05730886325854544,0.03450775501425359
0.03132567021172914,-0.016467151045545053
0.01770748383251256,-0.015680018361251883
0.032936325815140506,-0.07015591755139376
0.04887424555045682,-0.012190447797729674
-0.0403849243556298,0.05722710102833995
0.05862370148473072,0.05240515068185759
-0.08324140791706289,0.01311308425856863
0.01675140493361975,-0.028790179874246116
0.003446926940269812,-0.0031711560764654464
0.03922964908357719,-0.104852527244578
-0.043124655478512464,-0.053168305392451896
-0.047856685264417026,0.02161553713456663
0.04045431454867611,0.03764274985534867
-0.07128099336365468,-0.09131801701825426
-0.02083764507403154,-0.005647565824890788
-0.019809747329593144,-0.09129525394195774
-0.06586739865937379,0.043551183793018707
0.0069777671114068,-0.0069806079209981
-0.06602105166625627,0.03790305351568093
-0.020893177736641535,-0.02738411519437814
-0.09851887450642806,-0.06704339237354887
0.025441289632827567,0.005998421538077163
0.014303391894722555,0.0007658283004434146
-0.035660612979280484,-0.07404457244208129
-0.040203966469852664,0.01936983144760923
-0.01292119225713083,0.10533637045367039
0.016236975348861586,-0.07379438555501056
-0.06789064461802222,-0.02687952218614308
-0.03444492589341098,0.1250628777196335
-0.09241123570012098,-0.0154563743155808
0.07847558968958615,0.021140307806701855
-0.02404088779810467,0.059428747263320904
0.02909582336524212,-0.07898094951371283
0.04026420577273912,0.033766330466279165
-0.0625231835682683,0.11634943874154269
-0.0022409705806082,0.013444518070304948
0.045041378281873094,0.0052693204856273535
-0.02284330891638498,-0.07898779225565214
-0.007637976484890397,-0.11289523810353268
-0.06775517228682365,0.029161259697213834
-0.02729406650936905,-0.06159587893655015
0.029105600949685048,0.03571850228484011
-0.03921725606542423,0.053887237977201956
-0.028342656922395973,-0.07714114311139708
-0.07199155650197228,0.0252766177403039
-0.06798996922022349,-0.05799199199425876
-0.0006796965411175315,-0.048431762069630485
-0.021844571886181174,-0.010755759895432027
0.007105548096784237,0.0006103678892095642
0.018489526415901292,0.0773842759944733
-0.04260598319529335,-0.05513341860115873
0.04438605603472756,-0.05308993702459727
0.0033404904380050513,-0.022472480116963248
-0.06527406736101533,-0.09128034465059472
0.029821950492435533,0.04061653171148392
-0.020440753633066674,0.058217644157095606
-0.027518126648877494,-0.02853632207399111
0.008871024858757683,-0.027524564167308953
-0.023680645356203168,-0.007456107130132918
-0.0030725542584735116,-0.003916880247750216
-0.005722908894537932,0.016301406798374662
-0.03893979483801739,0.027447277871926544
0.001691390734536783,0.02994956764571575
-0.08911538117814599,0.054957838632563205
-0.05619609139084045,0.0766168141233688
0.02337514872638912,0.01303663981105905
-0.070778851633705,-0.03506696008669597
-0.04101482177631554,0.004985768908570906
-0.009118501620993286,-0.014462309891080456
-0.09854389159183283,0.0007320927015478079
0.09096178829294983,-0.10259087082917091
-0.0011540223620180204,-0.01582307250986597
0.05634160020748305,0.14445569917973816
0.001830032802120273,0.04028875109847452
0.04240099096078756,0.06627452650476341
-0.03039726411532163,-0.06260030403379171
-0.015132823284223837,0.060659601253356586
-0.01922201108977411,-0.009205296193265095
-0.08271312905210232,0.020660684043479153
0.019846839748137453,0.03330849396500604
-0.058726060768834215,0.055269730313856694
-0.06170716726031165,-0.012829066900129284
0.006872491110679576,0.010398321102000677
-0.026282470818899048,-0.015633860187142752
-0.009023169764554652,0.01130897744448922
0.06784828823035603,-0.05152105190968443
0.05676468468402078,-0.021851582123375124
0.006834306895139159,0.007720385418267344
-0.034267412923131076,-0.01158529130671057
-0.01291258629738443,0.03871396405016715
-0.09385053105146116,0.06622682876769259
-0.0680570156279014,0.04022029820065775
-0.016271822712008385,0.08313956656681822
-0.10027909183223535,0.012924529825029887
0.07444052690463415,0.0036326068530294423
0.024227569874616186,0.031256598396388655
-0.09698144031073962,0.017271157067582216
0.029997225429080687,0.07199770239161826
-0.01692339646299416,-0.01918183989716376
0.024026769471317364,0.10464077267063161
-0.025018561827688888,0.06441767530995697
0.004046213731668812,-0.03848844290829816
-0.030670844863864847,0.007088039491430491
0.0663653859928292,-0.034690513302854255
0.022356707044937963,-0.028574607822115208
0.012251644913682188,0.1059663637565568
0.011048803794214619,0.020850455412741387
-0.06391932925655308,0.02486808667565355
0.03317501092823276,0.11525903200872878
-0.09275405888003019,0.05326019591381232
-0.018529468896601918,0.09824251721769747
0.06044143821135031,0.029924851950044726
0.0277604089143371,-0.09215211999830623
0.08296824261570093,-0.0019274351445821426
0.012171569769834585,0.014028104388710716
-0.1498329394301197,-0.030522648300327134
-0.060954494213096434,-0.05196600562771123
0.05821162693321166,0.06035743817022107
-0.04202865422628567,-0.0191286403563407
0.026815026838677224,-0.01283819031429277
0.03356713346582506,-0.08246195678593599
-0.09661027495138343,0.09515593136814167
-0.0010582484300519458,0.10570347432879848
-0.005240886381827301,-0.018108038841015077
0.05453668228353843,0.017622461295700824
0.03586242218100827,-0.0031263530026803743
0.03732232711916987,-0.03542669340625954
0.018220605885732436,0.07423655446932294
0.012610665977176775,-0.007842103448807102
-0.032187010821100044,0.04670536313390467
-0.05305844423259673,0.028946156412671918
0.05887138653891105,-0.019201189389470706
-0.014454129512032904,-0.09034309642110461
0.05500105309274582,-0.026705885843205608
0.0008319503357763804,-0.00414002768087946
0.005388460837528388,0.004455804001971356
-0.004040828838817078,-0.021593917178398397
-0.04304649783544554,-0.07886896124098884
-0.0801827979199547,-0.052297704886976625
0.007664282025807306,0.05244046971088167
-0.03727442575012719,0.06328021919145822
0.04332284128666945,0.04342327062852516
-0.06583500581091369,0.10963026951827559
-0.045041553012663695,-0.04723649003217317
0.02944286290515445,0.03744687644402333
0.01895305298386572,-0.021063018948764858
0.02528534021044223,-0.11803603289107946
-0.01978903930313776,-0.009268139544606736
-0.021577456242150784,-0.018847241617017205
0.032885774571183427,-0.03790158457154534
0.06167106244928432,0.08449620699841251
-0.00025492072716863656,-0.03020836428848173
0.03291845610650968,0.02243856864815729
-0.050696198180168905,-0.013929806255940876
-0.14852274704729848,-0.01049370409217832
0.0175152401285862,-0.017555264177997895
0.02077624490270353,-0.016279081241403315
0.008183485747479126,-0.03924812986297475
0.013699302873702853,-0.0066653600525851215
-0.02975360040040436,-0.010283883252517528
0.0016692282471945435,0.09448906755203215
0.024311577778803842,-0.004226510384218809
0.03876429531947414,-0.05758037497767908
-0.0965916638217781,-0.005003696885224346
-0.0046528801344123474,-0.08030734493271989
0.04123998224289365,-0.027771399382009856
-0.01949040585757042,-0.08761103143816976
-0.04453238231170364,-0.019722570525861675
0.0040350339618410065,-0.0011295894353590893
-0.054278742913733455,-0.025064205739611864
0.07362308268953058,0.03662612297127843
0.0703590514602941,0.017370849879052526
-0.009394757669730719,-0.055947908787207026
-0.06842101094117342,-0.008756042348279772
-0.019501247097621428,0.06998079874626198
-0.05218785175739164,-0.011275879039686248
-0.06696022270062776,0.025316276096659034
0.016779721296731828,0.058533266999630976
0.1058356528360607,0.027356923373437463
-0.06234292854450963,-0.043217087470195446
-0.0510999698235857,0.035703869271521624
0.052145051667033725,0.06069125268292758
0.032999466124377055,0.06334632295124419
-0.07404395938952352,-0.04232601070341624
-0.0048130720196502995,-0.03593901818070596
0.03566571398227637,0.006770950618298451
-0.019495772792769966,4.140779655622574e-05
0.008172539257587845,-0.10179774901985757
0.03248953297928635,0.029388146942196647
0.06299455235080571,-0.08867696035189021
0.009780945804170268,-0.009734288760972513
0.040438614115035326,0.025981167026817454
-0.021337150272632166,0.040270433106863096
-0.08734169038339604,0.035338689757010544
-0.012570567955519831,0.050093984035805644
-0.04776706810102546,0.017189157179715538
5.7388194383663,0.08993409767858233
4.970550159865605,0.2697012049865453
4.167852807069802,0.14466960955644748
3.5818746301585596,0.0501890795002084
2.9422092408426077,0.08920669501782084
2.4014108916760186,0.07680343856201835
1.955743804828971,0.04380242755286741
1.4551175089004587,0.056418759711717004
1.146444403445097,0.03312740129879845
0.8943668980063239,0.04836989024706484
0.5040726754503544,0.05630064572371422
0.2538187921486474,0.04009145989439401
0.018530868649290634,-0.10608854199443238
-0.17679200037028053,0.002743615379258501
-0.3587177240391462,0.010330835764828156
-0.5090509713268034,0.057867727222783494
-0.5954764295714543,-0.03793871370159011
-0.6652712446681207,-0.07144335789843177
-0.7320212522572358,0.012321099734710406
-0.9170877312094357,-0.08985101066138933
-0.9641300618417772,0.025997724402637812
-0.9836724889231316,-0.10552887597281486
-0.9730458467563765,-0.0106794519253639
-1.010968834025171,0.04200766494505677
-1.0793408379446896,0.01313834442259535
-1.0774159335549096,0.0018912382559784918
-1.0013420246732176,0.08729660983402847
-0.9991447444785244,-0.027130765237152146
-1.119860298966731,-0.08246453362432189
-1.0602821736444488,-0.04958326766570549
-1.1149278068593784,-0.06923585209002886
-1.0598530815694587,-0.009431718815094147
-0.977159633583541,-0.08364366233624318
-0.9468838858536627,-0.05510669752900002
-0.8854721649499437,-0.08875160117306213
-0.9524180948903269,-0.07948881294388918
-0.8936811367864282,0.006986358705944239
-0.8038583114380058,0.009447775147932061
-0.8307110981094534,0.015554672264877667
-0.7186858459397286,-0.05085468852018023
-0.7077117019443913,-0.07253394128831639
-0.6894617743060276,0.002210240393581718
-0.7396223032341372,0.09036946589230252
-0.623843410879452,-0.01323760627701098
-0.5958223500602754,-0.005881600341043982
-0.6153834236643729,-0.03581995268764493
-0.5353416162346157,-0.003195895613578144
-0.4978667824666267,-0.007103345936145233
-0.4349895631365892,-0.0792741804304116
-0.5467531545247225,0.049170459272536465
-0.38986377669395006,-0.0043126662031622645
-0.39724180109531765,-0.07826885057096858
-0.4374591848141836,0.0779922858938353
-0.3562685278775868,0.005499428468895222
-0.44156242951103286,0.008386363917505267
-0.34665741589395516,-0.046655839098507124
-0.3370560125847847,-0.12205578377357523
-0.3294086845140907,0.021427461687041238
-0.321819661738242,-0.004326787594121209
-0.2761283476336154,-0.007502668495327254
-0.2120252152007071,-0.03102721008351051
-0.26311031983653194,-0.0897873542134258
-0.25768583186117733,-0.02649191448882984
-0.15739911193442158,-0.09282487017583148
-0.24300855125445622,-0.009084482073906733
-0.1678858405258107,-0.04652501753290356
-0.2515745057782397,-0.07203045887801614
-0.1264554243822252,-0.02067056379999825
-0.10034652207241698,0.006305311060285916
-0.11156400243126387,0.09325644465189126
-0.1196519106196012,-0.014465657750640458
-0.09852038350636763,0.01910780433793561
-0.06184831137147632,-0.06009787228577654
-0.11409219299318955,-0.06946313516889198
-0.1671045705532171,-0.0477939525976311
0.008083378682117073,-0.046290262002901705
-0.11481966428995168,0.020860304891966306
-0.01396453021083141,-0.05845374337224574
-0.12947322903866176,-0.06052647099128142
-0.04775564855948107,-0.02411989901331847
-0.06511021037768105,-0.13306671690211874
-0.1313102099941491,-0.08831630327762881
-0.166103009323799,-0.06878925557968146
-0.09327071924354927,-0.036439263188548746
-0.044137269641861085,-0.06804407953512406
0.04982817662832418,-0.030882777913525866
-0.06630238815663056,-0.023380538817421935
-0.09538019412126561,0.028837740872625046
-0.06110077445780751,-0.061826311726318826
-0.06179763443043226,-0.10589551610858375
-0.07818786138645635,-0.038721160550058434
-0.0843545790253839,0.02177656133470114
-0.05117579186764244,0.017849248622862073
-0.014971093423597957,0.02094266258591673
0.009687204837470386,0.07744543253155443
-0.16032542173788206,0.014685064996026474
-0.08633275619653633,-0.045321528632270375
-0.02118588655591376,-0.0112189641929152
-0.0845664997604017,-0.051669462740999705
0.036500813029140655,-0.042707835795582225
0.00734658182838761,-0.07646776269520486
-0.06220547118460694,-0.044798718495869874
-0.03245266971274585,-0.032734729932625134
-0.0689067338638624,0.09700557122206888
-0.07501640103322194,0.06397537477116397
0.00044626564155612197,0.042119704056175475
-0.02455798474652967,0.031636820124613566
-0.037919486179950994,0.005108617778299563
0.013237039484787962,0.11871448563463698
-0.03157455726066623,-0.03174378946635285
0.024652391793950297,-0.02716248119560522
-0.037791256700330816,-0.001702306691161181
-0.034601629937451056,0.02712560984066365
0.03269554283101963,0.0946032841667616
-0.005679962226900368,-0.06089167638183131
0.03054159273013013,-0.05948003473751884
-0.042724428366966466,-0.09819365402309495
0.028370956490593124,0.03162787753697126
-0.0025757824246277275,0.008269813632532402
-0.003331795314383084,0.020551818134344087
0.016470374559875916,0.0720612023237087
-0.023397622568902567,-0.009741086900383479
0.016812425816575473,0.031166948613033377
-0.06375845257983573,-0.054605699868131866
0.05118495098732358,-0.011033561962114377
0.06448739676140158,0.025795775062402992
-0.09102647392791675,-0.06351805562064475
-0.00536326694917667,0.002861405498740078
0.01813993923836942,-0.022476546835637073
-0.004456061507925617,0.009475791789662416
-0.04518355555582728,0.00605914576826014
-0.01999188154151863,-0.057017599333940565
0.04269366725025667,-0.028437369466776573
0.003311179689894382,0.03209956594308467
-0.0568957845025638,-0.06739308807228028
-0.00022687421452474016,-0.05109147637453242
0.036877353122221,0.014927314829368706
0.07538284620494431,0.03555116633927822
-0.022111630845600375,-0.0005441552873889609
0.03308930588127701,0.06280607641902974
-0.024171791671028724,0.04889512432259059
0.05083803857647518,0.11576863208018823
-0.019971373699975578,0.0009385594454352688
-0.00027092632187021137,0.05050902132199876
-0.028154150864733916,0.018710258380137502
-0.029033718932558576,0.025845443671147265
0.04022599426211214,0.027858890777712968
-0.0373548599293873,-0.07134959229598811
0.04954658874465403,-0.10072099317030317
0.06581817283445436,-0.02905068201851006
0.06100808139708272,-0.054737107187320264
0.09140706452154272,-0.021809589534170122
0.020540031384044467,0.034605188785669
0.00026035318675468946,0.007210989749045131
-0.036763584649327996,0.0120812289261516
0.06524749196587132,-0.07409226600621943
0.014407648829861848,-0.13733400398616039
0.05912024247650877,-0.09531379562655629
-0.04343437581536099,-0.051704686651132245
-0.07866078330182634,-0.020766792262310003
0.00983862553050014,-0.04636105085718488
0.03878376931547247,-0.08057500571977036
-0.014154253209219949,-0.06212802769802892
-0.06848706055549394,0.1115988298433529
-0.016342683323032518,0.016618735748610843
0.0007480303401998512,0.09425758291023303
-0.03795546692375378,0.0836203267523917
0.0017054983128873859,-0.05915675772593055
-0.026599478674124082,0.040808450060759026
-0.027954992646790792,-0.07140469530795113
-0.1014081399338287,0.018905801295003574
-0.05257905981554011,-0.04944273793131315
-0.09553873561224885,-0.06382547555717996
-0.00826943886106267,0.07445599362249758
0.0019565328773763872,-0.012478852563925934
-0.0190939887123283,0.03971215513895915
-0.010899266738747498,-0.007385079424734729
-0.05957769146231441,-0.0249965132055256
0.021476609955725146,0.019951071457794345
-0.007687123380028844,-0.07941126682316303
-0.08348819191295553,0.13342339041347814
-0.021556126563514695,0.04757445947586225
-0.04260229503930453,0.04800289233194012
0.005025400736119989,0.04187453445649593
-0.04054656438372111,0.040771474538215564
-0.00923877651815961,-0.07480033809552684
0.012393821312629186,-0.02624315861122943
-0.004449969998348041,-0.009026416416451504
0.058802087457833635,0.010882624619647618
-0.0042705147619826155,0.04185725842810152
-0.03576386346339123,0.08094994644272253
0.0028101115818114607,0.03584075884516747
0.04488752751380781,-0.015969039987486007
0.004690157492470313,-0.03330442189540439
0.06677462133800557,-0.07382813649305275
0.02987148256840949,-0.020909996034632186
-0.07300301062073494,0.08752924874276694
-0.0387913500187604,0.05466644280132893
-0.0758437984863723,-0.01853730597649856
-0.012617018345024517,-0.00488269224176514
0.007054207282083459,-0.011429605309607772
0.011593271166756177,0.062263139724780835
0.057257313284407245,0.015569615550261158
0.03392102598166602,-0.08423602814929436
0.05520314878713056,0.07956625986001518
0.006394749909204023,0.020888697556115096
0.01796471894857787,-0.012918065249066666
0.02989878324210348,-0.03556439795301383
-0.015464717568753918,-0.028200934922314784
0.013363362430585063,-0.036228962615846017
-0.09853914044301802,-0.06212239255237151
0.00490771456582997,0.02760956045583768
-0.013700680155345209,0.007851250861090285
0.09247474820829708,0.046677110871909136
-0.033787450064322815,0.04457762474141415
-0.06179481941345354,-0.01171982181246205
-0.051957027401068806,-0.0047078846804884476
0.038194533519083015,-0.0061541126475975795
-0.015967019994728753,0.055979291362135766
0.039919590267691096,-0.03849340126039559
0.009650726482294134,0.02714894629619022
0.08479004485929702,0.055823262967763077
0.10564025790402135,0.0552720920011967
-0.024087377323530286,0.02125945226629942
-0.014232350302181902,-0.07732161102869725
-0.05541138214532751,-0.012922161580107033
-0.029241070451879993,0.07459892244633673
-0.0151496717927961,0.044785626306649354
-0.00035103324656066484,0.014706920301132595
-0.06269949454532874,0.02440913305510598
0.013175287968840575,0.06726359936992236
-0.06995061924196197,-0.008363940000252482
-0.029423106984530094,0.0386967135832559
-0.00022024516599493393,-0.15285752884610704
-0.03421675178273283,-0.04692384007704857
0.016253159889902336,0.006164820772297994
-0.04670822410779134,0.004433267149672706
-0.04327713158789112,0.009497196141742539
0.046649481871151026,0.01644550001053571
-0.029448270859424395,0.03698415245396382
0.0036823673249307583,0.04562012013499574
0.007111076672914434,-0.05691472917994431
0.01895792369618159,0.06983790154694419
-0.017566609989064588,-0.056642835374571446
-0.013230635308819846,0.007246005322197522
0.11360125998491866,0.027625426431400833
-0.04000614124770466,0.044783388085968365
0.02282519829274759,-0.0014601123308052126
-0.005300523726132973,-0.05306651571324522
-0.0005220778177953188,0.04231880725837693
-0.07521618499488905,-0.010454553200460969
0.011521726390497916,-0.02613264305431518
0.04022249334498681,-0.09419612506258027
0.04271824520336823,-0.14971333295162126
-0.057598743361813406,-0.009043072620676757
0.07749156083070162,-0.06737894313057452
0.051124948811329965,-0.002000963231057428
-0.021843306157300006,-0.05361457642377386
0.011300023634527914,-0.08923359394151896
0.0008225815524791607,0.04332742613208806
-0.08938397085659792,0.06769439694177787
-0.054385028547517915,-0.07703730655870628
-0.03586703470249185,-0.055665524785831255
-0.025171319312160174,0.01810002399137131
-0.03957392154978834,0.039217275829554116
-0.05550919874243075,0.03690516822396151
-0.043904173812420504,-0.05043167781310942
-0.11851146483474623,0.10506292569899067
0.0603219847136714,0.054433148543645074
0.025682517844055043,-0.030250107638951813
-0.03311112776870753,-0.04555728951573823
-0.0109638088642386,-0.0033756727318517595
-0.013964667604339946,-0.1233671190657392
-0.02791494913738707,-0.047550995549705835
0.00542008457536787,0.0783727872670946
-0.015260471888031068,-0.017650079849085905
-0.029134525800579254,0.07768152224601386
0.03269557249818297,0.009354805568763521
0.016812969564815997,-0.07217270245348287
-0.09674755682186699,0.019146188412412092
0.01578928660369178,-0.004506889645910175
-0.05881494971852251,-0.07996372717803166
-0.020360011923349703,-0.05493681337129029
0.015460437873686951,-0.031524976283577096
0.06208629747510263,0.0773960008080266
0.05412664241776566,-0.06338656624970498
0.003501114108101503,0.009496154376872089
-0.0526070759368477,-0.011597380593763282
-0.07754444641632159,0.000959116350331404
0.08722548578651113,0.01875413220394114
0.033485761391677776,-0.06043632642307002
-0.040022259181581664,-0.09778860245483528
-0.017585450826749695,-0.08736116873172929
0.10199435336288515,-0.012528070966102416
0.09412150761848224,0.04272336669851416
0.03890285909667996,0.055115868781739935
0.06732937898618166,0.05226232077507219
0.035209649381457125,-0.02427503135526885
0.0013731772525136313,-0.051374567090155976
0.03704750238537155,-0.05633902629577295
-3.851350268457807,-1.2953046430059112
-3.3004695158258097,-1.1889629569190716
-2.91256016544903,-0.9714444928478114
-2.3997301235965303,-0.7670322671900116
-2.0393430366391363,-0.7295068389025345
-1.6241986206144186,-0.5719449268353651
-1.2788144146745901,-0.4576438723622703
-1.0545164439157866,-0.34655185228178875
-0.7267452486284259,-0.29161809193618526
-0.5812321386036424,-0.21018053011080634
-0.2631847151120309,-0.17533498942280917
-0.0479609653845042,-0.03883632282630863
-0.16003375303597575,0.002081618231671342
-0.01805335595783482,-0.05042327947279222
0.21128581250596734,0.09817606995057734
0.30890203738324823,0.14001762306050874
0.3969701214647087,0.04897755451755802
0.5102841973305771,0.10550906564181511
0.3965174079141067,0.13294082432269436
0.626859484450824,0.1710281802282193
0.654211915407846,0.28034576707638914
0.7764212461356992,0.22480249772559605
0.7033307609718196,0.24506552901151274
0.8046876573163054,0.10823173516622553
0.5840521624670746,0.26137971700207396
0.735160655381224,0.27863325217100804
0.7577122801343258,0.3033610303194817
0.7174117144560506,0.17866396106951732
0.7287220175937542,0.25205326225118707
0.6686334735171863,0.23820252279496126
0.7167032282310373,0.31503282110778025
0.6337297193092196,0.27142893642788357
0.7027225267846016,0.23878576810789745
0.6211114206516714,0.24686028374072772
0.5892463929085064,0.22869488394229023
0.5213755755018157,0.22441777844935346
0.6151504418866814,0.19823566048975824
0.5502141012124442,0.10992331691595948
0.45391703428544306,0.249691954629332
0.4923482479136002,0.15426663716098535
0.44365946509558235,0.24301773647933622
0.46782225637232755,0.28487963133576705
0.5548351933656411,0.15487553601946702
0.5130460390504458,0.12046573077367739
0.4564209629979988,0.22720120603466532
0.3716959968661998,0.28106163136200285
0.416575054627758,0.1643611926494622
0.352420132112122,0.20717651265407805
0.3502220516010946,0.1632896400831991
0.2262188751660743,0.030605667289220928
0.19701581732318307,0.10114102859070484
0.3220836819578697,0.14279711956820731
0.27259704521436984,0.052387888839112585
0.3143683494528365,0.052855035553750165
0.3036193120566355,0.00862431343843044
0.32137928047067016,0.0816615287694399
0.26446471605270716,0.1338265383130864
0.16504230665198144,-0.006885993913185312
0.17771622209145677,0.1227408775939007
0.19007855879321459,0.03848213305216167
0.13348910937852881,-0.004371951868285998
0.10945549358202755,0.039952472198500955
0.10452763900394102,0.02670077359682945
0.19932777305147995,0.014066439537770224
0.06766045296405239,0.07870263541802433
0.07826946820565855,0.02087578144034635
0.0420492763918603,0.03096136012927276
0.1502508560007027,0.09279433156727632
0.08915427309276429,-0.0026572425659363713
0.08359795670599098,0.1132913640405585
0.026530905662685247,0.020592978089374703
-0.04913096960948911,0.06795941914664246
0.022839914980145926,0.017103907502476565
0.050711406414376554,0.08724868750228827
0.07267882768171202,-0.03916397737083614
0.03735397157405923,-0.020293430758502432
0.1669935139530585,-0.008157352373306243
0.12736664749947738,0.08767554073051301
0.06761253490109555,-0.04413910445082677
0.05945420269579764,0.01758695580581461
0.07454264204124511,-0.09993156370913904
-0.06936501540007584,0.03888707702908269
0.13081891702000323,0.030685765050629907
0.04680499079482532,-0.039145209440198905
0.01194692023381859,0.06576701864679738
-0.025099365995063266,-0.015317738064386527
0.0340950080320531,-0.022577607222191386
0.07029367985848782,-0.0038520603534538452
0.14554206642624812,-0.0007263253585138548
0.03426267194648658,0.0806780257248415
-0.030135746725181076,0.07637732802213297
0.054591606765519614,-0.05937981793119852
0.021472946563368796,0.010654888909987906
-0.03313289674520423,0.014366082343098371
0.06375968469642283,0.019113317214874085
-0.06217992620975588,0.01974915218599902
-0.01761359816524511,0.0040309239507560005
-0.036503652716366054,-0.03015493618915932
0.0725254420974407,-0.005313117422699408
0.0024922955520821455,-0.020230881535196657
-0.0232994112783745,-0.06525554539439836
-0.03557917948676699,0.00412992304123206
0.052967943602770254,-0.11581314851546558
0.017330560642222798,-0.022293758543850656
0.059403931248677586,0.01750659780032248
0.06281477075594351,-0.053794906195508516
0.03184124432273053,-0.04437269126979747
0.05424392602114369,-0.05236196158549117
-0.005091399818998921,-0.05455982609637654
-0.08730329089033986,-0.01524397919264554
-0.07296440458889361,0.034392000265937146
-0.08133561085675556,-0.012204277708355518
0.061924241045676655,-0.02597073917635104
-0.014715452492685337,-0.02564543433793095
-0.10106327036126776,0.039755083039785095
0.06318306008376613,0.023926360907531783
-0.09860723466248508,0.016871181664478686
-0.006123707369022954,0.0183847840064945
-0.07784715348937304,-0.029212311512757126
0.035702983031187976,0.09347121285063414
0.017377990074046806,0.013398688595608773
0.06412643876586979,0.020857699776883485
0.11521770151336608,0.015378899068754255
0.00801004470632786,0.02320695337779899
-0.03676770408821957,0.09009248978425827
-0.04330147609789845,0.04005303512135998
-0.02583699923741424,0.0925531432435169
-0.009297834941167094,0.008709438203149289
-0.04588331938694817,0.04576564610477664
-0.03386161442836322,0.037649896064820235
-0.0388467265768072,-0.014902046309903699
-0.055107468129535715,0.10513193665531229
-0.07513859260368483,0.07817662903131732
0.004877480062178639,0.042110372648690234
-0.06410298080920013,0.07662493102530625
-0.04433881439573608,0.07073521742565818
-0.04808833778095615,-0.006127982206428021
-0.010114043506613834,0.013897903699540711
-0.008114330039836443,-0.030647958142592815
0.11282924318488095,-0.024308048019236327
-0.04785932232847141,-0.05036991235360508
-0.02585933447171726,-0.05643678723724818
0.03710660893731611,-0.005341280334548379
0.03295073126390591,-0.01556558392457693
-0.04042262557353456,0.04116974616478951
-0.01865570865750702,-0.04276540276639839
-0.026201126700714523,-0.003716571533667593
0.021426523855947184,-0.016622650730858682
-0.028259624119192688,-0.0009251050382284298
-0.028200675538283607,0.00888312068416514
0.09826432543233052,-0.03456937769695674
0.036320673869445,0.006833416578769491
-0.013440332541785447,0.013555717936475354
0.011008333641948921,-0.07362595548908378
0.09475187133516658,-0.03432971500303453
-0.02364178694235431,-0.05878727575016175
0.05455159189790591,0.04405704294788701
0.16396679788463592,0.035927051706987984
0.024793467871696426,0.10609549333416961
0.017364146925290817,0.12435936879153
0.03952992333482297,0.014123588150131424
0.05274321777399347,-0.03511486231368752
0.03136248620560504,0.007212906281102209
-0.11047278271806468,0.031037917116465183
-0.08620597009173073,0.01901566742919174
0.033970049265932035,0.009587362671665947
0.0009886951651970838,0.019737515544015965
0.016036454121442584,-0.06731152471143981
-0.033217215486013175,-0.02621521274262331
0.052516990857310694,0.057773163228309846
0.042846534714564545,0.0021771424836946624
0.0393406855506224,0.04454087132878205
0.03142683846732867,-0.028262654133120894
0.07574417312571607,0.06159694136645515
0.021739110448234015,-0.02697367417120146
0.053152074043838184,0.1173929572095149
0.03296162819089707,-0.006869591134959593
-0.16312712194008286,0.045006999906470745
0.033056151431491,-0.002709680438238854
0.11400090781548786,0.09124356228924498
0.01584230463971844,-0.07486761406198114
-0.033978276541269004,0.015291996859791719
-0.011480255193777924,0.031318300817062536
-0.045086905762225,-0.04988341351408348
0.06995747594208972,-0.0544808829249756
-0.012135763331225128,-0.016246565944810335
-0.0035947713462022423,0.05302813813794254
0.005489763088471919,-0.04622923460559679
0.0059394730057076555,0.09588327153566628
0.03483074100822096,0.02257971001572037
-0.05813636414118907,-0.011481303501158738
-0.026704514537809712,0.018510704539852894
0.07304341040590662,0.012982599320763701
0.024184669926647088,-0.06144510993871026
-0.008663152634915978,0.014269628783892502
-0.09288895835867444,-0.015444907156293082
0.05245608381262062,-0.04593812976664753
0.014970430007479423,-0.06746506293347052
-0.04945861479611328,0.10263588760506072
-0.08356826912407102,0.1125183311855637
0.030717242867072322,-0.08933320079091531
-0.0024882667920034024,-0.056948472521508905
0.07313131051583789,0.05702923376849024
0.04342478733535055,0.021641791873818785
-0.0466929396698676,0.11635410389062338
-0.11855665428145244,0.036050209605814995
0.10710137239659889,-0.0620071086172921
0.061232614347879355,0.003957900076769002
0.03564454432094791,-0.047944587620017465
0.005786049565557196,-0.037906961319700436
0.00043689789846303824,0.027926406315784476
0.009459243818304207,-0.02282365472819321
-0.0907014625983742,0.05034787830293436
0.07932794668536629,0.03762695470597323
0.03112565285599994,-0.06521340017985032
-0.08086588251736514,0.05789708543164336
-0.029999888486382943,0.056994396668520256
-0.046831916914395116,-0.0891383172444819
0.12524303523539695,-0.0149596783878943
0.0336077705116157,0.049385537487747155
0.012566670791387458,-0.008443728897378742
-0.10763041064542812,0.005587224477443144
-0.06870326521698752,-0.01343121941256413
-0.00445595666627083,0.014298869461302332
-0.007475971576661531,0.09391717011965439
0.01145167371180223,0.059579024702473275
0.015947547478190764,0.04175990096478377
-0.0697127174169392,-0.0031226867549641307
-0.004772360476429968,-0.08436337035247085
-0.15295231586613942,0.026312272771098322
0.04377773188671958,0.023086867719041122
-0.022884852671198518,0.02507825886669096
-0.05071082561567993,-0.07887848865649592
0.003208728641588789,0.042088577257788154
0.03730621040002055,0.08934846235127071
0.03635329496886937,0.019703774169718427
-0.07550316169626592,-0.07379776631417037
0.045073940156607595,-0.07944464748475498
-0.09190286780967336,-0.0005892060447594549
-0.03241554034476657,-0.0031543918267969238
0.039330111171501245,-0.023675568983378734
0.01158077866450843,-0.02989559261623822
-0.027910486643740233,0.06060721757816034
0.07513928071626581,0.08202048518963544
0.004842714245796881,0.05752207749611556
0.04186752310443049,-0.017437357575926352
0.017193783588626083,-0.009241467896447381
0.021108739861542755,-0.012586338929673651
-0.022418923526981042,0.04031727975215499
0.040474156890376596,-0.030934230803270717
0.029971321576609936,-0.02468751367268543
-0.0020353874083872056,0.044974349048602445
-0.02306177397901251,-0.025443265665165717
0.053496706993819365,-0.034772527914831264
0.03845826227534535,-0.016737511786657302
0.002756988807258787,0.05353858620169327
-0.04747519732011477,0.0093675240368849
0.06771797967831937,-0.05986799325815218
0.025313218342959506,-0.06448166454381064
0.014314869230333895,-0.02074655283373967
0.05752559162843568,0.0452904216270375
-0.06479808477289499,0.02923952915798634
-0.03804057151758922,-0.1201645296176904
0.020102496637849722,0.05583316910892077
0.0410170997878558,0.0029045827225999635
-0.030728883980623057,-0.009343602808086167
0.04928820068282881,-0.018524612191097745
-0.03566870122170005,-0.00444469357918182
-0.01817206851372491,0.0035951727858497904
0.01398942220321524,0.0077607613465078655
0.017374378090332793,-0.04780427224236458
0.029781303619763572,0.017418611654338924
-0.014059533574513366,-0.0372922210610849
0.012163063786091732,0.02179749452738349
0.006490022119606484,-0.0471491696509098
-0.01710180614327258,0.005097918012938138
0.007398201185576509,-0.08744892996745518
0.051521941855149224,-0.02977806727524933
-0.014429095677137703,-0.02085514245121287
0.014368898405143334,-0.006693722311689562
-0.04210140139048519,0.018490197561238864
-0.03511225045600008,-0.0043500740752705274
-0.015729139535976783,0.04126210643178445
-0.03848450060442894,0.04160377900819765
-0.09461951929325538,0.015115006443807215
0.05885810091285164,-0.03161502416490498
0.06406446016300991,0.0702729457307288
-0.18991194689421287,-0.06312756776057235
0.09082017562445782,-0.04749631729512765
0.13449040679048618,0.01844982844453774
-0.10158410223190761,0.09469333593175096
0.08336770135195669,-0.0004579993493294167
0.05079653590036951,0.05797414064410995
-0.02292050829444909,-0.030191843367027207
0.06809773912414156,0.09494799804528853
-0.03973223177499083,0.05160915947440105
-0.0346901005298729,0.08156832914857783
-0.019970419260418214,0.09497062062697306
0.10471443513242282,0.03484179486780584
0.07523063415715976,-0.03340923269956441
0.8716992686600007,4.700323192569178
0.8489130046455445,3.960542913143136
0.6778930065905469,3.454866830311919
0.6379808007929899,2.9692394775190474
0.4575162788117555,2.3634931623525124
0.4283923740569905,1.9298320721733382
0.3439366705711328,1.5588531942837587
0.2756836003517363,1.239883994683761
0.09874929405544389,0.8820108186866439
0.1148039251370227,0.5709596183355473
0.08483665115137413,0.4169868363290602
0.05276035327885961,0.208003245917731
0.012876277090949954,0.10984073089959984
-0.0732032983937515,-0.08322232217731769
-0.07141335695443948,-0.24494461550237934
-0.05328136073015263,-0.3578592585588578
-0.10474555660992696,-0.4545653276044103
-0.10993189541393662,-0.6497231460813918
-0.1853299774358346,-0.6631424766168907
-0.1100119216577837,-0.6792053425503525
-0.14538475674636578,-0.7825165952506797
-0.22555685882342544,-0.7510943472266495
-0.1580118250289524,-0.8056854084685908
-0.21377467506111494,-0.9050076972389561
-0.2507963637108195,-0.7905774429939113
-0.17384884022824015,-0.8792741784441269
-0.1906243777907612,-0.8609083837162911
-0.21243798473463416,-0.8732944877950607
-0.14684742439915605,-0.8814862085448388
-0.21994154064276644,-0.7854032223926064
-0.17827326717264513,-0.8153167046820903
-0.10263490348532797,-0.7513118639618306
-0.0714864705928927,-0.8163095057531572
-0.2276038193513515,-0.7722530964098646
-0.17154864027795183,-0.6969442763970487
-0.1709299813512463,-0.7109232850772728
-0.060223087623019464,-0.7077831924770694
-0.1556609630570146,-0.6795538354336432
-0.10365842031716888,-0.6967338514689715
-0.04957731481633218,-0.6180581487708072
-0.12381156702388485,-0.5895785727546241
-0.04882243527243041,-0.5610054760463764
0.06351616473467012,-0.5241013750835278
-0.09726716023080688,-0.5716894967006274
-0.09819102811008855,-0.4356555954526577
-0.024142593527534104,-0.4996651729239363
-0.11614875613832495,-0.5269214156145954
-0.126827040030484,-0.4583730312131747
-0.06322621929305725,-0.40749719664990824
-0.035325715559329035,-0.40599458777453956
0.006338892175691266,-0.44589894976492833
-0.0965725411322822,-0.3339460489152015
-0.03437173708800016,-0.358916636221476
0.010163155548120306,-0.32911483135861114
-0.02524500176190346,-0.3401412421215423
-0.011284043911116093,-0.3125938680356595
-0.1378929637919495,-0.33969912869614194
-0.1674369895974862,-0.2427186709965689
-0.10640823443856699,-0.2719396303541393
-0.007984738882168177,-0.24573977046208356
-0.07019356100806087,-0.24771226928476028
-0.07079555967752381,-0.21283889100776474
0.0331719330450376,-0.1487195026080366
0.006973926006514065,-0.09911740471147494
-0.06956261851771561,-0.2017833141802957
-0.11066059234205335,-0.25378853763464454
-0.08782654305739002,-0.07105668043965721
0.05051169773467555,-0.02153795311571112
-0.053759846348277254,-0.11937522872366756
-0.007243973567960749,-0.11064425592443149
-0.06556741578780571,-0.1085055951731452
-0.17059348383152695,-0.05787637370219048
-0.00606522746804225,-0.032690557364946846
-0.049222469820572594,-0.09758182688510132
0.05388646422121073,-0.13404371272813803
0.03322550217034628,-0.0010800625968480498
-0.05609398590695895,-0.09794763946210092
-0.06677824116374241,-0.10582800160239693
-0.019377937785532276,-0.08005476812066975
0.07300654507815676,-0.0660452238559847
0.06581426209279143,-0.003025283576375673
-0.07270869119763998,0.011657599496413706
0.017780241232087476,-0.027041161380446148
-0.027038481934683462,-0.043359747458582426
-0.11076680084483675,0.008706929462872569
-0.07814065374008874,0.07405035011303528
-0.04589552997500566,-0.07635518174601769
-0.02119528588005506,0.001293508302497002
-0.014713722941247757,0.02756101415064231
0.07344382694030682,-0.03880727434326994
0.06508096604763469,-0.10109390224391093
-0.057433332924586286,-0.04240753857324782
-0.021451760399709464,0.024652362096333556
0.12182506979834923,0.022228663328819065
0.019432364941246567,0.01970521022842317
0.1428349264458183,-0.014761300707193552
0.05820086140329752,-0.039655031637583514
0.013400385218133637,-0.006374186476332735
-0.06483789397865032,-0.10630174650155763
0.024271074675052108,0.020631038094096284
-0.002750926911565245,-0.08385198021659357
-0.0944641306833409,-0.022486630094262584
0.05673258905403013,-0.02732003794861393
-0.05891373307257272,0.014716862740349734
-0.004789290695605282,-0.01821896145137051
-0.01761521154938409,-0.07119067495281024
-0.010040549330188135,0.013747465432022526
-0.051726874687997935,-0.03175203912672127
0.004079478558601729,0.018112875383744884
-0.04763412827850933,0.030529919797714515
0.04174336414798446,0.04572313420884837
0.0052285880419650705,0.03648833552080279
-0.02938255290493845,0.04845042966629433
-0.052868111670807384,-0.0360003999214036
-0.022294486561273783,-0.015815636343223693
-0.06656590532859996,0.003418489931047865
-0.002081642638382432,0.05260512013091977
-0.013310280245101391,0.054049523860257916
0.043864878678534,0.03154545883774015
0.043333117638523995,-0.0607176821200689
0.006789918785066872,0.058711016385592216
-0.1274911643126481,0.012845147470202435
-0.07606309666530399,-0.011301741121844438
-0.055210336976515645,0.10930175091169893
0.02748148185512116,-0.060250795581320155
0.06573101937347979,-0.06837724981939194
-0.0012240841213883927,0.031236205568227378
-0.0014909993304378887,-0.02539885453844081
-0.07565627684112124,-0.03011529411981203
-0.029755379931081717,0.0016384913434854013
0.01610415007059341,0.027290455134161604
0.04118348505392301,0.04401049546033539
-0.06312717517304581,0.007815932382936975
-0.06424198584385721,0.051249760342258484
-0.003091275399105392,-0.010287995115209203
0.0796495433251217,-0.12007829883637508
-0.028916179981364656,-0.13564019789524248
-0.06363732770023273,-0.01262308398524169
-0.013266257101761433,0.02765934276759617
-0.0066781252313214065,0.049534701017800054
-0.025683392882279787,0.09071651156001097
-0.010911834140807639,-0.03846403358043547
-0.14980099749346848,-0.04242058535246314
-0.09716113480245507,0.020742928282546223
0.016430043815441147,0.03103783084738625
-0.08040260077462107,0.0900085913091864
0.037439424925283564,-0.04123896177050589
-0.06386983011144215,-0.015268566980856851
0.07352929942721266,0.08442267869463463
0.036512303392168065,-0.024271458950737027
-0.0392446846684834,0.01295190329465934
-0.020501737555946878,0.08162264687040764
0.03231051386549613,-0.005927489374954378
0.0014575483852718313,0.033206215897575705
-0.012760937124584561,0.04272204601468274
-0.0056672171808894375,0.12096169394301111
-0.004642781295169814,-0.004447996759931874
0.06643995245710507,0.04062029386429397
0.07496397169341029,0.04590355184061874
-0.045944610302636274,0.1373813913357296
0.0054397544184938695,-0.11134261351662589
-0.033278303103553744,-0.039079118882309936
0.07203956161553063,0.00541594505117602
0.01701716139452924,0.010335211799915532
0.03425282555271408,0.024796796934596032
-0.03471264824323725,0.09189018028065855
-0.0665574194391879,-0.03549354474144216
0.02161515504250956,-0.02004204573697959
-0.0011713748701822346,-0.023589917773049456
0.062394093914296955,-0.06050354749957077
0.03511447162013785,0.03565728871001621
0.059831204504546036,-0.06150935268802596
0.02006590092476609,0.047590438765033743
0.010136697063585278,0.05886603199955989
0.08493963430820847,0.06562288610156339
0.05030768665572754,0.005311009413741626
0.0037570979984782264,-0.012838747478644653
0.020639405727986837,0.04538395197619474
-0.09004687811475628,0.05938018631884967
0.06694915635761785,-0.04455977982817926
0.03956992022903415,-0.08703528737756698
-0.045856938434412846,0.019894651555704787
0.046967002844767826,-0.038394622642178994
0.11081554089970394,0.027776368987228153
0.017228433462067327,0.022267303138592258
0.017127148328644308,0.010181596515026228
0.0691454657192676,0.0028311215889207956
-0.01232167565533344,-0.0759067711058592
0.05680203082870707,-0.06604533579430032
0.03701204325530994,0.05767710354808929
0.005882599009328481,-0.06783006293165773
-0.004804723215315908,0.005680289105019477
0.02670680864556167,0.022554841714969805
-0.02536055773647574,0.009863089111342928
0.01737799363265153,-0.022970042014359673
0.02933168908033736,0.07959024084562859
-0.07576011078244119,-0.011693560401853494
0.016426847652153416,0.019122940614861892
0.03248810845065342,0.012402652823303592
0.003119791390563821,0.018250565874549877
-0.07169208321488595,-0.05126702729321238
-0.043817880436836126,-0.007729736590356266
-0.010836422251329907,-0.043557656194067124
0.03128798408446806,-0.016611484029265
-0.004737787830329895,-0.00038412261613305493
0.06910934772284301,-0.018930964481657642
0.020322735205902297,0.011644548336067024
0.07979031082504354,0.014030734008141086
0.006476274201369279,-0.007113778442432972
-0.10129038370915439,0.07783067879606975
-0.07571420686081261,0.02092343905256793
0.008703117083037875,-0.01440637086707645
0.03306264445733247,0.024522628166190382
-0.06367417766736112,-0.06128390503464157
0.041399875355410176,0.023419623489865832
0.01964438745456885,-0.05315596501283803
-0.01485528591879164,0.07106704426210185
-0.001409049353865613,-0.024260135152414715
0.023749040872559593,-0.034766408749104395
-0.03036406497763721,-0.013573891875536634
0.004117526315058462,-0.008337078601898796
0.020139796692147154,-0.03859432981264588
-0.07310907882990288,-0.007085788597574111
0.009509601067491288,-0.07591026974880447
0.15720449954824844,-0.12891036109060744
-0.050533474251500454,-0.02924115247123061
0.017308002588984447,-0.03889768111515304
0.03769953300601831,-0.04057686909850503
0.06319723299864966,-0.012603058646451441
0.05855875814463304,0.011629314701095458
0.020596176280801324,-0.029593075081248487
-0.028442205594559282,-0.02153556378949198
0.06234866535785926,-0.007672106354754599
0.04576337807447415,-0.013707010673007412
0.0635600419413839,-0.008784587065075015
-0.00903993373708254,-0.007579438230346551
0.03563864090365675,0.010530745902466193
0.011177227538672636,-0.007646172070529753
-0.01551751115417934,0.0153387754288279
0.004654168705314029,0.003340987187711012
0.0969423898091686,-0.05537846764090841
-0.03354927820512405,0.040148053445699355
0.0018023935161516121,-0.0006026867632466723
-0.0019730085992265382,-0.11380551755510525
0.11626895769481416,0.026812962049967966
-0.020399176526023098,-0.04749280667968553
-0.009750252838202366,0.036078926201502375
0.030465803487634086,-0.08758393613253006
-0.07566483539730877,-0.06091168906201151
-0.04007417343067571,0.059159808922667215
0.03507774922601899,0.03952682520543474
0.04335649960196726,0.03147105385959345
0.003185115170133402,-0.05018136160628921
0.04145689821816384,0.0029121972616623533
0.09525017567656778,-0.1318907341068588
-0.06054102671874223,-0.013708748727485297
0.05136629775525604,-0.05571444178368358
0.009157882025564421,-0.010154791315288462
-0.026893419227464355,-0.05793374338840943
0.02773973419886547,-0.038574066482602656
-0.004706748835612509,-0.05539958418704964
0.036622520884660885,-0.07876169680884365
0.046656498195017354,-0.07332175595778169
-0.03495310946646624,0.004220241792327391
0.04084130192445437,-0.00406892832784161
0.03596348657539888,0.025947311647855693
-0.016709293823806648,-0.03117830087308921
-0.02093169501679249,0.08028532037885744
0.0019732987492956534,-0.01665686935034002
-0.02901951690265279,-0.057745755764980866
0.07813425724645595,-0.018678544667915124
0.06730198898235443,0.09368341171536136
0.02493901572482468,0.03564164206686497
0.028077255644075413,0.017764101050368346
0.045241727010088856,0.01840347708052116
0.05758680491766381,-0.021147054732066965
0.049964836414047614,-0.06347056610093885
-0.08741084318114979,0.06930337253994216
0.014520680481272348,0.03251196170466064
0.001745240648600918,-0.03581166210451184
0.011907666144579398,0.16536219645522263
0.014862920095240017,0.07763052136711521
0.12844467939723217,-0.02332168627871642
-0.02757021983104001,0.04981645160825748
0.06367588981453275,-0.0009291404240388147
0.018944980460647985,0.05019039587729253
0.03262593763798978,0.043803943391291296
0.015990888165844243,-0.021765102837330647
0.06614522037822027,-0.04485376129089494
0.0775777293203912,-0.08893239174473629
0.08127790791484261,-0.12148109913837131
-0.015315770329453802,-0.08476330304226293
0.0478306885509476,-0.08619233018328885
-0.036083735492347016,0.004861039805423351
0.07452632858250051,0.009347931814086781
0.018740914673728827,0.03382951597233582
-0.03444164498911518,-0.08444930914308593
-0.010647400716965277,0.07299123726172417
-0.034336100456594194,0.07037585480923593
0.1024516157221525,0.028373992864438504
1.0956524195149424,0.7690450962643779
0.8033308480899443,0.7262676659743591
0.8123809303481181,0.539996425042328
0.6277495574566356,0.4428753509445941
0.6255601334099317,0.39591734154289543
0.5222523795042151,0.3710816407286657
0.4378173788283056,0.18287956340025166
0.3497955068782691,0.15966060292157452
0.25851352461286986,0.22641249731441182
0.20478600571622585,0.04374430226758698
-0.031547339967423677,0.1245713364808439
0.06268361216827396,0.048233627057160736
0.07841211753373269,-0.02682092951461252
-0.010843500655988748,-0.011671339570343952
-0.15542933897697003,-0.0028836078329737627
-0.19972721520585626,-0.07541770921764301
-0.0791671694113315,-0.09135665590695628
-0.11855609739283887,-0.1209405020696322
-0.15978374247585098,-0.12058712512963404
-0.17711448274623542,-0.11514197554919006
-0.20943105523861474,-0.013001170488583472
-0.1869083785214634,-0.11972878664829299
-0.17820348362799626,-0.07927475444341818
-0.2009062258713188,-0.06811672339878971
-0.16571115251181462,-0.10455315263571552
-0.2023943866073218,-0.12206244826623441
-0.1638065380925777,-0.1480551711838353
-0.25225015114827953,-0.19516436513141167
-0.18585829878378884,-0.16760030438137777
-0.19335848706939546,-0.19328389596636764
-0.22919358791221825,-0.12557123593818834
-0.1638806332605603,-0.19737643131640492
-0.23339536379650636,-0.10317306129763187
-0.16838829943456907,-0.15501094609953373
-0.13988260749243026,-0.13631714731989586
-0.223110077618137,-0.17079566843696375
-0.13186174218532432,-0.0477113927333489
-0.13808566698579322,-0.0020635592438401906
-0.22357524880621238,-0.09150107466188506
-0.1908396956537191,-0.13187587152003127
-0.09761821476959583,-0.10129598101379927
-0.11024200334854206,-0.04107605206216737
-0.10971399645870743,-0.10724409600163531
-0.1182218431493354,0.026003545396786162
-0.1719254905572059,0.06087632955258143
-0.15955362734673517,-0.098723183404232
-0.044588136611004726,-0.04449519030559562
-0.07795136164986191,-0.060954535478532315
-0.15408633158630686,-0.04296649435557293
-0.12756386588645718,-0.011408653708759191
-0.018630187129215478,-0.11107029204110766
-0.17357807422425284,0.06956321034903197
-0.024971327493133418,0.034704893959884436
-0.09350753240682681,-0.020729351406593922
-0.09188958176512202,0.02187233769752274
-0.04056683891835729,-0.01490116537932109
-0.016689179106552612,-0.16622928942061949
-0.020744593752560145,0.027740282709138447
-0.040724949050476286,-0.08933415274599468
-0.013446495419014038,-0.012318876741317122
-0.027703426031378854,-0.058894076559659336
-0.087767140120381,-0.1001304479237344
-0.0266253971626703,-0.03921669047355245
-0.030672332471664794,-0.07707089506221493
-0.008982045930424412,0.011182776580482771
-0.004143869489646054,-0.010594510012669544
-0.0615721854135401,-0.0595749207195915
-0.03253978172848512,0.03310690426763248
-0.004822709980053963,-0.04411528126973542
-0.07431817218033278,0.011843397640685795
-0.04399261343355617,-0.09296375549394559
-0.046783746308270716,0.020134738861190188
-0.05304357945162351,-0.10334549553658687
-0.002449449369484189,-0.025985734987129933
-0.06113549389239556,-0.06591390053488667
-0.047357956069973395,-0.07807226947644147
-0.019273014198875844,-0.06443835902583686
-0.12442028797728402,0.01871013149843454
0.0051566788756061445,-0.028016551147504294
-0.08347749669139073,-0.13738009998916592
0.05047542572032888,0.005411483130275698
-0.05423321420386822,-0.02725159855853489
-0.042971775862055805,0.009427628682658274
0.006756250410888011,-0.05320424290477143
-0.044520742415202014,0.003226771207044607
-0.054681849016417414,-0.07389007949156262
0.01896235897425285,-0.0028089228287235604
-0.0017838428555094193,-0.0009820436821326804
0.00661293924586664,-0.08914953737942488
-0.014468463572335867,-0.03478429078261756
0.06989687139642692,0.04937398059527699
0.009869382130472937,0.015507970932475114
0.07923901452796345,-0.015165317632333867
-0.02253621646900255,0.0015537980348242844
0.13303737475274766,-0.06218572056453788
-0.04090993704965778,-0.02773390963353772
0.004943446708494012,-0.03270003358302039
0.06806602153592783,0.014109465889174985
0.03808054807963426,-0.009496411012799244
-0.0213415238921585,-0.021252910103524324
-0.02456878176705618,0.0025655065914667948
-0.05510645376893772,-0.05599360526680662
0.07932133470507134,0.03593370669170052
-0.0004193508262760378,0.0020713703183843847
-0.06271191415065097,0.11837080406777925
0.012566902313060301,0.004727011775206635
0.015216959245873435,0.041931992378190494
0.016853871577201328,-0.0007521038489534783
-0.003923794607245387,-0.06806479233515564
0.05772722668928418,0.009801452246275814
0.0059660101304540945,-0.023722939093477766
-0.03063611310997024,0.032050569705782746
-0.030461255109481923,0.0481723567281677
0.03538534103536417,0.013468130297990375
-0.05902428964574963,0.02488804922098479
-0.0021119432303619394,0.05571816927074724
-0.046361536106548105,0.005574132802497803
-0.048577914130819314,-0.04039411623642527
0.01827019207140691,-0.06477662741436746
0.028637319722151878,-0.020265287106527308
-0.0006207751441993058,0.010702785351075422
-0.007273415576941517,0.045099484903528636
0.032300426241490134,0.0725946647199442
0.04117229434049156,0.04673964800191367
0.11029402037014638,0.018747761743027946
-0.010283284886557165,-0.012929311353636688
-0.03587290548940122,-0.06360065586866225
-0.06536287088901209,-0.06803542176544468
0.00030125545912777557,-0.05444723072944392
-0.012577435803108081,-0.08405407110765707
0.003581416030094744,0.04505539024401491
0.018373554234104205,0.03323717106878313
0.026853935044686535,0.032632620939075846
-0.018438331099380943,0.03761076903226041
-0.0463003655679111,-0.12003496742498099
-0.05570846253198006,0.04618963060139673
-0.12550448717398288,0.011775732487148383
0.053285458506598105,-0.0746508302151168
-0.035633709173910025,0.07353908555667397
-0.06792215741324742,-0.0025023421019591333
0.07093069555824358,-0.07717043589629925
0.0802948901156322,-0.08172416274796752
0.05676355131107935,-0.05488971450607022
-0.021758063000927953,0.012336590895552998
0.003645032834969342,-0.0160484369720827
0.12212521327318987,-0.054192065129095114
0.11534760693612353,0.02008032502082996
0.0010783609656022644,-0.021117035260842278
-0.057468168978931485,-0.0518772669824632
0.06258045709932936,0.08585636288747243
-0.025235350048768236,-0.029437597317399235
0.05482830183028936,-0.043582137647242024
-0.10673613030011994,-0.06383412465348706
-0.037208178336776865,-0.03263633033053917
-0.04027931801215995,-0.013871104635380473
-0.04401350968165069,0.02733903693465403
0.048132372158361296,-0.05673619213981913
-0.01568152681190867,-0.03666952646335725
0.03324223287339794,-0.046127634101597204
0.03759763996106684,-0.013253397737873585
0.09058961001279127,0.029807374165986524
0.05465906336666625,0.06477151431500373
-0.038374274180932366,0.02006932744273757
0.05627012877870638,0.03611141930307452
0.12075675436360339,0.07079366046494491
-0.04677834552409006,0.046486340107452985
-0.07778357227138083,-0.008420177091425094
-0.05974140975633842,-0.022230160454615327
-0.013615002622286697,-0.017308696389077047
0.11340627791159781,0.013037672832961153
0.06592160102027969,0.026563276540172473
0.03547168631518082,-0.06849495105546216
-0.10511982450272377,-0.03151813521848227
8.252821825420129e-05,-0.09144603153085888
0.02209169569695602,-0.043547932505858644
-0.1072799882355701,0.026414247910081057
0.03718909256690497,0.06641919101994904
0.006513325861531169,-0.04126513021534202
-0.005120448596911373,-0.03050956255542836
-0.029185316836905797,0.0069773251755618805
-0.038055149602975874,-0.059226541721721954
-0.008093405656715178,0.007265035194659725
0.09535312896078912,0.07482086070442444
-0.05051493473304537,0.027912756675366582
-0.040884861470315836,-0.022493674622197382
-0.0771448724697501,0.003562809295838394
-0.13547830169377068,0.010265838524927478
-0.016769920310116437,0.0503217298104134
-0.060576049458523844,0.01975157713195315
0.09064037014509033,-0.03881679067830614
-0.022764178069076952,0.07554484324832253
-0.021895485031149114,-0.07858146338329548
-0.02968438013029861,0.07064388812159246
0.0762166692291799,0.046537985013728585
-0.003914437516338756,-0.06422418077280584
-0.004083867877960116,0.05131992688499485
0.001853716141057258,0.034086013657640024
-0.04016962013564123,-0.08884059504547483
-0.07533764887404118,0.07675303818342358
0.045027526935725856,-0.0064576239053744655
0.051167405307262444,-0.07103311196938816
0.04379706681171491,-0.1391857824061603
-0.00182190270900031,-0.09222274660164727
-0.009634238868551694,-0.039339734905927876
-0.0310933515007107,0.051287296195804154
0.048130460639504935,0.04720968125217785
0.07497312650305052,-0.016736247881591088
0.05449018497813357,0.09867938476414355
-0.03826464356026329,-0.03790339342609777
0.01935263607310448,-0.041625994282285195
-0.017702168997251556,0.018740767497005328
0.017309058708539694,-0.011214875880901299
0.00698708567250457,0.045203074830586165
-0.04173919471114466,-0.015843364344683517
0.027295830600962828,-0.025411515361384376
0.05548322463234606,0.03416426798735943
-0.0015582976220405078,0.09283117387972545
-0.0512992316010135,-0.06503926188459987
0.07054724657531962,-0.003078412256285178
0.07675257400368493,-0.017984793682480113
0.015699487045885446,-0.025449256394680028
0.019802118214118942,0.015031550243421479
0.12176934457744432,-0.023303973047152877
0.026783548842330508,0.027664186417826624
0.07290191598081167,0.034654972746325695
0.018638001164537867,-0.10328302670958216
0.06758235391630064,0.057599251603415974
0.12340145890058907,0.01883401962221893
0.04473110618411282,0.06184561244582487
0.0373025607930348,0.04670767527494922
-0.05011989624410869,0.000946230376320176
-0.05220837989097507,0.00452477818618151
0.019351347653735453,-0.0715057920418716
-0.05176499071978401,-0.026828607492437144
-0.06637937936883333,-0.05082710071891642
-0.002516502250838871,-0.030131503097066595
-0.06689503565285793,0.06739027473196883
-0.018414635164112295,-0.004089991014422879
-0.06673078051269007,0.03723434673604587
-0.0296353054235211,-0.025693416280220656
0.05565843924622987,0.0003453123983251441
-0.024005935598117246,-0.03138853374770332
0.04424976981383942,-0.015417669409065983
-0.024478873544471272,0.002690555125325818
0.022713780368221522,-0.12513612613369962
0.00265975271901373,0.024775386303940623
-0.042727672103629724,-0.011283564903721188
0.09824158179192806,-0.07741573354466039
0.026238112998047656,0.03578875182691239
-0.08649545438522034,-0.046673397601948136
0.005580668484133103,0.016146956147626297
-0.01997341060907771,0.0204273388747079
0.08569884567337835,-0.04744270384225088
-0.029264501572920907,0.006761055028276165
0.038498148245295856,0.06573990457385481
-0.005929827129557152,0.08165435834974687
0.0028638849918268764,0.0972123616787274
-0.08324604389271102,-0.11867143282349103
0.02357740921986722,-0.04101276556835365
0.10140609121481839,-0.04420875473663927
-0.007603151252552115,-0.0357729890833761
0.0646706277768953,-0.0429946205130259
-0.013850820648669035,-0.06124121695444902
0.04458746494286533,-0.04210171980382256
0.01056875952123192,-0.08477449741736537
-0.04915031509659912,0.07782404950558289
-0.04608494145856889,-0.023004527622594355
-0.006662087400077093,0.03546670372499605
-0.0012359292343810746,0.09459178957625182
0.06330555418961001,0.008538418269846498
0.03763719904883832,-0.008919767506399452
0.016252828865288907,0.07451588846192624
-0.02708771966858277,0.09660309083360216
-0.008273122917360787,0.057768281021104095
0.03412986996730972,-0.028669062718775354
0.009476834943496416,0.026065112859788506
0.024154727962537117,0.018662192823222512
-0.06377650443588008,-0.10037680443749197
0.008602660498141117,0.08048273675095183
-0.020361107592139237,0.014152338702064069
0.0728529188086674,0.07389780626753598
-0.010528706965750563,0.0262499571222263
-0.04361140709595724,0.043413307918278146
-0.02060781581901063,-0.04501170448193889
-0.048319384564569655,-0.05042764123767004
0.0445147233100995,-0.07185952283636464
-0.07737235077593028,-0.024331775487723972
0.07997765483124392,-0.027980095190748448
-0.007979637816448995,0.025269726877637396
0.0013729367024454481,-0.028103973341835415
0.013220501035853972,-0.0062184671091226155
-0.05351430581222009,0.02122535592661426
0.010120422910622456,-0.01195742496503498
-0.062212670244625894,0.07807819158063668
0.014701820418817535,0.05760889982740104
0.008755497111550731,0.07349670038673023
0.018852576433691107,0.009342373745397202
-0.08015162991186407,0.06497769479100353
0.020436682593400705,-0.027887283891917733
-0.0424814044535496,-0.06042642521655682
0.804362455288165,-3.834248965106407
0.6629225775152215,-3.2300612095562866
0.5736351069975587,-2.8233353010294926
0.4804985184661163,-2.380428897092458
0.41113609746276636,-1.9745955327435107
0.29007068070554937,-1.631755943744281
0.166703990600661,-1.361410176835608
0.12177884284898127,-0.9796827396554603
0.1021824672876403,-0.8465562167624571
0.0863071595895632,-0.5714467172158568
0.009157924959809674,-0.364276943075593
0.06090580646563692,-0.12200039737308199
-0.0981520860769501,0.04454551819275013
-0.08839950504052557,0.09747303855334262
-0.052712740897229826,0.34183460183530767
-0.1247354130616623,0.2454308070810879
-0.03924395681428457,0.4807570810745377
-0.15722343672118197,0.42391927986121086
-0.13118052035030217,0.6010225283874907
-0.09727080284533055,0.5333798836087341
-0.12949323470365096,0.5740407568362094
-0.1623495998718888,0.6791971081447729
-0.19185900904120462,0.6870785101180436
-0.21227085102982451,0.7862101867866489
-0.17368296466714075,0.7339921799490774
-0.16105594944514914,0.7101230523636994
-0.13969118146554718,0.8156332997415655
-0.19138618878762592,0.7840879181342001
-0.1769046928415234,0.8170312970415897
-0.24881126394234546,0.7829931178236862
-0.17216739684729182,0.6521214716904165
-0.12879962161268488,0.6660470852914698
-0.05983313831538874,0.7929343662281361
-0.05125687305670959,0.6620826331538611
-0.18217364241892853,0.6931375435864711
-0.10571323300189868,0.5971544924102712
-0.11490078033449387,0.6343884542010649
-0.12619318220041545,0.552449355574324
-0.027567492859412124,0.5549563471863831
-0.17817015800296582,0.5184106271140608
-0.09779914258487002,0.48283809577824155
-0.03987432420199123,0.45006055674371076
-0.03156905765061509,0.4270731342440089
-0.07859263288621449,0.3612959240308867
-0.13292211922003186,0.3412174092745187
-0.09649875374492393,0.42083375505652376
-0.12509940435065214,0.27954285420891056
-0.060920424896168904,0.2337672221073429
-0.12576220248698153,0.3052105950182214
-0.12112046829291967,0.3140338235739593
-0.0935616768848703,0.22482769942421746
-0.09291587539143205,0.37321706643369834
-0.14411261425385874,0.22443766041723806
-0.06522355803713838,0.20262245687281247
-0.06078700181284183,0.17914131771460318
-0.050605686524115685,0.15350432099870095
-0.05767980256899942,0.21520520572536078
-0.08950503650531358,0.14581386036410807
-0.04113382813292065,0.28044748096635075
-0.05051516366563114,0.21767365271370404
-0.05500397545099715,0.21030382396676398
-0.05035628066505567,0.05698114728072104
0.04202491878022964,0.07508671087151081
-0.0011502516499574816,0.043944962397687595
0.020785719299147323,0.08930519652865639
-0.08482577732329985,0.1979053333918881
-0.07697431962979807,0.04959547046423516
-0.03585091451474651,0.017695082634718334
-0.03433231458346662,0.10146607068994085
0.010714565207204155,0.0264407291322968
0.031719544205920436,0.07963849655931467
0.04939977356881287,-0.04093464077317796
-0.035490440641196316,0.05544314587894597
-0.06322993425049572,0.07059781494468084
0.001574321529716382,0.08397967727956047
-0.056555718136117775,0.07619056862145106
-0.03221723882705406,0.01043543320414149
-0.056438098623624006,0.01872210149130661
0.05204177200609603,0.09532384641988623
-0.02475424208152835,0.09112858039596625
-0.044304674763286006,0.022716292443335444
0.02841890184682097,-0.015717923573278846
0.04503395529499259,0.07898669526672197
0.04464928375864052,-0.05407016817355875
0.025440608968808183,0.002726079679058229
-0.01710867944577323,-0.01578048209031897
0.04306240430941468,-0.0680741831982226
0.03339191089162244,-0.08235335365951843
-0.05225066244704574,-0.059495747906607103
-0.01892476172120007,0.004258114234823113
-0.11454692305391323,0.04575489183800584
0.014222051591242187,-0.08176069954004722
0.006767067232263585,0.11029855716637056
0.08772442652548082,0.06571731289821373
-0.0058708006440444,0.10256398238085487
-0.13539803265350747,0.11292093460471142
0.030004998765196862,-0.03457747393038574
-0.007718958030315469,0.040926376852598846
-0.0764306396240785,0.07660141963280873
-0.03590086646952073,-0.0031785119864574836
0.038486896184683435,0.02686313082324367
0.010361476403339145,0.0052557821527068355
-0.10617682454363056,0.07024279237227977
-0.04659777872056711,0.07006146885980047
0.009274511578536152,-0.07956287711875258
0.008964738927884693,0.006087731240057187
0.0577941635803344,-0.03181297459890407
0.014523476289922128,-0.04943191754649984
0.047623296219848274,-0.06931941219748108
0.053435721177757564,-0.06686813971104325
-0.09408393469730922,-0.1254201810096423
0.06819852661042508,0.03411755820366999
0.045135972387438515,-0.1286826502688473
-0.06332583550059045,0.017081169298961484
0.010314869016934989,0.01644782726916225
0.08653892032668502,-0.02547542950207372
-0.023000415542449415,0.028436186131570975
-0.06495931459143259,0.0906208868805111
0.0726357430683489,0.060712522576387346
0.1032774135422188,-0.05729960737642681
-0.04649775256840835,0.004770585505457602
-0.05851123154910124,-0.007674031743348171
0.019817482736882053,-0.05561702892017782
-0.027187170528705742,-0.03353949794867997
-0.03919498555207761,-0.030346050444738214
-0.09168867906476219,0.1506842918666736
0.00890941118460368,0.007604640339016393
-0.047982401256964555,-0.009830595174824246
0.07608212492753179,0.07452312211363293
0.029831998590095242,0.06739829837717025
0.12907589531713187,0.024747870349410745
0.028242454556667247,0.03349750356883245
-0.05103837683723392,-0.024968594674598027
-0.08926877850868757,-0.06960785846691533
-0.04428947837819698,-0.07864930682277041
0.02319922529511866,0.04360484438495665
-0.02784843216646447,-0.010100079714745944
0.08252080263035393,0.031700515738320764
-0.025557259614937662,0.03817952049238706
-0.02829382861177518,-0.09319150143551252
-0.04679336932877334,-0.028483170555639408
-0.034180422913288336,-0.08192941582142126
0.0678113320504392,0.08494748588772266
0.015228233014325396,-0.03695051185814144
-0.028825699110424194,-0.05611840953113152
0.05940052489106368,-0.06103286512573623
0.01521427481536634,-0.043101343358920234
-0.016359039735979373,-0.11235072286869864
-0.05060959150373441,-0.10314235892990863
-0.010316099797775199,-0.024852724017027608
0.0023789522219816823,-0.005607099652893818
-0.0196300374155717,0.0403941712611368
0.05772215217464188,0.005897212086078625
0.0076754454137673645,-0.04360673140130217
0.05398931987369279,-0.049726038908961635
-0.02391222336967908,0.09687834247388025
0.013988510859649979,0.07249256843063936
-0.013381165523232787,0.03812659691309574
0.012758968767331376,-0.07523997290327407
0.06928017228206718,-0.011954274788128817
0.03306160464146203,0.0060692617151149545
0.033159100144903364,0.004228184183017711
0.08120803961290056,0.01361867541882715
-0.06074740592668778,0.03121755540857472
0.027898296107884683,-0.005330490347390561
0.07193479110879876,0.003923107404975298
0.029135947003677852,-0.06590693694416525
-0.0032411879582222233,-0.12299168646439332
0.026202833710494547,-0.001480181173195757
0.06377729167884111,0.04200287454908029
0.11642190134406435,-0.010873299869951
0.031797823316123054,0.030471296865659806
0.022842241298295343,-0.05499291480966007
0.08094801862459686,0.06745184583015107
-0.02030790478346271,-0.057669327071325424
0.10993487614748598,-0.10485747950849521
-0.033839216330534945,-0.06004960463859321
0.07843581853558122,0.1358978793313543
-0.0587594438643151,-0.04937465416672737
0.169219829117984,-0.03906468809114419
0.036748528951924785,0.02275427938672414
0.07960051981532384,0.04651909316278502
-0.004337044280377454,-0.03047226745196572
0.02896729265324647,-0.07604652932389545
-0.0461811343722035,0.040705404842314885
0.02050049862828872,-0.026655240848886277
0.058437672805119086,0.013202239824649483
0.0334563051692157,-0.04167335326890639
-0.03069850282976415,-0.03564351422616321
0.04320134209925625,0.03234152947573588
0.05097827577560768,-0.08614203461434959
-0.012384705117076636,-0.0410228749161331
0.018506998767470577,0.04813398590247548
0.028170549883443467,0.04211988243925291
0.00995401560658055,0.05525023689468092
0.06325897324580305,0.002037869449858485
-0.013465625758666768,-0.02014238308875866
-0.060482009915331154,-0.07029295688936828
0.11540856582405398,-0.10140909508969136
0.005591211343072185,0.06270289147539933
-0.009022212995836824,-0.02026169273827559
-0.02849235300939585,0.0061724763725718185
0.07457217842053404,0.002602092289702259
0.04091991351972419,0.018437772414271587
0.037076207252210384,-0.03043231630139187
0.05309317173480411,-0.03242191657715278
0.01851907730791275,0.04957341362323943
0.09774032265336974,-0.07281415439080652
-0.02724118014861846,0.021092443472667283
-0.02966045627876067,0.021146080077715942
0.020539968591418482,0.05182703424445362
-0.0022896780571589536,0.10069370270074299
-0.02952699127626325,0.01633825119511744
0.052154226001282514,-0.06325995866398085
-0.04525677743443723,-0.06278763073587017
-0.032634629770532324,-0.07695344536693335
-0.04929238062171958,-0.004709504167870685
-0.03358742463207445,0.042530681389349
0.057109238959890556,0.05490165266815907
0.020986335376123436,0.12879744373328586
-0.07895491521943948,0.01748854988319269
-0.047432774973699424,0.036792897102684824
-0.03448954719551872,-0.10379824006519461
0.019110505247505696,0.024274536909624528
-0.0257562398134804,-0.01671195357982081
0.16416029840756127,0.09427260322482241
-0.0021947506289124695,0.007900654666330918
-0.02964801370572425,0.05935315360183777
-0.06066401144087748,-0.05126422655645158
-0.08660760507770562,-0.03157832039409837
0.039529824897879276,-0.0647635478896732
-0.00240903219141516,-0.009805993351472225
-0.013766457501082952,0.05042639832559136
0.07498223944802404,0.04463292636116788
0.07812598866380155,-0.019014228000780613
0.043192099594975775,0.041585432424905186
-0.029975373190614114,0.04240506585019772
0.08254543385203433,-0.030790972938900193
0.03783102187756143,-0.009134607559816071
0.11422290182406022,0.12497135195071502
-0.01007992437915137,0.06001622809662034
0.08475036463367393,-0.055703404008950894
0.06685063439738323,0.011516990045135022
0.05279816973907289,-0.057309483116589205
0.09037236444235165,0.010558637366548943
0.013086192742544757,0.04936195547309074
-0.038588934652717136,-0.07018808346145619
0.013258325939770093,-0.027239254435065585
-0.12009315015317681,0.029998136840384194
-0.013687142860960051,-0.05000516285959493
0.008374837403700661,0.04800083204282464
-0.00744246501010229,-0.05471760676797839
0.04884648002798507,-0.16534466617668153
-0.007435867059876212,-0.04272328416814082
-0.032973612462931755,-0.020946223265237394
0.0533568106316107,-0.0628998058512591
0.002545689724955296,-0.035054197486766255
-0.012080003650850442,-0.010188148836357913
-0.02557337053700858,0.03634032951402659
-0.09388612146457476,0.0011198773516762975
-0.03462953517495121,-0.1055229242936333
-0.045301830349907826,0.07298365467571039
-0.056907910182990976,-0.07151120932053077
0.02884830523161553,0.02019563561309845
-0.029354440132417222,-0.005224228306176255
-0.10110723837366786,-0.007591322158222769
0.02200399479452407,-0.06431880787642254
0.008420690129172955,-0.04235558446297556
-0.07946084435083542,-0.03583819510539118
0.006195470824383542,0.03283493875646951
-0.06010936328080178,0.13607282449320202
0.010410609438696986,-0.026923354302166642
-0.044513297516049974,0.010581930500363278
-0.017517164316419562,0.040458879041001344
0.06459962341422158,-0.04118091534996722
-0.036488383286186414,-0.0058129199303575164
0.08817251887497962,0.021853597947588888
0.03411353265682269,-0.08612643070230039
-0.0358508165641262,0.04670691824001884
-0.014741712984074463,0.141429415048687
0.025369257475411265,0.06062181884299506
-0.06477253867507791,0.07003249770449756
0.05924354875238997,0.009930917881265077
-0.014181273185039572,0.10537784856009347
-0.013827608993014277,0.05365554891915432
-0.022497082618248725,0.06855666378582385
0.003523571365978695,-0.007458409360063208
-0.011139406614916122,-0.022859854876287646
-0.05656253714359835,0.0027894305840388926
-0.009066331920322305,-0.06862364225640731
-0.027067442918452887,-0.1021918953551999
-0.05411088461944729,-0.06286308349626614
-0.04011429523052365,0.05921626092752287
-0.015739154085419337,-0.009146716106558733
0.099405406327404,-0.08088870308131442
-0.009933187567215522,0.07373739720328129
0.0015829600732518278,-0.0052032290246919535
0.02582259048696544,-0.10611308332255852
0.04662200480890189,0.016367429733123533
0.041065278969337086,0.06882031905631475
7.473282434808118,5.930180035321463
6.386776555294807,5.105331504012228
5.334954511927309,4.33788418629291
4.6365043808643795,3.6010331941897844
3.7735431185079706,3.092727514766515
3.1863510602158565,2.40330715334131
2.4935809156544524,1.9961420528723468
1.9594554350216753,1.5630685912402524
1.4992117273166479,1.2012042814688986
1.0365428952219933,0.8965724396854187
0.7112370247389043,0.5284580190130737
0.2847267105185928,0.20172472221121768
0.10266609577278656,0.13434425657683763
-0.1083316260846911,-0.150260172227116
-0.36005429908010655,-0.3870110612577773
-0.5838197062331529,-0.4805016711231822
-0.7906644164878741,-0.5766981746533255
-0.9716320669190385,-0.5763906712535303
-0.9473989313577247,-0.8880283044378995
-1.051016410338604,-0.9425797778602005
-1.2355842320658157,-0.9812054088933078
-1.3233776961327073,-1.0270606467408603
-1.3595425201430982,-1.128018461638334
-1.3934960725516037,-1.0083837690163662
-1.4028003711464891,-1.0038903931547956
-1.409074146778926,-1.0814249194620134
-1.4267892872898444,-1.0674792208021227
-1.3731134575411312,-1.1333961042799119
-1.369311672414939,-1.0093950594611116
-1.3740108877185904,-0.9797253118973945
-1.3505277060517213,-1.0288758531390756
-1.3343492982980163,-1.0209577314145613
-1.1923356995367054,-0.9729956362718544
-1.2876354478062244,-0.8920991199373193
-1.3065418982914552,-1.0478132654976626
-1.1104696225045283,-1.0367297781355076
-1.1494417270667632,-0.8122648263634161
-1.1848863223982984,-0.9233121916690075
-1.0316374042040215,-0.7426209979177563
-1.074918934456114,-0.8021362995922128
-0.9300477143386375,-0.7393641534906412
-0.9291249047677405,-0.7315676482229228
-0.8810271816912675,-0.7150111695679058
-0.8512553105162786,-0.6118491027947122
-0.9124155804629823,-0.5713038556862857
-0.8404752385450351,-0.6404144018833865
-0.6565910828705044,-0.5791912702424669
-0.7115299716211528,-0.5664946070473529
-0.7049917716861656,-0.558623756094353
-0.6221190137540038,-0.5259062811719428
-0.6253669754142016,-0.44418521247402215
-0.5669065279473754,-0.3887226071647544
-0.5408925465875185,-0.508413534071755
-0.5199325091798378,-0.42096346158188896
-0.48348553002806527,-0.33084800771695855
-0.4301438305540072,-0.3409915403317634
-0.3762287385100582,-0.41641126892712654
-0.37383840210346503,-0.26139101472700654
-0.2982445200839216,-0.2877204920479627
-0.3992121550919424,-0.22922202105592263
-0.26109705106026343,-0.2645418614501705
-0.3104720252112021,-0.30776106084888577
-0.3026146278036242,-0.15731815288197282
-0.29184797680566393,-0.23718939939257488
-0.3335862138985327,-0.2803207345358921
-0.24361899965028627,-0.18034491441528716
-0.22804922906852249,-0.0756170557762744
-0.33057928453318175,-0.23636182104520445
-0.11602749345128466,-0.199393978258787
-0.11850114442291497,-0.1931395951840908
-0.22123955459566433,-0.14114134761089098
-0.23998898898060206,-0.23934729580894426
-0.212731373267642,-0.1155900155128413
-0.09755800008425314,-0.06821242994479486
-0.12842015511923213,-0.006338928350581335
-0.14132954787930208,-0.14349992905196146
-0.0912337333665724,-0.17948079377224063
-0.12752592515059213,-0.15577933970540475
-0.12144363985947237,-0.13977147203190804
-0.12110253306078844,-0.09879434774468643
-0.06320913220927923,-0.023583084440038177
-0.009247758371111248,-0.08287806918704654
0.010903473142559517,-0.0735357335839951
-0.050604528814646596,-0.058114114168694095
-0.1433602358873807,-0.08661253294313467
-0.0453914033765504,0.004409163242526902
0.009366182365125528,-0.1169703896815531
-0.12778296960878444,-0.07414880555068354
-0.07042541589528292,0.05898055524230884
-0.020435414490040136,-0.06166958673370656
-0.06579358651933108,-0.09739202684861745
0.02587097702757489,-0.06998205353813156
-0.1285397328749161,-0.0538631409659454
0.0018482385235412714,-0.01972220256375646
0.04249217997761029,0.027940222092292254
0.008509920367099334,-0.0014486807359614072
0.06759413009355197,-0.06209326581373986
0.021715575355875608,0.010757326974260626
0.030316700484401236,-0.0010586734866340954
0.029450319816190836,0.005008364463846168
0.06725131535909616,-0.012966070202121902
0.024580403813270913,-0.027903451988472324
-0.020458913210593267,-0.07268420982230159
-0.042410464580014795,0.026381523665960596
-0.026521736726084086,-0.022158795940858678
-0.0132211694950402,-0.0568099190885901
0.00651177841991346,0.0017955452794922468
0.006520615264191065,0.023292046740669113
0.03333471461882826,-0.04272456301695193
-0.02063821382649085,-0.0032691643527129107
-0.03985017433741095,0.08406412244185266
-0.05403845426068671,0.022564401846937622
-0.06516971590336094,-0.07489410544062514
-0.015391098943515912,0.0281504302102464
-0.13887408324244954,-0.006852680950177693
-0.01614948817984231,0.018116570373562933
-0.03084896600276814,0.03232298472143876
-0.028848759430693822,-0.039188360994920464
-0.033174358500405884,0.056606288139318374
-0.03987307241448644,0.056269741859351366
0.03248680552609414,-0.01065391911545861
-0.10757134300977236,-0.0006829278213860747
-0.053351684358192666,-0.04736427988067527
-0.012449145679396624,-0.05983201627495649
0.013535311782884248,0.0164525798275546
0.055950032440055315,-0.039283298389682766
-0.06045096200999035,0.058748249886387396
0.0031509848821063735,0.0041806845817756845
0.009979867491398908,0.048818281511788575
-0.009823509500376304,-0.023834059656836923
-0.050027069762651484,-0.011961151609332843
0.05232534594444804,0.038212712569297744
0.10321465864101327,0.015314252871091436
-0.024782773992537196,0.0037768153429703077
-0.14279988842355137,-0.04220981645466835
-0.08164622106190626,0.04860038270105345
0.05000132138996359,0.03553937883041313
0.044481585094546416,0.03303122684444511
-0.04999612062151201,0.02078550672313069
-0.006526258440833484,-0.009819131067883078
0.0047725340764535225,-0.011044664740989873
0.0488508940969202,0.010115512991014592
0.0275086332624814,0.09101427089531905
0.08558391649657085,0.021087027175466545
0.00946746143531135,-0.01757469953842803
-0.011119797921558986,0.030211942792140675
-0.020637385236355582,0.001650132376195634
0.08076091609399091,0.035059071357617794
0.006312499522416994,0.023596578705908516
0.06889669374972994,-0.01022459912026941
0.004751662395645496,-0.04651620330921122
-0.023470534372263853,-0.023768245560190873
0.039680928321944246,0.0376295612462149
-0.025907019794313094,-0.019403915300959456
-0.014420824170474796,-0.03604032725535383
0.018229472224673644,-0.11236189219763623
-0.014331890868162871,-0.04687346407071081
-0.10152482834979835,-0.04027024437914814
-0.048495733656304205,0.03739725205836013
0.060989863693167765,-0.06061558748017096
0.0466346224043207,0.08910270080615351
0.013494206580044157,0.07991004266323921
0.03575175668150899,0.00039082374231710383
-0.035227250033489074,-0.040052725369908684
-0.0005388999282875959,0.014641070833320658
0.036531637469692194,0.0631512033271471
0.043925458580682364,0.033406588703450375
0.02795155419667101,0.07668371413573713
0.05140254825358972,-0.048275729662056094
-0.014055000172338468,0.052131545225951856
-0.06216039619132493,0.015764197617837938
-0.005444124972304879,-0.07097418570694676
-0.1061587146843062,-0.08244346499823607
-0.022004419142408034,0.006023519356335081
-0.04288669496624448,0.027539115613374462
0.05650366764092906,-0.04968717958668267
0.043060908406570106,0.04062961310755697
0.0038019710760271936,0.07110563498706257
-0.06619541209595382,-0.05291650237361335
0.08957212395495565,0.046770766647258835
-0.027183943682448832,0.055445207201247404
0.02484165862277833,0.05993765795963181
0.028629294500224604,0.015308301910733653
0.03247964560735715,0.036061540105978604
0.04877458706079196,-0.061533495098971616
-0.1309721791438056,0.07512305105407859
0.08502673998275007,-0.01990468872984322
0.007859233965426161,-0.027451876576959702
-0.02519277268937828,0.017939891469713233
0.1050344558355488,-0.01645560460191932
-0.12395374766584874,0.058329079081428765
-0.01672987535453264,0.009215087977702305
0.038326877875028004,-0.06523861618644622
0.037946595627457905,-0.022821885316031687
0.014705391495087391,-0.002803152645729151
-0.051879182223712586,0.013049054249700254
-0.025584239318577874,-0.007759296933080553
0.013726238576584535,-0.016451198785635633
-0.013626132655718666,0.09145894346495231
0.05762936565187439,0.021400473501519666
-0.005832513553961237,0.04689072267142524
-0.02174820801900111,-0.030585241671413257
-0.010476834626987272,0.01652967767029479
-0.006450512281841667,-0.021935301810178495
-0.07059860959498182,0.02172019987569252
0.02975837144960007,0.04385709948293054
-0.044351998688530916,-0.014207236328766394
-0.025141192146934895,-0.03267013238318734
-0.004257133900744414,0.052427492097069754
-0.052832381881005086,0.01650899515202239
-0.05027136702273331,-0.025484002404638505
0.0031928325187758014,0.021713953309129282
-0.0360387258466597,-0.028429484717788125
-0.001551978236875579,0.06002728397741179
-0.01844545287633003,-0.007015640790916333
0.01231368351031329,-0.027442881074793153
0.040030770862994725,0.036289150954515945
0.0422024250077663,-0.05693523076964079
-0.042147923802388305,-0.08158905935117865
0.08269483972214259,0.07699593452285665
-0.04772063348680887,-0.08097127605808621
0.019702762469451005,-0.04325727389532666
0.03470179061410783,0.014055751927445756
0.013612377232576408,-0.07968267053000962
0.0388749508830903,-0.045073336597735124
0.002269779483322013,-0.04212542028464698
-0.011956175824218445,-0.06565744480406342
-0.014913407239930513,0.0478821195389261
0.021752078485101786,0.026227306414029178
0.01583939560107068,0.037445698718227435
-0.005601324744794614,-0.07715728132498495
0.033327853620237935,0.04152697314333936
0.07239782365833411,0.0049691380326863915
0.0017907060729045752,0.004915907238582767
0.01463293812027781,-0.07639762220737506
0.03052312711624038,0.08019085298461005
0.004340067041261448,-0.016919539238866063
-0.019386066339345684,-0.04026082639464621
0.005349680675886004,-0.00365554303656302
0.009529949942782206,-0.010013429432473086
-0.020471052077532897,0.06462176823118383
0.03783412762643456,-0.04571455571448244
0.016601262920247162,-0.04678471594370732
-0.02167355449397435,-0.024515879600108974
0.00887242045660352,0.02665934744486187
0.03598739028160853,0.010901554949268248
0.03559550638303229,-0.08294743735908161
-0.08908121066180154,-0.021257101096589705
-0.08601718011393936,0.04543107218647939
-0.026630793111118503,-0.022127972909177344
0.012278729801793503,0.01872187958745359
-0.03382444878611551,-0.05438283145572295
-0.06328653966617231,0.02810803257282099
0.025172102430232754,-0.019027061044505456
-0.07426393415179051,-0.005067603158034009
0.09157940413518448,-0.017061718010856167
-0.037004420316501876,-0.0260517977698813
-0.020411858590586168,0.01450930498978437
-0.024736092384542975,0.0674927268918652
0.05991965985758664,-0.01988848059287624
0.06115111517330704,0.04401550031335003
-0.10484280683747464,-0.023979023915021783
-0.005388570428614695,0.023443183356054265
0.03464388551941366,0.021748754870844197
0.03625131670320489,0.028511261916903213
0.029751178262010188,0.05345874756979366
-0.017097341780376814,0.07724544392420335
-0.009711098941509018,-0.08288674510087135
0.013235844329095723,-1.1074989221255063e-05
-0.04984086345984006,0.09028423080510106
0.015130188803546335,0.003027114189217828
0.04039534779936726,-0.023222331368607147
0.037495061580047576,0.023196339849751144
0.057347045346068,0.07644127085817776
-0.0014033913632549994,0.11746766384756925
0.05907399676991329,-0.02428248960856726
0.06893272360939852,-0.030314371538077027
-0.04866914479251504,-0.013281892972920616
-0.02788223079012045,-0.0763607043528923
-0.05288561804086597,0.03442790235685042
0.11302621903266664,-0.04017013941047175
0.027450426895805374,-0.012188963887090079
0.0374203784621034,-0.10709685121279076
-0.02972190171370942,-0.06169554240032715
-0.04033256366588509,-0.028752834643287525
0.011282302930598807,-0.08260747920086092
0.034585422516395035,0.04476352206789278
-0.14921407265993725,-0.018046470464104358
0.026410855247949065,-0.044714493123591874
0.055815067378407995,-0.05280783968943166
-0.035457626213643206,-0.01116759321861288
-0.0009290263677140427,0.0172980131176889
-0.015491173409117695,-0.008220375647205205
-0.004862760119054698,0.08388410862156825
0.0647894528032678,-0.08287192211272815
0.005861405977238972,-0.03015006990336471
-0.009227578085440802,-0.04258222756592729
-0.009931464380372363,-0.07601448843841635
0.018288219049546958,-0.03378554153432454
0.06971921440843208,-0.04523300732430598
-8.148867759855277,-4.900413322005038
-7.049747085306538,-4.144508198320664
-5.915993967796416,-3.5015307964721516
-5.023718375122936,-2.9605438398015522
-4.285794018744653,-2.6326296380895444
-3.468141623801523,-2.063398019639799
-2.7465690808136904,-1.6251455998862583
-2.2254373752327408,-1.202238024167368
-1.631525294225151,-1.015992392459906
-1.139148535840954,-0.6587746195206889
-0.6765070633799408,-0.5194971263412431
-0.40223372947134156,-0.20426657572902066
-0.0986056797569213,0.05928403162119515
0.16822910883940737,0.08125652272320426
0.5139934788815119,0.2487337580117957
0.7040008108140816,0.4307412176353112
0.9603266674845361,0.4647564380742284
0.9819780172517099,0.6408692525714141
1.1651066564582602,0.6097502280319931
1.2511804264347652,0.780082793791705
1.4029469289609988,0.6979409301003304
1.365143766547673,0.8637799133058992
1.4467447773918705,0.8538375620073443
1.527444555850562,0.8692771097486208
1.525708673867987,0.905715628942156
1.4928416491332417,0.9084844692947364
1.6335484046566153,0.8725574258714262
1.550545238755746,0.9226799836643461
1.4176285022113766,0.8251926366597785
1.5605309230667608,0.832473743250385
1.4658018749693469,0.8280636825175267
1.4322136862102324,0.940286556582272
1.4340209978312333,0.7777434028999685
1.4015263577283452,0.8570673975583978
1.2565328734674506,0.7399150738273021
1.3087000405081461,0.7474415177540409
1.2550419889304394,0.6899360822111718
1.1599550940421286,0.72757095149589
1.0541352766579948,0.636610912766107
1.1020842039833167,0.6769811337298456
0.9873538978325732,0.6098121827687892
1.0095342318651193,0.59203618939004
0.9642635556604001,0.5375516980233864
0.9679723991962194,0.5445094236747011
0.8737730129208799,0.4058551023243401
0.8521012713531533,0.546040930390348
0.8529796517695934,0.4384538576814373
0.8111304982032312,0.40659249107717554
0.6665703139809147,0.4620658357173346
0.7405260802569212,0.31004320498642324
0.6820314134947719,0.3498407181971543
0.681562594129871,0.3116982420195404
0.6156662447019334,0.3487637314372946
0.6132969095451084,0.3081685602879732
0.5030088161372457,0.3083765480692878
0.5106253929665999,0.2853983430220624
0.5038996304117547,0.15249466520273924
0.45653171847348856,0.20934238889072387
0.36639252919449916,0.19301385028842008
0.3727771113369488,0.20007202930497248
0.28406971232586997,0.1462686062760599
0.2143656554159828,0.15127716491213414
0.3403327192549443,0.06865403667619763
0.25696223499233356,0.10380436096270437
0.26358812703653456,0.11547641913072437
0.19169923917219234,0.1450180190436855
0.30837409727130793,0.10972749619356705
0.21588722781241557,0.09283913717378946
0.20781715986651805,0.10980462361951747
0.09229553929539316,0.19495542699523724
0.2483289476139724,0.12398332853692226
0.1572283505491878,0.1256146997217663
0.19039073069889467,0.12963569390650886
0.12985477096168152,0.05046227504919749
0.22447413499622826,0.12183731280479385
0.16309692126858222,0.01231236489715936
0.0779202346924408,-0.026988208499838177
0.050348762608312524,0.03904608459785271
0.08173159762723954,0.043191943944212094
0.10881594430854785,0.00629113835328924
0.1051257439819243,0.05562122211172184
0.040669427001426534,0.09008853602239196
0.05814965645531178,-0.030625391507135724
-0.014107439267669823,0.07262489971603271
0.053279951210435064,0.02986632184094258
0.04026157078506571,-0.02118548031228713
0.03012997810249018,-0.017912392443892162
0.029932432967688074,0.032795907324105866
-0.028557119733706983,-0.01482008437393036
0.040013574342380065,0.06507605402841915
0.06620644024066194,0.01694269252839533
0.08133123055260559,-0.016967067321901032
-0.06331333737721923,0.005191656320164512
-0.013293144887241336,-0.008604007540448641
0.04798449045959135,0.030965810684733218
0.06998359594791793,0.0033011174909120915
0.01004665282936629,0.05582166194307142
0.050803429678070625,-0.026314158763566096
-0.0015601772701661805,0.0006712552245710934
0.00948631399701257,-0.09145955929222613
0.12294443695568202,0.004455732432583728
0.016797056610559677,0.016217419886049397
0.09314785523279183,-0.042787551389877186
0.06595275213293078,0.0343657173042598
0.07107768517582133,-0.0009684849152587455
0.06658869946249435,-0.03766950580199594
0.025791313946595982,0.047770005604393845
0.09397645472086329,-0.038846137530057064
0.07583956738388603,0.05618209271062921
0.06233690150444995,0.01159210224078321
0.10288205102236089,0.08329540486338534
0.028203647794436397,0.053584210531090776
0.08627544418081959,0.01847879569969701
0.032313178050070834,0.028922486111737984
-0.016408308552685477,0.056182966719671934
0.11930366463080004,0.05098045308208897
0.06995009427532034,0.0017046505829969513
-0.004137208805358117,0.015008246053312344
0.00050811881783858,-0.02880935517115482
0.037494937592991454,-0.02812241681187016
-0.012389181968568107,0.0462805798426163
0.05827774353169569,-0.1307581657489961
-0.0032327241632333845,0.009736217790019618
0.13914575797900136,-0.11941677084278932
0.08040177266478854,-0.08343688429950204
-0.013288687370715768,-0.01508615572268663
-0.02027058082869328,-0.010332212768195601
-0.023686750632167054,0.042350286821327424
0.019711015829100925,-0.004688310122986544
0.009443503780764265,-0.046153166761119954
0.016775608921445223,-0.05780289274359845
0.07076107432439108,-0.002618905497595683
-0.09504665263988729,-0.07698122806228769
0.04022245154225153,-0.05602757964287125
0.12677614688617658,-0.010349216447370541
-0.055641982805032554,0.022998004833626413
0.016021922119448407,0.012653593362633078
-0.038597275531394415,-0.025311906059506024
-0.03586072563224997,0.00934453705736275
-0.03530299393725073,0.04805328289983507
-0.035245417893883274,-0.07838288655980741
0.019319489148855482,0.014995589193640059
0.018650399501855756,-0.012464599599996445
-0.028520445468047752,0.023163980147945497
-0.03784026589313827,0.041872005253727675
0.016806422178376704,-0.018462590806762297
0.013271001381340361,0.02203671366661963
0.047365007540988685,-0.030561072814910276
-0.019039130318467684,0.04835832877829574
0.012286233798224055,-0.04336319100540247
-0.008191111719182815,0.05185191123512728
0.13666423712060144,0.1037530185323993
-0.061486746007736945,0.01986803819283153
0.04862227356902592,-0.02616455473814145
-0.029557749094581386,-0.015867627129551535
0.01617816161066668,-0.03786148414495374
0.12479193124547165,0.03187551446601892
-0.030935079286117304,-0.07704136863566424
-0.013646787501073138,0.005898489160600511
-0.04432287528349934,0.0841655688578083
-0.10683411088256305,-0.0032872440624056518
-0.07538129289025906,-0.01099633426853167
0.04305208113574405,0.0907428661447655
-0.05591854512116782,-0.008174151522022138
0.0023379307961576886,-0.14360584533573345
-0.04582964686034113,-0.010487317700839683
0.07742930889155715,-0.07455316833691512
0.011615506588182297,0.02253158851708258
0.06190885246263109,-0.03571892180671552
-0.068468167101092,0.0008630644053485024
-0.080681024554244,-0.006441007845720745
-0.10262843227916285,-0.009472774619175475
-0.020967591933687323,0.07905361691416954
-0.004309683311272662,0.014648045927464333
-0.019821209808032304,0.05561721669369002
0.03876095402362057,0.013967030414596309
-0.020463728534020776,-0.0032384548936454398
0.06943801431334054,0.013542258324863415
-0.026415283196617713,0.020501176767665396
-0.06201119513817003,-0.02572262954827585
-0.012428122135850504,0.01991648924797499
-0.01687295707938978,-0.036747040531502115
0.09060381131049973,-0.03064034480842992
0.03891856877945108,-0.017304377974684523
0.08987236928291822,0.00761059135987048
-0.001226510111498949,0.023846570852299197
0.04614159395588352,-0.006896088091634621
0.01205175780695425,0.06426386518011941
0.023542734665456387,-0.05898739008427811
-0.030156728725083848,0.0015972569492934598
0.006065768694473336,0.025739441108091364
0.01934718771268677,-0.10147736482878877
-0.03183749709530728,-0.0044733917854836
0.021281325258339832,-0.09062623663611773
0.029208929534170983,0.023434546728554176
0.03564429576833985,0.01353733145181859
0.03977835846595849,-0.013313283487865141
0.057298201772279025,-0.09773711831672446
0.031035893231222023,0.02485248171211035
0.12052160041504337,-0.0035923434677823107
0.01218677516381703,-0.04919626376456849
0.037194777154367656,-0.02308018976162563
0.026031800981163623,0.0008909107530634544
0.016201096828141723,-0.0677491209098624
0.06144317768850731,-0.03479031571299974
0.08862619234113817,-0.04483780558293811
0.10064523268013467,-0.018714265559678936
0.11195440473059289,-0.06830604756929945
0.09037262263233228,-0.03907992401640797
-0.018293454486951917,-0.0491720445051261
0.12916763598038378,-0.027600062794463906
0.06994636052792916,-0.03224023219883
0.07974111884361473,0.07443217341169739
-0.031665340199217754,-0.06524821307682437
-0.01965032251318495,-0.009356605539883382
0.11281699039470412,0.029806560801954374
0.10543067403286954,0.04941958699455455
-0.018805436177397758,-0.017707513564156178
0.03835680716367007,0.052751642966282306
0.0831882704042459,0.026326125489151316
0.05076899733795186,0.09606359436654667
-0.0009446338664311188,-0.10659651381569381
0.05674344875700569,0.021746026123919553
0.026050818877795638,-0.03838962453095028
-0.06372173156767715,0.028343089969572174
-0.07360652784094289,0.04954827649186004
-0.04466742732555711,0.07602310430111028
-0.01911666201012526,0.05892086200271881
0.06737978966539503,0.010180564973577335
0.007196634232704404,-0.004819492999572407
0.0017473950387473383,-0.015112304423655484
-0.11052327195962092,-0.013318738817508183
-0.03136337110161969,-0.016927823584005467
0.028035939149956446,-0.12287106365781465
0.016095264031343065,-0.08896574592171233
0.06968561178524611,0.02876761299035375
-0.032717503135093695,0.0619023886541242
-0.006027689506610233,0.0016834431723299
-0.026694990298817937,0.04145579378222655
0.023628807878224776,0.04961973564710493
0.019809100742926727,0.04193464214830223
-0.007545963313063505,0.03202863954623399
-0.02534282463183902,-0.0011045482801728956
0.06681989669804528,-0.0532075189149563
-0.05186807654637417,0.019174409885714266
0.03397334457504048,0.062126460901705455
-0.015663616738032356,-0.04889081477318734
0.10659595795649693,-0.007172989530091779
-0.006576073387822821,-0.00768174048056817
-0.01698385385809382,0.047713921358315675
-0.08554923041357329,0.04397312433100458
-0.00024985133216423507,-0.06009696178584021
-0.013237509919845653,0.06085572116057882
-0.0861823150810186,-0.014890570598700727
0.060875664446271426,-0.025876231796033176
0.017860515652295884,0.035673382184287214
0.12465119115110616,0.04501385670533871
-0.024180663074255867,0.07019132990406618
0.05142571799535642,-0.05711011042003351
-0.052426223522455406,-0.067919508173271
0.010725347787172778,0.000990115694101561
0.0514809061756175,0.04086896060186499
0.07066790263125694,-0.06817955895565633
-0.0930600809584348,-0.01960827023985708
0.006516613822454383,0.01379275408430726
-0.017516828004299566,-0.07123782456029092
-0.01198906371065675,0.019467350627857885
0.007898818498748668,-0.025712568028349606
-0.002425388337582301,0.02036896236267037
-0.017737779633671943,-0.07812071081951365
0.0717592381099367,-0.029789515445339785
-0.01372951258258365,-0.06104701979069424
0.07228532988712473,-0.07277933854774143
0.007292133555385294,-0.050601014586013515
-0.044241756983392756,0.028251294264027837
-0.02199361496332184,0.009132548599948376
-0.030720822641582213,0.06257993693491885
-0.09904349691004735,0.06508210554042371
-0.023196329994001303,0.08606785084240118
0.012687633022521959,0.04306639707904157
-0.02599884789009118,0.083256145764247
0.05310886001986052,0.034477758353232024
0.02349541032838652,-0.017479883628747656
-0.02047549135165478,-0.006842097638077126
-0.01340194013844027,-0.008104922002386663
0.09330605315247766,-0.01579092019054961
0.030478905046706344,0.02557371745688867
0.02310219277189446,0.0026109258850011106
-0.05405624515392461,-0.05643668772878206
-0.08283085328812433,0.11105207095359987
0.04046023003067227,0.07398929240528473
0.019335290785343663,0.06022574731832356
0.08628532362577035,0.14861371388074535
0.10110730436435064,0.07198175802171228
0.03151180805645307,0.04100908335896508
-0.06624288333306025,0.0256776438517758
-0.03298636955746494,0.020197283546005772
-0.07491987617661788,0.05287281779295182
0.06110213179985221,-0.008795710028765474
0.03722196660383721,0.035458780476519645
-2.5779981915389443,-4.592085531501121
-2.2535171945524795,-3.9196079241315185
-1.919259463063408,-3.2697155516237997
-1.4984329224785051,-2.78688480030138
-1.235707586060613,-2.3352604932798577
-1.095006531244774,-1.938160417937913
-0.9000265690101282,-1.6278554891738684
-0.620779900662354,-1.2824638725662172
-0.5553488502189496,-0.946760348525711
-0.43669928129651037,-0.7044975649388324
-0.2844796397274058,-0.44620827886108855
-0.14460489886987204,-0.2900789443570254
-0.06325448779627435,-0.031755840777509245
0.08481070962582773,0.2169592974084617
0.21386763017148264,0.24355084282796424
0.2992144963940783,0.3407168124045478
0.2741330745676961,0.49301479178704605
0.3477927934391041,0.5944098515572027
0.32922561991590593,0.731246069410594
0.3185032295918493,0.6457589409053438
0.40562322096263326,0.7364550291875906
0.4168795291007418,0.7746336303794165
0.43232931298504923,0.808579049522033
0.48268183224258093,0.8437717007487119
0.5075091424959274,0.805857953571093
0.4728888192152988,0.8147496125003562
0.5128111187294868,0.8297480387237748
0.4618881978462114,0.8233889131525141
0.49620165473995625,0.8333169083695575
0.4304967561328288,0.8229473783229313
0.4150302663555195,0.7990715100649896
0.41692747771941135,0.7951476771488344
0.45910055561382274,0.8609668242932714
0.36702731464610827,0.8153899826522052
0.46662339086953575,0.5875647113652327
0.48687201119279133,0.7902386070978018
0.3620401679376805,0.5879994350584784
0.3230454039253375,0.754534678888674
0.25629954261363586,0.632348718945735
0.34319806885875026,0.5767625309241389
0.32311308632098223,0.722773742578189
0.3775656749599796,0.6095460176131449
0.25765572553475635,0.48511033625793165
0.30448938807918313,0.5556670523575766
0.27420070735827,0.5087235540833677
0.2275935335597072,0.49336761419682684
0.2674343329226404,0.4356127242108548
0.1777321925263018,0.4190051471766929
0.25426391949480126,0.32593395260109953
0.2738599069549644,0.3895185607774779
0.284776225493346,0.3909989991005368
0.23050765384630723,0.2788409018218435
0.16654246888520063,0.24901228180592339
0.13714265036211112,0.3166173186576509
0.1804508886278005,0.19633901088802158
0.1952953274509539,0.3160045606582927
0.22532184740454794,0.1701955305677925
0.21356344000265493,0.26140693792032815
0.12629127768798662,0.2988742209713333
0.050275964123624686,0.21717314855446046
0.1409169751991655,0.27295749851931367
0.06749690299693059,0.16921001304991834
0.13254165177612906,0.21286510065691214
0.07382099710614519,0.1189695666523318
0.07714039317396959,0.20821939717547217
0.04379817804082969,0.18056330042974844
0.12028359607682003,0.14097606864431067
0.13035313715463503,0.13406367929032603
0.05866361589977351,0.0821187921475639
0.05524835035727668,0.1224818870379355
-0.002329193024859025,0.10134646546304814
0.04306117869156084,0.12762256893033386
0.12872795682062213,0.1278259335989765
0.05115123418714683,0.1689588183700234
0.04740427103991621,0.009475940215025208
0.07134866840596787,0.012699404989469955
0.02922618609742772,-0.0382138482948288
-0.05274857045869771,0.004274698544846571
0.02523760469864763,0.06672008842140208
0.025551039363697403,0.014158010236578627
0.07621394724401795,0.0499482895843352
0.04201167638575137,-0.013132395496025191
-0.015148946761304544,0.0803220693890771
0.07739511757334555,0.00957630830835315
0.006102459777351646,-0.02295339083862217
-0.006277344531180271,0.037494228564604534
0.07686468330271877,0.05662187131028664
0.027056281906039054,0.0018028657373133292
-0.01357978223040366,-0.012999996704243774
-0.03110035873049,0.09862308024354256
-0.0369752674944676,0.026418938222782882
0.09768306997759993,0.0074883662610832555
0.08357985811288669,0.0444534282133823
0.035626589210733535,-0.028996781044654796
-0.005094112858483354,0.02666955730057475
-0.004725048571188828,-0.031870378304860836
0.035169335110501326,0.03982739382356761
0.08909058312832398,0.0589438361604428
-0.024991622070792755,-0.09014067476571606
0.014517194092460965,-0.05004864081827186
0.08177090797311434,-0.059860982777885596
-0.06260784063899358,0.024037766147471176
-0.04052319145710666,0.007851424058484477
0.03358794014335306,0.027750311852928707
0.008847835115279222,0.005992237071268356
0.011926715674414112,0.06641156101299238
-0.0551982354673439,0.03620294327279382
0.03022089570048717,-0.0500736470512694
0.05107149195328629,-0.02062587870869081
-0.024559905214191113,-0.023368989690544233
0.09222330050644252,-0.0008703809025500959
-0.01442020281685943,0.0017667993390152702
-0.012531616676338155,-0.008870467823681668
-0.019848116823872115,0.06886229393140075
-0.00952888139934808,-0.050492713720371424
0.05752138866287358,0.0200504711603013
0.03170065716608976,-0.03871681167395585
0.0011585660277696752,0.040527709181286675
0.07551285378630064,-0.0012061305861096943
0.011571835211833113,-0.14816918328622036
-0.002512601104406758,-0.03565747956110277
0.02069855609097125,-0.014335232794455009
0.0012268225553194005,-0.01339719952698342
0.07095885817423715,-0.02199326978000632
-0.016305281938873324,-0.04251805210196622
-0.08019855186607142,-0.0012617140486345796
0.004894445839635203,-0.06673802791984061
0.04897511639286549,0.00013220044342161525
0.05223823962811264,-0.09487327190671278
0.0029068201863220577,-0.10069678670314916
-0.002304463030731743,-0.0366357616244847
-0.05386874972468193,-0.045909640321553334
0.07554773568728185,0.0018671658242931308
0.02482867676660402,-0.06243863800242802
-0.016778842206204254,-0.0018388899111232212
0.034418401649816244,0.09914083492878885
0.0263741851003167,-0.013229020310238582
0.026609044969946993,-0.09551029557650359
0.03462477750811181,0.017901572523203284
-0.059594201371698095,0.05053280285973235
0.008184711883299084,0.001468207936107743
0.02386773519716294,-0.0038363263132243177
-0.0017492851939073621,-0.0686354614631979
0.023396757597068885,0.021834893940858736
0.04038824696843159,0.005597999502317397
0.010502471576695607,0.034864130309062845
0.03278719681036952,0.04422980173407452
0.05126843914893316,0.0778926992668977
0.013247323745480065,0.02072565191048743
0.05355842139815464,-0.013759821029323476
-0.029903578852950266,-0.030171357953010625
-0.01820962427504853,-0.01921298973192344
0.0343009653483603,-0.0019304748802474216
-0.15099612875727458,0.08804691637898092
0.11416601581532035,-0.04315905583709509
0.014673146020019394,0.02173374237386968
-0.060496952435670256,0.05609045263089256
0.0008036987318157376,0.04151628952691791
0.061599862404295894,0.036083735702347075
0.04285860637786703,0.02427359054885842
0.022622664554498424,0.033379288109953546
-0.06821816827605376,0.07681191719855289
0.03546271590930719,-0.023537388032669308
-0.016473691587920825,0.022160802851508704
0.02460097853940192,-0.021096809473469345
-0.11596234325522738,-0.06725645564128925
-0.11966119370237896,0.007748163914417075
-0.08071659538514714,0.13735024934966883
0.019203695369516514,0.08888193615791726
0.013977073376470393,0.021198447138102393
0.05186170181870428,-0.058757441970036746
0.057400297404185036,0.04523909090487715
-0.023494473517752287,-0.00023722449462819546
-0.014677442819673755,0.06553373744826849
0.03160963776771494,0.010744523732751069
-0.0024702873085686583,0.044001948175851784
-0.06512790610566659,0.012721767533240919
-0.0179598110056747,-0.021708331169432063
0.08981148242754085,-0.033025346640519544
-0.0034705662507566563,-0.037170147551325555
-0.005107182833731601,-0.048525026730471744
-0.028248441850407667,-0.026399792979227496
-0.011390968378019013,-0.06345552361765244
-0.021296946440132605,-0.01567832892141821
0.031544712603866376,0.04393334593875053
0.05816132975046339,-0.014756835653375641
-0.04176240115427125,-0.06361472085372681
-0.04860543693960522,-0.0676970840300823
-0.05736655351084184,0.1310417596032098
0.046345058989587136,-0.03979977529590921
-0.05883791218133286,-0.07417974231225352
0.007741306788225797,-0.024433347163073195
0.0604187562169313,-0.042835515054799385
-0.06694264741245652,-0.04699713464874269
-0.13274186323962012,-0.04944239356153817
0.00525669018210807,-0.06313312317285638
-0.021466628015707614,-0.05294772609969056
-0.06768742105915113,-0.07877133810476636
-0.03366486008417359,0.03045985843230377
0.01053145372966601,-0.04806065528471354
0.028722580647395426,-0.04753238114786552
0.028133421683075616,0.0004679761161588379
-0.0046424513182831625,0.0033249285677387284
0.07436826224931839,-0.058411270200903594
0.030434616220817192,-0.005626021353650821
0.02996509440866394,-0.0038527176829709145
-0.003994779261164903,-0.02189066087182758
-0.005505539890149589,0.009788680059681261
0.00861731574386539,-0.05479365311882971
-0.06265652171020866,-0.03388195654111138
0.116543370837865,-0.07793341507072434
-0.06439110498173307,0.025852727411453724
-0.08870698621932346,0.016787690327005333
0.010691368250274308,-0.09848223063482277
0.00817908984504537,-0.03620649137997185
0.08969468153230642,0.013948349037006584
-0.031127405151453416,-0.01872117753583511
0.016412940278061568,0.05296786716929362
-0.04191889062489364,-0.012206729868553276
-0.016123512542708,-0.09928034330791308
0.023487342151386134,-0.13159198822363505
0.032224008934638705,0.04866740316711861
-0.047565451186392736,0.02421148535350284
0.02277797952954852,-0.03474457049493413
-0.17643243259232347,-0.03344426017214218
-0.033229085069417255,-0.014323216292176418
0.007732473337082019,-0.03641518941072598
-0.12756474027637346,-0.07968114903313704
-0.00019150585885661237,-0.03596523551875877
-0.11226837328236434,0.04770960448227374
-0.07659423367788193,0.03591100150555457
0.007271156594305876,0.11426255030778544
-0.06190685483827756,-0.03362265945886792
-0.15911054947312236,-0.03586664581187934
-0.030878080302045655,-0.04063308300549551
0.03676875756482555,0.005179972909978967
0.029125983141052803,-0.09752757231655937
-0.03386609204559937,0.03378345844589416
-0.020723788189937555,0.10637473306176079
-0.037475369474724615,0.10050002002031581
-0.07292952517812623,-0.08581032314324653
-0.07102404329928903,0.062238523664885116
-0.09043920966934482,-0.05187475465443772
-0.007392855166586521,0.0787469285159412
0.015456854106529763,-0.09658366817711472
0.0031411887347376592,0.08608986652492506
0.04678176978413848,0.005358507949639402
0.04555728992287982,0.022003450009807426
-0.063151925709854,-0.03315105028550257
-0.012576614474834467,-0.043000247947003085
0.0004529339747261921,-0.014176061007173543
-0.01597304615684112,-0.031694562645364105
0.07307813297181644,-0.025876642642878565
0.0006774827170479922,-0.060953172807479604
-0.06263256846982226,-0.041631699266667294
0.06075893572848229,0.02846588712147436
-0.08461219037534849,0.0671779754832375
0.08018208759295352,0.029981819888698386
-0.0364637697640572,0.005490263087513589
0.0188864226361992,-0.10893849241721583
-0.010149131871560399,-0.036112396505331726
0.0075919371090613745,-0.02380092025958757
0.09392580906023781,0.038026939676417876
0.03388994287032544,0.006971214763561537
-0.010830979517333809,-0.06304098469462258
0.05395663738648107,-0.0702758897223402
0.021073454949533527,-0.01305849773088572
0.07747474912659386,0.04681999789879845
0.0973644631917166,-0.038072946213445355
0.011430214791447482,0.05052422347329448
0.03838523857060362,-0.021584184347341735
0.14001523284110873,0.08191998432558065
0.02836382957098399,-0.07440836488041397
0.01835733437714271,0.0025203450229000154
0.05960775357196175,-0.01969202705048588
0.03531551144566124,-0.049547333603278135
-0.1054018842620603,-0.031195179921012228
0.07121283161309697,-0.0012030985601293974
0.03564177526220995,0.09785695681141694
0.030649361664616657,0.007385751718627863
-0.02917760053424403,0.01098981102989769
0.007733254597505082,-0.04983338949381118
0.08094960038960507,-0.04093870628859732
-0.0722590583963739,-0.02432760803554746
0.08606768906180344,-0.06485727931449446
0.0034341252169782085,-0.04058017422721139
-0.006203581689413454,-0.040405059516510584
0.02303781541989479,0.04932516034930535
0.0033750602006527367,-0.020006224162371515
0.04286293981661585,-0.042790312624374036
-0.02471389189629862,0.044889259210132454
0.015697173934134924,0.005179849728512554
-0.019887029763114475,0.048280251164931856
0.04270675635609823,-0.012488571454644808
-0.0493848659774022,0.01550745230191213
-0.033545226319333356,-0.01875339871793316
-0.037394009676776,0.02616851163439477
-0.03503321570004721,-0.032137286084217634
-0.019407044426090734,-0.05556976273574783
0.015362018367192889,-0.052148159259432156
2.7920006593940814,-1.2160361015008219
2.528947341691467,-1.0881251010729538
2.140893588261645,-0.8947890247271322
1.7706471432880708,-0.7753115865505679
1.4920169555534755,-0.5608204647918098
1.274961715369017,-0.517712301678852
1.0593397442859178,-0.38998239466911033
0.8443138444800287,-0.3426623492734474
0.599197326801212,-0.1671463052658978
0.3731997826619162,-0.11741517292656334
0.29836649398633414,-0.09719116737710622
0.28057864864153914,-0.0939542203547935
0.09867160863872187,-0.05711281759559238
0.03965085428559284,0.0004358620552546433
-0.14764798772800272,0.0861199123703161
-0.19176975021350234,0.08655232053840578
-0.2032425379869237,0.2329180943958749
-0.337344784871243,0.18085681593293587
-0.4384429945651996,0.15007267439645294
-0.2871594749912036,0.20708143578717986
-0.47915638899148877,0.2761566259431922
-0.503410573304725,0.14528834336162771
-0.553222052951696,0.135487138657633
-0.5750411609754404,0.21656185470319694
-0.5858149455305834,0.17363300008886046
-0.532959773254107,0.26147303453728366
-0.587675624757295,0.20629388992477946
-0.6237448993674033,0.2112948344190759
-0.5497790960383725,0.24055535031661868
-0.6095659701624978,0.13717232439138274
-0.494765877567277,0.28097301564287386
-0.5058800294869387,0.3082179233209317
-0.546390026598328,0.1659845904060422
-0.5155294950996221,0.2207751098404387
-0.503610644452174,0.25333668525204034
-0.3949021365347892,0.21932854270469135
-0.40953008777268307,0.13803533035314797
-0.46935465737622006,0.17991390441710214
-0.44712894090982847,0.2049653439092301
-0.41709844788456724,0.12323279840438464
-0.40808598194122275,0.1574386533879018
-0.3536987757512608,0.13444699582378067
-0.29994637969750354,0.041377786933417426
-0.43290082456003676,0.09219139624780444
-0.38436338768293077,0.12346010152761303
-0.3699288746727194,0.0981836506045994
-0.315021266760056,0.11000501942255726
-0.2361538162068497,0.15441086412251662
-0.2709147822040769,0.16480133960883356
-0.1864014316694987,0.0688036854589057
-0.19069051757673108,0.1494355632358509
-0.18919778864317216,0.2090895776566054
-0.24192882108423347,0.04566006077931757
-0.22498826957929988,0.08110414591115084
-0.17978485475705866,0.026312840832703778
-0.10172381847558971,0.10279256612460846
-0.19608829587809912,0.10930618760977069
-0.21464912886526127,0.09221128677167288
-0.17065233041060068,0.13104570726924128
-0.05808175983174858,0.05438942003682773
-0.09758658291178669,0.04471427340599485
-0.0590554972336974,0.014630898371208977
-0.139569662603729,0.04781622952083584
-0.12124464755596386,0.11141913852979533
-0.19332484538685887,0.0350439110976775
-0.08046126575626639,-0.0029792016500288163
-0.026052308649728115,0.05864190418561062
-0.03501587497584324,-0.08925038866897608
-0.13055862314716332,0.030048229675272476
-0.06123272486812587,-0.0461762550487285
-0.11095879118723864,0.06689211401401952
-0.09669551942948866,0.04588357973461693
-0.06438082783322986,0.04615071928898777
-0.06487573712971309,0.004545008672920334
0.0012033605865161452,0.09202129191950331
-0.026678354691740513,0.012703850485121414
0.0006944606319240071,-0.026739501217753855
-0.13777602812602044,-0.01852128270202131
-0.08942474602892944,-0.015533051512025813
-0.04595635545497529,-0.011187258238314504
-0.09258574578111275,-0.029082306134465732
0.0046991577399380716,0.05090056105677758
0.04948246307822071,-0.020766083325940515
0.01146949714724775,-0.0018618483923750727
0.0324666790340942,-0.10032378906240264
0.005173833125073032,0.01724915012782252
0.018960303599176817,-0.02895624335971512
0.04663762320251912,0.01744047503938133
-0.04006484818743929,-0.0766975493537129
0.03028056149725499,-0.049374541764506605
0.0163569836648217,0.012891638540001596
-0.005392399424111929,-0.04270831922720827
-0.04235899551493823,-0.0205208282980153
0.05036336258416144,0.014642096174460623
0.03681948792388396,0.05723309088214574
-0.008096706308918414,0.06479560266345902
-0.00936102983559519,0.008870179769658036
0.011093209761433857,0.012998572768695987
-0.03690460948229797,-0.013194799824266946
-0.04063188244931603,0.02794885265612908
0.03539215025368796,-0.039252687770207226
-0.13040377569268966,0.03600473054714905
0.02215364567646858,0.0007710500544791977
-0.01096587193930916,-0.0010924621664555496
0.04014343359438242,0.056957086730547266
0.08563532157319151,0.01212231606175845
-0.09092243225122607,0.04012743404341331
0.0036781635369908094,0.023272021905470598
-0.07029952883291646,0.07423414970277475
-0.02417021712103469,0.035188789668424265
-0.05328763456201627,0.030759161282191458
0.02061041232148321,-0.0015984156330759967
0.032965185389104146,0.08836101548209506
0.03539278653403174,0.08395274207471305
-0.02007348620371424,0.009013211358439951
0.02208303346681724,0.06675648406200792
0.03341397545645218,0.07087511762640433
0.06259142021732274,-0.02068407744050582
0.024213561478253893,0.020058407780710986
0.038096432758045376,-0.028013379625588797
-0.10227684167512313,-0.04243340053811478
0.04431667750250839,-0.06401603265830959
-0.03240834462067215,-0.061944584348172654
-0.051896212831447894,-0.003265139916133496
-0.14568518811212722,-0.012734941920989354
-0.03982154414453789,0.047520697615580296
0.03456478700284033,-0.0018820812276478427
-0.0070779942805046705,-0.083749135034631
0.1043010381196911,0.017499782987692614
0.031353695351367,0.023859666946506645
0.017297480892347172,0.08806313162706302
-0.04102704722088288,-0.0849088790044782
-0.02434586838255326,0.0417929445086995
-0.029271065748782528,0.04276775442143042
0.04698525614873796,-0.08180822053419654
-0.08348321915805568,-0.0003779452687024988
0.04139374405086034,-0.028798663199932923
-0.03946910068539206,-0.018659219058944847
-0.0018066910381976421,0.07039741644887583
0.1168454898762402,-0.027756363773238025
0.028471809827275044,0.1702378181076484
-0.03696795937633802,0.012976532000817382
-0.009659094035079661,0.021124953764520137
-0.09493228858845515,0.01497939683865481
0.04180471023155129,-0.007824500536887826
-0.0160900202176522,0.020052454686316633
-0.060549992834940586,-0.011474984115249096
-0.07954162830182746,-0.0025257884296521526
-0.11675177538258345,-0.09396060604535497
-0.09399084225559308,0.022263572201554956
0.030942280947007506,-0.005460844940755088
-0.0007785928479391302,0.004926872565588651
-0.03744598037779729,-0.009134479483901767
0.0714424204165274,0.0047031191728354295
0.02729919440433707,-0.03406751151345728
-0.07382288914717604,-0.011384950407890629
-0.07437639933023688,-0.028362462367521123
-0.02306770259859415,-0.015961751889520186
-0.09714725964302115,0.03145790019811739
-0.03120453040044295,0.03182754907645103
0.023038572201688347,0.02534142501705976
0.08476030446735015,-0.039847415787775814
-0.051741698272528905,0.033690618901299284
0.06273657761431543,-0.05092587887773466
-0.06246615729753627,0.01776999921988812
-0.05821051581346527,-0.021795748107434093
0.010055299268006673,-0.0211756529561165
-0.013079694232063085,0.00963401887681747
0.07186872698399607,0.04803185169236141
-0.057019691207767696,0.03606280447784443
-0.005166343533685358,-0.06247531324772246
0.07758599687394037,0.06302237988347394
-0.0569714726570386,-0.0010140837752713643
-0.006305029735314802,-0.020842606919584474
-0.008181274394705895,0.052157799927930966
-0.05588802944297936,-0.031860724013567
-0.03542389760159391,0.0008009506915096221
0.008055342310104623,-0.056631259119409944
-0.0011266744654504649,-0.05985646863517395
0.005211323553967776,-0.1102558006393099
0.10478861558647401,-0.07714733311548085
-0.05022815718857699,0.08219155413366327
-0.0439719919693866,0.10054092715658308
-0.0006423202700832804,-0.07271600119895194
-0.0054117586996523075,-0.05002476259647823
0.07236361607862951,-0.03275797418648466
0.06755406557178817,-0.03890939434956402
0.03628667720659063,-0.025920782590886465
-0.01615517169722395,0.031239741247341933
0.05400377047090054,0.012055204895191605
-0.014800275779837162,0.015160905653086091
-0.004587038382919212,-0.015760885870270212
0.1161150838491424,-0.001044146443210511
-0.13906126792187262,-0.05662511974539506
-0.04941190084772357,-0.07602752906231207
0.07713369677578631,-0.07617635639616092
-0.015675082801898683,-0.08048750637100907
0.01363646596501433,0.023882502427929445
-0.03600576113825486,0.007788878748914414
-0.06828326985806615,-0.038255292688452146
0.03419255279522987,0.08390505027591331
-0.06235017023605101,-0.002753359094719185
-0.04600468309222503,-0.026140619555544982
0.07078572012517877,-0.004845997063783649
0.07532124977846191,-0.0073534291477547345
-0.017439944336504316,-0.04534920847846964
-0.0245227825663615,0.009636487256737169
-0.10528760754528797,0.025618382521907637
-0.10859819223981665,-0.03761277155964313
-0.07386324224378982,-0.027510166039419547
-0.008959887186538474,0.04065410621408821
0.026835902033608444,-0.0687897400563122
-0.012563116780959848,0.06496054734256615
-0.007506922005573393,0.037194741404171124
-0.056076971856679925,-0.010912371773325033
-0.14305703180763774,-0.014885726338572826
-0.03487554639792707,-0.04726827074302367
-0.08141168329108567,0.04423358274642506
0.07693377466942038,0.010303735167755502
-0.023999776041050573,-0.021142990236968716
0.09110350118062129,0.02129249379684395
-0.0516271441057223,0.07486833185626472
-0.010739860172698092,-0.00637124185507538
0.020518409537779655,-0.04280866062330289
-0.01193582587849873,0.058866707684094785
0.010830956901439653,-0.05856753130411502
0.003561609538106347,-0.04186624928622743
-0.002516666884426512,0.0010037079320392855
-0.00857901665283706,-0.0664597451467394
0.037223822538562136,-0.011787837586938991
0.019075137889394703,-0.03180996103167798
0.0017537055985960993,0.03700391672205411
0.03467037906642387,0.10004128439472455
-0.0267657250342338,-0.005938903719549311
-0.01478821789998416,0.028439143200150868
-0.07556742336692168,0.04107817373979284
-0.03382458804347109,0.0771179317345293
-0.09516341804471916,-0.006214656134893632
0.08451587875093494,0.02998540005186015
0.0048660389869445075,0.07363154224407817
0.06756457327889062,-0.04471849321401791
0.025436880477415106,-0.03724662171955232
0.07265436087780781,0.014735766671140904
-0.09076811554625437,0.00353105403983113
0.03434647619750238,-0.04194114979920999
-0.06151785514386096,0.0070278415784695535
0.03817719143977639,0.051970239224786524
0.014696791553048028,0.0001323223848855113
-0.06529275434948578,-0.02361690048889676
0.009127888238382124,0.06420931982422436
0.04281903541082466,-0.004104052983776887
0.03803654757277377,0.06896631501964155
-0.019877048544459992,0.046246050185386994
-0.016385948013923096,0.017210470522500947
0.02453939909301653,0.013981487246095273
-0.04809530068672623,0.06113492885798132
-0.09132921742549124,0.004046246910667955
-0.1677925204324957,0.04976336134633966
-0.05756654403845232,-0.10152748603818858
-0.04472216449718735,-0.027860939868507142
0.053757222299670865,-0.006172125037750819
-0.08112784101467349,-0.0020082777664629254
-0.04296361727247694,0.008656287311536138
0.09169897704778938,0.04290793788474471
0.03402611489538242,0.04490798245656155
-0.10557883808240298,0.1162534153244022
0.020905978411052153,0.06546855564067575
-0.041232231933522656,0.00906888202678734
-0.03924844592729913,0.013074128768256258
0.06513633216984736,0.013399997117177312
0.03883113116834405,0.0032594157501362048
0.10125542199989326,-0.056966314203779914
-0.023662390730607344,-0.046822637288211025
-0.04399398189753738,-0.025821112859811958
-0.057106042226248925,-0.009248573634734511
0.051781977017251006,-0.015809788882423292
0.06371017198941593,-0.00646695783245488
-0.038228190000092706,-0.03506610111922623
0.03541038496968443,-0.028275395502490693
0.012527255537499577,-0.08670386014883784
0.016186432084887493,0.0007828949256231798
-0.038455380893579694,0.024753133340152604
0.06709436325392498,0.06655533509080588
0.03463823088499385,0.025686163562255906
-0.03214872658027832,0.036181979196169056
-0.006715774688382952,-0.06163752478970504
-0.04885795400432005,-0.07313238905898145
0.04191058729389437,0.05245708406087403
0.0007241716060475602,0.022066413579867654
-0.009441419852306327,-0.01668124056886074
-0.008907956927077788,0.015927400283429136
-0.07511412070320869,0.0007490064081520495
0.02363282652914737,0.04565880230892606
0.010852737291847383,0.049864962584474315
-0.08398165608278867,0.016783839598958593
0.04226471223956178,-0.002864192521640613
0.10661451535630008,-0.027169089475292535
0.02691737911845349,-0.05252250357208891
0.08293636465013919,0.0631947056274948
-0.045991107788746335,0.0003479714017142546
3.809189701760105,1.772527971118209
3.263095480571958,1.54786620223209
2.8060107316255896,1.2899354185597878
2.4053038925534778,1.1141463312586117
2.0265878463348344,0.9410487798671987
1.636386081117034,0.6715626346156145
1.3212919933331255,0.6783959485523514
0.9354014608539505,0.49401895843985455
0.718636119492386,0.3004207283134422
0.5319939646903916,0.20061605807210775
0.20649697355224245,0.1988738922471066
0.14059757901315648,0.06500301437385514
0.0035188212853095105,-0.01142685153437833
-0.09975221774822482,-0.05018997948125193
-0.28410423672029755,-0.09974849667187577
-0.30954378625746337,-0.10395281665181119
-0.5634948035658915,-0.30376444407108866
-0.526057313432974,-0.15032576184783486
-0.6052295766267517,-0.24395606130128594
-0.6420493242066225,-0.3527290916473154
-0.692027384909995,-0.35072117280742865
-0.673915057472406,-0.3694737280355339
-0.6891022790805518,-0.36446445294040564
-0.7603689621872828,-0.3316054159174012
-0.8087404790300688,-0.3582598091468146
-0.7642401681813685,-0.35437234378419935
-0.7367026421012608,-0.39687019940235346
-0.6833883357203671,-0.336659953750278
-0.6256306599096852,-0.22934268718315584
-0.6554109039025318,-0.2834437338779763
-0.7334989991720904,-0.29612171825280936
-0.678155491487958,-0.46353899081124006
-0.6297673575532625,-0.2642546625011435
-0.639349843369749,-0.3633652477223719
-0.6808374496034705,-0.24745945488683618
-0.6489148332077586,-0.28741128166112884
-0.5318978515604611,-0.31284916003211466
-0.46684552438011495,-0.3391579468179832
-0.5221053809123201,-0.27277158088622905
-0.48993137154698696,-0.25665947360954156
-0.3637899329664914,-0.18076598982002046
-0.4533927491019163,-0.13624174891226737
-0.4223763577999124,-0.2061659100195698
-0.4644119714555436,-0.24870802616268628
-0.3617681795164217,-0.21475994086858866
-0.3969457394401504,-0.2473815714563067
-0.41483837632360154,-0.18731359742060258
-0.2798566038190582,-0.23112632602248728
-0.3409829012129686,-0.16398659091511816
-0.3323053603301724,-0.21243300280200192
-0.3339155064685226,-0.2010033700954724
-0.2730767874938539,-0.14926750643490988
-0.29074027221826926,-0.07082072005825985
-0.19946120126484426,-0.11894234653119522
-0.1943702816840478,-0.1259380174754468
-0.14163498770059635,-0.18684769961969952
-0.20111856702365666,-0.16499058153058183
-0.1539055449184527,-0.0843116196926004
-0.1771352272906383,-0.014464113191442404
-0.19656647799935137,-0.07407344023438182
-0.02047317516714897,-0.11606090390776136
-0.14127371029597852,0.007577917139931813
-0.22187367487064297,-0.09463745969569604
-0.14633189729878995,-0.12968046425837115
-0.19401518430131454,0.027066870259740444
-0.20340660667550498,-0.06638515704781242
-0.11778878818605132,-0.03252999364927627
-0.058882915049115844,-0.04748329393281472
-0.11523499749548548,-0.03537803192100895
-0.09814057451684524,-0.01788905777357181
-0.14918032229918,-0.045944986030280285
-0.08585134268016358,0.009249746188422055
-0.00035860148544196446,-0.11620354579755954
-0.12947646663384035,-0.045298333031767564
-0.1433012349911485,0.01158708032345512
0.03560921600197377,-0.0008901635087783903
0.008429084965529451,0.03330901960212422
-0.014726441827328771,0.026988343990624452
-0.028260630061981172,0.027363734313529862
-0.00650086819303523,0.05868266727813187
-0.02379866665613608,0.09267011843162463
-0.012972145951023733,0.0035030497075908586
0.04391403630461972,0.019214584056489348
-0.03861726213750646,-0.0053932632255179885
-0.0014290414767579246,0.007279999450979385
0.053963971521203344,0.05844553337723825
-0.035388113274284434,-0.060470860356133464
-0.04040448424427395,0.0623813588172657
0.027092987705355016,-0.04207890784562169
-0.06863809330905812,-0.013361582796456526
-0.021384064937289764,-0.091737393660597
-0.044292322175580545,-0.08768938513365138
-0.02167899298479079,0.04715348567996171
-0.05271084949984155,-0.004339232960840975
0.0418468023008453,-0.06852766511306052
-0.020751214057043013,-0.018641151456740276
0.002345912060176411,0.0021494385408328456
-0.03858788585857145,0.008692889312890306
-0.01635210313212335,0.0814419049249967
0.045871017326567225,0.0068571278615027695
-0.044809192607823345,-0.014250596742598824
-0.022998666396248077,0.021179093298577818
-0.03907023404987648,-0.04410689949211882
-0.10940500978992755,0.010021385321941368
-0.0786836275946384,-0.05645205341768014
-0.08055604180803619,-0.0034408519107873127
-0.08737601095440121,0.045646791880747065
-0.018753536105660155,-0.07686159615183363
-0.0371989140144328,0.05420191905043821
-0.06191219969789046,-0.05884755648781658
-0.017317322817243044,0.0381805091001185
0.03404996171670928,-0.02247875815702067
-0.017167318461188803,-0.09867397806873318
0.013342369143156264,0.026067805083917747
0.042769526369178655,0.010374673436821386
-0.04493297303996425,-0.03148346310064769
0.010083915160659238,0.04293777405935291
-0.02356846183620103,0.0384709812180821
0.0020622558122341244,0.05787327793726241
0.041560426740758674,0.012720928054767653
-0.005485839181949786,-0.035944799392840794
0.04033606943593046,0.03786863274573749
0.02201248934004666,0.11276200109054606
0.02723210778621468,-0.03459619882551245
-0.05418909723419785,-0.01827698035168863
-0.023426096627892808,0.014282693002239288
0.016288855578655614,-0.04325479928270454
-0.04346215355793396,0.026836958360897133
-0.0731237407570552,-0.08775333951647037
0.001938551161771801,-0.07660916156942485
-0.07024351818017259,0.03508223143876281
-0.04551967065217677,0.04951797538117736
0.09366965596810506,5.79666212105974e-05
-0.042288671209333106,0.07128375126325041
-0.09342709965036158,0.0014941778576399983
-0.039000002141956085,0.010894281862336978
0.03472503649656387,0.046870919203465276
0.028439084228200892,-0.023935089655114018
-0.03061639948722781,0.03972641371778399
0.02134963547936753,0.12268743169079324
-0.06135173485881001,0.09185541820426042
0.028976275532405275,-0.03187462555598835
0.037768109335902834,0.06407577225453649
0.11965932163397335,0.025494271615552865
0.057011924989149004,0.1181891292960845
0.053730772946683304,-0.06065950444410573
-0.010681893368093132,0.0020760960796378717
0.05359352935684873,-0.0923516958888225
-0.0925650621941121,0.09529064623362395
-0.009752555205494971,-0.036524088055757936
0.004968968732506839,-0.03200400424684432
0.02042408235437175,-0.0033876317027669756
0.020063618405630586,-0.10598204865297849
0.06599683851079705,0.046732392096525334
0.006798177705189995,0.010654630610226227
0.010036740209809738,0.09861241164111359
0.1392549968939369,-0.007342620402843197
0.10189364274940466,0.057315659758767554
0.014403678951169811,0.04167388560214534
0.12069270568037138,-0.13316112945164602
-0.05903583733611348,-0.04740109490512901
-0.020675232272391517,-0.024243448715367752
0.07706893596188578,0.034535711557270074
0.006651012869802454,0.044015286662572414
-0.006936120026281956,0.027099124079164292
-0.03380180432789628,-0.0497101766894477
0.014419380057941432,-0.07749417283011903
-0.07763466730024123,-0.04197801412767949
-0.011796337238944299,-0.011045086729762036
0.03543364451139211,0.04144475070726049
0.03384468396435796,-0.029019349049311062
-0.03280153638233345,-0.05691093873156908
0.00502571550356477,-0.09572298070021987
-0.05446671119127672,-0.005399251287670825
-0.005639068294188852,-0.023090619529827036
-0.0627847837070529,-0.04871200019230526
0.08303827185566803,0.025835194204498344
0.032639749661559914,-0.03913104148002839
-0.01200792265675091,-0.049602356928853335
-0.023911912755354873,-0.04032255324497946
0.029318423720655903,0.00945474442336085
0.05776957234956874,0.03230996668258222
-0.02229915773205459,-0.06770064552495506
0.055368181040093986,-0.021961568470327188
0.04883249366833529,0.017062468809400995
0.008505212198275505,-0.0618252689323969
0.0028975726009525886,-0.0016059255463070133
0.0818217704434139,0.00965855052813536
0.052702168122316366,-0.0601588577387608
0.01349284135237478,0.018873251825365894
-0.13150167974784588,0.04008571259156637
-0.03071027006484572,-0.12277323987380115
-0.027046129203822152,0.03795518864411506
-0.012286420583860884,0.11187980990490418
-0.05389898475333739,-0.010834103675987139
0.05745179196183199,-0.018894704834609366
0.005096771613235029,0.01280702169373521
0.07282000414754636,-0.10215164434352661
0.07385710242091721,-0.06386529943057585
0.032397988775957426,-0.1265850166616544
0.060140838911854205,-0.14863618382975516
0.04460845978174356,-0.00594775972995417
0.017135642382920903,-0.08110952082782702
0.048311728097188714,-0.06546708766497411
0.02874469225815107,0.010153726750899733
-0.041961772912286116,-0.04514221248907743
-0.004025981828826394,0.023609948483018627
-0.010831422993890978,-0.0011396206893217638
-0.10521478822182137,0.022164559406955824
0.02029764078618835,-0.04903037670774334
-0.026413227427202993,-0.040454716903696016
-0.13968514713618446,-0.06582495581917878
-0.09417900972579715,0.013097404331529259
-0.0753789471103999,-0.031920370352076614
0.0005911323883921252,-0.0020442710362946464
0.09856650200987438,0.05973251799565931
-0.06665735003382296,0.005968978107928891
-0.05350211672876569,0.017136297924689264
0.07289814898232969,0.06380935721141792
-0.09878675334704792,0.05279764616725488
0.09213753391099473,0.02511875146776629
0.08662550390313385,0.0172440083978903
0.11051218944147709,0.12853613515979878
0.0328901159490262,0.061265566599195756
0.07880213974608631,-0.0807697327026219
-0.014077931385988065,0.014060462520601629
-0.05500559550827905,-0.013013744906056134
-0.028349936030087158,0.07563606892628184
-0.08332484163828537,0.014255222501378752
0.12124953675367803,-0.02141786063145558
0.0018165263017634495,0.07244367843776761
-0.010647069477996617,0.05610274771085845
0.08142356327289327,0.06631601861639912
0.011362516148900369,-0.07449238695244335
-0.005575798760219463,-0.010722411340474552
0.07534011770462828,0.0037677279568869735
0.002170662958388251,0.06286088051646699
0.0030218162136217835,0.020665238120261928
-0.03980743352818805,0.028295078815001373
0.04398535237027049,0.02274427446411325
0.07274701595775424,0.0151937777918447
-0.04635235927888523,0.01588690445417498
-0.1697405813387541,-0.024674337481526264
0.012497692648938505,-0.0188527686029387
0.043563387797088966,0.033075621215700665
0.1200507030566981,-0.0030571327286816052
0.04419595761928466,0.0938298199165717
-0.013125977839077008,0.0068026230036839054
0.07591332107219702,-0.08893883350403088
-0.15045152786014782,-0.11394271948805874
0.018184858125488482,-0.012637083782817743
0.06338106022704425,-0.012161340945996534
0.029068086794477782,-0.015446193061997463
0.030220159526579034,-0.06376742060027425
0.023854408862174683,0.0037144363517206255
0.009419472778087992,-0.0035343746119818474
0.013111378399433845,0.025701279641745775
0.01115381189653981,-0.030759149107207798
0.0010237775014169496,-0.02724329794245618
0.07350155237994198,-0.04211217130832747
0.07058682676440321,-0.040362932674884694
-0.07196124740148849,-0.07915273952316139
0.00814198478899643,-0.01224756448982243
-0.010862340750504807,-0.005499980118513801
-0.10456199854220427,0.046749431175678396
0.002495633695976905,0.04749119463841123
0.00458052343724939,-0.03150537802877213
-0.0332163387668385,0.06756862858976943
0.022190373576380863,-0.0011001481568147023
0.031057334270962026,0.06095778951133025
-0.005838142453446261,-0.02633955356162628
0.02211486266806906,0.004739852346778189
-0.14668700590484232,-0.11098133262806743
-0.031519991783033406,-0.05580847829063873
-0.03526967333918472,-0.09888619240059096
-0.052687745187599125,0.010831356648657843
-0.03560033753395575,0.03483135186432038
-0.10136135480992506,0.054307375722271456
0.023617926990859853,-0.06922479029713999
0.007614768401237811,0.03322482217251359
-0.014238529850700867,0.004448131989878782
-0.04499658151060425,0.015864620737162008
-0.08191347237817787,-0.08285651448129903
-0.03893358337400169,-0.00932730114723206
-0.0002442500220693686,0.02327133223295478
0.0098005260251391,0.015848221025234525
-0.04830626610957643,0.038323882095014083
0.04492395420822898,-0.015081444153336593
-0.04863085220179249,-0.05163340111749855
-0.0446774373047496,-0.050700292007635005
0.05626319787311734,-0.001763308228406149
-0.04408974335437327,0.05025481505281402
-0.06286789490747091,-0.10668128328509346
0.009766981038617329,0.0014328838483738402
0.009750920566569947,0.029343885124899136
-0.0026484853173448994,-0.02194428454082572
0.058540749485243355,-0.06584350059925331
0.00377455254606682,-0.14978558455076685
0.09196397375434903,0.002926237504922418
-0.0075548231191993505,0.050406365443139034
-1.1545689178870326,4.093190569414035
-1.0259103467479083,3.4904242644622805
-0.9145800516980325,3.0713825848833287
-0.6879372678587188,2.5656814950987052
-0.6038310255576725,2.134641058115094
-0.570396193676546,1.7721245928018465
-0.3523094731333457,1.4206459757234133
-0.2911233916084879,1.1458726079005501
-0.2273537149301004,0.7953992797795277
-0.11655071409487555,0.508572440819593
-0.09876868632974292,0.3508498030591588
-0.04901122268470924,0.2095303525639167
-0.013755241915173817,0.13716896378446555
0.0666633536021629,-0.12586600150185157
0.15892892461380848,-0.24354602018995403
0.06338198417702123,-0.3486962391446796
0.08172878314882123,-0.4776299424063933
0.1317637172739463,-0.594131671851758
0.17848705107830445,-0.6051473776444665
0.20742419400323336,-0.6988720077131594
0.28163293362143876,-0.641684056968435
0.1352120369206876,-0.6685909206278935
0.20730804658304441,-0.7122364607152081
0.16999269481250712,-0.7899800101775716
0.24692201677896403,-0.8248601572499207
0.28857110859757973,-0.6838800165846717
0.22788884834910933,-0.785109399472505
0.27360687446005566,-0.845334945723994
0.28204708287140656,-0.7489874285874759
0.27991857272701337,-0.7963722812707975
0.17731797140169028,-0.7699476001477277
0.1493450714700824,-0.7755275756620112
0.08617399100821235,-0.6344859798345981
0.24546916579807382,-0.755198453820124
0.25154131849150596,-0.6604965600772214
0.22481464961160505,-0.5656759134893404
0.24588398761069166,-0.5655850960846486
0.14374510439273738,-0.5963546674854391
0.1268851311781629,-0.45646019952533345
0.12706073083242417,-0.49240327339451107
0.11698020274437118,-0.4971302229357567
0.01883770505716223,-0.40963725803150053
0.07968575853314325,-0.47772807503765224
0.25936168269416215,-0.45422069182583946
0.13581668977698524,-0.39399210105667043
0.17345799576495324,-0.4148971709690832
0.10682350988134359,-0.2674976736592613
0.13498404767592445,-0.37560249695224385
0.10250564302366182,-0.3044094979597205
0.07083976405705764,-0.2291982740242936
0.1850100017007137,-0.2885976734500862
0.05872312983330361,-0.2546540316350027
0.09747484156616996,-0.257473734121925
0.08060007702533681,-0.21417770450076282
0.05201668626441131,-0.22585895157088343
0.07925569450619126,-0.2307830313098842
0.09013978442907915,-0.2100088927137407
0.051361281320405155,-0.12598367549009035
0.11960192999480959,-0.16138474977104736
0.00020865112181493034,-0.21159020685607474
0.007413528178003649,-0.2619371353959988
0.06815525645830633,-0.19047589790805372
0.02642759797967273,-0.05955125877768977
0.04877988672405436,-0.14851698059914084
0.11678324470114987,-0.19102632055415864
-0.0029061439460564484,-0.09129316089021061
-0.04500326857355255,-0.11389136570177319
0.03447757166213358,-0.08992910560884049
-0.009352862431803898,-0.15132198112099618
0.07573243281805754,-0.07284165520525396
0.036280086967525674,-0.15474212862749795
0.10200598813002087,-0.10770414909244351
0.05533762614409411,-0.016141556084637174
0.029079855976103637,-0.056707695224921396
0.012405912751355344,-0.016059466441478112
-0.02214250691618578,-0.03895952789318969
0.003065992155920733,0.012450640559955484
0.06791969570913291,-0.08403015269469498
0.06425196823588489,-0.024865613169258644
0.015271023191056578,-0.06560500786732192
0.025753444527938485,-0.08759904412276262
0.007515982571297035,-0.07087570408763952
0.009101202219052376,-0.11223962194223305
0.035999003400555264,-0.10341121990250432
0.00867803544751335,0.06272987624633158
-0.005663304242404264,-0.10273029835268804
0.045327773362154065,-0.13592906942391614
0.028071225821563687,0.002550931738395733
0.01935841821107408,-0.05880139540321256
-0.006182353678661028,-0.04819687968825755
-0.047857141670309286,0.11146783044737366
0.013606452998956237,0.009511867118021124
-0.05139941159926268,0.06913994626216008
0.06906668072153,0.00924100271030162
0.08189822878796235,-0.11967153556472092
-0.01484438192122831,-0.08469686672148467
0.052526871580644924,0.06071979419875717
0.009019394284845727,0.04635541738780831
-0.030833609091010523,0.0086010031083648
-0.06475142770888272,-0.015598313497414688
-0.03651996972122457,0.03261765543903266
0.021450673746914027,-0.0108460226011193
-0.047564089761820284,0.025122896517257683
0.04635248058955606,0.04131178279037346
0.07216737093077678,-0.04633391215362455
0.045021330239010726,-0.031154589494783284
0.057100737740962304,0.014669193179663748
0.029618652373018577,0.0602196740656013
0.011900714119591874,0.042156517515814486
0.05850822551588731,-0.03212000846803437
0.02757692106626228,-0.032340148327999654
0.03410143698824903,-0.03482491813627474
0.0040625028988289305,-0.1513850908177913
0.029050216544931493,0.016361157041678166
0.03644351238120995,-0.053262718258619335
-0.03094676838920537,-0.0043202336211199364
0.04892363335281519,0.07241557532986204
0.14535993678601627,-0.07864540702556076
0.08904533845217795,0.0349569733134696
0.0812047427565827,0.044594231653176525
0.05653921520071997,0.06575633248175827
0.013712882818943187,-0.009666222649149146
0.04351069287964816,0.04237497893025031
-0.0022098371037825,0.008639785588862633
0.025782392365822526,0.014373791335454633
-0.09605186041445322,-0.05262605107481748
-0.012922867306191717,-0.017585062213842102
-0.09933102201194793,0.0392249958287022
-0.026022152982511582,0.05499626374443148
0.007548932633591547,0.01129516390242263
-0.024419549183537708,0.13454422667128654
-0.032157306821371696,0.014397287029614826
0.06129676857868661,0.0016757802065327995
0.039340883875054244,0.04647480750929236
0.02746259013191167,-0.02514429970431072
-0.04819298464525271,0.001431325556854296
0.03891190372777145,0.042429700867180835
0.02053689427711503,-0.07572989115411854
-0.027115257688785477,0.029903795512227917
-0.07693518426291845,0.057402299604072005
0.06839480450373947,0.002902142427598262
0.045295205483342704,-0.030827744148954853
-0.039475653123880426,0.05686538362217915
0.06509068363370994,0.028298091136116296
-0.03367896518092628,0.03258153115401414
-0.03021472034204329,0.03383274674850984
-0.017065119491490206,-0.004285439143432541
0.008112127702544098,0.00039439175561110755
0.02925046045716872,0.021235324548571882
-0.0619550179634955,-0.06516357260480443
-0.008561447375085216,-0.04178268147011313
-0.06051155846927144,0.009151356159093349
0.048076895571155645,0.0032736096015849245
0.06307547986419443,0.05290070416519372
0.017996842156680178,0.013680794347622267
-0.013511698606360957,0.09905350620009812
0.09856615310085634,0.038344871096743005
-0.03706761261950203,0.057363402170589
0.06571079061752189,0.033602726385377396
0.07284714326679403,-0.044314776813338376
0.028376464527515813,0.0923475839322371
-0.022057853288631614,0.0069791703001357295
0.0270936077727826,-0.027136232800151754
0.001766683894363786,0.04364440036645721
-0.03805537721311413,-0.056642839783193524
-0.07113223221408412,0.01289731141380493
-0.09717268223556466,-0.08122579711828148
0.03756472938360459,-0.05975699671993734
-0.016183078818297218,0.01595598276586928
0.0589302869113981,-0.05742785223506256
0.028577864171103376,-0.01722836778501558
0.02095460690290063,-0.014348143607676812
-0.08072433094990994,-0.07611944215212185
0.06617056495312021,-0.1406865989053231
0.03547752520269878,-0.009749227218000402
0.01111016868516699,-0.01746266810016986
-0.01414775514183135,-0.05571343729902804
-0.1435396513753524,-0.024322045706745017
-0.0038667437717974738,0.04791958469321854
0.03161065949300145,0.05197671469886047
-0.029764052587744828,-0.02271736162252326
-0.03900577366273231,-0.027963687116950763
-0.07320458485871494,-0.016016204085218467
0.03871121432866961,-0.0420596422463527
-0.02968422899941204,-0.0582610635420524
-0.054310448585881854,-0.051148237416435094
-0.04899219871937065,-0.0032835234919434417
-0.027637627327324863,-0.0008292615053699486
0.02548352316602022,0.039836298899343286
-0.09580916916294205,0.04357000393378432
-0.03083539448130691,-0.016477142608201947
-0.10813649298884617,-0.07575813227236114
-0.05707005520165138,-0.006556256397714621
-0.06445287180002536,0.08954631472475671
-0.08502975649708895,-0.009120045691638101
0.026362889308058336,-0.05130658981526312
0.037148628114562675,-0.012381516193044806
-0.07130768079116755,-0.07211459330236958
-0.036345522693800265,-0.032421274932302735
0.044287533897999685,0.0005207445014141238
0.02059475727463808,-0.0035719927981145852
-0.06091422028618181,0.004528904789796038
-0.06686043462327124,0.06878639958908962
-0.04541849148898135,0.07552322369449382
0.07704764637765786,0.03458160757420141
-0.05872118008802607,0.02342112496738072
0.021908488556633486,-0.07016235308959935
-0.06765397068143668,-0.019135549584223355
-0.12423211076309779,0.004909115380393493
-0.0005694424036869187,-0.035047871942105735
0.046578442788312836,-0.06321285986387096
-0.014266629107598952,-0.008193674044246133
-0.03987202272750793,-0.04668326257460147
-0.09194894091664786,-0.04556107329964057
0.07475031891374215,0.017948666382615608
-0.0011549967100532468,-0.05500579717135828
0.01819548448110655,-0.004054995087628922
0.009526596263768769,0.08240225013729212
-0.06754649300430521,-0.02169620110727688
0.07728169134899812,-0.025393471088350023
-0.007619460651614278,0.026165789416615952
0.10496845536586694,-0.01708883789135864
0.1106937109847331,-0.04412150770799168
0.05728550789372966,-0.051000368320343464
-0.009746317282451615,0.05397473179791615
0.09282813145328518,0.05484273072157486
0.02179561936471368,0.01468937311400491
-0.0017142903099311938,0.015472546802520823
0.007895820310688452,0.045919972282688556
-0.09275041889286431,0.010648905347617746
0.07378957139666494,0.02984501637963583
0.056204055022486626,0.013209465639345878
-0.0009998620262396188,0.05536444017405613
-0.03660183164723538,-0.03957639668739209
-0.08829907879522259,0.05848419389080879
0.022656459591939113,0.018623608815150846
-0.15075484887381077,0.02011383810102998
-0.035756307944339615,-0.09613009838976828
-0.008235922349392688,0.11086676606213389
0.10129234596423868,0.01693240891625844
0.1062826195626915,-0.024233737077973584
0.05124667791756861,-0.08646229238590226
0.040361823743338125,-0.005823458434819538
-0.0613455058061394,0.02067420094458027
0.06588550199245163,-0.03588130397111734
0.011490749947047919,0.02032970633920012
0.04914013066789692,-0.034878807290286
0.026784563009858972,0.07058021871463688
-0.010926908552906647,0.020441102737669987
-0.021812775893083163,0.020012411954283944
0.002665610839114439,-0.0006011075302331803
0.0431785215897484,-0.01600793410064664
-0.010784742501621128,-0.028539114547545916
0.036499821824425877,-0.02308586102001791
0.03758142780879879,-0.001563928269899869
-0.0068015181322481294,0.03630136256843665
0.005284140972740714,0.012747554472254632
-0.048973126513001466,0.05798818101009748
-0.034981876910749096,-0.006078861212477495
-0.05647015169715355,-0.0208094530315896
-0.03715203912616776,0.007430067912756189
0.03315314509608896,0.03687529951981677
0.01925512080596204,-0.0015274581335399245
-0.03797344256953315,0.02232047599316761
0.06068542404632833,-0.01883920625623653
0.006235205402108729,0.030231617204796894
0.026992193060405446,0.015374032758893166
0.10991070616573728,-0.12537380618760452
0.03372847725772107,-0.09511186581300744
-0.018541131134231476,-0.02136084367053486
-0.011296931068784209,-0.002470420830316373
-0.04207184248105254,-0.0012767897089237881
-0.11363830817720104,-0.09735652215286683
0.044672897604901646,0.025901239229237618
0.12084642463395118,0.010104177088394173
0.03868724613401907,0.053444315432796166
0.004442093242077904,-0.05489193545153512
0.054094212060692703,-0.11306028088169444
0.017764301237514317,0.08949366105474617
0.04565375862049332,-0.02764196068082399
0.026663946984643853,-0.013727402269525051
-0.13710170606121028,-0.09419736670264095
-0.021679536434428697,0.006386810815360602
-0.021865175128730707,-0.07195211390463646
0.03628862529480729,0.05909090022838523
-0.006309971307039093,-0.039374028700767866
-0.025751476976006785,-0.02999128526970315
-0.022479206887572732,0.009533838970858403
0.0177742677641979,-0.03912673123734659
-0.013175715604728105,-0.062045038390507304
0.04355303704428067,-0.021322358344368218
-0.027397469084944934,-0.05844649179114692
0.0169432192196795,0.003156049089133299
-0.029250461844111515,0.01374646200837259
0.033769224087909167,0.062420157172469515
-0.10899038977385117,-0.05735737010297932
0.10250908684611679,0.016909940658061073
-0.05592826618037674,-0.0177589642389918
0.018388488884749192,-0.058094734441952775
-0.0013993122159066214,0.009265028517738166
2.123973261340211,-5.739681603810398
1.8324165313582508,-4.963620045813338
1.6253471396155876,-4.221718669203312
1.3638481959705926,-3.635211772894039
1.029542947386756,-2.964131985822728
0.8706619457131288,-2.430501539175089
0.7787358934859118,-1.9342200701235173
0.5437600771906337,-1.6065593032852041
0.5324639552415515,-1.1881029603740811
0.27855369541829694,-0.8882149469592031
0.25027443168630364,-0.5576893651139627
0.08450167520795604,-0.25911111421126276
0.02793589946163765,-0.06353525368799749
-0.1541780477050641,0.20796544615200765
-0.14763849678723995,0.39895573355872094
-0.26536495921477143,0.3897795178602373
-0.22601645358776734,0.6562083199433637
-0.19248586679212196,0.6870919009360481
-0.30661348999516536,0.8008998291019218
-0.3573785301463246,0.8474629547055557
-0.4352216966553433,0.8984770863166228
-0.3549736494366266,0.9057827492868488
-0.35536912518358416,0.9936221908153193
-0.3891293947293645,1.0667675702988766
-0.418724788760997,1.0634158485926581
-0.4863533125513906,1.0820600620141543
-0.4513891297046945,1.0222732370905867
-0.3611099629812617,1.0186381379193319
-0.3925983142371899,1.0560469084252704
-0.4449022130884786,0.9846526856628174
-0.3397601869613246,1.0218689393355764
-0.4400318347072618,0.9918982439014161
-0.4386845176916603,0.9487314722661073
-0.24302111255232184,1.0319427460847723
-0.37111362460134145,0.8811689368975253
-0.3194983087727012,0.9054907489428566
-0.2856058479674116,0.8889865384160768
-0.34640369876072674,0.9544469628498441
-0.3156588333407729,0.6650020421020999
-0.31976706453432563,0.7899490441998042
-0.32915780608183637,0.7449821680999644
-0.3437034913794446,0.7001185223613314
-0.30737957585780384,0.6612970806652443
-0.22499683376832658,0.6379578034881901
-0.18968347350186207,0.6368584870275716
-0.212491146139489,0.552404897749081
-0.20132602657917834,0.6165735263688026
-0.24311573452409024,0.4971213269411358
-0.1748290491130959,0.4297801126602675
-0.17032964266206269,0.43821312029953985
-0.22808428391766383,0.49189995932844094
-0.1286176429545654,0.3434475863148808
-0.17941107227112604,0.4574314562271964
-0.07823987206004207,0.3419261058103913
-0.1329400714680658,0.4107705836407699
-0.10803258842871503,0.29929880287069144
-0.033818842493813936,0.2737067429535099
-0.0700505482508375,0.36987832749799676
-0.14667520106005133,0.24837565179737778
-0.11584553409279483,0.3163713940308185
-0.1128837826273199,0.27607143455324823
-0.09133707199847897,0.22787831849841908
-0.06843128906568637,0.253759091469709
-0.09529110501121117,0.11676205464085956
-0.05495773506967122,0.26564666967939893
-0.1859208221927619,0.21495813686203313
-0.041261269127917485,0.19631596584564276
-0.030729015650266665,0.07266477392404266
0.006885902221831337,0.20814328856720038
-0.08344057538161573,0.1982400651397712
-0.08334918286377513,0.06297658501307846
-0.021355950603996497,0.037778301169404616
-0.026231277167789634,0.1778839625459952
-0.03835336006542529,0.15443107536406106
-0.033701865646737,0.10597926284345914
-0.0443993263446304,0.10691489551751962
-0.09737586420136339,0.03602526665987198
-0.046159010235818074,0.07476827375850617
-0.06669774154153757,0.10743725883054639
-0.06640514571197889,0.059250186132722704
-0.017332915251774293,-0.006425457283452667
-0.027502452627442945,-0.004344353399799196
-0.02179750347295514,-0.026773039913816278
-0.0035308649685107107,0.029038402705045017
-0.0019981410006732828,0.02708469171333635
-0.11368421778975507,0.09986451346817415
-0.02313446569652215,0.05139464572503762
-0.0019875182726137863,0.07321986620793342
-0.015632363114703222,0.038141348175445816
0.021914572066518777,0.025744269939523542
-0.12947576572782887,0.05195882973028404
-0.14998447800241407,0.11542688763320468
-0.09967226234856172,0.023664579439170753
-0.017783712600997228,-0.05326172416018897
-0.05917664097649576,0.021356186320062275
0.03350462419803801,0.0128812522428251
-0.07288152877641677,0.02775666047300355
-0.018140876997927234,0.045763413081871866
0.056147958991254895,-0.0007536353883845857
-0.05387410863804169,0.04274265936191675
-0.040949888932027265,0.018685743426390407
0.004425592052785841,-0.023128518187062345
0.055273702116139495,0.03165453478406719
0.006974047228691684,-0.035861736835811966
-0.08957387622906822,0.08914593889361552
-0.031293199706084115,-0.052821766746556136
-0.017449860426058603,-0.02499972081720973
0.05344118412644833,0.07078511680554751
0.06247863351943468,0.0004915277302514447
0.0706933002777358,0.11815187761649772
-0.0015117127881799884,0.003032708801863821
-0.0385260523855107,0.0025108979006113934
0.12154248977289674,0.03872674693986647
0.01850852941660261,-0.03440752270073212
0.012890152298875822,-0.06956609856057208
-0.06638407965023238,-0.057061940930215126
0.0018342760479982886,-0.04627966848149655
-0.008809335684920618,-0.00472783290038379
0.016921680001169205,0.09967788764314063
0.003955084404857574,-0.06423891730170082
0.017542242418102507,0.03254111855554194
0.028215729455338616,-0.05560373359046356
0.005795552110734223,0.015153535457549133
-0.041677826875783225,-0.07018058091866282
-0.04440032348469461,-0.04000910045578726
-0.04754822642755778,0.010921377498676547
0.004536129460599551,0.021800102797278814
0.004077262315939318,-0.09475500396635858
-0.01370360666261872,-0.11081405294557506
0.054235245848130595,0.05273521955955753
0.01153870760763918,0.026642855807012613
-0.022256398964537905,0.011197954234908918
0.012595256045896733,0.047384486704853374
-0.005876074565701064,0.01406343744643786
0.04830023121362777,-0.05462802750500393
-0.11039628110759102,-0.04149087886886901
0.06036593345002429,-0.029137055072302943
-0.1273598616359199,-0.03219998174698669
0.01654812798429244,0.00996923434087555
-0.0796392786633944,0.0018174993736232207
0.033572203942514464,-0.021472475109361205
-0.05843530832761355,-0.04271182061477972
-0.016576036856282072,-0.054364554684890085
0.03427971167590978,0.03154705206779382
0.047728386935349594,0.030858278458092213
-0.05040576250531207,0.010039214528637548
0.01751806189205141,-0.003328162806794781
0.051870298531169534,-0.039963448914074655
0.07290571559990495,-0.07494212395537955
-0.04154197521172498,0.041549197640528536
0.04364161940106562,0.030850827756169468
0.08456383747780406,0.020292931858768046
0.08014605071315786,-0.023528413936630375
0.008068485383551725,-0.04061368396131097
-0.0052534933820435024,-0.03385863114290793
-0.00535268920889018,-0.1084391548719179
0.10018626611429245,-0.018630832845849505
0.1274237344402466,-0.06425445981579889
0.05458976094755373,-0.013559003996610686
0.03367401336026605,0.01121293605581003
-0.059919613482203635,0.02345772754597303
0.008407801992282807,0.0165758781586496
-0.01572011267548118,-0.06646493522118299
0.04831237061100426,0.06955863926052996
0.06177777817708366,0.006293194716592252
-0.016727650681149335,-0.04601114779258791
0.09747660275260711,-0.06133985229173192
0.012961466818373523,-0.06750537904272809
-0.016637893420425955,0.03732654078722721
-0.012604857504559986,-0.0777520779189263
0.03525253245780843,-0.028951426732879853
-0.020759492653189014,-0.025074867622669098
-0.10037155815247405,-0.13947149597334052
0.02657445472669943,-0.0778478541664651
0.0836177355644098,-0.10567069540555554
0.06675713269905995,-0.060273564752232056
0.042965570163875574,-0.047865556567043194
-0.02073306120419442,-0.018127879603578256
0.1326460123536981,-0.03830248504633088
0.013790362532854648,-0.043592761087777133
-0.02227238976069992,-0.05855318844749043
-0.06734122780567801,-0.006910291467017595
0.0010918698048544332,-0.04662569054328537
0.003026559064604616,-0.04900898422215248
0.10518385571462631,-0.03659894353763434
0.06746170097975149,-0.024642226731789472
-0.05140432244040325,0.022618983797640754
-0.08091083644035045,0.07365591943398467
0.05150789088024867,-0.02229040277512849
-0.0034598758412133016,-0.001981300002196448
0.017907570832638303,0.017255132014302857
0.02183996374863021,-0.07849177129326325
0.019365536070651952,0.015373842373065539
0.017469240875566977,-0.00023114276038429214
-0.038442131049066415,-0.006913656579854059
-0.0852094919384487,-0.004505249077336102
-0.047393731471466256,0.0036792220896590486
0.02284002870781768,0.024421301932582795
-0.013034047198421515,0.021599961024692832
-0.03315797145647729,0.06677746216260418
-0.033827179839130174,0.07456263167222008
0.08348584362393198,-0.04211806162951336
-0.043608067202625986,0.1366561916132956
0.011550962931372932,0.01381190805938531
-0.008842615477407629,-0.008051921213562869
-0.006302569984754324,-0.0038651294409286427
0.02046389423757763,-0.0044546040080519515
-0.00741280012483456,0.07642479981601386
0.0009462954559774066,0.07139356892741033
0.05752555779740323,0.07795276123074356
0.014107872247096418,-0.012628279847488388
0.04433873669116111,0.023299590980205568
-0.04243662590002194,0.009339669944065517
-0.050365507139703655,0.011597880052958438
0.04271651461212442,0.06439392468569086
-0.053944949675877665,0.04608563350229261
-0.021838994327785542,0.048729007917480235
-0.04883565836146404,0.021434179522673867
0.005412174573943048,0.032505785578636454
-0.020116340134889037,-0.03895347520669659
-0.06370131301596947,-0.05923411447034623
0.02468811773731877,-0.04000486343014342
-0.02863695981709133,0.02890080386030195
-0.001914311250741551,-0.02795270308279614
-0.02886023729718521,0.022156150615161165
-0.023100277764556622,0.0125521092839702
-0.022636956734139027,0.0700712385461683
-0.04436204669166582,-0.01566815009081029
0.03572406860353983,-0.018179809089825888
0.06670203448694217,0.06422619538681919
0.019040848790771312,0.06466619777077585
-0.006363361905148156,0.06473514062100284
-0.04686972852195172,-0.04997735669971525
-0.057362683082059385,0.050517247065146126
-0.02418694046375576,-0.09396286811121032
-0.06103442041337212,-0.07462055559462363
0.002138227434559657,0.032600428465551876
0.019025077026398385,0.09054217103532017
-0.0073244584074425734,0.04172871379025284
0.07163084808576231,-0.021412592388231892
-0.03612412162588693,-0.01515382906961862
0.03624665643436889,0.11464915168353475
-0.09766367202519878,-0.05963291522580393
0.020513636999738565,0.03202729831114988
-0.024150621550425987,-0.050760176335320366
-0.008287991622220253,-0.0250808399776864
0.024456814706136958,-0.04788427526243516
-0.04587949388321435,-0.009712911136066382
-0.03573215739476575,0.07096456570016683
0.010808855950860015,0.08077874474188824
-0.06297746489728592,-0.06275551281550143
-0.07549696589940819,-0.022922650382689314
0.015965746383394507,0.02899795213640951
-0.0035158353959534993,-0.04189862237937623
0.07913247066805462,-0.05304437333991658
0.10563414982251175,0.04382994272740287
-0.020603322096429868,-0.0050911609318621265
-0.010014120232146054,-0.10149551366911475
0.03294152420075207,-0.11315745066231842
0.05041222060219504,-0.10620409797068747
0.008744251424057967,0.01741804148446434
-0.032218487973624685,-0.020030775364099584
0.006783102426120038,-0.023231214989341956
-0.06320563605750035,-0.0944919823567738
0.010463316093327934,-0.09007035094251811
-0.005115444629408906,-0.10292651890856332
0.06677021685249618,-0.11947656179683663
0.009317179893759978,-0.1227511616032229
-0.06892008528964048,-0.05360283303181555
0.06373683604879227,-0.02095677608482861
0.06834580710505384,-0.00240819474821478
-0.0097787760569817,-0.006132157700618771
-0.040359212361193136,0.012872373011486742
0.05785012658091812,-0.012372940522592496
-0.011472910833019462,0.0025715882868040663
-0.11308496911500429,-0.07516400509290794
-0.030693143592601085,-0.03732784413694267
-0.04515575880600883,0.057161899122887216
-0.010588537464972148,-0.01714285372755146
0.006908200560570154,0.02657956676600481
-0.019549616726738474,-0.12023246125027673
0.06032731427219831,0.09405488463133818
-0.016985540017449736,-0.08434844269990259
-0.031834942109781404,-0.0602130482856522
0.11854494436638485,0.038393081079477906
-0.01879395869511734,0.10208719417557106
0.00861475148033702,-0.020629126558224832
-0.056603059938324804,0.0037926640741253862
-0.015243375934986638,0.01673504663919987
-0.002653569060864459,0.05113646187179493
-0.049286772136777804,-0.06379180653577603
-0.0630900549431532,0.036329266262576376
-0.03607069924068311,0.028057480068076106
-0.02926972703629909,-0.0014617979562916474
-0.0234814021362454,-0.03462046421336404
0.08019713580887808,0.06982919197030928
0.031065701605017936,-0.02992813396997293
0.02252957711193753,0.007191184518862418
-0.001963739592776492,0.01186771925408947
0.04201713443154851,-0.019841826852536076
-1.8562249791413072,-1.2985620754117406
-1.6213505580702887,-1.0478822801130276
-1.4317167872004872,-0.9398798243396348
-1.0589374865282544,-0.7450097684867196
-0.8905337583430132,-0.7426593609718348
-0.7402845237560616,-0.6034854045856143
-0.5758706024417475,-0.4469484730042498
-0.4698971446901383,-0.2912466261826119
-0.4049332386089683,-0.30595621861779904
-0.20800510591688545,-0.13658642257337156
-0.12727761152728073,-0.06609764519060533
-0.16084794211913334,-0.06501982446634179
0.02358541888828173,-0.0481087322138221
0.05423231465252637,0.018785308397184494
0.16461699936776572,0.027228741216642025
0.16459382724702226,0.14523786603146635
0.1748275406994151,0.07895977205489185
0.2094599556827708,0.14640845147382242
0.23886177803423514,0.22954110162911093
0.3480238669083579,0.2538351753459743
0.3069460514687361,0.20156955157131776
0.25992173647546307,0.3457090269514128
0.4236131963830696,0.2112810724261931
0.29108385721025554,0.27966595333053956
0.35811326060011966,0.39407408586583104
0.30793800000261357,0.3286836911885315
0.42496158146358937,0.22347986322040142
0.30310377682901124,0.2292424407083242
0.3511262464431256,0.307184767923028
0.29625855724807204,0.26884456411432206
0.275430834252636,0.14904562768534074
0.29410094116986063,0.3058952223509973
0.3285037896233875,0.24694306229069962
0.32481969048152254,0.19058718474197262
0.28345510036176885,0.20013776910245956
0.27167312526942683,0.2900088128620869
0.2568375327225053,0.20290219566096412
0.26618774329706063,0.0934584918885325
0.25173640889704224,0.18870188864485965
0.21963170016610672,0.15237881290713337
0.2647704603413289,0.14253059556746478
0.2446008183037622,0.14047983226997263
0.25995975554558715,0.0753253896435173
0.26606567939122516,0.132915580930292
0.2515992046673269,0.06710549306319868
0.24667645637697755,0.07044148228712974
0.21775222119370466,0.14556066077503482
0.13451921329242053,0.1504887594845009
0.11940149324957963,0.08147782038961296
0.10784033002706897,0.07301471317581101
0.13763090872320313,0.052883205569115126
0.1504507354832788,0.15018911065184867
0.10720105508090899,0.15696983198648073
0.17354579302442155,0.09169794851736537
0.05759885240457735,0.14982802373041854
0.10908558154043187,0.010197763354860362
0.049101830705004755,0.03535412716008452
0.034005260020829854,0.08747944466279112
0.011818582133246283,-0.06600087161999268
0.1240491107747064,0.010808992842240739
0.06640655573178487,0.089964401935746
0.05368614457301543,-0.0014953570318561593
0.027923625647562046,0.04130492031368694
0.055338967360762485,-0.020114161873718388
-0.05439936333407117,-0.002650429610013265
0.0652446289389941,-0.024454457078047095
0.07560572060865305,0.07274477800481989
-0.016097364472317875,0.09668053593403199
-0.0044610062500066786,0.06711857938129484
-0.05722507476860833,-0.03027051564222309
-0.04061033434482644,0.013359793251062343
0.07214419677015124,0.011932421806972526
0.06124709907788954,0.05788614040156495
0.011889682582730057,-0.021240149923302386
-0.038873397833044374,0.03478915396249048
0.07970739313860628,0.053732477343140246
0.07793557512259154,0.014122511065471513
-0.0523098206322208,-0.03139679434421924
-0.04126157791138061,0.06099452640649178
0.02311294486348722,0.009111401447664477
-0.06018048284084277,0.011354171102148512
0.023229431521438332,-0.0003583579217407082
-0.00698110284347693,0.033922881543595435
-0.006215597125974389,0.09924472952489699
0.05728673828333318,-0.04042082109003402
0.079217329401988,0.01229834657291623
0.04337943091630958,0.09763646402662825
-0.07812405252680235,0.053271580062888395
0.04379544256236156,-0.054242038368733925
-0.03776701302073144,-0.01649336576872166
-0.023717240362279395,0.02058228104903499
0.00589972695876168,0.05413235221945655
-0.08760604216969167,-0.06946343619157096
0.08944779535678773,0.04963197131829036
-0.05719053709104574,-0.028114903284714318
0.02100107325403277,0.056885507542642474
-0.04562419829491722,0.04953076683621789
0.003183572301356497,-0.012590620336408129
-0.05238402513444594,-0.0006794175559091389
0.011928938207122052,0.04499590096719809
-0.07591998345713505,0.0030307214574715156
0.014939214302421462,0.025094287053632765
-0.005627210083987661,-0.01682011430447851
-0.1495731316553438,-0.1264350783580896
-0.05543878963887393,-0.05296563746643233
-0.05647733471242605,-0.03629355111808448
0.0013466219596236194,-0.05940242970886929
0.024363198875302486,-0.1013461212067681
-0.026666430113651086,-0.0374329176711136
0.03974315516397074,-0.014640080457727586
-0.008413473669678106,0.013142270905132102
0.027069971105942822,-0.024779557397269763
0.0031056515378640737,0.021315813121888447
-0.08387529776337282,0.0023285283213257766
-0.09196062969135409,0.047763354291077094
-0.03735639165896008,-0.020584347039441495
-0.06408705248890448,-0.01713915943709122
-0.00041446883102902975,-0.024928104148417753
-0.026221008447348138,-2.2523237945158356e-05
0.030100537798361374,0.06353479543066616
-0.08682260576270458,-0.10220052600288862
0.06206995904282651,0.050460609473540016
0.03261248891452417,-0.07553149411116895
-0.07751535130944319,0.0048421095635186595
-0.05235853369977246,-0.02438830648269317
0.10330140544556299,0.05894277071784288
0.007154416873260375,0.015571925306651309
-0.04594862555351136,-0.03791974610344819
-0.022001540583319608,0.06822857877847857
-0.004316817470831087,-0.07284104234259128
-0.10442529080595428,0.016411173460705506
0.0371227607204877,-0.05459839283506922
0.010376049829110008,0.04773091415802921
0.016234151866673225,-0.009584170533267801
-0.02957859133406863,0.0035402671393716285
0.03270309617280626,-0.04828285345508531
-0.013879320756630276,0.01887647705714151
0.012488075523800749,-0.012748041303532865
0.021374745139832944,0.033913603054282926
-0.02492626134700729,-0.005365590404596356
0.08336915678279574,-0.015622375430541706
0.03637279096480524,-0.005937148404615174
0.017157702872377185,0.017110448568378008
-0.021085070819335215,-0.04545852080393831
0.0793586989734694,-0.01757672247769025
0.07286165831007098,0.0346318090956122
0.017945730671914184,-0.041749435124871184
-0.015473490036221877,-0.024489723884835845
0.00485531616532416,-0.020708417985554672
0.06818619944036375,-0.09266713763087912
-0.09761125412273915,-0.012837799197531152
0.0016199694977766486,-0.049468973876759914
0.07385397044923962,0.0019648082672861188
-0.09191418711213661,-0.021956614357777123
-0.0179924395124069,-0.03776266161032815
0.023515386631893308,0.015097842814776014
-0.020381397120879056,-0.033045937741974916
0.027236884306598746,-0.12852697037432806
0.07287101011912162,-0.073279838755822
-0.07233690941377618,0.05393961147539697
-0.0844026032618045,-0.04271725800135291
0.013884228467914539,0.028357641807883645
0.012710698312815013,0.008841343425615725
-0.057004873063177905,-0.07520043402020882
-0.03192116005684303,-0.04324768487731244
0.028521265801031898,-0.10787711929014798
-0.013815433448538774,-0.028894133782870538
0.00056479753334783,-0.005597011363876933
-0.04484187023546692,-0.034365852016114126
-0.016185961782500542,-0.06691988387067803
-0.09016050623536899,0.043058762738263104
0.019015880447872148,-0.11139122747058144
0.010999383112747325,0.06576643502051141
-0.07760313947704207,0.032093614912756294
-0.017436834032344063,-0.0029402833707072914
-0.0832029761703946,-0.0001180318841371153
0.021168705543150465,0.03309358462488537
0.015914794787504287,0.0648170509471995
-0.04961055321524607,-0.007252518654110054
-0.07784287289929331,0.0743686160073149
0.025709736303032055,-0.028324636968425486
-0.1142153900421065,0.021945037204547414
0.03515287345683435,-0.04120950427711553
-0.07378224304843732,0.03852424275513827
-0.026458747461118336,0.024766605752298984
0.03030110810402014,0.06349587740409782
0.026489035053827454,0.028853387965561555
0.017547121055906313,0.08363522285931754
0.17509412229544283,0.033127982957889025
0.05765171251517712,0.056898360684814554
0.02036296430377726,0.0570669547509797
0.022087510750923512,-0.026957034076952307
-0.020156273385821783,0.004298001843937538
-0.04615921073194719,0.010655623907222522
0.043632662104106976,0.06954097560776794
0.04427429681309778,0.01919780045893312
0.048947739612124425,-0.018046947867920483
0.0022948907907367287,0.016407588997547493
-0.03670005021841351,-0.028222400775444564
0.054888366649417666,-0.04283601993974011
-0.020691663676505215,-0.033371832691972254
0.07594774597114143,-0.05769585415104217
-0.003087603953218108,-0.05656523859468446
-0.0273893751493115,0.04217533916263089
-0.019166732961459758,-0.020730016552555696
0.021881341902885636,0.0006425127865119715
-0.012253038289559075,-0.04684556567760391
0.07917019472849049,0.0860401862063579
0.0144371665832321,-0.11321371806083136
0.08928420957534383,0.006213702363364748
-0.018982605661897314,0.021283387071000234
0.07196567266345862,-0.0024735350462452834
0.06242805192577687,0.0005262295002646253
-0.029324928605062184,-0.02256437146491759
-0.08532140805962941,0.01844826071309502
0.0572436094150237,0.023955098840310857
-0.003987004165682671,0.03794703708818151
-0.027326692162129015,-0.004794954993220364
-0.049854579875113686,0.08228304869106286
-0.031228115507787688,0.13490360314348582
0.009912223475984073,-0.03621241263364881
0.049439548603779485,-0.050762301610007735
0.07756622199832061,-0.03473271599462278
-0.011236857226823108,-0.0451650659059582
0.003088854833956576,-0.01592811061882327
-0.03153089328978846,0.007339160298027815
-0.019195205764516818,0.012809126942154393
-0.010543179900175878,-0.10524525550047653
-0.08355790580210655,0.06182335789748355
0.07852661265283148,-0.0023643544960847036
-0.08004630872093078,0.01687014160429646
0.04366213484700155,0.07357187323934583
-0.035588691436241285,0.02184898071834725
0.07085981155109324,0.0019164210729591983
-0.029684451823969997,-0.1118278799308362
0.08146841335993187,0.045301116065066746
-0.023248040445891818,0.09534450404822582
-0.0010928796882075592,0.026448036662797544
0.07912713851297908,0.06288651199709856
-4.723337791047444e-05,-0.1253586465421092
0.03260255601771692,-0.10321197580643529
-0.027581616170170038,-0.0005257370091515338
-0.01581233321634555,-0.010988132360986032
0.0649955607484845,-0.07280861791567211
0.005666482261554676,0.009712707557351936
0.020928318476896007,-0.03705169439001232
-0.010324420392482072,0.03353173695723237
-0.018463572964666726,0.03480354864209118
-0.03764878025992899,0.031419007760768856
0.044084860642371146,0.010571667947683439
0.014145851366154975,0.039177549056765765
0.044913135676236324,0.08291228274124715
0.037966507354862025,-0.002268654525216327
0.006865554836160899,0.011838334222897035
0.04590742865395712,0.04310474086416368
0.03153591571023853,-0.001510194141683116
0.003302373524410856,0.012211607844460515
0.025066289754041883,0.045666627110422575
-0.033430610511547845,0.0400430428057625
0.008070282439342144,-0.07127840019499797
-0.010931860233633819,-0.04697040550648218
0.02416256930114493,0.015374977075223915
0.08697249988369983,0.11991292665141233
-0.002671957250666475,0.061791616972043564
0.04386750475879223,-0.01909601240223847
-0.019920898491938115,0.04282464120687489
-0.03157025237715071,-0.011572224607731243
-0.021390727919862546,-0.042458469635888826
0.010616857450126348,-0.023331478329068546
-0.08565932148367908,0.04210920826291334
-0.031091737500660813,0.005017751131039434
-0.008191317145110628,-0.012229209251248221
0.03344976957225249,-0.049854329431380844
-0.10926283036781693,0.07811223296005337
-0.01889695806394668,0.023323148431727576
-0.07699999771929038,0.03200331246683538
-0.03136405315831099,-0.0712874837067572
0.06601829963613673,0.026595258568480978
0.07460200541248449,0.08168183779259901
-0.03249742552687302,0.000672277387367616
-0.06739059157151649,-0.04458994977342509
0.06883668894218885,-0.1586948049960427
0.04506688333947724,-0.06840734004229164
-0.03156578354052264,0.02781298123830766
-0.03565153898758888,0.03215518749206156
-0.012907939636388994,0.030322755360632503
0.08569360801658105,-0.0177230586087388
0.055184941195694594,-0.04267594614724994
0.05792740301081344,0.04230085769044935
0.07922403676748646,-0.024824475386808806
0.08321217622131089,-0.0811715916727981
-0.02855632833241377,0.11799005127675574
0.08314346273632359,-0.14019267321468568
0.019527409299853964,-0.013125519761860409
-0.046643730410527454,-0.017885705743301256
0.011989423680536038,-0.007312391243250331
0.09050110844249373,0.06581349851384306
0.09195320700270292,-0.07829261872215973
-0.028960778844188788,-0.04323045919356987
0.06126096855000368,0.010516343860455593
5.700771629416707,-6.917769534982335
4.971883098017305,-5.912543607007671
4.096731095181643,-5.027003112409917
3.549825072507154,-4.11669270956845
3.0014720200697953,-3.5264974473926274
2.4953254587561444,-2.818585110543391
1.983456171372059,-2.380425695395204
1.4321493395264109,-1.8252579541588239
1.1971799630863442,-1.3076952353965587
0.7335595990733412,-1.0672988587815988
0.472741559054581,-0.5724181487504447
0.27396026911815236,-0.32146338229829763
-0.013402799035574259,-0.09575783087011054
-0.19392505640950086,0.20026410500595285
-0.3881796222720211,0.4414719092777383
-0.4707013651041985,0.6966359752979414
-0.6177840984465908,0.7606345246382022
-0.7510509264389436,0.8351385592398868
-0.8243746973033161,0.9536946640289766
-0.8931790039112857,1.0955172890612188
-0.964002951046697,1.1285543632870687
-0.9736215272358917,1.2080097241960623
-1.0812077341038586,1.144792651781053
-1.0145416675750252,1.3411835078602172
-1.040255481014663,1.210595112002695
-1.1190415216893261,1.2902676174101717
-1.0250850068827904,1.2606623716568293
-0.9849452567300828,1.2150300715195141
-1.063519668690528,1.318669617333653
-0.9553671390729086,1.2537615988058608
-0.9308750391139512,1.1259798759955666
-1.0193141656175073,1.2496656187875606
-0.9281148381308828,1.1299446473692272
-0.9414206265362175,1.10776462062935
-0.9668327728691759,1.159872311197656
-0.8055934538110878,1.1579002429154672
-0.8734648543388602,1.0364714554017658
-0.8425704371408623,1.0022460320757496
-0.7904272882956478,1.0198447675028623
-0.6564484454692304,0.7704295471863253
-0.7402192412515901,0.933725090530933
-0.7635970685888986,0.8382730344104042
-0.6383014817580317,0.8834791533967127
-0.6308014792832054,0.7896041903386776
-0.5744134464938823,0.7441804345985419
-0.6290140652228451,0.7035239039524536
-0.5817718990793613,0.7473063492875324
-0.5347354581893176,0.5996914539923778
-0.5198754177923434,0.5663552450311203
-0.4403963778574367,0.6433022470711989
-0.44175158566574413,0.529826906604703
-0.42714527487417653,0.5901640275584998
-0.37434165929636076,0.4853117113051919
-0.443022261327583,0.5240767696010993
-0.33934513875668665,0.46909657011528844
-0.39747117100339824,0.31527012623536455
-0.3957959263872838,0.41459712296358736
-0.37264255377393557,0.5014993895258982
-0.33627386876594195,0.3977937959922687
-0.22217552274352886,0.37369711986545895
-0.26832783389257303,0.3462158339140157
-0.2362693667183103,0.2923478692831797
-0.25245221444549626,0.2953149573876161
-0.1360061129778996,0.18587547301784962
-0.15413388499977398,0.24686209349889388
-0.11982683447588965,0.1788549112039715
-0.07937320762793494,0.194111000929436
-0.1983603547388291,0.11473654683952524
-0.17597820344936305,0.22813644312479403
-0.14714973816921562,0.1294805349616774
-0.1784933131233779,0.18578766164839244
-0.15492456470151234,0.09336447828579252
-0.17653840273146687,0.12477573957153526
-0.08773633653524283,0.14880857237195685
-0.15340028495469632,0.08465267868993304
-0.18415860852003818,0.14988305793121096
-0.07379250196998144,0.024056614490847394
-0.06548427833254045,0.06617133561631365
-0.13133560029249203,0.025199363326149624
-0.13672440915208675,0.1313386810517407
-0.07574107281873979,0.17424220316074543
-0.11546280511435095,0.0865782470884175
-0.11900312001409936,0.1776230990854832
0.032089534176761296,0.12969098190752473
-0.06407075331566311,0.009803040051374175
-0.09724532565833209,0.12084580979413337
0.0031207466395615016,0.07973444938400773
-0.022699008987113134,0.13639452774788874
-0.09204359960410785,0.01073066237763061
-0.062378818736588695,-0.040653291499368166
-0.10860435071116775,-0.04012829123937674
-0.08323773562075223,-0.015284390572004976
-0.04347154483613996,-0.04410536985956594
-0.10671094145004098,0.068865099617095
-0.07261951541836467,0.09957539898830386
-0.023899360274172055,0.05020620657027979
-0.08280892839470486,0.04074558022215237
-0.0384768490416767,-0.06554333919579863
-0.013198374495778875,0.0003364510862146541
-0.0014452287600910836,0.006908162429639387
-0.05027637328044182,0.0298282650762142
0.07208023999332304,0.011992117152705178
-0.01869151046109195,-0.034482532283768186
0.01901695214922307,0.0023393804360444317
-0.08497619626514366,0.04917343085854621
-0.08691536430272873,0.060373931995587375
0.08811377236560164,-0.07635102683422645
0.04588239962429365,-0.08878683217476696
0.06553027874755124,0.051577620395639734
-0.020429868733421383,0.00810979194998086
-0.0331006058237906,0.043514594158885145
-0.09008791447128209,-0.09470899330850703
0.022699802339049252,-0.08651240886942006
-0.07020745546956007,-0.025344100122694578
0.012672959124703325,-0.0037810583473249625
-0.04867112603398574,-0.1389268112936406
-0.025141661739957945,-0.017948961161573473
0.08819420313758858,-0.12510235828674696
0.018970100955479702,-0.015021858979152373
0.010788980722445779,-0.11210525650462203
0.04332408641832087,0.0032144498418079613
-0.06605166601317962,-0.13695447700220248
0.028133920031738476,-0.04396048915667558
0.019271257780049292,0.03832553339498738
0.10597112103043084,0.08290498908268361
0.11858852680440503,0.05268562440774047
-0.07441417028022153,-0.06064761767353695
-0.022189632784246894,-0.15005877998950962
0.048671049135010955,-0.026256548156258584
0.031099533119560725,-0.020529607997384815
0.0024358654231708375,-0.0847060794787453
-0.004300185050400959,-0.048743228826992495
-0.01385246303229842,-0.004931861524922261
0.08673622375597051,-0.04666906692075625
0.05593779361732842,0.020714869574838056
0.023132013498205112,-0.030273319534238303
-0.016084358526929805,-0.005428692703083084
0.050423434344728284,-0.12013483344779696
-0.012925234334574886,0.024225418092687037
0.08614568162777587,-0.021648051463260088
0.03823196818241409,0.028331769368302763
-0.014793732243000703,-0.0022086552083295102
-0.015556508965175408,-0.005956019368805524
0.038065758112162076,-0.011029832305749474
0.04914031089285343,-0.051502264753970836
0.021836735591229502,-0.057146867350195876
0.014777123631259548,-0.06344907239230788
0.011635930386814387,0.015651068626440556
-0.07707867980901495,0.046436307960925585
0.06614079618730448,-0.02420534343289243
0.009899436334255309,-0.042652762687314355
0.07165082374343468,0.012713302174873237
-0.10940951508360715,0.047298911407217516
-0.09248647198246909,-0.05964909454816734
0.04715596920695398,-0.07487585590742661
0.02000848199506058,0.01437225264797866
0.004306204326723013,-0.014284843142701219
-0.025854942786412427,0.05340670106702456
-0.011307601692656502,-0.047049190853455256
0.03962852959238305,-0.0030090229580686297
-0.11333056448048762,0.028211395282169514
-0.062194514843391155,-0.04630819511153273
-0.07832475280333512,0.066899983930412
0.07996016099951178,0.049995000396335185
-0.06424619778351084,-0.04564778032790312
0.0974243167118926,-0.031324486199365426
0.029685353227245637,0.08041048163263358
0.003543265849604231,-0.0250327857514746
-0.0337244750161764,0.0679056734259019
-0.009561143577388086,0.10849096452729487
-0.019412557387045157,-0.04216005546134947
0.04002193367168161,-0.01047635984613271
-0.03964221745326493,0.0030852339286252424
0.021042684593786318,0.038387476877893026
-0.10398108706254344,0.007502247826169927
-0.0821778547608601,0.13511039250658782
-0.13517815939084027,-0.036697122069482224
-0.08218688268388016,0.09577242032854076
-0.017123167898581683,-0.004033523779774145
-0.04365108241182917,-0.049792851039243004
-0.026327488725621424,0.05539220974167015
0.03518520280317429,0.029823422641091196
-0.018453634564899294,0.03908194546428051
0.012700494643867959,0.078980353464183
0.045695356886094794,0.06148047252980357
-0.032577968713023674,0.049220248194729734
0.01661145500454342,0.022993504666088953
0.01094823033384929,0.007655011981880178
-0.047187217120194025,0.018760267149396145
-0.020353642480131974,0.015858772394449376
-0.07608041833129353,0.01333009923999936
0.005545322229124482,0.07074273306181547
0.031603253974939016,0.05128701236318284
0.01631711583595912,0.027380353309229378
-0.04728056088458797,-0.16247870814427562
0.0502619327401206,0.0061874369074539255
-0.017489591794234354,-0.021999372530696407
0.006382492050785304,0.00045715664194321713
-0.07645747735373407,-0.02452042115312625
0.010117693005879749,0.03724566942117311
-0.011757689259868503,-0.04708825625355072
0.025947748236048746,-0.08172149916725674
0.04393502157201162,0.050277268021473226
-0.0018594313374217034,0.015880188309714174
0.019824531472815498,-0.0530486794870548
0.07525186829970801,-0.13202985579063856
-0.06358015446456922,0.018737643745036697
0.05844301933479699,-0.04170704852730498
0.004599576581509455,0.029775281016452847
-0.026522230289181804,0.11916973431340784
-0.00767061955618047,0.04379041319614345
-0.026038935723298982,0.006484644367772303
-0.02816495919012214,0.031037949346647227
-0.025822135114346223,-0.01974395006653132
-0.05833443675182236,-0.03986942491979933
0.020504967939551172,0.04289906571325705
0.013556204502628358,0.08061444099521542
-0.0846356334962488,0.022484582578055346
-0.024912385616218446,0.06036694459443716
-0.014100336550335522,0.04706240497529663
0.016845090206115108,-0.03899604262570158
-0.01398801983601252,0.028671190687454662
-0.0248114227221842,0.03929628360356477
0.0760439619878984,0.003863590678524334
0.03897597408420252,0.009923659256897203
0.10325204065862367,0.04788312109036584
-0.003127092102338044,0.028733906774693077
0.003725338177810587,0.022121127097354337
0.0004844611789984483,0.03210619909329381
-0.029091016386452367,-0.009115240780119632
0.052057282506436736,0.015957045943063543
-0.05345309742753793,-0.06020698554127671
0.0519045204300557,0.08408529223513055
-0.02759861343826885,-0.02108207895828007
0.031556756892754896,0.01010249680718228
0.013213615416497243,0.01961986328652825
-0.0717153584532612,-0.010372549713916693
0.120579381459844,-0.012273305489833585
-0.04317572603421641,-0.060314979425411114
-0.01668991616519508,-0.032068658971148946
-0.06552196267276388,0.04284028677873247
0.02194291917804584,-0.0017540323431860586
0.016073758114720362,-0.030941365500011545
0.0307010840272982,0.02177588012081967
-0.15399543425624154,-0.008251776009497502
0.09229647773768455,-0.0065439385992694665
-0.0592678925691595,-0.07125497287620944
0.01948770841574847,-0.05182203058363296
-0.019207070088330974,0.030661024387502636
-0.005257810585617026,0.03550261162225733
0.07636555106575009,-0.03490140934629169
-0.0018749119596379255,0.011843868392529325
0.10904863110163382,0.08984863080181167
0.008028583153661194,0.04752599804005661
-0.045754843188403005,0.0983679410009396
0.04746324614258002,0.006113353680543018
-0.013012241524085697,-0.08930761346791614
0.11821300982367249,0.02733136398143521
-0.0017124272855477862,0.06682496642890215
0.1194518976538836,0.02152118666437798
0.0006293360370140128,0.020942653222745175
-0.10943074762145293,-0.024581525468180522
0.02553981851919105,0.03882543826958753
0.031790991758391715,0.03640396479351975
0.0602436252476211,0.0574516114833047
0.04710737799491119,0.012913259241445683
0.011564331631431887,0.09806570462554151
0.10605266020326752,0.04748653198100716
-0.05477860359205842,-0.0070159546856105376
-0.005887689879484792,0.057216129933402256
0.046643159595035746,0.04538210806559938
-0.009524526773319815,-0.005683404454189989
-0.027673195969259802,0.005822324500296278
0.019200769599611936,0.10416992404651813
0.022430810708430025,0.11460880917142273
0.05919250322019737,-0.036853460883933736
0.09335998919904692,0.07703611802216653
0.028146871687860196,-0.007404610310176791
-0.04984603011215476,-0.02123954786015273
0.027471164933664572,0.11573628139116193
-0.06258545798269087,0.021548443831653608
-0.011729110273887101,-0.00615981345618971
-0.028282643929902464,-0.04184536390872539
-0.0857302701657438,-0.03218103789848772
0.030611332248077366,-0.0661540181060699
0.06964839867930461,-0.06460075215856835
-0.004494168847932922,-0.012456600295281258
-0.012658914206047669,-0.03253478085462996
-0.01095795321896847,-0.025126514679456435
-0.005743433771278767,-0.09179687679449502
-0.07463604557000147,-0.00970124763562781
-0.03764324345003067,-0.07891818565743336
-0.01550363366383467,-0.12190014837662937
-0.012688409715034044,0.09782281596967346
0.06470513738195639,0.06883340643795045
-0.031107991657406714,-0.07356256432046818
-0.12357602862110692,0.03674789840596597
-0.05899158431449396,0.023377119784519583
0.026729714636789192,-0.08101075391558023
-0.01507742151182134,0.04304534902290349
8.142378419203409,1.4893219859357278
7.138642344473889,1.3289910859911167
5.9154956894136,1.1239601424299122
5.02648046059017,0.9190126307477112
4.203967132940715,0.8731036749372568
3.4729781473690244,0.6228562013407001
2.6646209230411744,0.5624741214000637
2.2819179947498425,0.4121934773265795
1.7036689979102853,0.34495082004714067
1.1674511754813393,0.1912220775521089
0.7220030654546785,0.17605758274697558
0.35257115815021656,0.16507901060142993
0.13119927361476336,-0.0828939864451928
-0.25618789664890235,0.02210124447337769
-0.4924924051338293,-0.1607423713394467
-0.6922466871867431,-0.15071564018953984
-0.9231334346885727,-0.10719345320041992
-1.023281144882912,-0.15507631419193127
-1.1957914328567525,-0.22378090824565242
-1.1992144048246816,-0.23106404655222978
-1.3737023359345233,-0.2020948748488568
-1.3373603718427065,-0.24141230653299395
-1.4738770262045828,-0.2831270547686137
-1.4381365048114476,-0.2241651361811423
-1.4272386440948917,-0.31303355510658865
-1.5196333030051108,-0.2762014577233787
-1.5173945958467856,-0.3140252743421094
-1.5743463525176271,-0.2534214655608907
-1.5053737515719599,-0.3105536065367792
-1.4931209132932934,-0.307738047058348
-1.5108850686898683,-0.26182310983159934
-1.4755988886065792,-0.21236613205255916
-1.3396326365649653,-0.3097016216481759
-1.3974379626875413,-0.2926593304406313
-1.3639985939471464,-0.13661501495209571
-1.2350650211519238,-0.2869445056636675
-1.223881085282748,-0.1909367299510185
-1.2103960798421267,-0.2177108618833877
-1.2313792763815252,-0.17619548835750062
-1.1408334718674797,-0.19722642830969453
-1.027776236900062,-0.1853851032168859
-1.0805783599840908,-0.21798696463380154
-1.0736466636386823,-0.16619337026377784
-0.8690724034665438,-0.1405048424601225
-0.8440871674264743,-0.09486616209805467
-0.8627986914327739,-0.22025736186698797
-0.8383533676526362,-0.2344039017270195
-0.7559501676237264,-0.1198601461690378
-0.7856176655338779,-0.19093083550232867
-0.7193303092697977,-0.1569349849117635
-0.6414395177475524,-0.040330640431685924
-0.605746326181423,-0.1590422182476764
-0.6396524809481673,-0.15161591886632972
-0.4852306971216676,-0.07282278766401376
-0.5394220181225652,-0.05895160860133576
-0.5700423472350431,-0.06108444000258319
-0.44415775089437554,-0.09283294991525219
-0.5324689081132669,-0.07102208377495332
-0.4562057539160018,-0.038976164870780074
-0.3272611482597086,-0.16391237474168416
-0.3724611075256218,-0.11407762847147336
-0.2965048455948086,0.023053953513942627
-0.33573760781175527,-0.03939587472365707
-0.3646156950785446,-0.08537300011356218
-0.3554266717062177,-0.021141932592887963
-0.29194509603441865,-0.0013069331968509415
-0.3762357303464008,-0.09487394064855398
-0.32929899804220675,-0.0071661677174246485
-0.3600145132013606,0.002458553694714108
-0.37227806843527556,-0.09526347391389164
-0.2446656505337751,-0.04336790081425965
-0.18739116705602343,-0.0734028824744022
-0.24071973358879484,-0.053743142245416126
-0.2949083372241522,-0.06079228188583308
-0.21835125113795348,-0.0461868868287582
-0.08947584849522151,-0.03521997412910187
-0.1420794374826241,-0.01864118869677704
-0.1484851743415707,0.01665013388557908
-0.21727144299338397,-0.036754891075792454
-0.11721384258689936,-0.005222525971686955
-0.12740301399918758,-0.05799953345934365
-0.12585475470095106,-0.07390465280516917
-0.13368048367139154,-0.05834514803259473
-0.09424768111428244,-0.06939211141873856
-0.07561125787368318,0.004107996069744914
0.011637879074007235,-0.05184340461480634
-0.05635161031790191,-0.00347726465278389
-0.08191123856103846,-0.04286944990022486
-0.05980972750727093,-0.06692039900564435
-0.10158936388230644,-0.019371251877649463
-0.09395815025969922,-0.00596728463910772
0.08789951763716257,0.03273017637525995
-0.00035296900245312957,-0.08830675240903213
-0.003732758752226924,-0.050887112388246614
-0.03829864944950731,0.0025584072082898354
-0.08183926706826633,0.01873620852295586
0.09550516888240446,-0.024086224959715373
-0.022280109467430018,0.06245920702044713
0.08621610543535028,-0.017803085094229263
-0.006420870153257723,0.018246183466352872
0.02174020117960833,-0.014145960940098658
0.024869504570706028,0.061633651676595014
0.011439426238305109,0.02291003365317598
0.025953644732683072,0.019343595269046002
0.13629129735059692,-0.083901347846317
-0.05291834397829295,0.024013103191100067
-0.02227420775051847,0.10484066425577195
0.009216312746685901,0.01734109281869113
0.017241324269018588,0.050417885854489315
0.023721262446004844,-0.06771550206482427
-0.07022877596512012,-0.06399201600183109
-0.0055701269104144234,-0.01586847826422737
0.029793497235359286,0.011246477170927032
-0.0048450724458316,0.0754273235972263
-0.1309007283133042,-0.006136506803973693
-0.023709311178240607,0.001489448767633822
-0.02105167902512268,0.10833266250443108
-0.04145213077424871,0.02118234017084855
0.013370930109497171,0.05710873417766299
-0.021530556599961594,-0.03746147335980928
0.021517288661468122,0.01240437355162081
0.01719884201392988,-0.017559152979090203
0.08896974034805524,-0.0008620769956768654
-0.08199214246699521,0.07464777555239972
0.06332906316824341,-0.00342564344624961
-0.07877583770995784,-0.08976308172371711
-0.018874964799329246,0.03218612212523198
0.04322441256104014,-0.04032699971648056
-0.005710060339359064,0.02104691465311668
0.028923199020726847,0.0167652511613227
0.0042929928968577676,0.03488817063341326
0.026667504400455518,-0.05697042021899902
0.046278992837420985,0.07155783160858757
-0.04348781543394328,-0.027659778853975858
-0.027198393932537764,-0.06138670347776371
0.06670999503557615,0.01616007883608049
0.06059973950218651,-0.1426310347752411
-0.0068330858151141715,0.035744906782030156
-0.07929392234290036,-0.04774284199835855
0.030803850802891785,-0.02847462971322493
0.04210330990941941,0.021560250011189334
8.228244355044326e-05,-0.019001539581604658
-0.0069937970486533795,-0.01875588705624079
0.05851656705817177,-0.0839833117345485
-0.07670547579005418,-0.023820877571934733
-0.03497199383920113,-0.05033136168121294
0.05678902882764687,0.020934346689781856
0.13592455990791133,-0.02420293838643872
0.022401168503494287,-0.061694632026810386
-0.09890317359601142,-0.027822771177635618
0.06627470668852228,-0.039313633916849625
-0.10973627438367275,-0.036947285427418715
-0.15490929688355123,-0.10732334527878849
0.04761261928048936,-0.07728192357083144
0.12021624156049754,-0.03219061681521966
-0.07520590299665453,0.02659342266454614
0.02895312047665398,-0.08097927464747615
0.09486210673711344,0.01011571886758244
-0.009217267934382904,0.052327689485653764
0.057271167007645576,-0.00792559022296511
0.06495476331331872,-0.02075661037039601
-0.1111481290515321,-0.06481562686457704
-0.006723075265229913,0.04102118357745145
0.06858681608419914,0.036985056818269434
0.027629592181202495,0.03898913045263043
0.009106859921673757,0.016616278257057214
-0.0015301843800480178,-0.026392463716607514
-0.06041649025918702,-0.002337357260171549
-0.07158129103938012,0.0035317603939066487
0.046540075251380764,0.08211122330820805
-0.07817898497290919,-0.037807113804536246
0.0687312656192193,0.0020533546098822474
0.07785638299665473,0.07581610532970882
0.004369485480357951,0.05636641667524966
-0.01252235972568955,0.012608741549963482
0.00019621071881577648,-0.017848329705103125
0.0025814804313303522,0.06904304659696396
0.07422292490193573,-0.02967732650479508
-0.0047955904371862305,0.039253637302346246
-0.08706827352301838,-0.009239028386344897
-0.06224300671099503,-0.019422332838761925
0.005893804106609139,0.04060088694857914
-0.04729883577125289,-0.018481501361045954
-0.09054808100277799,0.007891580576099937
-0.01731791099225613,-0.08246820810551335
-0.007106195986385965,0.028951983692961623
-0.06399090390297371,-0.06748374120994782
-0.025182534948762075,-0.029919709121365386
-0.07498356634428407,-0.03115876019354946
-0.03084748602650205,0.035091256568856824
-0.08266187634997288,-0.10117448804906963
-0.0543640658075249,0.028806849405784846
0.023730214960203444,-0.05261581493638384
-0.050384744318981545,0.033436173614830436
-0.07271955574526535,-0.029069554783091846
0.0705205868364279,-0.04759696039048331
0.01688213798807642,-0.05680328058743264
0.038228539314203724,0.04839094970174392
-0.036938627110780074,0.01779768059389947
0.014414195854284412,-0.020902320584670696
-0.020723825612433928,0.020919508590156358
0.0254972408904958,-0.08857611003442689
-0.05206519803491242,-0.1130341460912239
-0.0218910406197727,0.01020742229367469
-0.06277381035412538,-0.10401247800690216
0.026710500729963477,-0.0990616842804754
-0.11361757485032715,0.06686601073652207
-0.11112151836473344,-0.04446574067833369
0.06654366578889512,0.015681734875208006
0.040086412249725076,0.03917376552244034
0.01501927770041636,-0.008668013192679182
0.022620648632215815,-0.01824204608175764
-0.04104418532219458,-0.011894307467493394
-0.05469362082149201,0.03488761759081521
0.011984749210888372,-0.0629162037222425
-0.037440484606524965,-0.003251041941800755
0.011231826122509003,-0.053857378000110784
-0.0531996056007539,-0.04291706444389638
-0.003966846057275056,0.005468547934347555
0.03749999664210583,-0.09347912184612754
-0.023154799055566035,0.06984593679127184
-0.03674699244574068,0.015954151300881472
-0.024281623084642247,-0.0029512915997870377
0.01769824265357573,-0.045972397782221494
-0.0984941650777552,0.03728893159474199
0.02437873833936714,-0.03567900165960902
0.035400302120384995,0.014101142709439858
0.012151630202012303,-0.06051779896053346
0.07031813971573639,-0.004471196983142254
-0.00825565995733549,0.005992609215605191
-0.047819566839232566,0.05259718238232951
0.002357982831151872,0.037709080759821254
-0.05040068439295865,-0.030727541600068173
0.008332109675437944,-0.07007561985339664
-0.10172267140388822,0.02802851446322184
-0.07833766957877329,0.04207047309643389
0.004230897571372251,-0.031126071217699162
-0.014681878105458103,0.054350073643908266
0.023642892450130775,-0.08051570218258662
-0.084493412796052,-0.05538890719806115
-0.08593215045348822,-0.020357980380759633
-0.073046352083619,-0.030857351027316942
-0.030283497916467873,0.022183424609602105
0.03943910330359329,0.08091408609230542
-0.003440765168210105,0.05287490514715565
-0.024692291696985166,-0.13087145407517914
-0.0030676943039274125,0.036722466361375064
0.006640289501356049,0.11613180501796573
0.00325277248077086,-0.05428481808670975
0.004109748612706795,0.002735215601899161
0.020284841772096697,-0.03596676650562312
0.005780051811612349,-0.0017105347194564316
0.01535804136772508,-0.03108480239123411
-0.044653223857066715,-0.02046632698215651
0.015288947409623586,0.08548694032688525
-0.07211482687865656,0.08655946188040714
0.040712114494058885,0.03855121050355556
-0.036482543589940825,0.005619649600100481
0.06385128673506968,-0.05906845290331537
-0.025698761249601014,0.04063563917889099
-0.046828720509967295,-0.0775612680218542
0.004321072096329089,-0.031216318282780556
0.028558488323129447,-0.06393689131804572
-0.08932446612337414,0.029609083691717213
-0.0079962632879731,-0.014334864065369192
-0.006851464963030451,-0.02694547587548917
0.02477096569951505,0.02686184905127923
-0.049424065371716286,0.06322686392283744
0.0660380261996933,0.02328809946668948
0.008666499773533502,-0.05636264355163641
-0.0312261896330758,0.0030368966133575547
-0.014772415188678039,-0.07603034185002759
0.057378948545734505,0.03459083375035668
0.00888758447414921,0.016198823551071554
0.0844203043370769,-0.04373169371824959
0.09085393688034281,-0.09197119751064838
-0.0020237310883397183,0.022144838895334595
8.406543181829285e-05,0.0481967861393719
-0.027293492674762054,0.06322639337023035
0.035988421703784364,0.09247396253799796
0.028913676175026756,-0.013368797023932089
-0.06773766982911027,-0.012687102629439059
-0.008413370069160646,0.008697180712882195
-0.019097728251013513,-0.015341713964647986
0.028195168328842085,0.034127903637310886
-0.022930820636225712,0.017963422597007363
0.010512917381848298,-0.017469191461333515
0.012329314393023042,0.0973893461301614
-0.02908006301123247,-0.06629902291031946
-0.015534621038146647,-0.0761377165236554
-0.02845255269892219,0.0035243119211806465
-0.033538648499231744,0.059235761677146
-0.013104287683540728,0.04548616352555335
-0.027867245267531277,0.06191611627655873
0.010375923646557591,0.017481194013313918
0.01865766808054862,-0.018671924451692384
0.008033392143457725,-0.14707844367288628
0.07256863463402234,0.017450697760875357
-0.0018699246916940894,0.033859745593039996
0.0038307600989912205,0.006750542848807569
9.072170676679523,-3.404842339905595
7.8524681835400205,-2.907039827322952
6.611572193573162,-2.489191440846158
5.592212657500098,-2.2039246899357314
4.627843701997991,-1.8852078017247105
3.7971383644847743,-1.3829871744524833
3.13168442515497,-1.07327877823572
2.357889234359231,-0.8654725247839555
1.8393108786313548,-0.6373816227220481
1.3247587758956925,-0.49512988061807167
0.7654183964807577,-0.23951227583162327
0.3615769275233073,-0.026385371435940094
0.13654594917302076,-0.06465970425633401
-0.3245074957249223,0.14160626757671255
-0.6750435808009575,0.2660996762518322
-0.8250801385106084,0.24399144104448367
-1.064221499562073,0.41659265457618694
-1.1374390150082134,0.4404240567604868
-1.2753629418539363,0.49766493087258545
-1.3272164621615157,0.36754807558804187
-1.4973966570399144,0.4919930387058743
-1.5310598053395617,0.5997481138619256
-1.5768319461807438,0.630292964182885
-1.723657346333519,0.6751212633102226
-1.7239703556761483,0.6260521100336847
-1.7621021237224148,0.7208218315680814
-1.7252201884786944,0.694286772924973
-1.6974527189994035,0.728840826469831
-1.6326204969654734,0.5995252395495303
-1.7466060945276003,0.6974691610487422
-1.6204934749762259,0.5917072576074479
-1.5888635215489415,0.6093870318274902
-1.4823480161200404,0.6077648272870554
-1.5038568884787216,0.6346440328130836
-1.4314943157024387,0.5527540252651405
-1.4826717713139905,0.5899969405777095
-1.385243484427312,0.5865344277727357
-1.3262133540548593,0.4964369775198496
-1.330218316085576,0.5019759343422098
-1.3231994313109745,0.42419315768751487
-1.1434831737062863,0.38182336399631644
-1.0960949951728733,0.5051707484611978
-1.1231637878641993,0.5002687615496754
-0.9333839291303669,0.3827175293858816
-1.0419857552611114,0.45997932901646615
-1.012186546596252,0.3576140527919596
-0.874339624349842,0.34166557326779146
-0.8794735291691598,0.35694439235864167
-0.863801816256141,0.3256149260255371
-0.6823538432721481,0.31770200828231815
-0.6063709759822099,0.3755272748336881
-0.668335205479823,0.20402167066617613
-0.6501935430833187,0.20957013327157364
-0.6768802135157839,0.1595998101610535
-0.57531556441303,0.2366300329981346
-0.5136275696707135,0.1853759930314492
-0.5464646729614774,0.3274669508146464
-0.4334310875832857,0.300058299808613
-0.5674661801141948,0.20888352286801384
-0.42064622718389816,0.14809871801588134
-0.36866170459517844,0.1466535606122466
-0.41321921438138104,0.12212983569683902
-0.3238049929166544,0.20779552184412997
-0.3842007361383106,0.14565411955634266
-0.23903304815560922,0.0666756980308435
-0.18193327021318662,0.09385641395750349
-0.2920507406600112,0.13449145395283782
-0.31757382527839273,0.15968626791298507
-0.26541051365403806,0.08365722746834983
-0.08590200317995694,0.09736552709212158
-0.18525200226313918,0.08637046607522078
-0.13312380215715866,0.1495165468314626
-0.16545776265780282,0.17394740239319323
-0.10135810931090429,0.11330452488588275
-0.05976735940175894,0.08976387453607818
-0.24166290693964762,0.015435819664844665
-0.0385364777892262,0.03301996111060908
-0.08267863278012492,-0.0672882950645467
-0.05491661212274676,0.03850023687574892
-0.09909137885589225,0.02812477574108299
-0.06773219818072541,-0.007150446251017932
-0.007573686478670613,-0.020613577235275293
0.014232379647137847,0.07168164415602504
-0.005604353536722721,0.024279969140002255
-0.036283490470672836,0.013300696321419248
-0.07243044819460048,0.026666990704202677
-0.10558064808888017,0.02911128847909432
-0.17556105025126056,-0.08577805295724959
-0.05579425604283675,-0.022769693827725798
-0.015617749975026858,0.00844728356710697
-0.05069024264900608,-0.00577543142236835
-0.029488503103985035,0.003391967978941843
-0.018532368925671963,0.07878518747634831
-0.012200937829896091,-0.06283738060141615
-0.024127646034619275,0.02338562954555815
-0.04802730078298602,0.07233061350980753
-0.04362779783093884,-0.03693024290560842
0.029426336272733795,-0.043435945876947796
-0.021689509099587567,-0.05761285963532406
-0.05517069554044688,0.04341526083266699
-0.03609456543403699,-0.0885063908501731
-0.08288242691957184,0.0037453147319922147
0.03922190299165951,0.07983675068654254
0.04765501978952758,0.030153750480707477
0.025204314110712042,0.03361117475438256
0.006284803818811538,-0.010737716689590861
0.003583564222636707,-0.0017594986342656712
-0.048271001916225756,0.02067576596847115
-0.08249931976958988,-0.037974356148450225
-0.043483217497924345,0.06464754407888006
0.10925862632000705,0.02201427672735931
-0.0038069865859793953,0.009897118895983525
0.052304237769538055,-0.07771062021968661
0.05268474918333217,0.11593389612260732
0.028104647049686342,0.015960698308641875
-0.0636773572226283,0.0024182912096730484
0.012376297635873963,0.03642500401638872
0.03425679344273572,0.10415856842169376
0.012798093264757955,0.029903140115591087
0.026440669641441508,0.06930321697863608
0.039162467483990535,0.017683837572630756
-0.09086832604968444,-0.02642700263231391
-0.02171532303763135,-0.043262602574059755
0.02154733658723756,0.07013008821898364
0.04770727069875901,0.04992094992937257
0.0645292294136569,-0.00644573025834106
0.027194484786535304,0.05109830321806327
0.0017569556896601772,0.02426436380274573
-0.01628835760562261,-0.013390552433955791
0.014998875274386994,-0.10008559971587015
-0.044771285284659984,0.021634058656314962
0.05580703495011123,0.12223712358858779
0.06699590904295293,-0.009986932683018458
0.0007583015559770485,0.10710101067592916
-0.023394191217548817,0.09859910011893222
0.040390667297013155,0.04090409914632882
-0.03328925369401495,0.0466652222225352
-0.03055201368070383,0.03307836512086823
0.008327648139270945,-0.06833405797479096
0.03275739585423621,-0.01934184909330157
-0.017875780460594015,0.038729172708405826
-0.0576605937113898,0.08675707796046543
0.05229791919234596,0.03295835802757953
-0.036234404361295706,0.09501810554226477
-0.05264748999776447,0.05110521339323179
-0.1396883042582337,-0.0006743486179632014
-0.11485906914260102,-0.0630938260468829
-0.09512786018998119,0.031698813113029675
0.09744569349174123,0.0041989703053374045
0.016733469966201377,0.04250460799731481
-0.026508780360193128,-0.09832291964388698
-0.0052721614186181254,-0.013317917276746569
-0.034893902453402105,-0.016669230835183717
-0.058687688142622874,0.11544608821181293
-0.00452841130959074,-0.026302864520128443
0.06594376930016894,-0.04401007854182899
-0.006625137128939375,0.031402039921604515
-0.035274519459976,-0.01826882667465532
-0.022515980804945067,0.016900468705136673
-0.006214352710509958,-0.005765872745448294
-0.004902203863290489,0.07364139724341262
0.011450160715212116,-0.007751030097708693
0.06471618488434269,-0.1029023647847202
0.007065467391819204,-0.07846526566652637
0.008843153351597143,0.003265265137457205
0.0004588258816944314,0.026977291744333977
0.02607957783233949,0.016806274404611594
0.060712046007132814,-0.07321029087518911
0.030226421298599683,-0.070821942624815
-0.003343159724782255,0.03991944958033009
0.03383494392716115,-0.03913657729645377
0.048382409371777756,-0.06695215538501925
-0.014612549692488225,-0.03206161096168195
-0.006251855677055052,0.07077512452773412
0.07898085591505802,0.002380575678978602
0.060132481494842835,-0.004347870054754627
0.022354549552066796,0.027152391694150048
0.002948868985251334,0.019427620982970965
0.023061728457949,-0.06553297102654217
0.013860142241077589,-0.06654578798663045
-0.07885199920475526,-0.026869663853737902
-0.04945856764479905,0.03389838750156901
-0.004486481851292568,-0.07009859152338019
-0.07344797152315705,-0.07871443541891118
-0.02726032837864563,-0.10021059710931679
-0.0319958378271856,0.0009041239267509465
0.011426102186471174,-0.07206031862574404
0.008497906102274407,0.0058314474749762285
0.02496060402535929,-0.006195994309898792
-0.06145949501523973,-0.046050358820501326
-0.03822471081688883,-0.02836733421485578
-0.09304741872780418,0.020722960471134956
0.025980374358389104,0.0034109278552900925
0.013948426526843352,-0.08299215724527062
0.16665567081896793,-0.0041055169506292385
-0.0028747833098057597,0.023872873524026096
-0.12616718350774556,-0.057848240634824195
0.09701872754560992,0.04653764003450467
-0.03576168340332313,-0.08843698688289522
-0.06252011966382039,-0.06859221653457763
0.03341536971628973,0.0124252298932493
-0.027669215790198598,0.041150821242078986
0.01521258087174937,0.0726579302139717
-0.046878550069989214,-0.070729150657169
-0.08956016813320766,-0.014192418785955029
-0.05526448748266881,-0.05307074564753943
0.027426359891447667,-0.020343766200663086
0.0522144201296837,-0.035098170545883337
-0.011717949182018721,0.02739463230044457
0.03161594974193371,0.002121265940863021
-0.03262679565970031,-0.07290945804334376
-0.05783974973373321,0.020907778930976183
0.10876066199596143,-0.0620175081421244
-0.05777306852789574,-0.06581332662638764
-0.11236542402388987,-0.044347314405525
-0.061810975835623665,0.015392408095422506
-0.04728949995550548,-0.052607980221271354
0.03031041587507379,-0.06472654361302796
0.018995738248789074,-0.07450756440891032
-0.06654375812169211,-0.0253183931035103
-0.03802444835222382,-0.046478258435565176
-0.08148656281431368,-0.0380800008440037
-0.0004891311516534817,-0.058693909211411724
-0.04589548085472825,-0.021059394531341463
0.013470745020704798,-0.07111708367106363
-0.014383899214927387,0.0046970891250854435
0.07851617218849173,-0.0224194572311084
-0.009162177393852111,-0.06670965811327702
-0.0647317457239827,-0.040217323206917004
-0.006954499019198972,-0.06149135721880779
-0.08059405657469726,0.02317973617906737
-0.007001602609229322,-0.07184228227870293
-0.045281699269602724,-0.037001716751566896
0.061385711955956365,0.05905414746840225
-0.05857557049776533,-0.004250226426967858
-0.050355966804948485,-0.08797892428970748
-0.00044046522196186655,0.0432568391970222
-0.07803021638126442,-0.14042614470892312
-0.001157883081429516,-0.001560258601989808
-0.05710279388479674,-0.05515550023473245
-0.0251996874829956,-0.03755681138062904
0.08216110829304545,0.026330504731204386
0.018767169515278792,0.010180354528708047
0.07404559403777833,-0.031314959590982655
0.00941765639674667,0.00018308833083751502
0.08603425077781748,0.03860415156643723
0.022979637148186273,-0.11938742732878198
0.006032384067162191,-0.036947724367704736
0.07160482519693963,0.07768918287874199
-0.025240108604450202,0.00664173366875118
-0.054468818898825905,-0.03865705715552681
0.03843714433054387,0.018631376026594818
-0.11375543227441057,0.11044800413524836
0.043924051989589666,0.0005382430694037307
0.03771491653655481,0.009361109267181072
0.10328487708454198,-0.04680935762248463
0.05237585069061727,-0.024724414690658877
-0.00567827413788002,0.1000341020567067
0.00797434052124729,-0.03900415221030585
-0.015673982919182646,-0.013165081947178713
-0.016294108469938996,0.07458728028669688
0.03589385303658498,-0.06516825667968773
0.03464972677559429,0.054981224891007395
0.022280204336577115,-0.06085462509103302
0.0031873019505253993,0.09992815433190266
-0.025282668216123266,0.06891166966409154
-0.007684864566392969,-0.006792479657518315
0.051270553740424676,0.004511674837082182
0.11321059359874473,-0.011409024262615343
0.06727118096398778,0.0989848444401418
0.01967700920429924,0.054165041379173044
0.10321903909581244,0.08984286514936025
0.12482035018418888,0.04710925113436594
0.0035302869801091545,0.023107261348161306
0.02108826736330955,0.051705008895836346
-0.009993685160006557,-0.08335692003369198
-0.10768629442707102,-0.007665973827767857
0.03879424507145851,0.04928464101672503
0.05293722520273847,-0.03907862818799276
-0.04090934173534684,-0.01116988336512707
-0.0590479236999298,-0.032378571102683246
-0.026268141179673504,-0.12920252766246101
-0.06767709398856944,-0.06727732531210373
0.015524956081300893,-0.04280483284136858
-0.003330832691411576,0.01663045308607116
-0.04405605888000168,0.052618284103643886
0.06708547882512447,-0.09542047943657733
-0.04041466717899148,0.03144185341936324
-0.02767915360324237,-0.05829338169018546
-0.023294653376559834,0.06714955395336783
0.0639200642146438,-0.000834886435511821
0.026138373362662233,0.006691790541858591
-0.03552261626538312,0.10978996868058308
-0.044344687472721606,0.01693821098531173
-0.01103513790983197,-0.041599377048949414
0.12486761892385996,-0.02571276738444357
-0.003816404893659999,0.07345137114542154
0.05560927969380785,-0.03782803367134903
0.028674618192802318,-0.014993354871887027
-0.057521167153256156,0.06232314323367376
2.293388548853603,-3.6550070785111033
1.973095693318253,-3.0628334472076775
1.6692600636996464,-2.5763018014830292
1.4669272235776638,-2.242696392155155
1.2007808248214922,-1.8224947228892772
0.9647208850547386,-1.4903107595332619
0.7420463319243574,-1.2054400140577517
0.653498578300469,-0.9545541987432108
0.46411962658014183,-0.7245195017451797
0.30702070248328633,-0.4718701092487528
0.11167102866180634,-0.2561694307016138
0.09141914187756565,-0.13715683659581834
0.018622310020803872,-0.12913023163029913
-0.017529747118886906,0.17329885319387062
-0.16789532153087128,0.11645839914632605
-0.2866249422417633,0.30179497630800944
-0.253718677793384,0.4446057293126056
-0.24465883909947916,0.4699962280711363
-0.3057126815105787,0.46744298723304356
-0.4065024426429321,0.5261147266655061
-0.40811038529252197,0.5858175106475204
-0.37322847300661893,0.606445218478039
-0.42272176783341886,0.5640948294267759
-0.42096916104742077,0.6656209847137508
-0.41545287073700393,0.703566584618017
-0.5093551789504618,0.7013902722701286
-0.49442819315102393,0.648807396213816
-0.43115906187064373,0.698375585540929
-0.532582815045533,0.7043427435541206
-0.3382399580580009,0.5124984161021318
-0.41036756163117366,0.6174539171947974
-0.4624190970402213,0.678416185419565
-0.49686533006864064,0.6404279241781976
-0.37459764863541445,0.5227355522612878
-0.25034769336782625,0.5671529859044532
-0.4326255150604489,0.625212236763724
-0.3422551432919173,0.6268381266091323
-0.33403777057426254,0.5077675457676547
-0.35472706803831666,0.550280197725889
-0.2724941266230012,0.5301135765864138
-0.21658464585892828,0.4619418692753783
-0.21785192801248685,0.44636333711586507
-0.32451048093414875,0.524587309873539
-0.34358845879564276,0.43279946814296427
-0.17398286151686776,0.46132082552076764
-0.21602532592318213,0.4509653764472916
-0.23510485715078755,0.4593151144623093
-0.2816208461405429,0.30055994072908926
-0.1466515212517989,0.36876414652234885
-0.08861861634036935,0.2730345574230169
-0.19462613516586158,0.3504210565790146
-0.1718316445435176,0.27166061164733213
-0.1728216802159688,0.19815852306040638
-0.07939303921017413,0.2743403709286774
-0.1036785403343338,0.22821073114776644
-0.1769042485500218,0.3300404372948494
-0.20434710344200313,0.20552424353677926
-0.1636205225699845,0.1500680756689894
-0.1148764543333639,0.196707026138432
-0.08455811765956306,0.18089761678523789
-0.13194572136842128,0.15257112455447278
-0.07225630008463424,0.11915102390032171
-0.1206552974872213,0.18002767082062446
0.031282175772467155,0.11549246371152355
-0.10902940522485838,0.12871783730157066
-0.14795221334032677,0.1439798774415454
-0.0856639418450355,0.04581413685412438
0.003268771213119283,0.11094241187345298
0.08050400799668933,0.0398835563299658
-0.13415584588031043,0.06937327499274477
-0.12464439606758729,0.022777818151801583
-0.005430908871950892,0.13390709705672163
0.0051452950049306265,0.06050296158791068
-0.03871735009479321,-0.024942988166534313
-0.09469730086607445,-0.05689385207329347
-0.0301566043909397,-0.0031640698898160735
-0.12307737512889938,0.07337126495407391
0.01040177863977541,0.056752933413994115
-0.04295377761826832,0.02045165227513089
0.029017178843546876,0.055401206013636885
0.009647907784268085,-0.038001937072121725
-0.07564502971734162,0.07894854824041778
-0.07370892583048427,0.08215749012849019
-0.10057234861209458,-0.012675685539125937
-0.05142438871778138,-0.008608314907893565
-0.08402797427634784,0.09157998781122682
-0.08038445747036366,0.05302435326794696
-0.06491856518682015,-0.012464454504588968
-0.018219086094606936,0.1163606058322551
0.03461015966590702,0.06758084112966299
-0.011610790240731202,0.037929817570053474
0.02442269886790057,-0.03115328279774036
0.03900004124696718,-0.009141816572001957
-0.06360219904775685,-0.026160055272079062
-0.016425406631854142,0.031224299021696496
0.005372348786926476,0.021832533552202608
0.10414446919136469,-0.09934016095122812
0.01680390473011392,0.011155356351326173
-0.009388481984965618,-0.11834542942537005
-0.02058483700006328,0.027452297930902037
0.02936264297026139,0.038221486210166494
0.008387866903713608,-0.10626648061169512
-0.030583335941322516,-0.06128369287550465
0.06886621643531374,-0.0784940100226217
0.03256819173399542,0.11967139346993466
0.12051808758563155,-0.030096266211392886
-0.05390708653200899,-0.020022387451114215
-0.013929333456160039,0.013866490956407396
0.00011585963847931483,-0.14312814341572866
0.0591928518676596,-0.023284808828780715
0.04654556979067479,0.13048957309825654
0.006530780156829875,0.07448288174847169
0.06283243636196288,0.07968932335138906
-0.04102413655107005,-0.05303725561741584
0.0056311264630299375,0.013236817664725637
0.04986356039609024,0.021957484778044434
-0.06877839444823879,0.05524885598329591
-0.05491823934178562,0.06883953709353235
0.01713328802626453,0.018228277199885776
0.025290437296422292,0.01862178329516775
0.028117850865146163,0.03264510757524265
0.0015295968884634636,0.025715567736279452
0.021109466883556437,0.052477839263234155
-0.04216319085797403,0.032492671359020044
-0.019411174102685273,-0.021598629138133534
0.08447587578461055,0.15671675691416265
0.0642993623652479,0.10180376525917792
-0.002857185624632077,0.002773650443389404
-0.025586688763157422,0.04249453338452431
-0.00035000718326161015,0.05487331582775276
0.029878468818537327,0.02692282620588917
-0.14015786894827587,0.12416694148579456
-0.03277636731305456,-0.017986911846308292
-0.03350590232037942,0.04928621173435586
0.12912486725626382,0.03149931364007848
0.0690209688011183,0.07725891883766571
0.060225639945567636,0.036179120391822424
0.061430500654919735,-0.017731179113975443
0.034779301299207574,-0.0520823345104349
-0.07017540114977132,-0.014783511458168173
0.05540029859777825,-0.03299321794158266
0.047743932039950844,0.05475636077160767
0.051596787905160466,-0.06849705991655503
0.025106925120372735,0.007712723586079959
-0.009057176417827625,0.004086570297001227
-0.01112490003392655,0.009633693776059615
-0.02967495683052122,-0.05759944809644145
0.03327366937539514,-0.05267751341223163
-0.001689950674722225,-0.05924416680777629
0.018926773195451132,-0.04088132982352314
-0.011235298402933958,0.0019086412556607148
0.009068002269880467,0.0010903372331901966
0.009589539343220321,0.036433094264285495
-0.02192731828707962,0.021963822450642694
0.13719327407692966,0.08272734996856054
-0.015648839973878243,0.06783139133449861
-0.0549706734500724,0.01033091161946321
0.026605925667363355,0.053143647903767244
0.006296772217936763,0.05331153140922619
-0.053393705528310305,-0.0036774830488071637
-0.04890841208335332,0.031325819295911855
-0.03468705015010256,-0.00012136557326411675
-0.06766173570994438,0.09382465873486867
0.060226425323313,-0.021449200540050596
-0.014280830029122603,0.019135869147563614
-0.03447888972049779,-0.048262263072799745
-0.08257573227996544,0.07298491262043305
-0.03445985318271602,-0.00593710355521615
-0.019241357489695143,0.06214969148063478
-0.05659994549103131,0.11270324812193863
0.08811321370910159,0.02539006270404367
-0.04635933766501431,0.06418243609296018
-0.0359452369176401,0.02180758340013981
0.11887422922894313,0.05855986464846341
0.028633554316591408,-0.0011980535426984046
0.0578337623942274,0.01417682546609577
-0.020671398377369414,-0.02775836902954125
-0.005255554336540358,0.06273235050856707
-0.005950627108196752,0.010704537126152037
0.02461031371212949,0.031493384501087886
0.02280882953806088,-0.07754880117975066
-0.007230657306699069,0.0243911751968666
0.002823447641954486,-0.003215183785414381
-0.10811400553640778,-0.04425986441740562
-0.036466549682248925,0.07305405742214618
-0.046168533064122476,0.03807747102456752
0.07969916902377187,0.04452134928861028
-0.10406361314049906,0.10833758997890434
-0.044874315043212126,-0.03393685237458683
-0.1298838060113142,0.09102047414583816
-0.06726462245166688,0.01923329308772155
-0.04229854787981862,-0.0386786814240862
0.06862958390615749,-0.00908644934513838
0.025540739384565324,-0.16318290589164353
0.02931572810962411,-0.07178580805350454
0.09199770595625756,0.022357767356425483
0.016646707963251087,0.06887234419591567
0.06274806619372508,-0.013155227925985946
0.08056052187514876,-0.05625047417543966
0.0744844450798246,-0.019294857446774942
0.1011702366866441,-0.10010941155270574
0.004210979984691263,-0.10224554039338483
0.10393129926051217,-0.0020060087525389098
0.04276752653157443,-0.019950190112560936
0.04522913017860057,0.08495935447339431
0.08833153886919953,-0.041627449090763595
-0.0013071808229491513,-0.06109948833066422
0.09820662694703329,-0.03236664293884549
-0.011775968459496038,-0.08062080410611358
-0.016260847183611097,-0.061853831446628774
0.054916381485111534,-0.07292765363465592
0.007458281412870698,-0.03255243822999423
-0.07357481532634053,-0.053675608143685445
-0.04867354573520277,-0.09880686998937854
-0.038698027185983405,-0.038466610396174966
0.05703034399270796,-0.023432260169131778
0.03664786054846546,-0.017379168814021087
0.008896658116781425,-0.07961010411553086
0.07111352786167977,-0.08038285279270235
0.052893827346666436,-0.06636831707181645
0.06320519035642297,-0.04511158448580344
-0.0459905982518,-0.031028660223126694
-0.05447570688372793,-0.0229438166974303
0.001898099193363957,0.043336818269346836
0.06508089647198254,-0.009031482828348333
-0.004411508358593167,0.05197841880674567
0.07586406952514735,-0.02485857945919645
0.011535307436542828,0.009863137482473555
-0.049353486443449494,0.022058039775055747
0.005006577831926068,0.030193038216058628
-0.033429979512465166,-0.06772968502772346
-0.017598957497886675,0.005845451789227191
-0.04441436947400577,-0.059843387900418876
0.05050061469009359,-0.01775410179833465
0.013972262977742695,0.09824399700203759
-0.024578964286102695,0.1004709627368974
0.0919178441388532,0.035708898683422204
-0.06145864429936866,0.016298405288470683
0.03747448776064821,-0.004801441687529979
0.036746883390838106,0.06894261735203062
0.08538835313086846,-0.12133211491272042
0.013567321415197326,0.010068653319196463
-0.09343787001595744,-0.06877833504986978
0.04638234636976306,-0.03340934880121169
-0.0002590336114404535,0.00437312916341538
-0.03564227553683106,0.0048942503240757
-0.034515917145862524,-0.05931526146956467
0.013343716280131385,0.040750077449275196
0.020404472373455013,0.011068891110689143
-0.05722779530551987,0.03972768607007784
-0.07513180969881242,-0.05655196659984433
-0.011439059523078443,-0.00873050523933038
0.027766344997328052,-0.03216746936073724
-0.05657329125528875,-0.016535951250250543
-0.08152324572179956,-0.03923875502425282
-0.024375473948289685,-0.05412269846793376
-0.09263460887359609,-0.04784986140657543
-0.07246943778341322,-0.02169297213577494
0.008571389168394374,-0.002056157845725635
-0.06315996378270887,0.02456220934220546
-0.015851685497976345,0.05025771448628982
-0.07346741535221618,-0.05956021536880593
-0.0016631611674758507,0.07755221242586345
0.017555350385078772,-0.006945275082414066
-0.11815119996146359,0.06663848613354162
-0.01223909030934814,0.09514001783585155
0.03455640862282669,0.023999443512864062
-0.05355163276457104,-0.05341750379006241
-0.014400537181941692,0.022829558832747267
0.0036352430394300745,0.08227385623263993
0.067210062754091,-0.038925822852517895
0.046847375716596536,-0.0706695398148912
0.09310478411245081,0.04630734606554669
0.013678327061659501,-0.03969453096192188
-0.02802905529033388,-0.02872495725039908
0.09839178379744136,-0.014449095868520584
0.057806824660496685,-0.05829072919686514
0.04140658145385068,0.029376489522704913
-0.06112519962943026,0.03901139700122942
0.13133395687616972,-0.040499833402377707
0.0248148521607718,0.02386299167644172
0.0019661283656725696,0.008184350338360505
-0.10537261422433178,0.049109551593285054
-0.0312501660332946,0.03505811182612874
-0.046551036612001905,-0.04595959720751769
-0.0109482055687678,0.01378932250698445
-0.04390475455717132,0.029668766441826127
0.03963995787330693,0.020393061619705305
-0.05488858306473994,-0.07257359810089815
0.05939716557201065,-0.14361856376806595
0.07767359864895065,-0.015964408060383135
0.06655057937000797,-0.007319908372836144
0.00936510626987402,0.01166489851504646
-0.03176363130553256,-0.04378523267094059
-0.021834758389961878,0.026724738739281054
0.022996966642184067,0.030602088431020393
0.012561086207466127,-0.05042761149145678
0.007350717286312167,0.061549330605885355
-0.03856433905641725,0.06174747696309305
0.05912381906797806,0.027649333755483865
1.611609075003589,-1.592342673593943
1.3382348516191407,-1.3047018289494834
1.185457025198081,-1.116566445560834
1.0255342789291118,-0.8684706153079752
0.8400328440120693,-0.781741398536004
0.7686065958636632,-0.6573412563836133
0.5863737042562269,-0.47696551183852914
0.475021795526474,-0.35792560827009634
0.28896198451943783,-0.32319586681024653
0.11186709586831084,-0.25331089399803736
0.11494195297214067,-0.08642814624017076
0.04757408583727842,-0.02982644880865354
0.022859895597079398,-0.04608161553849999
-0.08880944568316416,0.04221068464780764
-0.1122699789469282,0.19851625272415635
-0.1590925925984384,0.17798581269030966
-0.07200888300998602,0.14321699356724268
-0.3165628803089486,0.1981688208297904
-0.2240107359744305,0.1396262963061841
-0.11746896728433258,0.29710692590011345
-0.23042834396009648,0.202020050377779
-0.29873892327476814,0.30830201712097205
-0.19889928428589138,0.23884468427730887
-0.21916514260402642,0.2868555578418194
-0.26437679792138,0.3108183157262915
-0.35047025117039493,0.3090985433541463
-0.28771303867697884,0.22824572002287025
-0.3067025327472432,0.30192011689597875
-0.27984501117916377,0.2278490333035741
-0.2582930588808807,0.29349583605161467
-0.33695365111252135,0.2415889099952123
-0.3191805362769747,0.3534946673537396
-0.22426572137155498,0.31887622322381826
-0.28936905965363285,0.3116525865914982
-0.27660100492807627,0.23195716005812833
-0.2455060799561298,0.16349945907900684
-0.2967506520066473,0.22398689986605302
-0.2350527610113247,0.27768574352356773
-0.22469411219191984,0.1816657344076814
-0.133835284099638,0.3103497889398191
-0.2852927321506489,0.21313976858303713
-0.2962575357927944,0.17064897207956078
-0.18732795183227308,0.2579238121026911
-0.18474223970795017,0.14216733054672856
-0.11861900837850362,0.1664812763450906
-0.14841327339100796,0.1597214062748539
-0.13647891123759912,0.10132895311330074
-0.1719248053266925,0.08118118842913712
-0.2029069311952777,0.20422314954778115
-0.107317710464223,0.14085633076370913
-0.08702473472891728,0.19119357239646145
-0.1379710709454362,0.09372621545098209
-0.09251544118363371,0.19633944838682382
-0.05097501258140193,0.09168174728306283
-0.16322711553923247,0.08496068438085932
-0.10867894095962932,0.054228121084839924
-0.14476727815164034,-0.023764023200888745
-0.1005182716103816,0.08727698759366355
-0.15836649386809518,0.11839309981435692
-0.05814718741219373,0.02894347374739506
0.0073347450460234664,0.1273209180203811
0.025608248929754954,0.11021319770991812
-0.09253032635338923,0.05347584193864536
-0.08149926324080004,0.1087684914760888
-0.11913820901129334,-0.059690446926287416
-0.08325369646725575,0.03208892472186914
-0.07712182600737219,0.052997031039276415
0.03709040062502639,0.045021535362020984
-0.04449272082533232,-0.0554372324156112
-0.14686046843403727,0.02768164391406029
-0.03705568240738087,0.06805461729663306
-0.10827255315985876,0.04050163562675023
-0.0030547168466124874,-0.03036934517990029
-0.11510853432855521,0.05220311466245353
-0.017351621283540578,0.00038820369391020723
-0.011023838892181467,0.052437368356172534
-0.07341289088656106,0.03315039729685161
0.01876591803675777,-0.05583095851198629
-0.07489078817416536,-0.13785119889027064
-0.02700653006681059,-0.060277785462941345
-0.07709947626073124,-0.0309157906754157
0.05264057474606681,0.023169646815360892
-0.038448770968482426,0.03291626843985252
-0.04487055913025483,0.030584352633985575
-0.026230629488157443,-0.030477914095674213
0.09399229361274065,-0.03050436336319768
0.09759557665062082,0.08120691660716184
-0.023894549158204957,0.04345175015014777
0.02822054962666267,0.03405323867841562
-0.040874163632952175,0.0003509804292872905
-0.05800618829249946,0.02106754046606207
-0.03687761807319583,0.05158006132831283
-0.044285089599346614,0.027129320030231562
-0.026029514829053243,-0.05541470527239349
0.07541819893284013,0.008953962866110126
-0.09650446770278587,-0.07619065197108726
-0.02200923214644107,-0.02311133338288837
-0.023557880236157087,0.05455826436907631
-0.07696880558927262,-0.01843952802151415
-0.03630116469236375,-0.12378205173282615
-0.03306905346203324,-0.0005027459928690498
0.11761425804417108,-0.03628360541531969
0.09171534281727582,-0.094234115030877
0.0165727808003444,0.003095572370709957
0.01963602818684306,-0.07165852649002871
-0.004315848297171765,-0.06858496981477209
-0.044366974968077066,-0.07680364405118008
0.0021141328595915224,0.02632344867197657
0.050064949153906725,-0.021355507466260887
-0.03106424977304067,-0.029012226537265963
-0.006400895612370377,0.016826771771048736
-0.05112103957437417,0.029958958943061317
-0.0023355874005980227,-0.05199095279087403
-0.059558554538677644,-0.013942022685770484
0.051306964082825104,-0.01045391135484299
0.11478376198866903,0.022071963179279282
0.046451084745326554,-0.00939383826696108
-0.023085334039635926,0.01717250309478672
-0.029801666020706108,-0.03467341184634784
-0.003176809524126543,0.06033724741328205
0.04315339967859355,0.014369650013479146
0.01811094266690396,0.08569199963550973
-0.004849602321409213,-0.028623088328707618
-0.0923596912744454,-0.037373968913704946
0.053753735155142805,-0.027306555289332828
0.0426493816453819,0.024487186914432434
-0.010555056898022358,-0.02927228547282589
-0.0055784246649786436,0.10077745418427411
0.056246269710778285,0.021712227015205785
0.02443310118724492,-0.03888904994093524
0.08663077020827026,-0.016281370692658562
-0.003884155737765533,-0.061457560788069195
0.021824136828167612,0.03885570365404184
-0.0797723838051195,-0.041854197492316114
0.0506055208093531,-0.0008773766353922085
0.006943016184239498,-0.02751134489008661
0.07394741586606836,-0.04129711984513122
-0.039699455700070954,-0.004424707134399586
0.10667826589316465,0.010379805437012456
0.003602714867644633,-0.029246645033033866
0.03298488257778687,0.09629994146989823
0.031515731751290355,-0.034605609984865324
-0.005226820637950012,-0.05902174816251292
0.05013576438675777,-0.014949308044290122
0.0019565025955771004,-0.08315579501482218
-0.008689438643935137,0.020189384517963285
-0.047745489061413196,-0.02629840081950853
-0.11663295389210819,-0.09745598389234059
-0.02335135072911645,0.008944576862919284
0.05104528400688088,0.022285030989340426
-0.016271942808238928,0.007799328840866534
-0.09987491158982266,0.039737139019253166
0.010640468526453343,-0.014287006019692496
-0.027241983238781464,-0.10182808473139428
-0.07130272183314865,0.06415069124952509
0.04100387467520049,-0.005970535908535089
-0.07283927689558134,0.014888237232333823
-0.08272331770758216,0.026018144176029805
0.013704828452528637,0.05794320904416915
0.06992471118476573,-0.03514714388991575
-0.02052146499832433,-0.05786723518425055
0.03801209809498728,0.13241570703693026
-0.041108247110205984,-0.034265665497054947
-0.04045486075323915,0.04343398217922331
-0.03363765743712822,-0.008124432481992745
-0.09400995089353266,0.04417110465151358
-0.0781386356770516,-0.030865819705538942
-0.04494060992713937,0.04862253101658959
-0.05845780308055777,0.013120631400181163
-0.1044423211013141,0.059977838692001316
-0.024628604855961134,0.08953420270575496
-0.05519453107143213,0.0847246868320552
-0.07627837234996795,-0.028151385128708854
-0.0012111584433874712,0.023665739803150225
-0.019086776638068556,0.025875244436415035
0.0026716610774309285,-0.01480940673307923
0.039108185201009935,-0.0018417179613870426
-0.020276816630199965,0.028851700544086173
-0.08568919916284409,0.022833394633453016
-0.03413087577734361,-0.020672081084059483
0.030915750624750066,-0.09574302554337051
-0.0795262904636204,0.021395546918264226
-0.007434453015816853,-0.03175998130041617
-0.0063019095799341,-0.027812574747079356
-0.006461910208122046,0.06132843307249613
-0.08257375790826738,-0.08173080474715724
-0.109926760414731,0.018437477185575316
0.037150732395770686,0.024636747796419986
-0.023728453172276204,-0.05470563055183038
-0.04532991999564419,-0.04912143265092892
0.02250020861151965,-0.06654009511572423
-0.062004786364948966,-0.04954323626729858
-0.010764403085691782,0.052301930946552035
-0.01744129007908826,0.07005440782483287
-0.05703686201010889,0.039734179098828044
-0.0011454181214603405,-0.029615813513181273
0.0644276712479323,-0.06179108663780828
-0.011721062103353263,-0.03939842371774147
-0.037483104170337,0.03415580420260948
-0.029680724064917008,0.07044128733824868
0.06879028024220218,-0.00257194425899671
-0.034154676216261316,0.0634307388291924
-0.028558528431045407,-0.06621177662714746
0.00772871474607573,-0.08659653714411701
0.021472332132745735,-0.024480818157422576
0.07568795107315243,0.011585607354814077
0.035301564279050124,-0.029428501771168243
0.08432327446143248,-0.047666243563014056
0.015003274391239226,-0.010917603274720755
-0.06254119607175462,0.02368059835972158
-0.0660350645392315,0.03770733642775772
-0.08578101827637129,0.10023610359019287
0.004232478860740657,-0.06647256667888145
0.01522732270120232,-0.04873820679255779
-0.016960264000251454,-0.02742568726931908
0.02208096694249666,-0.0018621997773146937
-0.04011937945210217,-0.04269094724891496
0.03451167068591923,0.03601076460481114
-0.147824782753007,-0.039116705384183804
0.11723250215051491,0.03601452363629773
0.02692466321801494,-0.00016266536728327084
0.04748370540931194,0.0034885899837250284
-0.0451604023355653,0.01058980124076113
0.0048547481850902095,0.11764887400918876
0.00044877464392965166,-0.043578196259787885
-0.03549589031700365,-0.06772003951366853
0.019162114331336938,-0.04051473124710484
-0.07149410283613222,-0.04041746466841964
-0.023101808466659244,0.12928921619813272
0.021698703176135845,-0.06675798545813816
0.06035451237765648,0.027694600273521087
0.05766857908453957,-0.02235984356843496
-0.05260214120001298,0.05045221067563599
-0.01047743732139783,0.05600403508719761
-0.02373476784449144,-0.007493361521132421
0.001392270880663204,-0.030452745530389208
0.059992058173220335,0.02501384567526385
0.00013723164861001013,-0.03471871325215581
-0.01111035757490942,0.0471062923295924
-0.004490395429145446,-0.007666783474078372
0.011026267639742383,-0.05809759226759714
0.06471356312787623,0.004884455032772895
0.06963450349641037,-0.01407605086472811
0.013569911144664801,0.010974495191636673
0.006646185493028646,-0.033533171461541916
-0.07281333564902273,0.06711918293610664
0.07067691513708788,0.01601867979857903
0.03272371618068147,-0.07932989664649603
-0.010246797026646635,-0.03751109025812541
-0.06361133354484536,0.009000136364416463
0.03624879500255555,-0.08945250851828918
0.022473336191485963,-0.07904558633268885
-0.03869137283331263,-0.05194984659293699
-0.010335127378174212,-0.026711968318973288
-0.056997049164559575,-0.08511883136136003
0.07592190788401978,0.08518622784006542
0.10278961332161424,-0.0969592041907082
0.04063306794145661,-0.023158168549781054
0.003496253146743479,-0.010167609059410802
0.06914627706698054,0.036927051376008296
0.04065582640350096,0.07472353868129986
-0.07929208844768795,-0.0068238575140693765
-0.025936333758601014,0.08664985309704001
-0.0016697448751337104,-0.02390563275586323
-0.05270285354361451,-0.10320162981023184
-0.030979526499141596,0.009860973877006534
-0.10789362081684635,-0.015657668630443773
-0.016114654069660155,-0.07785834619369167
0.026122755765225644,0.011640845070321582
-0.0670282716860153,-0.05677953189906353
-0.08548478263361427,-0.0013494456379289895
-0.08174847168669445,0.013303788259337312
-0.05549904862714484,0.0537601903530535
-0.03464111034458689,0.023827787810162978
-0.04429386841816636,-0.0074268231986625265
0.004527587734870163,-0.09051188783292147
0.006238022822441626,0.07807652590007857
0.06282809092133004,-0.01234547445921903
0.02725867053195474,0.03214748137263982
-0.00687639189253296,-0.03149432903171731
0.007874621573000826,-0.05107259019756634
0.020950382716657005,-0.035950876021789514
0.01406929396622289,0.015214518727039411
0.07406120208851985,-0.07313868023125686
-0.04027656199641459,-0.032758137429616335
-0.05154708956580954,-0.01691890477997033
-0.07352228586668122,0.033967701082618956
0.0510382335387293,-0.09401742933564722
0.023608345528025848,-0.029765511129110106
0.05471687522825254,0.024402998278616736
-0.04175076854893696,-0.046810569233343376
-0.039489587036402415,0.018111595852963503
0.006584511650904731,-0.11197220313985262
0.09732904652215271,-0.05197961109777645
-0.16076730073222026,0.074906999322361
-0.018545373626285576,0.015811047738618248
-0.03568003090093347,0.045097682703505206
-0.022950805630668515,-0.004409717647349881
-0.060871415971637644,-0.04748046829797912
0.03418813493643388,0.0661360574345748
-1.940234403997421,5.902261319179964
-1.7470581131024507,5.133846002108468
-1.4532483643824274,4.195718283619897
-1.2388001543978104,3.637100770325109
-0.9777630073661605,3.1498906558134685
-0.7836537364087716,2.4621009352288987
-0.7237525047241459,1.9598128639214276
-0.4968766897991738,1.5253861346868867
-0.34959845817188684,1.1745569929261694
-0.31555143979048594,0.824997353805491
-0.24951163262259712,0.5780188777334531
-0.06545920312294957,0.29543734847318903
0.06693828699433686,0.06910903539731098
0.1260341243073069,-0.09033575946627634
0.18573962672260635,-0.4163434501258444
0.2244040298890837,-0.48416032934198194
0.20623595023244126,-0.681339683165936
0.2324596012699054,-0.7648957301277477
0.3496026882882182,-0.8127221586842989
0.3713135926378091,-0.8762083865217586
0.31261139665328164,-1.0146674114560668
0.3611222618861283,-1.0837180145392276
0.29173402209316784,-1.036494824660591
0.35476141242703013,-1.1322227287117854
0.4388228783777412,-1.0887905172344605
0.4626506850860961,-1.092938537532329
0.3187191935951528,-1.1728374042725291
0.3607212122608659,-1.1310752949133565
0.397246992949335,-1.0325411793584145
0.4027051419299249,-1.0366912286769683
0.4451895043976462,-1.1459724934940552
0.42551551322706777,-1.017758458864874
0.35538718116287227,-0.9170340707313107
0.3177405878708522,-1.0915833191184507
0.2955039266637646,-0.9530797675170483
0.2585443524995965,-0.894434844568343
0.21715650586659718,-0.906817465347074
0.25401952446305387,-0.8115547696063511
0.19323916417460646,-0.8101871214159678
0.24935250258606886,-0.7680516625047222
0.1949235859699559,-0.6634509831199811
0.24498452095233503,-0.733607821709696
0.251009739971492,-0.6759991034949191
0.18293099823404932,-0.6845964241907981
0.18639044389944967,-0.5980860801429694
0.2795237476657616,-0.6063651628503244
0.11786429474072813,-0.6089864687529649
0.18200244358649112,-0.6371663572129843
0.18057101358022806,-0.6049400786984743
0.1653711805296006,-0.5224204156895047
0.1914305445031171,-0.4943818055962493
0.17398354140892316,-0.4651408783371007
0.07588865002728382,-0.40747985323837405
0.12005560315337026,-0.5344426347096773
0.18719015634003738,-0.2881652096148035
-0.009730343341858919,-0.34205111932100335
0.06372781359835757,-0.36787958747291005
0.0512735003574115,-0.37386940808086006
0.058301938693535525,-0.3097066313441059
0.061315276397600614,-0.23187749375282243
0.059364516312589995,-0.325360322936058
0.08539878779239762,-0.2676410371225194
0.09283965516159275,-0.23526809442716803
0.06461042239742908,-0.27993386193913145
-0.038905220102733576,-0.15069578308767248
0.012405952898830584,-0.14274613701980454
0.042066743934878706,-0.16551220629421806
0.10825809444299114,-0.15773818160807052
0.12423772203308334,-0.21017917204138506
0.11052323009796332,-0.18737243264959177
0.0383070924014502,-0.054590868492254474
0.010768507830115525,-0.15297476120141723
-0.004726767454196947,-0.12482279410344377
0.032757813130563015,-0.09351237936434041
0.10621237335613704,-0.16133886474351428
0.09283263199977257,-0.08444570754249951
-0.01848676194645167,-0.1558614353576033
0.048995022006803904,-0.10611528570018425
0.018235378435244278,-0.08161682989517606
0.12607410168852848,-0.11682205168428905
0.07093329517353902,-0.03637898145243119
-0.08820140838422746,-0.13429459327510263
0.024969120200504104,-0.04933979425695869
0.016115787560630587,-0.013213433118699922
0.054663516699756484,-0.03365746663862389
-0.01812137084856094,-0.04544251285312444
0.05085241043292729,0.028351679854512646
0.04125156164361799,-0.11573969640498766
0.07842513954780184,-0.01603452427885658
0.0954771925316943,-0.09103451236293017
0.012716742313496449,0.038351011400742346
-0.009522529473289035,-0.03532015399740411
0.12977052072829193,-0.04433792717973388
0.02162281476430087,-0.001462131455085905
-0.105262073860066,-0.005440335143915891
0.016812813816514623,-0.01836783260714662
-0.01626402899318147,0.0016931899648517735
0.0034317487844881724,0.03247916573279358
-0.09520974250068324,-0.0432228718798871
-0.06063429246309276,-0.010643821840505318
0.06442912133644221,0.05599883158950076
0.034230752769187425,0.02680620351652588
0.009048381012984257,-0.08832685458122852
0.049685754897484266,-0.030669777987754547
0.03373516420414864,-0.031347329410549137
-0.05180694810982095,-0.06432652190560464
-0.021017210461710865,-0.021039262362902406
-0.09511548320843405,-0.09967285521574545
0.04651931604033119,-0.02763355354755789
0.006692708173374815,-0.03381851420993656
0.03315726440700596,-0.0103211453397413
-0.0509089870991738,-0.036839817744567904
-0.07798131312362443,0.02469984426957136
0.014761730502610548,-0.04958657307709645
-0.07770598529008052,0.02239495500544371
0.036002777544244316,0.02630687369692565
-0.06432223455896154,0.003429701594303854
-0.03394946534881017,0.02350411469494435
0.020922474457639093,-0.054366488467174304
0.006888474596257507,0.015612318598613737
-0.01654645470031343,-0.06365537630396709
-0.0628469434867049,-0.04429264247084905
-0.06614313195808293,0.0562301067287876
-0.06849558975503495,-0.013184849878304497
-0.06289937554994518,0.04358725219530476
-0.002647450920405918,0.036643064230816785
0.05265950386605339,0.0012738619146967947
-0.02823117794128991,0.04297491907021992
0.033644340392642844,0.012393488784665157
0.11012305114998612,0.028313784667192855
0.1282312731093168,0.024289593891216325
0.020707182802695945,-0.060052558493737196
0.12623234272995995,0.06634626561782729
0.03556646669035983,-0.014277857224931766
0.038483562334780896,0.04387613861709069
0.05246590608385396,-0.007878916762158565
-0.07438268895896723,0.13488712003078807
0.06853246204268043,-0.009988731964709723
-0.03021064780817397,-0.001885140337197059
0.04181938324712055,0.07331623082999636
0.04307374827991796,0.03596120378237006
-0.03943875519310661,-0.09046407070988682
0.04106243525088108,-0.02882633337773607
0.014531952523260349,-0.029625476853498985
0.04273638287121862,-0.0030026195847347057
0.005888526137733148,-0.09140436338893192
-0.024257816195928768,0.012441222558784498
0.05455461509511626,-0.04399265790275098
-0.057714181094833894,0.02391353445729364
0.09784481989124949,-0.007225502084974342
-0.020099329352153982,0.09527170853723059
-0.043971817544175965,0.17597067349858037
0.04517692774802781,0.06530002899189052
0.09570147577580786,0.01942648674114498
0.004292980609646821,0.05661388500593679
0.0212441510042692,-0.054908851088054565
0.027203812575089414,0.01889707955289082
0.0024887078135601044,0.007806214502022655
0.08036105754447352,-0.011117669315299415
-0.000874556386022074,0.06262083837187106
0.02851219161739242,0.00469364114965086
0.028199203981773686,-0.16000181596990262
-0.030827305294131552,-0.027906691100442985
0.04813415927586079,0.0028293667015516118
0.06658723594045884,0.024926663194487584
-0.011983796507617175,0.00081854958284076
0.017667990848864022,-0.040894745318223805
-0.002874152243427612,-0.036330106260099304
0.002538968208205028,-0.04765268831159193
-0.07165687742724268,-0.11483257828299735
0.04317806111690788,-0.07248077513982565
0.018926484631237542,0.0037829327420203975
0.010988141897137862,0.01969022693757811
-0.01326876157762874,0.0012888102936646096
0.029583413709345238,-0.016577895267763702
-0.07337732535107518,-0.0634663244706377
0.07894271655959112,0.03531055738963373
0.059328345088895985,-0.09422733356729429
-0.006398186438943847,-0.05849374779900368
0.1345311559159788,0.06437662390328826
0.019886170089715136,-0.04307026821258367
-0.048862130629112197,0.00026963753735607596
-0.004920245645318977,-0.035479019888349506
-0.056390646064045175,-0.028936648543779225
-0.023792180387042894,0.023313570113697023
0.047818328532357984,-0.025909585519906575
0.01577378517919262,-0.1541641529832351
-0.08325555899021493,-0.04085956639989889
0.10879994572361282,-0.01669203730792174
-0.05572628183220251,-0.029001353844573863
0.03673107436560668,-0.08227775419651169
0.017766308152051883,-0.07677343558212081
0.03326098434373231,0.058701248291101474
-0.05207047475288965,0.04841928679507786
0.00918716438586772,-0.00777679049505433
0.016794489624130073,0.08827712778824283
-0.029206694636416987,0.02650089679007165
-0.10821319542290249,0.08536544307021353
-0.045511502401727556,-0.022376912747723212
0.0026591401454892985,0.02764431959283637
-0.10781992350445004,0.13268584659028523
0.02385760918538356,0.011332163941233223
0.03887716171577349,0.02190396283740674
-0.009565913399437041,-0.03938578637613554
-0.04579910061378227,0.016822773511613685
-0.05653596373275849,-0.11783264604335168
-0.025152733451440232,-0.0498605086572205
0.014400207866893498,-0.01374947950764777
0.08032193529645125,0.00539479784345754
0.05275963430688593,-0.030582676210565596
0.016082931296080703,0.0396901269464624
0.0064586148038995456,-0.02512622801301759
0.004672457266392148,0.05098437350266626
-0.020862440871691104,-0.032695373755404
-0.058786349861224864,-0.1999348165443615
-0.03775341422384435,-0.05339550789502292
-0.042055341583929894,-0.08856686340060828
0.0011186707711278044,0.026772180058604846
0.08366800020982051,0.056842634490893405
-0.007051540063345163,0.07375567404924074
-0.0021875765428667577,-0.025725006130528284
-0.00276558360287548,-0.04056564989151983
-0.04056851139920823,0.0646908871552243
0.05350782405175221,-0.0662193888294809
-0.05207579422846069,0.04583946600396354
-0.03208359315206463,-0.022682807463727164
0.0064667905760322246,0.007863426045414469
0.05300998413963118,-0.022691679408039383
-0.01502713699181864,-0.007787847950330586
-0.005912478888307732,-0.0767925750862729
-0.0038519947660257715,0.03323444268527507
0.0019077495960486308,-0.0942112930153684
0.07876309582781182,0.0657849127134507
0.013456630128866505,-0.07279895088078324
-0.10430839049023619,-0.02159235507647444
-0.005713904348098046,0.021543025150090316
0.0043484224153961665,-0.05506195375603148
0.02190015246919666,0.00481145488446056
-0.030129996390933007,-0.0539502891258341
-0.012461740629717262,-0.08638472567629629
0.0032827089846577534,-0.027685742020699948
0.04191012330663538,0.004100339124977925
-0.0011275738668767125,-0.062084783347705425
0.017612513088466585,0.02370081604093245
-0.028318500477691584,0.0609065181500415
0.050074337000083805,-0.03353285735666488
0.058449164837089534,0.12095287127645396
-0.03690722478516804,0.08084609605108264
0.057396652625674,-0.0017568151275245535
-0.06695221604862392,-0.04762010507017755
-0.030002006221438914,-0.04551609700090577
-0.012910289895711323,-0.1113380605521092
0.0045914164845301695,-0.03725919921434866
-0.023854092824138397,-0.022345468956006264
-0.034360161441213684,-0.006927091907383203
-0.07569074614807825,-0.029653183974560796
0.05035816271867711,-0.0007698859419751555
0.09353485487696943,-0.02579461772373817
-0.04332237102548427,-0.057842718288084814
0.027245755781204625,-0.0047425467199279855
0.1313686921865942,-0.02137794338227219
0.049469269670520025,0.024548999533900287
0.07652803748092374,0.010564708480384329
0.005967757570613012,0.0030771323260773142
-0.004070682589482448,-0.04148680228905628
-0.03157360390823652,-0.017756047251662636
-0.0011384729316894042,-0.0458578579425704
0.09269546349178276,-0.005648930658231948
0.012353384449329916,0.02519588242935252
-0.10120988575625486,0.1058640044055738
-0.03663200464795614,0.045892319550475846
-0.04109958233794407,-0.04500012201516527
-0.01689173332425736,-0.049814681564163486
0.021133518600013956,-0.056183678138028756
-0.10631395018882506,-0.01960131622762185
0.019421726683360355,-0.08438540622157364
0.024660522210920785,-0.06128180576828953
-0.04787983140212988,-0.12350248662162362
-0.033668174795643074,-0.049002907172777437
-0.08593689193612368,-0.048397234257706014
0.016671553433853487,-0.010045433321311505
-0.04803530693287138,0.016734632247377194
-0.0066283887238737255,0.08716332506317953
0.023950994445435084,-0.03322756989207702
0.043401214571911755,-0.08482053270231427
-0.0018851307483681518,0.0161170409555101
0.06804213961076425,-0.10746903799077027
0.0712709481642814,-0.10492130529892586
0.020643135006291936,-0.0020690761834663667
-0.0360682832166711,-0.016571784630308242
0.05473435655423464,-0.0265626092706235
-0.03050257629434448,-0.02902096820243228
-0.05978786702772808,0.024137080470243502
-0.05783910727521481,-0.02562874658078062
-0.056907719127416954,-0.02933167801462084
-0.003042474332747418,-0.03477170425822062
-0.024287939909778143,0.009002258026613105
0.05542316695000984,0.09476439936453408
0.07475234512567511,-0.0079082826128466
0.017828685004113866,-0.008564737127542152
