t,wp_idx,des_q1,des_q2,leader_q1,leader_q2,leader_dq1,leader_dq2,foll_q1,foll_q2,foll_dq1,foll_dq2
0.0,0,0.0,0.0,1.348227003668462e-12,2.468784672267389e-12,1.1275702593849246e-17,0.0,1.348227029605485e-12,2.4687848004475825e-12,2.8189256484623115e-17,1.3877787807814457e-17
0.02,0,0.0,0.0,2.3975032706702876e-12,4.390150918927337e-12,2.3334902586602535e-11,4.2729375593353325e-11,2.3973569392886852e-12,4.3900038037788925e-12,2.3331663424192017e-11,4.2726128191006296e-11
0.04,0,0.0,0.0,3.4149432085262565e-12,6.253220645198486e-12,1.9181614196311925e-11,3.51241674634295e-11,3.4145386206208494e-12,6.2528136268399784e-12,1.9176645514595858e-11,3.5119185337606496e-11
0.06,0,0.0,0.0,4.371943121001866e-12,8.005616137803128e-12,1.8439901515454604e-11,3.376593449289089e-11,4.371182203113578e-12,8.004850767207843e-12,1.8432958718422876e-11,3.3758940087835754e-11
0.08,0,0.0,0.0,5.2602818790244705e-12,9.632283771728067e-12,1.905458646769831e-11,3.489145083968026e-11,5.259085976188817e-12,9.631080945505503e-12,1.9045184266458515e-11,3.488194455503191e-11
0.1,0,0.0,0.0,6.0999689441296746e-12,1.116986382112137e-11,1.7949173397591167e-11,3.2867472632425176e-11,6.098264909562887e-12,1.1168149931484998e-11,1.7938294946673317e-11,3.2856425913330156e-11
0.12,0,0.0,0.0,6.9062679027192264e-12,1.2646305914705586e-11,1.5504534722071694e-11,2.8390942374834083e-11,6.903982171135495e-12,1.264400707631312e-11,1.5493284172968247e-11,2.837952095546825e-11
0.14,0,0.0,0.0,7.654472290488157e-12,1.4016368811171932e-11,1.6049740963336445e-11,2.938922716300141e-11,7.651558932481372e-12,1.4013438949767845e-11,1.6036218793841206e-11,2.937562693094975e-11
0.16,0,0.0,0.0,8.385802997419092e-12,1.5355534020451724e-11,1.2440598030905026e-11,2.2780471953254278e-11,8.382191434897268e-12,1.5351902137273595e-11,1.2428735991776296e-11,2.2768467666800518e-11
0.18,0,0.0,0.0,9.063204024617664e-12,1.6595946459881135e-11,1.3072486669540861e-11,2.3937532511730808e-11,9.045806138016973e-12,1.6567659201739118e-11,1.4509399758055874e-11,2.6581556400451234e-11
0.2,0,0.0,0.0,9.690394447045061e-12,1.7744416404026652e-11,1.368644997681856e-11,2.506181373540528e-11,9.675145784385547e-12,1.7720683558287413e-11,1.3444104336735041e-11,2.463129700203126e-11
0.22,0,0.0,0.0,1.0285052793047369e-11,1.8833315985640496e-11,1.2704145027631064e-11,2.326297487975637e-11,1.0269522118994452e-11,1.880970813713604e-11,1.2707120945754102e-11,2.3282167860294578e-11
0.24,0,0.0,0.0,1.0846746231336417e-11,1.9861852019760507e-11,1.200844935642098e-11,2.198900783678681e-11,1.0830954177390077e-11,1.983842524863137e-11,1.200247323404624e-11,2.1992296872497263e-11
0.26,0,0.0,0.0,1.1387577521678796e-11,2.085218706983779e-11,1.0209485167000931e-11,1.8694948367148356e-11,1.1371469096237485e-11,2.0828867865441958e-11,1.020348345745492e-11,1.869696064638049e-11
0.28,0,0.0,0.0,1.18772201463018e-11,2.1748788585092294e-11,1.1933090800220203e-11,2.1850993237038097e-11,1.1860767515727344e-11,2.172550889075835e-11,1.1924646166339148e-11,2.1852020193335875e-11
0.3,0,0.0,0.0,1.2351181360327675e-11,2.2616675250404527e-11,1.0086630315708778e-11,1.8469975548995876e-11,1.2334341944097632e-11,2.2593379943559308e-11,1.0078395149687447e-11,1.846957309314945e-11
0.32,0,0.0,0.0,1.2805948006543361e-11,2.3449413767436e-11,8.745492177664183e-12,1.6014176096312838e-11,1.2781308746643074e-11,2.3412532328371537e-11,9.556812372718548e-12,1.7514795169759623e-11
0.34,0,0.0,0.0,1.3235037143594973e-11,2.4235133659363e-11,8.265296867066008e-12,1.5134948849748753e-11,1.3210472466829497e-11,2.4199098668210293e-11,8.252454275492482e-12,1.512499847589055e-11
0.36,0,0.0,0.0,1.363220437325485e-11,2.4962400420065786e-11,8.667184591554244e-12,1.5870832426045922e-11,1.3615351494269597e-11,2.4941196190531867e-11,7.798998426233883e-12,1.4294593286834356e-11
0.38,0,0.0,0.0,1.400877267280101e-11,2.56519477282072e-11,8.044909790422272e-12,1.473129951357066e-11,1.399006554182075e-11,2.56280413823648e-11,8.177177684975945e-12,1.4988649210678773e-11
0.4,0,0.0,0.0,1.4348412059728336e-11,2.6273873336442353e-11,9.388063243465083e-12,1.719079045781058e-11,1.4329282799402708e-11,2.624985353968462e-11,9.36936856224535e-12,1.7174803246255976e-11
0.42,0,0.0,0.0,1.468455213557171e-11,2.6889390876157247e-11,7.287527352406453e-12,1.3344408911208916e-11,1.4657637870834123e-11,2.6851784447579906e-11,8.08510983857369e-12,1.4821394112018993e-11
0.44,0,0.0,0.0,1.5008121700376742e-11,2.7481890259047096e-11,6.2205201926957e-12,1.1390569043534526e-11,1.498218244824453e-11,2.7446760529870882e-11,6.097020891632221e-12,1.1177531122896767e-11
0.46,0,0.0,0.0,1.5307525715845866e-11,2.803013930243322e-11,6.5339391883134645e-12,1.1964540469477924e-11,1.528136566724228e-11,2.7995271794057642e-11,6.53153963206532e-12,1.1974643499002013e-11
0.48,0,0.0,0.0,1.5591402945728583e-11,2.8549956561114997e-11,6.0646795745078474e-12,1.1105241726205861e-11,1.556501957055942e-11,2.8515339144353505e-11,6.059829721349885e-12,1.11104597744216e-11
0.5,0,0.0,0.0,1.5858724029400365e-11,2.903945720946351e-11,5.823576863794866e-12,1.0663719907100244e-11,1.5832098630816e-11,2.9005043185560134e-11,5.818311978045276e-12,1.0668244065925592e-11
0.52,0,0.0,0.0,1.611131576338776e-11,2.950198679354118e-11,5.500818550663311e-12,1.0072803702243505e-11,1.6084432611783085e-11,2.946773545894427e-11,5.495247486220212e-12,1.0076287026983266e-11
0.54,0,0.0,0.0,1.6350718623337122e-11,2.994036576555309e-11,5.114897221047965e-12,9.366063480342746e-12,1.6323563632757503e-11,2.990624099638101e-11,5.109077657466932e-12,9.368755771177462e-12
0.56,0,0.0,0.0,1.6580582032026306e-11,3.036127655788452e-11,4.420130927940136e-12,8.09391442757601e-12,1.655313925992933e-11,3.0327246435225274e-11,4.414595859009163e-12,8.095663028839795e-12
0.58,0,0.0,0.0,1.679328670317704e-11,3.075076766391878e-11,4.641905349683784e-12,8.499909109893622e-12,1.6765552597716376e-11,3.0716799908037936e-11,4.635493811716573e-12,8.501283010886596e-12
0.6,0,0.0,0.0,1.699496054226402e-11,3.112005945550974e-11,4.308507110112325e-12,7.889425224227864e-12,1.6966927044348087e-11,3.10861276708549e-11,4.302096873187722e-12,7.890244013708525e-12
0.62,0,0.0,0.0,1.7188595941211784e-11,3.14746320490181e-11,3.723461209498291e-12,6.818282050069513e-12,1.7160252447777e-11,3.144071210211626e-11,3.717499398592228e-12,6.818476339098822e-12
0.64,0,0.0,0.0,1.7368279997040583e-11,3.1803657883373874e-11,3.85438556071982e-12,7.057909812147045e-12,1.7339627806961164e-11,3.176972781956474e-11,3.847791876787632e-12,7.057715523117736e-12
0.66,0,0.0,0.0,1.7540924147318517e-11,3.2119792682268344e-11,3.319642737781292e-12,6.0786653488520415e-12,1.751195524096783e-11,3.2085832711826496e-11,3.313523934400653e-12,6.078124115127537e-12
0.68,0,0.0,0.0,1.7697691064040768e-11,3.240685425122821e-11,3.818373568720279e-12,6.9919903200599265e-12,1.766841627259852e-11,3.2372848720008976e-11,3.810919895624876e-12,6.990838463671878e-12
0.7000000000000001,0,0.0,0.0,1.784942019373521e-11,3.268469078278742e-11,3.2291135911022284e-12,5.912936806851121e-12,1.781983218062213e-11,3.2650623814601563e-11,3.222417558484958e-12,5.911535150282532e-12
0.72,0,0.0,0.0,1.7992205356768605e-11,3.2946149901032235e-11,3.1107841996780294e-12,5.696262905807714e-12,1.796230595949055e-11,3.291200836749251e-11,3.1039663027365716e-12,5.6945836934829686e-12
0.74,0,0.0,0.0,1.8127544855491205e-11,3.319397473113412e-11,2.8915012745267532e-12,5.294750748952026e-12,1.809733477877959e-11,3.315974704428767e-11,2.884845574230299e-12,5.292877247597971e-12
0.76,0,0.0,0.0,1.8257491333548355e-11,3.343192380824286e-11,2.4987893698646957e-12,4.5756454181145045e-12,1.8226967728987212e-11,3.339759826911455e-11,2.492785925595209e-12,4.573716405609218e-12
0.78,0,0.0,0.0,1.8378075128667533e-11,3.365272869650524e-11,2.5866669917107288e-12,4.736475101019266e-12,1.8347246499437663e-11,3.361829826905667e-11,2.580071139374196e-12,4.7342268993944e-12
0.8,0,0.0,0.0,1.849393447769195e-11,3.386488279634868e-11,2.2277553066163414e-12,4.079334092743636e-12,1.846279937226349e-11,3.383033790490626e-11,2.221858547840627e-12,4.0772107912090405e-12
0.8200000000000001,0,0.0,0.0,1.8601144108621804e-11,3.406119830186714e-11,2.3396423687316314e-12,4.284267385301632e-12,1.85697128360227e-11,3.402653475533897e-11,2.3332065446357575e-12,4.281686116769379e-12
0.84,0,0.0,0.0,1.870247782651428e-11,3.424675405318688e-11,2.20675734630138e-12,4.040823231576951e-12,1.8670755031466634e-11,3.42119667861804e-11,2.200406523655829e-12,4.038103185166619e-12
0.86,0,0.0,0.0,1.8798519976008018e-11,3.442262030530362e-11,2.0519592969225897e-12,3.757411048965764e-12,1.8766509768939108e-11,3.4387704571615404e-11,2.0458287841584877e-12,3.754663246979817e-12
0.88,0,0.0,0.0,1.888923917075117e-11,3.458873934049788e-11,1.9394871993150264e-12,3.551423044534374e-12,1.8856946929303773e-11,3.4553691934358926e-11,1.9334139324256316e-12,3.5485642202459644e-12
0.9,0,0.0,0.0,1.8976353086224758e-11,3.474825639284284e-11,1.6751461329178596e-12,3.0673935613734216e-12,1.8943779988709785e-11,3.471307229049398e-11,1.6697155810763142e-12,3.064742903902129e-12
0.92,0,0.0,0.0,1.9058751023222552e-11,3.489913795009101e-11,1.5606322657790717e-12,2.8577418209607686e-12,1.902590239654213e-11,3.486381479230833e-11,1.5554081460311675e-12,2.855091163489476e-12
0.9400000000000001,0,0.0,0.0,1.9135026598921857e-11,3.503880887769236e-11,1.6369926247872257e-12,2.9974633886098445e-12,1.9101913909598158e-11,3.5003348107765784e-11,1.6312420164643626e-12,2.9944657864433566e-12
0.96,0,0.0,0.0,1.9208319592124213e-11,3.517301843782434e-11,1.4092737393722743e-12,2.5805330094996748e-12,1.9174944822078796e-11,3.5137416891618256e-11,1.4041992395241731e-12,2.5777713297259197e-12
0.98,0,0.0,0.0,1.927764404672119e-11,3.5299961116415364e-11,1.3130152347329282e-12,2.404312859916047e-12,1.924270509646681e-11,3.5261816479471285e-11,1.4534809987531983e-12,2.668490428625603e-12
1.0,0,0.0,0.0,1.9341640310738447e-11,3.541714691914359e-11,1.3969320492024373e-12,2.557939970948553e-12,1.930674763163071e-11,3.5379396952606996e-11,1.3689982307496518e-12,2.513350638722045e-12
1.02,0,0.0,0.0,1.9403317350082288e-11,3.5530085952269175e-11,1.185588086038969e-12,2.1709856135032624e-12,1.9368236514626414e-11,3.549229486584732e-11,1.1824053021414205e-12,2.1709717357154545e-12
1.04,0,0.0,0.0,1.9461507897948668e-11,3.563664063401387e-11,1.1208737930867851e-12,2.0524970612001425e-12,1.9426246117823825e-11,3.559881009304128e-11,1.1174082492626525e-12,2.0517615384463284e-12
1.06,0,0.0,0.0,1.9516563630924733e-11,3.5737454824343016e-11,1.0426798313645236e-12,1.9093615577503442e-12,1.9481124098022127e-11,3.569958036017203e-11,1.0393417897158752e-12,1.9085288904818754e-12
1.08,0,0.0,0.0,1.9567387446133198e-11,3.5830519782860375e-11,1.1093890563140807e-12,2.031444457095688e-12,1.9531777768949977e-11,3.579259878646687e-11,1.1056858553737392e-12,2.030389745222294e-12
1.1,0,0.0,0.0,1.961650413861722e-11,3.5920458991718633e-11,9.26563947095671e-13,1.6966289484443564e-12,1.9580724478048995e-11,3.5882487091599445e-11,9.233217489190704e-13,1.6956436255100016e-12
1.12,0,0.0,0.0,1.9661817360975598e-11,3.600343335520976e-11,9.891848624932198e-13,1.8112872313125195e-12,1.9625875360647682e-11,3.596540933011958e-11,9.85655133900476e-13,1.810121497136663e-12
1.1400000000000001,0,0.0,0.0,1.9705488743458117e-11,3.60834015816949e-11,8.394981758363951e-13,1.537200922108184e-12,1.9669385337952777e-11,3.604532239239819e-11,8.36363096834436e-13,1.5361323324469822e-12
1.16,0,0.0,0.0,1.974679350471872e-11,3.615903621913689e-11,7.822948018543219e-13,1.4325762798250707e-12,1.971053267739474e-11,3.612089997825449e-11,7.793162816460697e-13,1.4314938123760612e-12
1.18,0,0.0,0.0,1.9785672778650985e-11,3.6230229451002215e-11,7.490605358206892e-13,1.371666669136573e-12,1.9749259123923487e-11,3.6192034923411016e-11,7.461392614871443e-13,1.3705842016875636e-12
1.2,0,0.0,0.0,1.982236790302064e-11,3.62974229240101e-11,7.06818718138047e-13,1.2943535132592388e-12,1.978580567139583e-11,3.625916883295362e-11,7.039451487000914e-13,1.2931045123565355e-12
1.22,0,0.0,0.0,1.9855697875483163e-11,3.635845425677546e-11,8.117985450528664e-13,1.4864498520950065e-12,1.9819724311427902e-11,3.632147894835431e-11,7.275738171663715e-13,1.3365558659828025e-12
1.24,0,0.0,0.0,1.9888574314033865e-11,3.6418655212107353e-11,6.178972264403448e-13,1.1314144066076892e-12,1.985230992445523e-11,3.638134340896523e-11,6.26564338607194e-13,1.1510514763557467e-12
1.26,0,0.0,0.0,1.991948260515135e-11,3.6475252439012454e-11,5.956138360296848e-13,1.0905443215136756e-12,1.988305140196118e-11,3.6437823243663274e-11,5.921266081621024e-13,1.0879214196179987e-12
1.28,0,0.0,0.0,1.994865514887233e-11,3.652867120842035e-11,5.618843064436607e-13,1.0289824547982107e-12,1.9912061163134298e-11,3.649112442657507e-11,5.587535642503916e-13,1.026720375385537e-12
1.3,0,0.0,0.0,1.9976255616790443e-11,3.657921175239249e-11,5.227250923778293e-13,9.571232695293475e-13,1.9939504743962284e-11,3.654155068696461e-11,5.19756113148695e-13,9.549999679947518e-13
1.32,0,0.0,0.0,2.0002235105749852e-11,3.6626783990208196e-11,5.005622652487496e-13,9.165584957671058e-13,1.996483589173193e-11,3.6588097828106105e-11,5.529921139058036e-13,1.0160622343491355e-12
1.34,0,0.0,0.0,2.0026755178354136e-11,3.6671683699159016e-11,4.723057882294324e-13,8.648776139708048e-13,1.9989313349119304e-11,3.663307854170438e-11,4.617283118346638e-13,8.484879465697759e-13
1.36,0,0.0,0.0,2.0049896704375973e-11,3.671405885809636e-11,4.4574110028006153e-13,8.161943343409916e-13,2.0012336298551634e-11,3.6675388572183535e-11,4.4362300291589385e-13,8.15195133618829e-13
1.3800000000000001,0,0.0,0.0,2.007137681546857e-11,3.675339163124595e-11,4.607460246663919e-13,8.437001097760799e-13,2.0033704817485106e-11,3.67146601442889e-11,4.583416979286881e-13,8.423539643587219e-13
1.4000000000000001,0,0.0,0.0,2.0092015137682984e-11,3.679118297074817e-11,3.968192961723016e-13,7.266132140415493e-13,2.00542335082116e-11,3.675239047703591e-11,3.9472938806461855e-13,7.254058465022695e-13
1.42,0,0.0,0.0,2.0111487835876486e-11,3.682683973995209e-11,3.7508841518874014e-13,6.868811075477765e-13,2.0073600617256554e-11,3.6787987460729964e-11,3.730509824662054e-13,6.857570067353436e-13
1.44,0,0.0,0.0,2.0128743950382554e-11,3.68584379778672e-11,4.786323247463198e-13,8.764239334269064e-13,2.009076097632779e-11,3.681953053443852e-11,4.759708252533024e-13,8.749112545558546e-13
1.46,0,0.0,0.0,2.0146226628014516e-11,3.689045112000439e-11,3.270127224563879e-13,5.987293993925391e-13,2.0108144743496595e-11,3.685148577844498e-11,3.251413895066779e-13,5.976608097313374e-13
1.48,0,0.0,0.0,2.0162650444748212e-11,3.692052539640696e-11,3.164963950641475e-13,5.795086632787161e-13,2.0124473781011088e-11,3.688150382205134e-11,3.146571544987431e-13,5.784539514053222e-13
1.5,0,0.0,0.0,2.0178420782908566e-11,3.6949402852388983e-11,2.6871560532271133e-13,4.92078600089485e-13,2.0139884120248414e-11,3.690983421563797e-11,2.968688662952079e-13,5.456884943910723e-13
1.52,0,0.0,0.0,2.0192749851222398e-11,3.697564101680791e-11,3.1327631461186556e-13,5.736244812482028e-13,2.0154186430886313e-11,3.693612902918674e-11,3.0679842347169917e-13,5.640488076608108e-13
1.54,0,0.0,0.0,2.0206050098844404e-11,3.699999538255424e-11,3.226164994873937e-13,5.907219158274302e-13,2.0167414940320008e-11,3.696045089315403e-11,3.210522125929316e-13,5.902917044053879e-13
1.56,0,0.0,0.0,2.021915867383377e-11,3.702399882068028e-11,2.4640185725122166e-13,4.5113912605643236e-13,2.018045299966744e-11,3.698442404994707e-11,2.450886715799072e-13,4.505840145441198e-13
1.58,0,0.0,0.0,2.0231482731840515e-11,3.7046565768990316e-11,2.3747757232905897e-13,4.3481884759444256e-13,2.0192506138970045e-11,3.7006587695865636e-11,2.587114550367531e-13,4.757583216274952e-13
1.6,0,0.0,0.0,2.0243316280738234e-11,3.7068234602384597e-11,2.0164989469884098e-13,3.6926017799032707e-13,2.0204287506951922e-11,3.7028252685112684e-11,2.0038701600832987e-13,3.685246552365129e-13
1.62,0,0.0,0.0,2.025406832279007e-11,3.7087923366892246e-11,2.3512962410432436e-13,4.305444889496357e-13,2.021498825539898e-11,3.7047931513124257e-11,2.339907781423456e-13,4.3029468876909505e-13
1.6400000000000001,0,0.0,0.0,2.026426615408476e-11,3.710659709612184e-11,2.1787649809312803e-13,3.9888925496001093e-13,2.0225136270639613e-11,3.706659488952413e-11,2.167944643249875e-13,3.9869496593070153e-13
1.6600000000000001,0,0.0,0.0,2.0274084010681913e-11,3.712457466000384e-11,1.8532441206642325e-13,3.3939517862791035e-13,2.023490491443279e-11,3.7084561337298093e-11,1.8442148849717732e-13,3.3920088959860095e-13
1.68,0,0.0,0.0,2.0283320489884923e-11,3.714148782531656e-11,1.7799433801868325e-13,3.2586433551529126e-13,2.0244094135431497e-11,3.710146287302462e-11,1.7702896440430216e-13,3.2568392427378967e-13
1.7,0,0.0,0.0,2.029203826118145e-11,3.715745087564258e-11,1.6789738002676025e-13,3.0743463330651366e-13,2.025276616857516e-11,3.7117414141108796e-11,1.670330540548548e-13,3.0722646648939644e-13
1.72,0,0.0,0.0,2.0300265773602804e-11,3.717251646330887e-11,1.5849647982957293e-13,2.9022617642482373e-13,2.0260949602974033e-11,3.713246764122191e-11,1.5762868441071554e-13,2.900180096077065e-13
1.74,0,0.0,0.0,2.030804989807628e-11,3.718677051957753e-11,1.474376176702208e-13,2.69936850649799e-13,2.0268691254044235e-11,3.714670924911488e-11,1.4659367469915807e-13,2.697703171961052e-13
1.76,0,0.0,0.0,2.0315255594185517e-11,3.7199965256547234e-11,1.5461373500946785e-13,2.83176260218454e-13,2.0275856823831073e-11,3.71598915377089e-11,1.5375591425059731e-13,2.829125822501055e-13
1.78,0,0.0,0.0,2.0322067404849655e-11,3.721243852896217e-11,1.4561615802044514e-13,2.665645482125001e-13,2.0282629805312292e-11,3.717235248664827e-11,1.447592046233126e-13,2.663147480319594e-13
1.8,0,0.0,0.0,2.0328626055173878e-11,3.722444831101991e-11,1.2382673011956946e-13,2.2670754162845697e-13,2.0289150239244662e-11,3.71843492790966e-11,1.2312243238832288e-13,2.264438636601085e-13
1.82,0,0.0,0.0,2.0334677463246428e-11,3.723552918335072e-11,1.3209398852520593e-13,2.419314748536294e-13,2.029516577453678e-11,3.719541743937379e-11,1.3132854179143116e-13,2.4165391909747314e-13
1.84,0,0.0,0.0,2.0340525812828822e-11,3.724623806157935e-11,1.1034489294514671e-13,2.0208834605739412e-13,2.0300978505042047e-11,3.72061136055488e-11,1.0960026289308367e-13,2.0182466808904564e-13
1.86,0,0.0,0.0,2.034602702386067e-11,3.725631180897116e-11,1.0600678321259771e-13,1.9413637364351644e-13,2.0306445751922966e-11,3.7216174599253615e-11,1.0536146607953434e-13,1.939004512507836e-13
1.8800000000000001,0,0.0,0.0,2.035111920834725e-11,3.7265636586032777e-11,1.1108952299720976e-13,2.0343449147475212e-13,2.0311505903005834e-11,3.722548705283965e-11,1.1040951139462685e-13,2.032263246576349e-13
1.9000000000000001,0,0.0,0.0,2.0356040194275025e-11,3.7274647655701e-11,9.286278343512144e-14,1.7003065622134272e-13,2.031639544186643e-11,3.723448564637663e-11,9.227384481502732e-14,1.6976697825299425e-13
1.92,0,0.0,0.0,2.0360580067526657e-11,3.7282961061220525e-11,9.908827230953321e-14,1.8154922010182872e-13,2.0320994448805594e-11,3.724295008386089e-11,8.864133385633188e-14,1.6316115125647457e-13
1.94,0,0.0,0.0,2.0364884886614657e-11,3.729084392225112e-11,9.192993588591492e-14,1.6843471062344406e-13,2.032525106426501e-11,3.7250784677945495e-11,9.288793692552311e-14,1.709743457922741e-13
1.96,0,0.0,0.0,2.0368951057625668e-11,3.7298289424798944e-11,8.69343659559707e-14,1.5919210394343963e-13,2.032928640967353e-11,3.7258212278147066e-11,8.619884320215654e-14,1.5866474800674268e-13
1.98,0,0.0,0.0,2.037285565822685e-11,3.730543895576618e-11,7.509357718982201e-14,1.3748724381201782e-13,2.0333085922027574e-11,3.726520615584626e-11,8.277016225188838e-14,1.5239198791761055e-13
2.0,0,0.0,0.0,2.037646861928565e-11,3.7312054858036654e-11,7.881716113100623e-14,1.443845043525016e-13,2.0336686732215784e-11,3.727183486731486e-11,7.690766426482476e-14,1.4163670236655435e-13
2.02,0,0.0,0.0,2.037989418207047e-11,3.7318327645881354e-11,7.32027286010073e-14,1.341010635869111e-13,2.0340087612053944e-11,3.727809594230666e-11,7.268274523908325e-14,1.3387901898198606e-13
2.04,0,0.0,0.0,2.0383129942688264e-11,3.7324252739630316e-11,6.917643541326512e-14,1.2674583604876943e-13,2.034330004888091e-11,3.728401039179238e-11,6.867553400957682e-14,1.2644052471699752e-13
2.06,0,0.0,0.0,2.0386237226649646e-11,3.732994253548701e-11,5.977206576912586e-14,1.0941247907680918e-13,2.0346384432757686e-11,3.728968936297458e-11,5.930759355843307e-14,1.0925982341092322e-13
2.08,0,0.0,0.0,2.0389120572555433e-11,3.733522235373628e-11,6.184722872726311e-14,1.1328438187518941e-13,2.0349246345287567e-11,3.729495881451637e-11,6.136020511138263e-14,1.1303458169464875e-13
2.1,0,0.0,0.0,2.0391890966278893e-11,3.734029530968048e-11,5.329981248025639e-14,9.751921492551219e-14,2.0351995761000035e-11,3.7300021570286544e-11,5.285355486606136e-14,9.731104810839497e-14
2.12,0,0.0,0.0,2.0394504843709364e-11,3.734508167542867e-11,5.0342108953715936e-14,9.221789998292707e-14,2.0354589521276035e-11,3.730479799953867e-11,4.9948760405538195e-14,9.202361095361766e-14
2.14,0,0.0,0.0,2.0396930976354836e-11,3.734952445490632e-11,5.202609176802042e-14,9.535428002749313e-14,2.0357043167069523e-11,3.730931681541572e-11,4.6460231495348836e-14,8.561207298640738e-14
2.16,0,0.0,0.0,2.0399175222810178e-11,3.735363420910994e-11,5.446771506045778e-14,9.978129433818594e-14,2.0359258487878266e-11,3.731339684339786e-11,5.49295851859366e-14,1.0116907311896739e-13
2.18,0,0.0,0.0,2.040138079143722e-11,3.7357673061695655e-11,4.231424238776427e-14,7.74658115432203e-14,2.0361444663164205e-11,3.7317423136585606e-11,4.195211886215411e-14,7.724376693829527e-14
2.2,0,0.0,0.0,2.040349712849074e-11,3.736154846169657e-11,3.612821847243097e-14,6.596112545054211e-14,2.0363541959025493e-11,3.7321286004944116e-11,3.572012477470743e-14,6.583622536027178e-14
2.22,0,0.0,0.0,2.0405458002662112e-11,3.736513897846936e-11,3.782174226585333e-14,6.933342788784103e-14,2.0365484822864052e-11,3.732486486437515e-11,3.7544620190566036e-14,6.909750549510818e-14
2.24,0,0.0,0.0,2.0407341369388583e-11,3.7368587719761905e-11,3.2093685348177914e-14,5.877243136609422e-14,2.0367350635923658e-11,3.73283017540369e-11,3.1807022293772746e-14,5.859202012459264e-14
2.2600000000000002,0,0.0,0.0,2.0409086061453015e-11,3.737178295550457e-11,3.363715556092828e-14,6.168676680573526e-14,2.0369078812119554e-11,3.7331485693260284e-11,3.3364370294330925e-14,6.138145547396334e-14
2.2800000000000002,0,0.0,0.0,2.041073316057677e-11,3.7374798806962044e-11,3.172202084344988e-14,5.80785419757035e-14,2.037064895110366e-11,3.73343779768951e-11,3.823677485748078e-14,7.042977312465837e-14
2.3000000000000003,0,0.0,0.0,2.041228772000934e-11,3.737764518287479e-11,2.994349559970466e-14,5.485889520429055e-14,2.037219752053606e-11,3.733723081985697e-11,2.912080299122266e-14,5.365152766501069e-14
2.32,0,0.0,0.0,2.0413730611822316e-11,3.7380287152850914e-11,3.097001821661394e-14,5.667688540711424e-14,2.0373629148789505e-11,3.733986840445213e-11,3.073799895170204e-14,5.66352520436908e-14
2.34,0,0.0,0.0,2.0415120809241304e-11,3.7382832547301685e-11,2.6270652320192767e-14,4.810041254188491e-14,2.0375008363674165e-11,3.734240958005541e-11,2.601694901183116e-14,4.7933879088191134e-14
2.36,0,0.0,0.0,2.0416403537071505e-11,3.738518111308798e-11,2.801751886050141e-14,5.122291479864316e-14,2.0376280844059116e-11,3.734475409352766e-11,2.7797208979052357e-14,5.1209037010835345e-14
2.38,0,0.0,0.0,2.0417639725306625e-11,3.738744456640165e-11,2.3746195981777518e-14,4.353462035311395e-14,2.0377487150814993e-11,3.7346977176356586e-11,2.5725515467867055e-14,4.7531423241764514e-14
2.4,0,0.0,0.0,2.0418805934796708e-11,3.7389580246922973e-11,2.2495894036467234e-14,4.1175396425785493e-14,2.0378645137715806e-11,3.734911142746576e-11,2.2254767473306458e-14,4.105049633551516e-14
2.42,0,0.0,0.0,2.0419778883514824e-11,3.7391362057732984e-11,3.533631720564756e-14,6.482314685030133e-14,2.0379610840927646e-11,3.735089142028558e-11,3.515894173022893e-14,6.478151348687788e-14
2.44,0,0.0,0.0,2.0420844816013343e-11,3.73933136771546e-11,1.795699006157392e-14,3.282096816548119e-14,2.0380650896122393e-11,3.735280810931528e-11,1.9809241053048154e-14,3.649858193455202e-14
2.46,0,0.0,0.0,2.04218115570235e-11,3.7395083927767365e-11,2.1114186787851708e-14,3.8719027983802334e-14,2.0381614274804776e-11,3.735458371675415e-11,2.070045523883124e-14,3.8219427622721014e-14
2.48,0,0.0,0.0,2.042274363001867e-11,3.739679065974531e-11,1.7924463996399354e-14,3.284872374109682e-14,2.0382539874245616e-11,3.735628971320936e-11,1.7770507287906412e-14,3.2862601528904634e-14
2.5,0,0.0,0.0,2.0423623069768862e-11,3.7398400732931197e-11,1.6919191742070794e-14,3.098910017484968e-14,2.0383413056414555e-11,3.7357899425572763e-11,1.67990621413594e-14,3.1030733538273125e-14
2.52,0,0.0,0.0,2.042438080348838e-11,3.739978808150056e-11,2.403546112139665e-14,4.39648317751562e-14,2.0384186727038642e-11,3.735932574297029e-11,2.144898841871523e-14,3.9593328615694645e-14
2.54,0,0.0,0.0,2.0425172037753976e-11,3.740123713071451e-11,1.4703516182379417e-14,2.696454171058349e-14,2.0384967800161488e-11,3.7360765799377744e-11,1.4929030234256402e-14,2.758904216193514e-14
2.56,0,0.0,0.0,2.042590048196865e-11,3.740257110531197e-11,1.593733825466792e-14,2.90878432451791e-14,2.0385690092613035e-11,3.7362097373117906e-11,1.5806366632231672e-14,2.914335439641036e-14
2.58,0,0.0,0.0,2.0426591181636245e-11,3.740383609342622e-11,1.4800227016165124e-14,2.7033930649622562e-14,2.0386374804015197e-11,3.736335977996363e-11,1.465320920157609e-14,2.6992297286199118e-14
2.6,0,0.0,0.0,2.04272436011609e-11,3.7405030665645135e-11,1.392766110774879e-14,2.550737399076297e-14,2.038702151803434e-11,3.7364552062347554e-11,1.3825312422666158e-14,2.5479618415147343e-14
2.62,0,0.0,0.0,2.0427870241393665e-11,3.7406177706440807e-11,1.2072808031060589e-14,2.2037927038809357e-14,2.038764241286295e-11,3.736569678555267e-11,1.1929693344292502e-14,2.2010171463193728e-14
2.64,0,0.0,0.0,2.0428471706451974e-11,3.740727888114779e-11,1.0247878934332988e-14,1.8721135752741702e-14,2.0388238438262122e-11,3.7366795670424666e-11,1.0164178526617107e-14,1.8721135752741702e-14
2.66,0,0.0,0.0,2.042902885279492e-11,3.740829912059628e-11,1.073533623108247e-14,1.9720336474904343e-14,2.038879047844652e-11,3.736781366167152e-11,1.0669850419864346e-14,1.9595436384634013e-14
2.68,0,0.0,0.0,2.042954463335554e-11,3.740924376773455e-11,1.1244911252150658e-14,2.055300374337321e-14,2.0389301510635314e-11,3.7368756143874905e-11,1.1140394162723055e-14,2.0608514894604468e-14
2.7,0,0.0,0.0,2.0430043153851254e-11,3.7410156773516633e-11,9.400032835449323e-15,1.7194579093882112e-14,2.0389795286662325e-11,3.736966684594421e-11,9.31806715120942e-15,1.7166823518266483e-14
2.72,0,0.0,0.0,2.043050429972968e-11,3.7411001556093867e-11,9.88271964263987e-15,1.8166024240429124e-14,2.039025198644449e-11,3.7370509532975487e-11,9.77126365930836e-15,1.8096635301390052e-14
2.74,0,0.0,0.0,2.0430955231122596e-11,3.74118272012017e-11,7.713447935930873e-15,1.4072076837123859e-14,2.039069203201392e-11,3.737132125866215e-11,8.307157045583935e-15,1.529332216421153e-14
2.7600000000000002,0,0.0,0.0,2.0431372994602645e-11,3.741259200608778e-11,8.048249566794397e-15,1.4779844015322396e-14,2.0391106169054552e-11,3.737208478679177e-11,7.970620691244434e-15,1.472433286409114e-14
2.7800000000000002,0,0.0,0.0,2.043176080157668e-11,3.7413301993712015e-11,8.308891769059912e-15,1.5237811012980274e-14,2.0391490307522116e-11,3.737279363643742e-11,8.229094489164979e-15,1.519617764955683e-14
2.8000000000000003,0,0.0,0.0,2.0432133274028866e-11,3.741398414249392e-11,7.183489914019958e-15,1.3100631690576847e-14,2.0391859415478117e-11,3.7373474674996296e-11,7.135785018430596e-15,1.304512053934559e-14
2.82,0,0.0,0.0,2.04324846587488e-11,3.74146277387813e-11,6.764120513702565e-15,1.2351231148954867e-14,2.0392207606572136e-11,3.737411716106064e-11,6.7459059172048086e-15,1.2420620087993939e-14
2.84,0,0.0,0.0,2.0432816422878857e-11,3.741523529445373e-11,6.382915029856662e-15,1.1726730697603216e-14,2.0392536300675313e-11,3.737472350936555e-11,6.369037242048847e-15,1.1712852909795402e-14
2.86,0,0.0,0.0,2.0433124426935144e-11,3.7415799426528106e-11,6.6101638052096234e-15,1.2087553180606392e-14,2.0392841284144346e-11,3.737528644795019e-11,6.493937332319177e-15,1.2059797604990763e-14
2.88,0,0.0,0.0,2.043341551049865e-11,3.7416332472357806e-11,6.231126725708691e-15,1.136590821460004e-14,2.039312963855413e-11,3.7375818466823606e-11,6.168676680573526e-15,1.1352030426792226e-14
2.9,0,0.0,0.0,2.0433695769821338e-11,3.7416845464784126e-11,5.239298578318952e-15,9.672818102046676e-15,2.0393407173493604e-11,3.7376330404538035e-11,5.272692005231505e-15,9.686695889854491e-15
2.92,0,0.0,0.0,2.0433954348136347e-11,3.741731879449289e-11,5.629611360413733e-15,1.0394463068053028e-14,2.039366307556397e-11,3.7376802846068384e-11,5.613998849129942e-15,1.0311196341206141e-14
2.94,0,0.0,0.0,2.043420342103407e-11,3.741777502676706e-11,4.784801027613028e-15,8.756884106730922e-15,2.039390968819012e-11,3.7377258106897415e-11,4.724519386822834e-15,8.784639682346551e-15
2.96,0,0.0,0.0,2.043442974173236e-11,3.74181893064887e-11,5.541140463138916e-15,1.008915173628111e-14,2.0394133662674918e-11,3.737767159558516e-11,5.4691494388858786e-15,1.0130785099704553e-14
2.98,0,0.0,0.0,2.043464865559509e-11,3.741859037455635e-11,4.6542630860457734e-15,8.604228440844963e-15,2.0394345811549766e-11,3.737806331002382e-11,5.117867935000575e-15,9.43689570931383e-15
3.0,1,0.6,-0.4,2.0434854745080838e-11,3.741896785038472e-11,4.479923376710104e-15,8.215650382226158e-15,2.039455078343992e-11,3.7378441840564055e-11,4.382778862055403e-15,8.0629947163402e-15
3.02,1,0.6,-0.4,0.032245143245610605,-0.02149676211135245,0.8149018651760956,-0.5432679100090935,0.032224153021125565,-0.021452421881802578,0.8143713985278341,-0.542147340143961
3.04,1,0.6,-0.4,0.06428511903747385,-0.04285674597087947,0.601357708135964,-0.4009051387437207,0.06424444639222132,-0.042770832343045795,0.6009892912712231,-0.40012696889717586
3.06,1,0.6,-0.4,0.0938205506291792,-0.06254703369704259,0.6448036317717729,-0.4298690878046897,0.09376288581301716,-0.06242523317316348,0.6444331159769591,-0.42908657256787897
3.08,1,0.6,-0.4,0.12228628885665105,-0.08152419251369708,0.5471787228784069,-0.3647858152375422,0.12221332662046057,-0.08137008825165806,0.546885094175256,-0.3641657577595864
3.1,1,0.6,-0.4,0.14869951293288833,-0.09913300856299462,0.5665964332744834,-0.37773095547436253,0.14861337625419263,-0.09895108741200818,0.5663146125492188,-0.37713591435971133
3.12,1,0.6,-0.4,0.17358995250431386,-0.11572663494238358,0.5421991813267611,-0.3614661208495356,0.17349235042157074,-0.1155205089572984,0.5419498423335191,-0.3609397382058882
3.14,1,0.6,-0.4,0.19756960867675108,-0.131713072389148,0.4609630442435995,-0.30730869615052886,0.1974618709683696,-0.13148555237657125,0.4607685623250799,-0.3068981900198995
3.16,1,0.6,-0.4,0.22019388659909045,-0.14679592433592556,0.4358019152550156,-0.290534610155991,0.220077462840423,-0.14655007349932256,0.43563490869699006,-0.2901821650266547
3.18,1,0.6,-0.4,0.2411939297795763,-0.16079595312157702,0.45044796465299036,-0.30029864306630805,0.24147551815293794,-0.16080477663887968,0.4052637421077275,-0.2699746048005837
3.2,1,0.6,-0.4,0.26104389792263255,-0.1740292652156367,0.42431441894759125,-0.2828762792673105,0.2612295401142571,-0.17396539107125847,0.4311992384792744,-0.2872759608361487
3.22,1,0.6,-0.4,0.27939449569320957,-0.18626299706146224,0.44542093250953485,-0.2969472882867121,0.2795604806356539,-0.18617891695126035,0.44462662366587574,-0.2962465081111664
3.24,1,0.6,-0.4,0.29714336446104783,-0.19809557623879234,0.3777791401134742,-0.2518527600508774,0.29728852324980065,-0.19799170108865086,0.3773461928641193,-0.2514391870096612
3.2600000000000002,1,0.6,-0.4,0.3138973897503578,-0.20926492643052189,0.35822710220033993,-0.2388180681064667,0.31402360408969127,-0.20914376615281513,0.35782226012538354,-0.23844939099318455
3.2800000000000002,1,0.6,-0.4,0.32998594514910584,-0.2199906300285506,0.3093696968561292,-0.20624646456449777,0.33009457970400485,-0.21985416847775924,0.3090318888967716,-0.20595272778372675
3.3000000000000003,1,0.6,-0.4,0.34487350210400175,-0.22991566799742988,0.3248930207550793,-0.21659534714532924,0.3449664458066427,-0.2297662658940632,0.32455083240710714,-0.21631344075414702
3.3200000000000003,1,0.6,-0.4,0.3592208981622343,-0.23948059870189503,0.2757926597002981,-0.1838617731291351,0.35929926475972457,-0.2393198759981302,0.2755126650354891,-0.1836446143091465
3.34,1,0.6,-0.4,0.3729919549141991,-0.24866130320226626,0.23467122722895972,-0.15644748482593324,0.37282242182648867,-0.24833456083856595,0.2604911787181634,-0.17364654471309454
3.36,1,0.6,-0.4,0.3857507198437696,-0.25716714648777184,0.24621323791087535,-0.16414215859975087,0.38537521507630973,-0.2567030921932022,0.26925601677475597,-0.17950460882519437
3.38,1,0.6,-0.4,0.397795731737496,-0.2651971544160832,0.2320038577159787,-0.15466923847258843,0.3974692819449401,-0.2647664724964736,0.22827990128758913,-0.15219970932908286
3.4,1,0.6,-0.4,0.4091635280826592,-0.2727756853120716,0.21896620430269154,-0.14597746953096524,0.4088474734126154,-0.2723532047311043,0.21923594719975728,-0.14618201174163428
3.42,1,0.6,-0.4,0.41989223482911014,-0.2799281564756352,0.20665598058732582,-0.1377706537213164,0.419586947303258,-0.27951465583067076,0.20686249407833485,-0.13794324935561758
3.44,1,0.6,-0.4,0.4300177804011757,-0.2866785201896569,0.19503791220546393,-0.1300252748006245,0.4297230398740607,-0.2862743196349988,0.19524122255599363,-0.13020471681182863
3.46,1,0.6,-0.4,0.439416347880196,-0.29294423184172563,0.20159814459746983,-0.13439876304894874,0.439131761111485,-0.2925494320982186,0.2018162228789309,-0.1346010041836436
3.48,1,0.6,-0.4,0.44808004020810727,-0.2987200267263997,0.21436420843682602,-0.1429094722655648,0.447805144684977,-0.29833459247781574,0.2146041662154715,-0.14314155786117094
3.5,1,0.6,-0.4,0.45649134044537265,-0.30432756021735047,0.17890730529597898,-0.11927153685412652,0.45622616565287233,-0.3039518769100009,0.1791143597950831,-0.1194795625777906
3.52,1,0.6,-0.4,0.4642604589727965,-0.3095069725684768,0.188610265819177,-0.1257401771887045,0.4640045598032861,-0.309140922792312,0.18883573219926014,-0.1259746466818831
3.54,1,0.6,-0.4,0.47177506999135654,-0.31451671324703595,0.15994518119486478,-0.10663012078804995,0.47152842329329914,-0.31416057392012325,0.16014237314558255,-0.10684160316155136
3.56,1,0.6,-0.4,0.4788684712865187,-0.3192456474433815,0.15166797576094368,-0.10111198383081398,0.4786308298570939,-0.31889943590227715,0.15186074539802008,-0.10132472592476728
3.58,1,0.6,-0.4,0.4856801229169763,-0.3237867485299348,0.1309824617935415,-0.08732164119676905,0.48545139024030937,-0.3234506216053252,0.13115386854736102,-0.08751576850060011
3.6,1,0.6,-0.4,0.4921070892451402,-0.3280713927483361,0.1237993229774571,-0.08253288198510231,0.4918870121362173,-0.32774530830528664,0.12396613890595837,-0.08272651124059285
3.62,1,0.6,-0.4,0.4980559246631993,-0.332037283026698,0.12981857755293968,-0.08654571836090479,0.4978440903798765,-0.3317209817383749,0.12999855130564686,-0.08675941089499954
3.64,1,0.6,-0.4,0.5038046750776481,-0.3358697833026916,0.10844829947216264,-0.0722988663157165,0.5036010247850791,-0.33556339689230813,0.10860285010600938,-0.07248624969741212
3.66,1,0.6,-0.4,0.5091229070188911,-0.3394152712632515,0.11414826179778953,-0.07609884119095482,0.5090167155913653,-0.33917835719201517,0.10435089925035526,-0.06965407267188119
3.68,1,0.6,-0.4,0.5142332942411447,-0.3428221960778166,0.09826217782984525,-0.06550811855533012,0.5141284026120332,-0.3425906818697456,0.09846070596920511,-0.06572789245537762
3.7,1,0.6,-0.4,0.519066971206705,-0.34604464738796864,0.0915512166055445,-0.06103414440405899,0.5189648677576993,-0.3458195513214861,0.09159926591348092,-0.061152709375860745
3.72,1,0.6,-0.4,0.5235415036563749,-0.34902766902088134,0.09602776329572021,-0.06401850885805246,0.5234421174838197,-0.34880885638449177,0.09608636568200339,-0.06415373748362203
3.74,1,0.6,-0.4,0.527841073449163,-0.35189404888253795,0.08267200604746396,-0.055114670700715254,0.5277444642000135,-0.35168162204938125,0.08272546101752395,-0.0552375873171116
3.7600000000000002,1,0.6,-0.4,0.5319681145740884,-0.35464540963231983,0.07032819307307761,-0.04688546205490605,0.5318140124420845,-0.35439917068503,0.07707850201432259,-0.051471363452794
3.7800000000000002,1,0.6,-0.4,0.5357179925752001,-0.3571453282995767,0.08198608947381097,-0.054657392978159275,0.5355709257876795,-0.3569081603641113,0.0820074404372711,-0.05476733617481782
3.8000000000000003,1,0.6,-0.4,0.5393429658912056,-0.3595619771767801,0.06837968477546247,-0.045586456519018756,0.5392017902140589,-0.35933316894766476,0.06849456607379578,-0.04574680494067042
3.8200000000000003,1,0.6,-0.4,0.5426964352813557,-0.36179762343676775,0.07197757257602057,-0.04798504838045242,0.5425608688721396,-0.3615768438206021,0.07209794856221577,-0.048157499238717844
3.84,1,0.6,-0.4,0.5459746112466544,-0.3639830740801915,0.055764279604363226,-0.03717618640910665,0.5458446530260035,-0.3637704073040316,0.055859722297639205,-0.03731428072418416
3.86,1,0.6,-0.4,0.5489524465832808,-0.3659682976378508,0.0651080941116432,-0.04340539607153873,0.5488277008134971,-0.36576324922984355,0.0652221037595409,-0.04357205735206609
3.88,1,0.6,-0.4,0.551776805004176,-0.3678512032517004,0.06033506270011809,-0.0402233751317563,0.5516571103457847,-0.36765360668174313,0.0604430589638485,-0.04038275899482658
3.9,1,0.6,-0.4,0.554488558699874,-0.36965903904875635,0.05214558470067557,-0.03476372313645886,0.5543738179905386,-0.36946881680888854,0.05224088583173966,-0.03490561043537431
3.92,1,0.6,-0.4,0.5570471733405515,-0.371364782142481,0.049285256627553196,-0.032856837753854694,0.5569372065130836,-0.3711817278179013,0.04937724860655539,-0.03299498369140023
3.94,1,0.6,-0.4,0.5594619544608578,-0.37297463622263444,0.04651341182976435,-0.03100894122204509,0.5593565872107734,-0.3727985450103838,0.046602041976899676,-0.031143134507347424
3.96,1,0.6,-0.4,0.5616970794773729,-0.37446471956693417,0.0487760808029932,-0.03251738720103947,0.5615960566468464,-0.37429525676545305,0.04887092261466901,-0.03266211085107589
3.98,1,0.6,-0.4,0.563816281045157,-0.3758775206120922,0.04527413173834139,-0.030182754491589386,0.5637194579330896,-0.37571451223787283,0.04536392276270782,-0.030320791149050234
4.0,1,0.6,-0.4,0.5658180035856905,-0.37721200230575763,0.042794684790807315,-0.028529789859962323,0.565725224102599,-0.3770552521290709,0.04288119660882421,-0.028663716853098927
4.0200000000000005,1,0.6,-0.4,0.5677032149161725,-0.37846880985938774,0.04106876425940475,-0.02737917617291119,0.5676143161564284,-0.37831810618981065,0.04115333630728968,-0.02751096416917553
4.04,1,0.6,-0.4,0.569490095734033,-0.3796600637379505,0.038176734286540434,-0.02545115619078856,0.5694049433204129,-0.3795152344485781,0.03825683328808207,-0.025576785080700985
4.0600000000000005,1,0.6,-0.4,0.5712104129815684,-0.38080694190297104,0.0324757568214188,-0.021650504549761376,0.5711289333675742,-0.38066790713576754,0.032545138293019846,-0.02175999158288343
4.08,1,0.6,-0.4,0.572828870199475,-0.38188591338157407,0.031184485365324997,-0.020789656912307147,0.5727509094011833,-0.38175246367953686,0.03125230768126721,-0.02089731572792014
4.1,1,0.6,-0.4,0.5743564151922513,-0.38290427671009447,0.029423373519796334,-0.019615582348645473,0.5742818351047264,-0.3827762237031958,0.029488513420605322,-0.01971957717913367
4.12,1,0.6,-0.4,0.5757980814285723,-0.38386538753431526,0.027769327857926483,-0.018512885240709917,0.5757267482093005,-0.3837425461472788,0.02783188881948548,-0.018613313156936505
4.14,1,0.6,-0.4,0.5771586981103571,-0.38477246532218246,0.02620815191447473,-0.017472101278380184,0.5770904822898721,-0.38465465423923534,0.026268217919071774,-0.017569034336539117
4.16,1,0.6,-0.4,0.5784460080750329,-0.38563067196531853,0.024380712810985472,-0.016253808542396178,0.5783807917881881,-0.3855177255734631,0.02443755538237423,-0.016346012928220008
4.18,1,0.6,-0.4,0.5796343666681445,-0.386422911027408,0.025939980799594343,-0.017293320533365318,0.5795719659395122,-0.38631455341875365,0.026001458422727164,-0.01739352522104796
4.2,1,0.6,-0.4,0.580757642050504,-0.3871717612823292,0.024461383152915288,-0.01630758876931607,0.5807200138608363,-0.3870825950795774,0.022068263856136756,-0.014763647071908576
4.22,1,0.6,-0.4,0.5818222598753159,-0.38788150649889275,0.022745850950169552,-0.015163900633938548,0.5817823427957491,-0.38779335025743344,0.02318348512909802,-0.015511022284003945
4.24,1,0.6,-0.4,0.5828278725360068,-0.38855191493937763,0.02149887183386863,-0.014332581223077132,0.5827896188987154,-0.3884673270482993,0.021519222516365073,-0.014398737329581633
4.26,1,0.6,-0.4,0.5837778568295298,-0.3891852378017521,0.020309170969572056,-0.013539447313582623,0.5837567835144248,-0.38911451820451265,0.01859805655997237,-0.012445158748084946
4.28,1,0.6,-0.4,0.5846925537497956,-0.38979503574862495,0.017267087375160306,-0.011511391585192644,0.5846716265726353,-0.38972674866329426,0.017327370200727263,-0.011595841391221749
4.3,1,0.6,-0.4,0.5855365078767354,-0.3903576718332781,0.018423133442198134,-0.012282088962011124,0.5855161884132682,-0.39029199296682043,0.0184354418469884,-0.012338402992773041
4.32,1,0.6,-0.4,0.5863196411767994,-0.39087976070001584,0.018995247572078496,-0.012663498380725636,0.5862999079760022,-0.39081655971235785,0.019009531738745797,-0.01272368590859336
4.34,1,0.6,-0.4,0.5870914973105169,-0.3913943314558577,0.014508296330098161,-0.009672197555221154,0.5870723711622975,-0.39133363373253105,0.014519728862417529,-0.009719298054875107
4.36,1,0.6,-0.4,0.587829749110154,-0.3918864993223155,0.012584797411299163,-0.008389864943182111,0.5878112325743237,-0.39182825682923006,0.012595197878575541,-0.008431736616170608
4.38,1,0.6,-0.4,0.588513766649948,-0.39234251101554385,0.013199815184909189,-0.008799876791323541,0.5884958420950401,-0.3922866004573775,0.013211247596526997,-0.008844895487054246
4.4,1,0.6,-0.4,0.5891611230425644,-0.39277408194398844,0.012259774489846637,-0.008173182994587583,0.5891437839082786,-0.3927204312332797,0.012270878239956297,-0.008216016050923697
4.42,1,0.6,-0.4,0.5897587140024316,-0.3931724759172634,0.013044473132377943,-0.008696315422226056,0.5897419387051797,-0.3931209605477684,0.01305679008830142,-0.008742946069060039
4.44,1,0.6,-0.4,0.5903446111700519,-0.3935630740290427,0.009963744866082265,-0.006642496579510852,0.5903284110709777,-0.3935136992740139,0.009973534306599745,-0.006678915846290953
4.46,1,0.6,-0.4,0.590876807961206,-0.3939178718898433,0.011636124412002631,-0.007757416275203403,0.5908611514842176,-0.39387048597684243,0.011648018112830269,-0.007800917292460694
4.48,1,0.6,-0.4,0.591389865897169,-0.394259910513849,0.009861931437534228,-0.006574620959811926,0.5913747530915703,-0.39421448309599244,0.009872389529520423,-0.006612283096996805
4.5,1,0.6,-0.4,0.5918645957559964,-0.3945763970864308,0.010360152333016216,-0.006906768222664783,0.5918500045343503,-0.3945328207751116,0.010371542543573774,-0.006947181257464394
4.5200000000000005,1,0.6,-0.4,0.5923147067235413,-0.39487647106482493,0.009616055712922629,-0.006410703809290123,0.5923006271870513,-0.39483468588728515,0.00962700194814687,-0.006449000061982492
4.54,1,0.6,-0.4,0.5927480459696428,-0.39516536389559126,0.008180495313964427,-0.005453663543821678,0.5927344756998775,-0.3951253380767486,0.008190121055264461,-0.0054869013771657645
4.5600000000000005,1,0.6,-0.4,0.5931478720937796,-0.3954319146450452,0.00872801873744087,-0.0058186791589208454,0.5931347874015791,-0.39539354508440655,0.008738624859817315,-0.005854847505274992
4.58,1,0.6,-0.4,0.5935269832778435,-0.39568465543445086,0.008099156129461632,-0.0053994374202861635,0.5935143734536251,-0.39564788666077993,0.008109313403680152,-0.005433661961316085
4.6000000000000005,1,0.6,-0.4,0.5938850775579931,-0.39592338495457996,0.007655675059345023,-0.005103783373522738,0.5938729300285908,-0.39588815709976094,0.007665569787446265,-0.005136750425149491
4.62,1,0.6,-0.4,0.5942223288116528,-0.39614821912371373,0.007346917517052451,-0.00489794501207097,0.5942106296560749,-0.3961144697638605,0.007356690879847361,-0.004930165492913292
4.64,1,0.6,-0.4,0.5945481360151771,-0.39636542392609264,0.006146598076646699,-0.004097732052096964,0.5945368824575541,-0.3963331290035599,0.006155013838899513,-0.004125190464973873
4.66,1,0.6,-0.4,0.5948546216822295,-0.39656974770415565,0.005905433976948482,-0.003936955985588743,0.5948437993438025,-0.3965388462525149,0.0059137469081469995,-0.003963814306715772
4.68,1,0.6,-0.4,0.5951391176970997,-0.39675941171409684,0.006102344237052949,-0.004068229491880071,0.5951287067160542,-0.3967298270042848,0.006111176303197907,-0.0040964911881453125
4.7,1,0.6,-0.4,0.5954080327543897,-0.39693868841898333,0.005748350311765293,-0.0038322335417409464,0.595398020922902,-0.3969103699970865,0.005756891145472683,-0.0038593198223563097
4.72,1,0.6,-0.4,0.5956620661431248,-0.39710804401149935,0.005430858119091074,-0.0036205720799320825,0.5956524411329045,-0.39708094228336643,0.005439135858530279,-0.0036466001334290506
4.74,1,0.6,-0.4,0.5959020462327348,-0.39726803073793127,0.005130399958116219,-0.003420266639287786,0.5958927958658408,-0.3972420977435871,0.005138416876935253,-0.003445268351643851
4.76,1,0.6,-0.4,0.5961331122322643,-0.397422074737643,0.004361922121648508,-0.0029079480818862396,0.5961242314788998,-0.39739728570815985,0.004368905823489581,-0.0029295565011879503
4.78,1,0.6,-0.4,0.5963463075530592,-0.39756420495152966,0.004653956559973152,-0.0031026377071482775,0.5963377762084576,-0.3975404889947333,0.004661587298560761,-0.003126069326945962
4.8,1,0.6,-0.4,0.5965517782217198,-0.3977011853973265,0.00394963771637518,-0.002633091811706411,0.5965435914945356,-0.39767852013828836,0.003956265176603135,-0.0026532952156353134
4.82,1,0.6,-0.4,0.5967280185229642,-0.39781867893151107,0.005691460574630859,-0.003794307049171027,0.5967201342697809,-0.3977969293318327,0.005701233078239415,-0.003823886528574594
4.84,1,0.6,-0.4,0.5969094836493274,-0.3979396556824404,0.0038191724667945154,-0.00254611497852927,0.5969019172300686,-0.3979188622946867,0.0038258691545023232,-0.0025662553504883414
4.86,1,0.6,-0.4,0.5970804407408736,-0.3980536270768261,0.0036566845910409804,-0.0024377897278015682,0.5970731803559879,-0.39803374838103084,0.0036632358374677695,-0.0024573656929049448
4.88,1,0.6,-0.4,0.5972379532522953,-0.3981586354177935,0.0038974980907982917,-0.002598332060778672,0.597230980905862,-0.39813961221066524,0.003904628414566909,-0.002619506786656057
4.9,1,0.6,-0.4,0.59739035209847,-0.39826023464859567,0.0033111963320369975,-0.0022074642218843626,0.5973836641472413,-0.3982420511238778,0.003317378296292965,-0.0022257141444659238
4.92,1,0.6,-0.4,0.5975347337478945,-0.3983564890815649,0.0030849897564700357,-0.002056659838062788,0.5975283207535433,-0.39833911264426536,0.003090869443278778,-0.002073914672070472
4.94,1,0.6,-0.4,0.5976733640997367,-0.39844890931614546,0.002665778590785678,-0.0017771857277774257,0.597669624326549,-0.3984339321137487,0.002403864166297884,-0.0016130765848901135
4.96,1,0.6,-0.4,0.5978044896946815,-0.398536326379461,0.0024835503310544557,-0.001655700221217261,0.5978005143278958,-0.39852177114507653,0.002525923135295323,-0.0016951252827826346
4.98,1,0.6,-0.4,0.59792791510223,-0.39861860998451143,0.0023780426313219707,-0.0015853617547142863,0.5979243944557182,-0.39860491279005517,0.0023460696404149772,-0.0015745597400117477
5.0,1,0.6,-0.4,0.5980424838833391,-0.39869498917193485,0.002457466625171441,-0.0016383110837866026,0.5980387557892022,-0.3986816723294626,0.002496330309572109,-0.0016755440726631075
5.0200000000000005,1,0.6,-0.4,0.5981507781265041,-0.3987671853340613,0.0023149064751356863,-0.0015432709837810438,0.5981471952291195,-0.3987544629726801,0.0023166575745287576,-0.0015550757526592
5.04,1,0.6,-0.4,0.5982547663080294,-0.3988365107884275,0.0019996159150143036,-0.0013330772771597051,0.5982513162916469,-0.39882436059477383,0.002002192434296189,-0.001344096106183846
5.0600000000000005,1,0.6,-0.4,0.5983512620354208,-0.3989008412733707,0.00206993021245902,-0.0013799534752709074,0.5983458665834842,-0.3988878384936253,0.002302957352468736,-0.0015461331286723834
5.08,1,0.6,-0.4,0.598443977119096,-0.39896265132916914,0.0017827370170693455,-0.0011884913451477453,0.5984391347010505,-0.3989504605697049,0.001752870039283455,-0.0011769159109628717
5.1000000000000005,1,0.6,-0.4,0.5985281656451238,-0.3990187770132018,0.002050577792171014,-0.0013670518616128741,0.5985214620791838,-0.399005741405594,0.0022853481947377394,-0.0015345604539557783
5.12,1,0.6,-0.4,0.5986093717114124,-0.39907291439074066,0.0017649030294920875,-0.0011766020200119388,0.5986015934674866,-0.39905955185280856,0.0019263250079193661,-0.0012935855438440634
5.14,1,0.6,-0.4,0.5986860714682589,-0.3991240475619846,0.001670404817107951,-0.0011136032117096493,0.5986789546893903,-0.39911150620570446,0.0016471841820561786,-0.0011062218978673231
5.16,1,0.6,-0.4,0.598758766943115,-0.39917251121190145,0.0015531547384344951,-0.0010354364925683184,0.5987519869937117,-0.3991605573357424,0.0015615285574700488,-0.0010487821937165132
5.18,1,0.6,-0.4,0.598828565709846,-0.39921904372306777,0.001342190252113129,-0.0008947935017669748,0.5988221210199943,-0.3992076657241292,0.0013486209656386472,-0.0009058579068404529
5.2,1,0.6,-0.4,0.5988919461177308,-0.39926129732833615,0.001543751691254279,-0.0010291677943188183,0.5988858082086187,-0.3992504473582333,0.001551226773948984,-0.0010420340305987204
5.22,1,0.6,-0.4,0.5989544646911357,-0.3993029763772844,0.0011749648475555333,-0.0007833098986963355,0.5989486317571077,-0.39929265220159144,0.001180698368999547,-0.0007931955285361541
5.24,1,0.6,-0.4,0.5990121081217945,-0.3993414053310678,0.0012584179541590412,-0.0008389453030067887,0.5990065586618596,-0.39933157072278264,0.0012646073909862651,-0.0008496349539792551
5.26,1,0.6,-0.4,0.5990667657435178,-0.3993778437455605,0.001167677404396661,-0.0007784516031687384,0.5990614871712309,-0.3993684777348047,0.001173466311248303,-0.0007884662520034127
5.28,1,0.6,-0.4,0.5991192446775185,-0.3994128297015713,0.0010091411843083792,-0.0006727607898132891,0.5991142282307805,-0.3994039178698082,0.0010141824832400476,-0.0006814960106896056
5.3,1,0.6,-0.4,0.5991687599969553,-0.39944583991453897,0.0009537877332984404,-0.0006358584891295212,0.59916399282016,-0.39943736068785574,0.0009585899773098955,-0.0006441929729895362
5.32,1,0.6,-0.4,0.5992147204901812,-0.3994764802433657,0.0009858462562907927,-0.0006572308377162921,0.5992101864889277,-0.39946840633285874,0.000990849234997912,-0.0006659277335766163
5.34,1,0.6,-0.4,0.5992580307682245,-0.3995053537620699,0.0009434475151778726,-0.000628965010332173,0.5992537181748356,-0.39949766530637637,0.0009482712800746168,-0.0006373630889542747
5.36,1,0.6,-0.4,0.5992982045573837,-0.39953213628818446,0.000974503917915176,-0.00064966927875202,0.5992940988796913,-0.3995248085986977,0.0009795246479006661,-0.0006584236663399242
5.38,1,0.6,-0.4,0.5993378004008271,-0.3995585335171552,0.000744266618345292,-0.0004961777457865961,0.5993339001610881,-0.39955156453924573,0.0007481293366332076,-0.0005029227799235175
5.4,1,0.6,-0.4,0.5993743094230779,-0.39958287286533034,0.0007970293095896502,-0.000531352873231682,0.5993706000516774,-0.3995762376587105,0.0008011967269549031,-0.0005386406262662333
5.42,1,0.6,-0.4,0.5994095929437818,-0.3996063952124742,0.0006656035398701562,-0.000443735693437591,0.5994060693898626,-0.3996000854092809,0.0006691098897233655,-0.0004498763536617961
5.44,1,0.6,-0.4,0.5994421441352608,-0.39962809600680066,0.0007105853723090583,-0.00047372358170430333,0.5994387932976954,-0.3996220891022779,0.0007143562395815137,-0.0004803368537005751
5.46,1,0.6,-0.4,0.5994730089157262,-0.399648672527118,0.0006593806569068147,-0.0004395871047608753,0.5994698230320754,-0.39964295530774113,0.0006629056735507136,-0.00044577793212184635
5.48,1,0.6,-0.4,0.599502643416545,-0.39966842886100407,0.0005698552155419881,-0.0003799034771996921,0.5994996170626693,-0.3996629921861528,0.00057292331999996,-0.0003852991026728741
5.5,1,0.6,-0.4,0.5995301427654957,-0.399686761760311,0.0005898884577322169,-0.0003932589719549736,0.5995272655268128,-0.3996815876734751,0.0005930879614705897,-0.0003988934905277842
5.5200000000000005,1,0.6,-0.4,0.5995565647053307,-0.39970437638687395,0.0005080443071728419,-0.00033869620494405943,0.5995538317647516,-0.39969945674286494,0.0005108192783022728,-0.0003435894769743611
5.54,1,0.6,-0.4,0.5995810826834206,-0.39972072170560646,0.0005259361998526529,-0.0003506241333634426,0.5995784846055452,-0.39971604018142015,0.0005288298893173643,-0.0003557336064840648
5.5600000000000005,1,0.6,-0.4,0.5996042581514394,-0.3997361720176246,0.0004953996466827218,-0.0003302664312510393,0.5996017884481274,-0.3997317174481337,0.0004981445313566313,-0.00033511938070809877
5.58,1,0.6,-0.4,0.5996261510886423,-0.3997507673090987,0.0004680386494428576,-0.000312025766411185,0.599623803503415,-0.3997465289061804,0.00047065005485592143,-0.0003166485535733808
5.6000000000000005,1,0.6,-0.4,0.5996471739216768,-0.3997647825311269,0.00040425276926812914,-0.00026950184631904274,0.5996449444179773,-0.3997607534103263,0.0004065236942151426,-0.0002735268242621304
5.62,1,0.6,-0.4,0.5996670586538745,-0.3997780390192639,0.00037662171874798533,-0.0002510811459487724,0.599664941620881,-0.39977420948394204,0.0003787524644379911,-0.0002548624364103313
5.64,1,0.6,-0.4,0.5996854150589721,-0.39979027662266703,0.0004006908436101145,-0.0002671272291791052,0.5996834025789527,-0.3997866328509097,0.0004029733551001585,-0.0002711827510061531
5.66,1,0.6,-0.4,0.5997028202579187,-0.39980188008863604,0.00037183728071985694,-0.0002478915205713899,0.599700907582541,-0.399798413852827,0.00037397003986609084,-0.00025168552460191375
5.68,1,0.6,-0.4,0.5997195316864643,-0.39981302104100425,0.00032135160402108065,-0.00021423440278938582,0.599717715487397,-0.399809726621927,0.0003232070357617328,-0.00021753885643636603
5.7,1,0.6,-0.4,0.5997350390643406,-0.3998233592929259,0.00033264871998271023,-0.00022176581341428088,0.5997333130000102,-0.3998202255841657,0.00033458267098126354,-0.0002252141936094649
5.72,1,0.6,-0.4,0.5997499793141438,-0.39983331945946554,0.00028200173899130265,-0.00018800115941975705,0.5997483406670844,-0.3998303417924738,0.0002836521831164479,-0.0001909473651793489
5.74,1,0.6,-0.4,0.5997637638447112,-0.39984250914651415,0.00030091053714008387,-0.00020060702484815153,0.5997622063991846,-0.39983967659165914,0.0003026833480818322,-0.00020377521194652436
5.76,1,0.6,-0.4,0.5997768342054423,-0.39985122272033863,0.0002792291264570243,-0.00018615275103701923,0.5997753542574807,-0.39984852880969657,0.00028088518072780927,-0.00018911558412934397
5.78,1,0.6,-0.4,0.5997896007640455,-0.39985973375941103,0.00021718580622184097,-0.00014479053758839448,0.5997881970092759,-0.39985717630783246,0.0002184821744449436,-0.000147112331342035
5.8,1,0.6,-0.4,0.5998014260065722,-0.39986761725443215,0.00022820408467381925,-0.00015213605653472025,0.5998000933020686,-0.3998651871919585,0.00022957536722741784,-0.0001545947330547394
5.82,1,0.6,-0.4,0.599812589762665,-0.3998750597584974,0.00021502954977514754,-0.0001433530332615729,0.5998111082438827,-0.3998726051901752,0.00024036684017146592,-0.00016187498558676433
5.84,1,0.6,-0.4,0.5998229229042092,-0.39988194851952985,0.00022549538760008314,-0.0001503302584686221,0.5998215522457561,-0.39987963925477665,0.00022312380716601327,-0.0001502749960719963
5.86,1,0.6,-0.4,0.5998328810842523,-0.399888587306228,0.00019142109218196757,-0.00012761406154004722,0.599831580355706,-0.39988639376341745,0.00019283516717197996,-0.00012988577953866078
5.88,1,0.6,-0.4,0.5998422763622161,-0.3998948508248733,0.0001809773607672968,-0.00012065157391636869,0.599841042524442,-0.3998927676026252,0.00018226494537242066,-0.00012277620904692713
5.9,1,0.6,-0.4,0.5998509726907874,-0.3999006483772568,0.00018977578412913976,-0.00012651718947579924,0.5998498011029642,-0.3998986679794489,0.00019113439261004422,-0.00012876138230329473
5.92,1,0.6,-0.4,0.5998592179886004,-0.39990614524246804,0.00017615063694868816,-0.00011743375802781425,0.5998581057403157,-0.3999042629996917,0.00017741862560681498,-0.00011953128862286604
5.94,1,0.6,-0.4,0.5998668397004095,-0.39991122638367654,0.00018500412146601336,-0.00012333608101896404,0.5998657825997796,-0.39990943548983454,0.0001863430209791267,-0.0001255540133469034
5.96,1,0.6,-0.4,0.5998742115190274,-0.3999161409294242,0.00015690675133770565,-0.00010460450093605252,0.5998732080379631,-0.3999144389735567,0.00015804828272888982,-0.00010649805160908334
5.98,1,0.6,-0.4,0.5998813040457907,-0.399920869280602,0.0001339074896577544,-8.927165981900513e-05,0.5998802175421097,-0.39991916257063964,0.00014987431975437698,-0.00010099831393961013
6.0,2,-0.4,0.6,0.5998878481817509,-0.39992523203791097,0.00014285517871905073,-9.523678585091587e-05,0.5998868396967324,-0.39992362549940447,0.00014157088071636847,-9.541044687210072e-05
6.0200000000000005,2,-0.4,0.6,0.5449297950913519,-0.3449651105904688,-1.222220235214911,1.222264422549784,0.5449838865983178,-0.3450346753993918,-1.2209948149861283,1.2206816461138177
6.04,2,-0.4,0.6,0.49394363556907567,-0.29397704577589606,-1.260727099657877,1.2607742453026456,0.49510180114126257,-0.2951644844076394,-1.3768611327355795,1.3765339026179075
6.0600000000000005,2,-0.4,0.6,0.4436549382025979,-0.24368646891704726,-0.9645202160257781,0.9645562636367376,0.44478274837757237,-0.24485660407760573,-0.9630649162773107,0.9628514653381433
6.08,2,-0.4,0.6,0.3961083952750526,-0.19613814898588994,-0.9006134076262118,0.9006470671801398,0.39722078861641863,-0.19730437674180387,-0.9009647544442204,0.9007809431467961
6.1000000000000005,2,-0.4,0.6,0.3522157106639529,-0.15224382393023694,-0.95810563074454,0.9581414389803233,0.35331080045882723,-0.1534026052730982,-0.9584834128954338,0.9583043605739208
6.12,2,-0.4,0.6,0.31148661358893437,-0.11151320464638244,-0.9879042501754621,0.9879411720840781,0.31256328345172185,-0.11266202106989721,-0.9883534342344246,0.9881859656322293
6.140000000000001,2,-0.4,0.6,0.27293693361209836,-0.0729620839141517,-0.9315380901277085,0.9315729054168096,0.27399395800539894,-0.07409861253688017,-0.9320151604149672,0.9318728648947686
6.16,2,-0.4,0.6,0.23508330756832602,-0.03510704312923148,-0.7263278220749397,0.7263549678713449,0.23611885760490378,-0.036228685322976545,-0.7267407753217598,0.7266417779802697
6.18,2,-0.4,0.6,0.1992913377939548,0.0006862643340909682,-0.6779528691300035,0.6779782069517476,0.20030444946216225,-0.00041854637299844984,-0.6783793073767362,0.6782988573764034
6.2,2,-0.4,0.6,0.16560086170524976,0.03437799957052891,-0.6491151901331162,0.649139450175789,0.16659083062452001,0.0332916435257341,-0.6495617754065943,0.6494959121750313
6.22,2,-0.4,0.6,0.13380311666798256,0.06617693301662389,-0.6124845452938266,0.6125074363012377,0.13476934475453783,0.06511044659402448,-0.6129425106058042,0.6128910307693327
6.24,2,-0.4,0.6,0.10492144427937473,0.09505968482878739,-0.7034312806149717,0.7034575706477736,0.10586439095722351,0.09401346445049684,-0.7039998591678661,0.7039531586231373
6.26,2,-0.4,0.6,0.07651831559888955,0.12346387504770939,-0.5449147998280807,0.544935165482879,0.07743673166861617,0.12243969651180192,-0.5453861080071036,0.5453589271341861
6.28,2,-0.4,0.6,0.05017144118000882,0.14981173415460733,-0.5652069742454428,0.5652280982907082,0.051065532356910574,0.14881002963427098,-0.5657300134426156,0.5657117838751586
6.3,2,-0.4,0.6,0.025266916250316778,0.17471718986593163,-0.5323588076572681,0.5323787040356204,0.02613655312256126,0.17373861596339812,-0.5328827575833093,0.5328747129952378
6.32,2,-0.4,0.6,0.0009388104612738906,0.1990462048935068,-0.4138678477847105,0.4138833156879569,0.002197424043292908,0.1976777784737826,-0.46033233500100046,0.4603331330740457
6.34,2,-0.4,0.6,-0.021595481045526475,0.22158133859681362,-0.4348678746000745,0.43488412735357973,-0.02001818870092947,0.2198938074897988,-0.4765482132516765,0.47655744039148523
6.36,2,-0.4,0.6,-0.04245947605300397,0.24244611337511707,-0.45529145181030295,0.45530846787162726,-0.04101858418387881,0.2408949551326677,-0.4489062678138388,0.4489226442390984
6.38,2,-0.4,0.6,-0.06262161824662162,0.262609009108504,-0.3803526008886199,0.38036681618695345,-0.061239705847966175,0.2611171469483661,-0.3817241699457338,0.38174461939030047
6.4,2,-0.4,0.6,-0.08122245960706391,0.28121054565664155,-0.4060521993512472,0.4060673751436634,-0.0798980533526841,0.2797768080554396,-0.4073036291253974,0.40733243309406786
6.42,2,-0.4,0.6,-0.09848283633738449,0.29847156747612363,-0.4186579848113638,0.4186736317300948,-0.0972127664607206,0.2970930336613256,-0.4199770972788333,0.4200140764748612
6.44,2,-0.4,0.6,-0.11549466140009164,0.3154840283386033,-0.3197650333349371,0.31977698423167844,-0.1142791269448849,0.3141611703998153,-0.32079088720643983,0.3208245007671915
6.46,2,-0.4,0.6,-0.13148847110277512,0.3314784357937408,-0.3081898053009243,0.3082013235842597,-0.13032517298179513,0.3302091672939131,-0.3091966907219035,0.3092343775993908
6.48,2,-0.4,0.6,-0.14633489760766,0.346325417168773,-0.3184503175091888,0.31846221926721385,-0.1452209744044061,0.3451070376414464,-0.3195100780772837,0.3195546558132075
6.5,2,-0.4,0.6,-0.16063820724689204,0.36062926137968776,-0.2699798627892473,0.26998995301335577,-0.15957269467679827,0.35946099633283174,-0.2708942359962358,0.2709366633715516
6.5200000000000005,2,-0.4,0.6,-0.1740943469969577,0.3740859040392986,-0.25927384839816464,0.25928353849526264,-0.17307518845948439,0.3729658320118767,-0.26016727771951864,0.26021248206939074
6.54,2,-0.4,0.6,-0.18679463044895608,0.38678666215146035,-0.24463120486882223,0.24464034771145562,-0.18581998261951846,0.38571305792554045,-0.24548883361307103,0.24553575213615114
6.5600000000000005,2,-0.4,0.6,-0.19858306930366149,0.3985755415870466,-0.25286063772868195,0.2528700881370792,-0.19765044026405745,0.39754597762601784,-0.2537624810607917,0.2538154505880667
6.58,2,-0.4,0.6,-0.20972591222979797,0.4097188009655551,-0.23819024339496142,0.23819914551195065,-0.2088336564550742,0.40873171188819113,-0.2390538103914813,0.23910779553165723
6.6000000000000005,2,-0.4,0.6,-0.22021993739041934,0.4202132183296284,-0.22860972152215875,0.22861826557654633,-0.21936632399406292,0.4192669313187691,-0.2294518068274803,0.2295074779476944
6.62,2,-0.4,0.6,-0.23016661004141237,0.4301602627273166,-0.21251078733524664,0.21251872970799873,-0.2293502055633716,0.4292534010787046,-0.21330625479979096,0.21336169659193144
6.640000000000001,2,-0.4,0.6,-0.2395619801179253,0.43955598394613926,-0.20086256540932818,0.20087007244134192,-0.23878127585576145,0.43868707722032085,-0.20162625358659167,0.2016820968102278
6.66,2,-0.4,0.6,-0.24858397109295416,0.44857831210880067,-0.1734858368411285,0.17349232069573037,-0.24783808156874743,0.44774654039669864,-0.17415549864645585,0.1742066582516857
6.68,2,-0.4,0.6,-0.2569324800898791,0.4569271331226465,-0.18219055170523873,0.18219736088922128,-0.25621930668472304,0.45613037015239233,-0.18290472368304408,0.18296162442479408
6.7,2,-0.4,0.6,-0.26497808251639426,0.4649730362452466,-0.15465650243671836,0.15466228256364997,-0.2642969105553984,0.4642106215791148,-0.1552718351341656,0.15532278165750774
6.72,2,-0.4,0.6,-0.27244356695866495,0.47243879970227726,-0.16014387284044868,0.16014985805190673,-0.2717925352778839,0.4717088327748713,-0.1607907636435642,0.1608463469139019
6.74,2,-0.4,0.6,-0.27950028147391226,0.479495777954918,-0.15084454068727102,0.15085017834550055,-0.2788781552113321,0.47879701840454136,-0.15146276921824114,0.151517714096974
6.76,2,-0.4,0.6,-0.2862763998238733,0.4862721495552685,-0.13029975560383034,0.1303046254216767,-0.2856824303171116,0.48560387372860064,-0.13084134067126876,0.13089100040688
6.78,2,-0.4,0.6,-0.29254669043781856,0.4925426745148045,-0.13683732811995783,0.1368424422726104,-0.2919791517007459,0.4919030920314195,-0.13741428338340797,0.13746881854307616
6.8,2,-0.4,0.6,-0.2984918051281844,0.49848801139763743,-0.12700993767533147,0.12701468453923792,-0.29804776580671716,0.49797421566407285,-0.11665400590672018,0.11670228573931427
6.82,2,-0.4,0.6,-0.3040901912672973,0.5040866067705885,-0.121960658163144,0.12196521631523566,-0.30377368335167354,0.503702600317562,-0.1102961072366124,0.11034366519345741
6.84,2,-0.4,0.6,-0.30939658347200477,0.509393197296155,-0.11337109890502918,0.11337533603109605,-0.30897483471169696,0.5089060824599567,-0.12667744269530884,0.12673429118629653
6.86,2,-0.4,0.6,-0.3145053054876409,0.5145021102449229,-0.09644129087759565,0.09644489526952048,-0.31410550184482033,0.514039134237122,-0.09642542164737503,0.09647030657121565
6.88,2,-0.4,0.6,-0.3193115399479459,0.519308524333195,-0.09260667906737136,0.09261014014450161,-0.318929321941009,0.518865280539016,-0.09295203167456904,0.09299688473463465
6.9,2,-0.4,0.6,-0.3238477978746242,0.5238449517977417,-0.08737681180874306,0.08738007742488607,-0.32348249937032775,0.5234207325183861,-0.0877027140490956,0.08774655406401892
6.92,2,-0.4,0.6,-0.32812902685516204,0.5281263407847006,-0.08246489249996723,0.08246797453814197,-0.32777995244357705,0.527720406824599,-0.08277749262616557,0.08282030432250537
6.94,2,-0.4,0.6,-0.33216956787826096,0.5321670328187535,-0.07782876277423764,0.07783167154178144,-0.33176910116553016,0.5317116862918587,-0.08556694503832929,0.08561270270990565
6.96,2,-0.4,0.6,-0.3359924143796809,0.5359900221950165,-0.07240192745445322,0.07240463339965272,-0.3356125510710533,0.5355572545437124,-0.07254656635940007,0.07258659802817244
6.98,2,-0.4,0.6,-0.33959074013305557,0.5395884824320016,-0.06932915211565599,0.06933174321896778,-0.33922857449199,0.5391753339493028,-0.06967386845396205,0.06971350483814787
7.0,2,-0.4,0.6,-0.3429308615619488,0.5429287286943854,-0.07164461954150758,0.0716472971829359,-0.34258535190699074,0.5425340778653815,-0.07200192368338279,0.07204414947282858
7.0200000000000005,2,-0.4,0.6,-0.3460880560188561,0.5460860411480756,-0.06748844337349648,0.06749096568211135,-0.34575847535689574,0.5457091141784831,-0.06782910118168803,0.06787003564380091
7.04,2,-0.4,0.6,-0.34907053236702007,0.5490686289631129,-0.06376093317616198,0.06376331617293593,-0.34875617521352537,0.5487086721594415,-0.0640865347193469,0.06412630094872716
7.0600000000000005,2,-0.4,0.6,-0.3519422261710001,0.5519404300935808,-0.05421006644461579,0.05421209248771386,-0.3516426966394387,0.5515970319429255,-0.05449009461775372,0.054524833274239015
7.08,2,-0.4,0.6,-0.3545918226984372,0.5545901256468523,-0.05783948314708652,0.05784164483573255,-0.3543061339536163,0.5542622118816137,-0.05814168426919378,0.05817974328069858
7.1000000000000005,2,-0.4,0.6,-0.3570504720574181,0.5570488668952165,-0.05963563707225141,0.05963786589020392,-0.3567777705820137,0.5567355073462633,-0.05995079269485576,0.05999107020862217
7.12,2,-0.4,0.6,-0.359466466417341,0.5594649515503327,-0.046354429142015596,0.046356161588787775,-0.35920666689597475,0.5591660743662653,-0.04660203072649078,0.046634102678579065
7.140000000000001,2,-0.4,0.6,-0.3617075813683428,0.561706150260593,-0.04807746180896255,0.04807925865224674,-0.3614598841658702,0.5614208803884584,-0.04833718988017162,0.04837130256234963
7.16,2,-0.4,0.6,-0.36386091646414215,0.5638595658349691,-0.04140454361666354,0.04140609106660849,-0.36362497497614554,0.5635875347117405,-0.041630632091079464,0.04166070953068525
7.18,2,-0.4,0.6,-0.3658976585857425,0.5658963840776049,-0.03857646488967441,0.038577906643183904,-0.36563416888334455,0.5655982141965544,-0.04309939869588684,0.04313129272016514
7.2,2,-0.4,0.6,-0.3677778586033233,0.5677766543656254,-0.041041745706465474,0.041043279597175714,-0.3675334584905461,0.567498940372364,-0.04059937625755845,0.040630111285667944
7.22,2,-0.4,0.6,-0.36956062897841757,0.5695594913698281,-0.03808634943334643,0.03808777286926546,-0.369327746734617,0.5692946162615574,-0.03835931864623062,0.03838900973778292
7.24,2,-0.4,0.6,-0.3712394229819622,0.571238348116474,-0.03657247734378993,0.036573844200275485,-0.37101769151610936,0.5709858967947189,-0.03681499651625561,0.036844108090716685
7.26,2,-0.4,0.6,-0.37285680717572584,0.5728557927582103,-0.03109108132479747,0.031092243319955137,-0.37264591045091355,0.5726154302717008,-0.03129940200340802,0.03132468235860633
7.28,2,-0.4,0.6,-0.3744092279164019,0.5744082715189175,-0.02645463730817206,0.026455626021174614,-0.37420882421231666,0.5741796328780775,-0.02663347631451113,0.02665544769334599
7.3,2,-0.4,0.6,-0.3758475322053007,0.5758466295628664,-0.027755786739329064,0.0277568240813882,-0.375656938250669,0.5756289665659274,-0.027945119226459973,0.02796866365668793
7.32,2,-0.4,0.6,-0.37720537462818643,0.5772045227336251,-0.026153953440129347,0.026154930915358934,-0.3770241232477874,0.5769973266538314,-0.026333933512390266,0.026356575813487132
7.34,2,-0.4,0.6,-0.3784868740794228,0.5784860700794966,-0.024684209862710582,0.024685132407853277,-0.378336887066286,0.5783112414675278,-0.022370004111076418,0.02238962448967967
7.36,2,-0.4,0.6,-0.3796993295470721,0.5796985708613352,-0.0229630228569985,0.022963881074631876,-0.37955321990934493,0.5795286621452165,-0.023472309857587338,0.02349330928303149
7.38,2,-0.4,0.6,-0.38082168942874134,0.5808209726899684,-0.024086960150520614,0.024087860374061007,-0.3806584044853758,0.5806348541465967,-0.026915951978504986,0.02694050421774942
7.4,2,-0.4,0.6,-0.3818794263651859,0.5818787491581633,-0.023040958956780808,0.023041820087107465,-0.3817281107225971,0.5817055532051065,-0.022765668159909744,0.02278681386901482
7.42,2,-0.4,0.6,-0.3828819810683088,0.5828813413306593,-0.0214196431722026,0.021420443707605222,-0.38273789671657477,0.5827162935692134,-0.021590929170661948,0.021611349308741964
7.44,2,-0.4,0.6,-0.3838445855883327,0.5838439818269603,-0.01851033513321559,0.01851102693638361,-0.38370763181849393,0.5836869616987256,-0.01864722931434539,0.01866517693056806
7.46,2,-0.4,0.6,-0.3847353342583389,0.5847347637877088,-0.019438915767864613,0.019439642275717775,-0.3846050305239573,0.5845852393203583,-0.01958406627154373,0.01960325330662334
7.48,2,-0.4,0.6,-0.3855961274402786,0.585595589140836,-0.01623856755029294,0.016239174448606675,-0.38547230075046196,0.5854533735763694,-0.016360792275700642,0.016377102799303406
7.5,2,-0.4,0.6,-0.3864058651519392,0.586405357115541,-0.015602220328996035,0.015602803444511953,-0.3862724597993001,0.586254343681416,-0.017467312207219164,0.017485022867976305
7.5200000000000005,2,-0.4,0.6,-0.3871701194632502,0.5871696399900033,-0.014720964917931706,0.014721515097487953,-0.38704579708084846,0.5870284778642605,-0.014588628807166555,0.014603671652989758
7.54,2,-0.4,0.6,-0.38789140728919136,0.5878909547732699,-0.013893422532922153,0.013893941783962499,-0.38777330867621734,0.5877567517662075,-0.014017884893102843,0.014032577517410466
7.5600000000000005,2,-0.4,0.6,-0.3885721447747739,0.5885717177006529,-0.01311234212742594,0.013112832186443477,-0.3884467696788193,0.588430930047353,-0.014696561852615905,0.014712219369835161
7.58,2,-0.4,0.6,-0.3892022364513463,0.589201832926194,-0.01375019388050356,0.013750707778517932,-0.38908533866519923,0.5890701899003915,-0.013642274382606526,0.013657043163448734
7.6000000000000005,2,-0.4,0.6,-0.3897996487917643,0.5897992675942261,-0.012762978953720586,0.012763455955661515,-0.3896885437119962,0.5896740577824255,-0.012895907277305524,0.012910086463562787
7.62,2,-0.4,0.6,-0.3903639432723068,0.5903635831646386,-0.012064011837220008,0.01206446271603323,-0.3902584144362146,0.5902445643711669,-0.012182967089199016,0.012196568894026663
7.640000000000001,2,-0.4,0.6,-0.39088381525774896,0.5908834745797091,-0.012863852410090804,0.01286433318203073,-0.3907834524590925,0.5907701971542064,-0.012991703303544589,0.013006424759076762
7.66,2,-0.4,0.6,-0.3914054983946076,0.5914051772138846,-0.008852215496127223,0.008852546337594483,-0.39131034983529467,0.5912977000978232,-0.008940704971359088,0.00895098387586174
7.68,2,-0.4,0.6,-0.39187921746917653,0.5918789139931667,-0.01035788306252143,0.01035827017663879,-0.39178883287355437,0.5917767414618105,-0.010462057952067047,0.01047426885117507
7.7,2,-0.4,0.6,-0.39232852411526725,0.5923282374315829,-0.009598254666752088,0.009598613390596325,-0.39224268443468857,0.5922311302364757,-0.009695367609176147,0.009706850361362498
7.72,2,-0.4,0.6,-0.3927529183241849,0.5927526475017512,-0.009073113506397001,0.009073452603668208,-0.39267139675198537,0.5926603572747312,-0.009165451041607025,0.009176461270931913
7.74,2,-0.4,0.6,-0.3931604470764134,0.5931601914849022,-0.007836458927080073,0.007836751805749845,-0.39308309627548055,0.5930725580888697,-0.007916668767147039,0.007926310849452
7.76,2,-0.4,0.6,-0.393538612828347,0.5935383713703487,-0.008112035544009886,0.00811233872206199,-0.39346515505298885,0.5934550886279815,-0.008195562446396873,0.00820568729896251
7.78,2,-0.4,0.6,-0.39390196228133584,0.5939017344031076,-0.0069865279039892725,0.006986789017434644,-0.39383226662289894,0.593822659733362,-0.007058874562844802,0.0070677129444131626
7.8,2,-0.4,0.6,-0.39424478873469293,0.5942445736692102,-0.006603694071542741,0.006603940877009634,-0.39417866340287744,0.5941694960853139,-0.00667247478958909,0.006680944158745414
7.82,2,-0.4,0.6,-0.3945630028921317,0.5945627997195375,-0.006825649667043038,0.00682590476784653,-0.39450021071610997,0.5944914569548423,-0.006897160233759363,0.00690603525251228
7.84,2,-0.4,0.6,-0.3948695766237271,0.5948693849089733,-0.0057866820058512635,0.005786898276408589,-0.39480416622033043,0.5947958085291731,-0.006497390630026931,0.006505861346300504
7.86,2,-0.4,0.6,-0.39515799230168125,0.5951578113661309,-0.005557213626199986,0.005557421320614694,-0.3950968427856529,0.5950888714240673,-0.005525000774746987,0.005532297258534005
7.88,2,-0.4,0.6,-0.3954308827643779,0.5954307120277934,-0.005168296968012635,0.005168490127101744,-0.39537287750352224,0.5953652752719546,-0.005231075675515461,0.005238074063375217
7.9,2,-0.4,0.6,-0.3956877456293371,0.5956875844927046,-0.004948992535653439,0.004949177498514451,-0.3956327406125812,0.5956254903787206,-0.005006755838864285,0.005013539285440627
7.92,2,-0.4,0.6,-0.3959255083085177,0.5959253560579897,-0.005188560933501251,0.0051887548499297,-0.39587329443914265,0.5958663741837531,-0.005249477254387403,0.005256679889915267
7.94,2,-0.4,0.6,-0.3961502384963477,0.5961500946448495,-0.004893935731731967,0.004894118636878664,-0.39610067609558997,0.596094071580133,-0.004951682621722682,0.0049585602155773345
7.96,2,-0.4,0.6,-0.3963632334326016,0.5963630975415413,-0.004550694326066456,0.004550864402958529,-0.39631619662488177,0.596309895000486,-0.004604665068518041,0.004611139531005254
7.98,2,-0.4,0.6,-0.39656442337467224,0.5965642950028515,-0.004301215538511171,0.00430137629140577,-0.3965197841474675,0.596513772086885,-0.0043524830065196736,0.00435867641429849
8.0,2,-0.4,0.6,-0.39675761786315344,0.5967574967117512,-0.0037149790801580514,0.0037151179231341702,-0.3967152924602615,0.5967095617886065,-0.003759476471117288,0.003764888620176196
8.02,2,-0.4,0.6,-0.39693990183139877,0.5969397874926466,-0.003511241533766184,0.0035113727622714114,-0.3968997706097163,0.5968943086243185,-0.003553510800712434,0.0035586874900848803
8.040000000000001,2,-0.4,0.6,-0.39710862487510656,0.5971085168421802,-0.0036819619315317485,0.003682099540543368,-0.39707388865843296,0.597068683262949,-0.003353858162592734,0.0033588016509633056
8.06,2,-0.4,0.6,-0.39727167303485106,0.5972715710956581,-0.0030758502947202037,0.0030759652509971397,-0.3972382277093468,0.5972332673172638,-0.003165496668653685,0.003170216920204208
8.08,2,-0.4,0.6,-0.3974250504840038,0.5974249542771124,-0.0029553134144337315,0.0029554238657828608,-0.3973933369913484,0.5973886105079127,-0.0029877129594403544,0.0029922194477063208
8.1,2,-0.4,0.6,-0.39756742346911034,0.5975673325832414,-0.003053852764100872,0.0030539668982464685,-0.39753731855724467,0.5975328116676966,-0.0030883939552128654,0.003093106138071164
8.120000000000001,2,-0.4,0.6,-0.39770199913013965,0.597701913273877,-0.0028767003660330028,0.002876807879313076,-0.3976734229341083,0.5976691259214648,-0.0029093839923540962,0.0029138722564777814
8.14,2,-0.4,0.6,-0.3978264096047104,0.5978263283981422,-0.0030197942172236324,0.003019907078439882,-0.3977992540338382,0.5977951531799683,-0.0030542839396843786,0.00305904731857512
8.16,2,-0.4,0.6,-0.39795078981348836,0.597950713255483,-0.0021112914309759107,0.0021113703379831983,-0.3979250617806181,0.5979211591349111,-0.0021355258109163515,0.0021388910578819115
8.18,2,-0.4,0.6,-0.3980659627068271,0.5980658904532719,-0.0022226826606789995,0.0022227657307938298,-0.3980396037799137,0.5980358835924808,-0.0024660936401813558,0.002470023362361698
8.2,2,-0.4,0.6,-0.398174693551108,0.5981746253612387,-0.002094307020523006,0.002094385292754228,-0.3981479506504321,0.5981444048781018,-0.002315748782605863,0.0023194781659908043
8.22,2,-0.4,0.6,-0.3982773111268407,0.5982772467721811,-0.0019766171634922848,0.0019766910371886437,-0.3982519932604788,0.5982486167366607,-0.002000669057939485,0.002003924258162579
8.24,2,-0.4,0.6,-0.39837051803235346,0.5983704571611907,-0.0022701124265900353,0.002270197269319707,-0.39834647414065627,0.5983432529272205,-0.0023012690084318957,0.002305053350648373
8.26,2,-0.4,0.6,-0.3984624565721785,0.5984623991371086,-0.0017278826236986787,0.001727947201245486,-0.39843967564614813,0.5984366091775057,-0.0017516196018863683,0.0017545290849237255
8.28,2,-0.4,0.6,-0.398548891395286,0.5985488371906141,-0.0016655438566381625,0.001665606104333528,-0.3985273030798174,0.5985243836158913,-0.0016885265374569497,0.001691359740629686
8.3,2,-0.4,0.6,-0.3986304718829552,0.598630420727256,-0.0015713910650316121,0.0015714497938881383,-0.39861001414221,0.5986072348541803,-0.0015931697749274774,0.0015958703274002867
8.32,2,-0.4,0.6,-0.39870619510837624,0.5987061467827416,-0.0016242544012817191,0.0016243151058364796,-0.39868679134498214,0.5986841434894276,-0.0016468656369760812,0.001649685871474918
8.34,2,-0.4,0.6,-0.3987775519257571,0.5987775062669976,-0.001554398030251626,0.001554456124010603,-0.3987591456257161,0.5987566228540377,-0.0015761280989067166,0.0015788533978838837
8.36,2,-0.4,0.6,-0.3988464866679,0.5988464435854934,-0.001300508236558793,0.0013005568414649477,-0.3988290480590799,0.5988266473046878,-0.0013187675219862027,0.001321070348285186
8.38,2,-0.4,0.6,-0.39891133335150275,0.5989112926926625,-0.0012494802812228825,0.0012495269790278596,-0.3988937200506027,0.5988914332963131,-0.001388092439068304,0.0013905401191999234
8.4,2,-0.4,0.6,-0.3989726894607862,0.598972651095056,-0.0011620285850153164,0.0011620720144301933,-0.3989560369616603,0.5989538611061972,-0.0011762307861295342,0.0011783247568973448
8.42,2,-0.4,0.6,-0.399030441957048,0.5990304057497474,-0.0011127208832460546,0.001112762469826653,-0.3990146662406883,0.5990125957328825,-0.0011296746509019719,0.0011317048447552075
8.44,2,-0.4,0.6,-0.39908405032058214,0.599084016116829,-0.0011498835815634692,0.0011499265570551476,-0.3990690921782796,0.5990671203953095,-0.001167420919611497,0.0011695392602210086
8.46,2,-0.4,0.6,-0.3991356975981524,0.5991356653246536,-0.0009748599184630754,0.0009748963526441945,-0.3991215301883963,0.5991196544078724,-0.000989787534411474,0.0009916002532107948
8.48,2,-0.4,0.6,-0.39918334965917196,0.5991833191666108,-0.001040224530075946,0.001040263407193584,-0.39917086531754653,0.5991690807094204,-0.0009505937562740759,0.000952350764486451
8.5,2,-0.4,0.6,-0.39922853288979415,0.599228504085901,-0.0009652735903198156,0.0009653096662442101,-0.39921653502251075,0.5992148355951498,-0.0009966245085325162,0.0009984836809072833
8.52,2,-0.4,0.6,-0.39927121128316895,0.5992711840743286,-0.000912418685794677,0.0009124527863163118,-0.3992598385831798,0.599258220647752,-0.0009251295745691477,0.0009268711755688608
8.540000000000001,2,-0.4,0.6,-0.3993115288171604,0.5993115031151385,-0.0008619254268707934,0.0008619576402640883,-0.399300743995379,0.5992992037281009,-0.0008745158992851474,0.0008761769340541736
8.56,2,-0.4,0.6,-0.39935024395696156,0.5993502197018705,-0.0007444621589744339,0.0007444899823237372,-0.39934002612562786,0.5993385611081057,-0.0007553655216978429,0.0007568127682516246
8.58,2,-0.4,0.6,-0.39938677268907435,0.5993867497991997,-0.0007036340161029201,0.000703660313558202,-0.3993770920424813,0.5993756986643308,-0.0007139823140044736,0.0007153624916874934
8.6,2,-0.4,0.6,-0.39942067893494526,0.5994206573122747,-0.0007272843048199288,0.0007273114861777591,-0.3994114989580077,0.5994101726673449,-0.000738025188446581,0.0007394646638779895
8.620000000000001,2,-0.4,0.6,-0.3994533448743101,0.5994533244724887,-0.0006165805608029477,0.000616603604732896,-0.3994446492007867,0.5994433881052842,-0.0006257233525096472,0.000626954337317534
8.64,2,-0.4,0.6,-0.39948460896024374,0.5994845897268789,-0.0005329172924968661,0.0005329372096081336,-0.39947637871561864,0.5994751805678464,-0.0005408514061125596,0.000541924555577708
8.66,2,-0.4,0.6,-0.3995140791184659,0.5995140609865117,-0.0005030927074404423,0.0005031115099027039,-0.39950628941786814,0.5995051511309081,-0.0005106138542509955,0.0005116358993991071
8.68,2,-0.4,0.6,-0.3995408629101884,0.599540845779245,-0.0005855765676377675,0.000585598452852068,-0.3995334752494972,0.5995323918433985,-0.0005943670157514255,0.0005955670575071709
8.700000000000001,2,-0.4,0.6,-0.3995667544390468,0.5995667382757672,-0.0004884052827855579,0.0004884235363137174,-0.39955975695946966,0.5995587270482184,-0.0004957666147292891,0.0004967760453556819
8.72,2,-0.4,0.6,-0.39959064076634604,0.599590625495788,-0.0005214336870086149,0.0005214531749613421,-0.39958448110006956,0.5995835019390388,-0.00047639162081566846,0.0004773696351387524
8.74,2,-0.4,0.6,-0.3996132895947302,0.5996132751706439,-0.00048385890740898496,0.0004838769910347762,-0.39960736836089283,0.599606436570924,-0.0004994558544656807,0.000500489766714865
8.76,2,-0.4,0.6,-0.3996346828314954,0.5996346692069546,-0.0004573646673794521,0.0004573817608085895,-0.39962948709773605,0.5996286014578456,-0.000417263775001629,0.000418134658037167
8.78,2,-0.4,0.6,-0.39965528149793805,0.5996552686432466,-0.0003888486883352445,0.0003888632210677784,-0.39965029518101103,0.5996494533146881,-0.0004009355562811139,0.0004017791187214126
8.8,2,-0.4,0.6,-0.3996746604526476,0.5996746483222204,-0.0003733944410875727,0.00037340839622190813,-0.39966993563736036,0.599669135424089,-0.0003783122744445795,0.000379114709778236
8.82,2,-0.4,0.6,-0.399692648983499,0.5996926375253704,-0.0003858480758587605,0.0003858624964503121,-0.3996881670506631,0.5996874058129162,-0.0003910625312926871,0.00039189879423549845
8.84,2,-0.4,0.6,-0.39970960021726804,0.5997095893926706,-0.0003692565035653952,0.0003692703040599765,-0.3997053482030996,0.599704623984996,-0.000374265307869907,0.0003750718515925372
8.86,2,-0.4,0.6,-0.3997259311802765,0.5997259209660283,-0.0003139315345895193,0.00031394326737761713,-0.39972190164159155,0.5997212133679767,-0.00031820858088978544,0.00031889965429077183
8.88,2,-0.4,0.6,-0.3997413390844565,0.5997413294460593,-0.0002967959542017973,0.00029680704657616963,-0.3997375203810654,0.5997368662893963,-0.00030085751502265633,0.00030151604231504203
8.9,2,-0.4,0.6,-0.3997556408294329,0.5997556317255454,-0.00030677041280792634,0.0003067818779588921,-0.39975201868945515,0.5997513965746186,-0.00031098733989867733,0.00031167343124463565
8.92,2,-0.4,0.6,-0.3997691178939863,0.5997691092937871,-0.00029357703702203274,0.0002935880090807613,-0.3997656817880892,0.5997650900379924,-0.0002976298555360411,0.0002982914062202857
8.94,2,-0.4,0.6,-0.3997815748980916,0.5997815667634571,-0.0003081370419821105,0.00030814855821420517,-0.3997783114853916,0.5997777480147316,-0.00031240917757176506,0.0003131088108905278
8.96,2,-0.4,0.6,-0.3997936683456688,0.5997936606630113,-0.0002572286924207414,0.000257238306037591,-0.3997908080152589,0.5997902727297544,-0.00023472921644704207,0.00023525880108615782
8.98,2,-0.4,0.6,-0.3998053022212509,0.5998052949733947,-0.00021965341298073055,0.0002196616222342601,-0.3998023297817742,0.5998018206810976,-0.0002515349842051699,0.00025210671014365416
9.0,3,0.3,0.3,-0.3998162475019946,0.5998162406632045,-0.0002108935456441724,0.0002109014275180482,-0.3998134654686216,0.5998129818611251,-0.00021006880353022055,0.00021054985700130757
9.02,3,0.3,0.3,-0.36220688426227854,0.583703639946348,0.9504798660025378,-0.4072119469381303,-0.36221930935312036,0.5837544683551378,0.9500954994946398,-0.40584502890418533
9.040000000000001,3,0.3,0.3,-0.3256665121825852,0.5680489595087053,0.7935991121955299,-0.33999479033070346,-0.3256928879353191,0.5681493751091179,0.7932965559013448,-0.3389193774369751
9.06,3,0.3,0.3,-0.2903852231885041,0.5529336982570766,0.6656748462486962,-0.2851893911079751,-0.2904242481570695,0.5530790440880883,0.6654367903607902,-0.2843438369496246
9.08,3,0.3,0.3,-0.2571957214319568,0.5387146035168612,0.6395017040164237,-0.2739762525239827,-0.2572458515971186,0.5388993638134426,0.639287997528827,-0.2732177787969476
9.1,3,0.3,0.3,-0.22638749897328223,0.5255156999262486,0.6608260853403604,-0.2831120751022264,-0.22644720730926515,0.5257344246171922,0.6606212029313575,-0.2823855831172185
9.120000000000001,3,0.3,0.3,-0.19858069582868768,0.513602668774859,0.7685084819028272,-0.3292455244452298,-0.19941668885895822,0.5141781858872057,0.8536535678616622,-0.36496140027420493
9.14,3,0.3,0.3,-0.17052426628464357,0.5015826923174526,0.5369624575393845,-0.2300462390695403,-0.17120932702170763,0.5021168816775506,0.5248523437597713,-0.22442569207102725
9.16,3,0.3,0.3,-0.14407208138156988,0.4902500086884263,0.5095724695219472,-0.21831178045971372,-0.1447309620305033,0.4907928747679552,0.510300052172618,-0.2182407821652273
9.18,3,0.3,0.3,-0.11951866907394289,0.4797307999835373,0.5266661090027225,-0.22563506240622672,-0.12015092947950876,0.48027888500481436,0.5272304488080535,-0.2255216980861086
9.200000000000001,3,0.3,0.3,-0.09586344171555831,0.46959639298434436,0.44650038300911893,-0.1912903451839949,-0.0964695575450552,0.47014754159590316,0.4469944662698182,-0.19123403405540462
9.22,3,0.3,0.3,-0.07403808399101028,0.4602459414020187,0.4764384174790828,-0.20411644156236675,-0.07461955279925941,0.46079803897569194,0.4769766546300878,-0.20409646462329806
9.24,3,0.3,0.3,-0.05334348755930547,0.4513799322216493,0.4421097633124732,-0.18940930948664805,-0.05390110453474133,0.4519312021224918,0.4426197368784868,-0.18942847584125877
9.26,3,0.3,0.3,-0.033420032824792854,0.4428442966916659,0.37611128281168765,-0.16113414423560857,-0.033954218966328255,0.4433930928139669,0.376553940163478,-0.16118204259016497
9.28,3,0.3,0.3,-0.01503739577395941,0.4349687805205639,0.40128443374019823,-0.17191886225958572,-0.015549522062762482,0.43551371328791905,0.40176616402232534,-0.1720038209047697
9.3,3,0.3,0.3,0.002727973535851861,0.4273577150951604,0.3351343361583958,-0.14357874099772056,0.0022375805347274597,0.42789743009566056,0.335544631265516,-0.14367827536992053
9.32,3,0.3,0.3,0.019117611812820994,0.4203360423649545,0.35778219702051994,-0.15328157056930797,0.018647662652762863,0.42086953370829755,0.3582286364759665,-0.1534179865872861
9.34,3,0.3,0.3,0.03465813617214099,0.4136781482575228,0.33200045549137613,-0.14223611926876,0.03420793389057671,0.414204441071306,0.33242262973331077,-0.14239101998229012
9.36,3,0.3,0.3,0.04961957395643367,0.40726834726498223,0.2824392500597173,-0.12100303537089016,0.04918873439577859,0.40778645042280115,0.2828050273224859,-0.12115853847806364
9.38,3,0.3,0.3,0.06342394095206597,0.4013542602269754,0.30134292358547576,-0.12910177474467893,0.0630112982552907,0.40186361986317665,0.30174028343757076,-0.1292931099280872
9.4,3,0.3,0.3,0.07647239849624271,0.39576402101843616,0.2841538569693145,-0.12173760976073171,0.07607726147069022,0.3962640232663678,0.28453521322439396,-0.12194187957017472
9.42,3,0.3,0.3,0.08883946223709398,0.3904657055367159,0.2642257066200963,-0.11319996252829562,0.08846120545644864,0.39095580573837607,0.2645866046931924,-0.11341240648438947
9.44,3,0.3,0.3,0.1004854034126411,0.38547633443597534,0.25370613399444025,-0.10869315188486682,0.10012331716488966,0.3859561275196204,0.25405852783134847,-0.10891812028498393
9.46,3,0.3,0.3,0.1117361813921852,0.38065625972787814,0.21225431616462875,-0.09093430364736978,0.11138997991590713,0.3811251548366625,0.2125541891505618,-0.09114059939475508
9.48,3,0.3,0.3,0.12231974725933518,0.37612203300590796,0.2039265014366154,-0.08736648911778758,0.12198874319331472,0.3765797655875612,0.2042194152714057,-0.08758188145709846
9.5,3,0.3,0.3,0.1324819946474157,0.3717683081611012,0.17316749812697727,-0.07418867206894618,0.13216582608081756,0.37221445335826425,0.17342037395799975,-0.07438639187696039
9.52,3,0.3,0.3,0.1417154890556784,0.3678124810222288,0.20187815669539877,-0.08648893427389215,0.14141302497447217,0.36824729400412964,0.20217787006323867,-0.08673699456722181
9.540000000000001,3,0.3,0.3,0.15028596868148236,0.3641407036432714,0.20786963697367572,-0.08905581298933887,0.1499964249472325,0.364564283543653,0.2081832088354058,-0.08932897634355223
9.56,3,0.3,0.3,0.15870767248614678,0.3605326650185537,0.16158301681077403,-0.06922563168947948,0.15843101937865264,0.3609445115256667,0.16183042409625972,-0.06945104489905182
9.58,3,0.3,0.3,0.16651978066802317,0.3571857902394569,0.16758904812060427,-0.07179874437787159,0.1660874220090306,0.3576581329727609,0.18649968238818473,-0.08005227950365408
9.6,3,0.3,0.3,0.17372121111588265,0.35410054290567544,0.17818334061508764,-0.07633756661549916,0.17334033693039894,0.35454442173756334,0.17523662003519572,-0.07523048200846089
9.620000000000001,3,0.3,0.3,0.1807128453615848,0.3511051767667411,0.14871119860172696,-0.06371106856017891,0.18034926170685853,0.35153494960380394,0.14920778371950635,-0.06406687353069554
9.64,3,0.3,0.3,0.18683971336949845,0.3484802950404062,0.1935512047167055,-0.08292148935741217,0.1864923693043166,0.3488967865950122,0.19405845028891489,-0.08333916777785569
9.66,3,0.3,0.3,0.19311468147502764,0.3457919640542995,0.13218880461231414,-0.056632520435081525,0.1927840601697288,0.346194384028141,0.13254141295209795,-0.056929575203010986
9.68,3,0.3,0.3,0.19902725129614954,0.34325889226963924,0.12646294839733985,-0.054179440764500375,0.19871252835601036,0.34364755286567755,0.1268031036471505,-0.054474139605131325
9.700000000000001,3,0.3,0.3,0.20459612493549245,0.34087306730436406,0.1213152763210919,-0.051974067587614727,0.20429650788517903,0.3412482982663676,0.12164440867986936,-0.0522668314292783
9.72,3,0.3,0.3,0.209743542931721,0.33866780298028565,0.1273266630145135,-0.054549474638993414,0.2094580095267852,0.3390301890421161,0.12767509996490267,-0.054867433117763646
9.74,3,0.3,0.3,0.21472353318989196,0.33653426829189026,0.10820178293380212,-0.04635596562877807,0.21445173980545806,0.3368838189358066,0.1085003738991505,-0.04663504912438245
9.76,3,0.3,0.3,0.21951912152022074,0.33447973534631065,0.09219008430705362,-0.039496210355531365,0.21926067233398822,0.3348165230217213,0.09244665631717254,-0.03974172174998178
9.78,3,0.3,0.3,0.22395653054109824,0.3325786541027894,0.09683855620556614,-0.04148771546324757,0.22371053545644298,0.3329032520653873,0.09711038824768685,-0.04175388913063677
9.8,3,0.3,0.3,0.22823294163574903,0.33074654782559004,0.08220325811569948,-0.03521763971556048,0.2279990494225606,0.3310590396077447,0.08243594488487753,-0.0354504913425788
9.82,3,0.3,0.3,0.2321035492831715,0.3290882964530044,0.09594860658423399,-0.04110644194740159,0.2318807044226213,0.3293894995094982,0.09622250374182983,-0.04138643535385497
9.84,3,0.3,0.3,0.23567799847722568,0.32755692571687983,0.10048551131654213,-0.04305014928774547,0.2354654377801053,0.327847411257845,0.10077467742720607,-0.04335164140315284
9.86,3,0.3,0.3,0.2393600736137837,0.3259794457175155,0.06232817435611512,-0.02670272735003101,0.23910793235678604,0.32628022054194544,0.06809305599258864,-0.029297406615736214
9.88,3,0.3,0.3,0.2426293733835188,0.32457880754272395,0.08120436156182448,-0.034789690994614826,0.24239042296924038,0.3248676738983397,0.08140660010558032,-0.03503162713116775
9.9,3,0.3,0.3,0.2458567912539825,0.32319611247229174,0.061895597470430344,-0.026517402128796018,0.24557882757500324,0.32349538689583485,0.06781129124349516,-0.0291861472773891
9.92,3,0.3,0.3,0.24890065762873007,0.32189205480130945,0.05863487272451141,-0.02512043767783655,0.24857901701025276,0.32220388512889486,0.06536410532476994,-0.028137605373729176
9.94,3,0.3,0.3,0.2517180958561982,0.3206850038073698,0.06148355970431172,-0.026340876306925158,0.2514228320509494,0.3209794899031891,0.060758023617296736,-0.026159346082186792
9.96,3,0.3,0.3,0.25443329618750193,0.31952175372198954,0.05219293331966579,-0.022360572604299647,0.2541533878275084,0.31980365586298665,0.052507057067038565,-0.022610705832267236
9.98,3,0.3,0.3,0.2570013609237187,0.31842153968280945,0.048640292052620285,-0.02083854485176139,0.25673618739568344,0.3186912552942898,0.0489188845933286,-0.02106928074379692
10.0,3,0.3,0.3,0.2594186233623881,0.317385932583851,0.04657349142493745,-0.019953083113074126,0.25916737390024763,0.31764397043500775,0.04684179500533413,-0.020178153946547452
10.02,3,0.3,0.3,0.26165613905719703,0.31642733284701113,0.04882804471156012,-0.020918982119144107,0.26141783231977145,0.31667436924170717,0.04911050845821045,-0.021159139216772444
10.040000000000001,3,0.3,0.3,0.26377100975804657,0.31552127685732895,0.04605541154722915,-0.01973112657588534,0.26354498632408435,0.31575773697754467,0.04632292697499595,-0.01996152607713716
10.06,3,0.3,0.3,0.26572570546919355,0.31468384327030835,0.04835170348592212,-0.02071490731609387,0.26551108127316986,0.31491036373033765,0.04863370134386908,-0.02096086280415051
10.08,3,0.3,0.3,0.26712755713298697,0.3140832599362129,0.09545189212930526,-0.04089363880728699,0.2669211403099822,0.3143025376143179,0.0960107996924705,-0.041387042827172066
10.1,3,0.3,0.3,0.2689615875227769,0.31329752196213634,0.037157172285011746,-0.01591892993694209,0.26876594011526594,0.31350721102365475,0.037375419268672765,-0.01611340809592221
10.120000000000001,3,0.3,0.3,0.2706731679327587,0.3125642441869583,0.037320213437309645,-0.015988780263552636,0.2704500719861259,0.31278102505642996,0.041711417571208456,-0.01798573302576086
10.14,3,0.3,0.3,0.27232239987214674,0.31185767783446977,0.03170280534032051,-0.013582162095655353,0.2721168055220558,0.31206222179522103,0.03130571205504492,-0.013501145283817191
10.16,3,0.3,0.3,0.27385271963217456,0.31120205601126394,0.0328272364278348,-0.014063892501205055,0.2736576920297522,0.31139757582276495,0.033077331810982574,-0.014267661963054411
10.18,3,0.3,0.3,0.2752948126939976,0.31058423239876093,0.0314137355466534,-0.013458318392654042,0.27510995599659266,0.3107710490314552,0.03163492110059437,-0.013647790332321216
10.200000000000001,3,0.3,0.3,0.27663247049247214,0.3100111510940726,0.03244784327972334,-0.013901352335076944,0.27645707678258974,0.3101897838687799,0.03267743407421432,-0.014099987376621551
10.22,3,0.3,0.3,0.27792610288796077,0.309456931216731,0.027535201793912112,-0.011796671306457403,0.27775989095267706,0.30962754248419033,0.02773066466744347,-0.011967508147519346
10.24,3,0.3,0.3,0.2791435111548694,0.30893536739170957,0.026522880351168586,-0.011362971077727737,0.2789859690950069,0.3090983264592131,0.026711777912789156,-0.011529729399005886
10.26,3,0.3,0.3,0.2803196245930953,0.3084314951574081,0.02218820977176269,-0.009505905187340354,0.28017048617817003,0.30858696275296155,0.022346771115331412,-0.009647310375856213
10.28,3,0.3,0.3,0.2814259898528838,0.3079575045394233,0.021317692640152423,-0.009132956968354103,0.28128478369280735,0.308105829223633,0.021470542286811195,-0.009270620782686496
10.3,3,0.3,0.3,0.2824702098411408,0.30751013828929136,0.02011362683182317,-0.008617109338909627,0.2823365156810802,0.3076516315289186,0.020258330940176643,-0.00874872750161743
10.32,3,0.3,0.3,0.2834367407017244,0.3070960557285284,0.02109214945828592,-0.009036329429187522,0.2833100230775058,0.3072311427169451,0.02124440470302947,-0.009176164003485452
10.34,3,0.3,0.3,0.28435029378155263,0.306704669985852,0.019894388757122905,-0.008523183043018363,0.28424822661170934,0.30682583386866363,0.018034624006110188,-0.00779107919950648
10.36,3,0.3,0.3,0.2852161417535128,0.3063337221350534,0.018499075764593205,-0.007925401015973454,0.28511636693092673,0.3064507276176105,0.018945648986946236,-0.008186066502993545
10.38,3,0.3,0.3,0.28601651620205265,0.3059908245466362,0.01942768540207533,-0.008323237310727049,0.285921920519418,0.306102604962356,0.01953927426832222,-0.008444020895734282
10.4,3,0.3,0.3,0.28679064840034757,0.30565916970133666,0.01647715239095926,-0.0070591656558077025,0.2867009699906636,0.30576587999918214,0.01658226427445659,-0.007167327001091742
10.42,3,0.3,0.3,0.2874856568326378,0.30536141317525295,0.019594685733253236,-0.008394783835906378,0.287400412900522,0.3054635113081721,0.01971970947560945,-0.008524847354622701
10.44,3,0.3,0.3,0.2881790864311445,0.3050643330554404,0.014676052550700487,-0.006287535835833132,0.28809828245618574,0.3051617741892836,0.014770038473311521,-0.00638615690767742
10.46,3,0.3,0.3,0.28881901519938585,0.30479017383934776,0.015538102140073666,-0.0066568563776617,0.28874232392104965,0.3048832631080743,0.015637976915518895,-0.0067625751294557515
10.48,3,0.3,0.3,0.28942482613091347,0.3045306314366133,0.014638619718130338,-0.006271498806846822,0.2893520423954579,0.3046195508871916,0.014733055343356241,-0.006372310124869433
10.5,3,0.3,0.3,0.29001025735751945,0.3042798201367798,0.012462744639441282,-0.005339307232830187,0.2899412633928564,0.30436466162326875,0.0125434342645779,-0.005426163542879555
10.52,3,0.3,0.3,0.2905817321238115,0.30403498808402524,0.009722548611618052,-0.004165348454917662,0.29051645128876236,0.3041158003195399,0.009785724874237373,-0.0042339142762743524
10.540000000000001,3,0.3,0.3,0.2910909685353688,0.30381682027796686,0.012449301293110518,-0.005333547814505658,0.291029008987788,0.30389399768114395,0.012530506959885078,-0.005422444501383017
10.56,3,0.3,0.3,0.29159364308396785,0.30360146371480606,0.009445952669451113,-0.004046848817895788,0.2915254659533893,0.3036791267606315,0.010564210683803497,-0.0045723158909084655
10.58,3,0.3,0.3,0.2920469920416618,0.3034072392932316,0.011242224500193493,-0.004816410214726199,0.2919840659172466,0.3034806068885725,0.011133240251371794,-0.004819416436070551
10.6,3,0.3,0.3,0.29249575791870114,0.3032149783617538,0.008428637855374108,-0.0036110093216993877,0.2924361490643493,0.30328487545753785,0.008497387540602697,-0.0036790079751177554
10.620000000000001,3,0.3,0.3,0.29290948811227163,0.30303772746887975,0.009032265401916498,-0.0038696163152788753,0.2928529969134117,0.30310436787616124,0.009100223058468894,-0.00394068096570414
10.64,3,0.3,0.3,0.2933151317050399,0.3028639410493133,0.006898344211878751,-0.0029553986874308324,0.29326170603433976,0.3029273546177997,0.006950481051795167,-0.0030102863360271584
10.66,3,0.3,0.3,0.293683595937412,0.3027060830655461,0.008056222547015698,-0.003451458612033085,0.2936329639640736,0.30276653328154907,0.008117308191519686,-0.0035162621671704884
10.68,3,0.3,0.3,0.29403306987412164,0.30255636093193966,0.007465599535819434,-0.0031984230403062676,0.293985095911862,0.3026139712039175,0.007522388160744138,-0.003259116293255329
10.700000000000001,3,0.3,0.3,0.2943686105793353,0.30241260809368936,0.006452269737468416,-0.002764290810487093,0.2943231967158181,0.30246746317476253,0.00650150211890612,-0.0028172824117077
10.72,3,0.3,0.3,0.29467910417349613,0.3022795859752822,0.006775938962774543,-0.002902957651880908,0.2946360668646198,0.3023318648333642,0.0068278058832830085,-0.0029591897651601966
10.74,3,0.3,0.3,0.29497833220612385,0.3021513902651753,0.005751907522801497,-0.002464240609137903,0.2949375923628794,0.3022011611648655,0.005796073330783885,-0.0025124596999150234
10.76,3,0.3,0.3,0.29525002878913265,0.30203498961886277,0.006617767831488257,-0.0028351937450368583,0.29521138162127525,0.3020824600285561,0.00666874545618229,-0.002891248113680002
10.78,3,0.3,0.3,0.29551299468793263,0.301922329385011,0.005596445761402537,-0.0023976374545258174,0.29547637910193114,0.3019675515130416,0.005639687592118317,-0.002445505420389949
10.8,3,0.3,0.3,0.29576121560074936,0.3018159862195564,0.0053073709294383375,-0.002273791593434653,0.29572652363750307,0.30185906511501304,0.005348506035231869,-0.002319634686390095
10.82,3,0.3,0.3,0.29599571079692555,0.3017155234456412,0.005013117213855819,-0.0021477269875111726,0.29596284170625864,0.30175655779599764,0.00505209184778678,-0.0021914523683826855
10.84,3,0.3,0.3,0.29622149544812204,0.30161879245610834,0.004262224740989896,-0.0018260285393143678,0.2961903869336662,0.30165783910334465,0.004295463702278089,-0.0018635648673092121
10.86,3,0.3,0.3,0.296437594254178,0.30152621109047545,0.0036835428276297474,-0.0015781087901536733,0.29640817609231607,0.3015633366032201,0.003712357545246195,-0.0016108613075501606
10.88,3,0.3,0.3,0.29663395212442445,0.3014420871653504,0.004293085541285692,-0.0018392499683102422,0.29660607477307416,0.30147744985603664,0.0043267749701152575,-0.0018777979070499114
10.9,3,0.3,0.3,0.2968201887512856,0.30136229939807635,0.003978464583780435,-0.0017044595988973746,0.2967937772223977,0.30139597450417266,0.00400978191283223,-0.0017405239434729047
10.92,3,0.3,0.3,0.2969990003164526,0.30128569268656125,0.0034384514611998096,-0.0014731063894780835,0.2969740004747908,0.3013177323150003,0.003465599081417546,-0.0015045614816620659
10.94,3,0.3,0.3,0.29716446413205355,0.3012148044373804,0.0036109367036781456,-0.0015470027685467666,0.29714077463751093,0.3012453164419532,0.003639534213160406,-0.0015803460914469714
10.96,3,0.3,0.3,0.29732436347096963,0.3011463001294153,0.00301644607968133,-0.0012923102285020173,0.2972989036619392,0.301176642870308,0.003378232007860249,-0.0014671362610952816
10.98,3,0.3,0.3,0.2974747788408038,0.3010818589573149,0.0028982394016627555,-0.0012416679511224223,0.29745114422809515,0.30111051537795114,0.0028739708325319635,-0.0012483512704758795
11.0,3,0.3,0.3,0.2976140107598274,0.30102220901551974,0.003038376708042176,-0.0013017057802407264,0.2975916144002841,0.3010494899293523,0.0030664000190084376,-0.0013321619750252013
11.02,3,0.3,0.3,0.2977432011285227,0.3009668610893599,0.003133605202937137,-0.0013425037108490377,0.2977219644500132,0.3009928515285748,0.003161701721121596,-0.0013738005173470624
11.040000000000001,3,0.3,0.3,0.29787053142626824,0.30091231005750885,0.0023933799021448945,-0.0010253753081015844,0.29785044044862513,0.3009370181735049,0.002414918541999475,-0.0010494874227405665
11.06,3,0.3,0.3,0.297990242063665,0.3008610234516562,0.002306742355405886,-0.0009882579239682728,0.297971231182727,0.3008845155982102,0.002327556067514884,-0.0010116923370788629
11.08,3,0.3,0.3,0.2981013647551827,0.3008134161061011,0.002383540333944091,-0.0010211598258909743,0.29808335919509127,0.30083576998158285,0.002405106192981357,-0.0010455827093738199
11.1,3,0.3,0.3,0.29820998018855344,0.30076688292373743,0.0018476516278340543,-0.0007915736049859401,0.29819295988676403,0.3007881149918141,0.0018644126721636678,-0.0008106596581402073
11.120000000000001,3,0.3,0.3,0.2983040904877004,0.3007265640521313,0.0026632371939071253,-0.0011409879624387845,0.2982903449275089,0.30074576402334463,0.0024187167899208384,-0.0010518587465081115
11.14,3,0.3,0.3,0.2983998541481801,0.3006855368450517,0.001789749638328196,-0.0007667671501786488,0.2983864832438381,0.3007039483566872,0.0018437494258876988,-0.0008019476797870365
11.16,3,0.3,0.3,0.2984883153794507,0.30064763815534323,0.001899231621296113,-0.0008136715809455991,0.29847565855518343,0.30066515461757953,0.0019130585369910441,-0.0008322387554877408
11.18,3,0.3,0.3,0.2985719456268182,0.30061180916280356,0.0017876316710165943,-0.0007658597674931912,0.2985599541737651,0.3006284774909558,0.001801903073009585,-0.0007840153755763919
11.200000000000001,3,0.3,0.3,0.2986524674216351,0.30057731189803866,0.001520048008954493,-0.0006512211847905132,0.29864111891992073,0.30059315664093533,0.0015321853893712628,-0.0006667727040841342
11.22,3,0.3,0.3,0.29872822133143306,0.30054485729752684,0.0014596291122516841,-0.000625336432961289,0.2987174795652895,0.3005599206725814,0.0014713203713063797,-0.0006403941017776409
11.24,3,0.3,0.3,0.2987997199838751,0.30051422574057696,0.0013771977642603253,-0.0005900210746381009,0.29878955262161533,0.3005285454916754,0.0013882624766450094,-0.0006043468393724938
11.26,3,0.3,0.3,0.298865899195658,0.30048587314615194,0.0014441978828255708,-0.0006187253631255857,0.29885626512169866,0.3004994989097046,0.0014558362453432755,-0.0006338722534995032
11.28,3,0.3,0.3,0.2989307803108592,0.30045807668415725,0.0011033707936084075,-0.0004727077245466303,0.29892167062194397,0.3004710166045794,0.0011122890372513294,-0.00048437306441656905
11.3,3,0.3,0.3,0.29899087449536305,0.300432331045993,0.0011597063288325271,-0.0004968430766943387,0.2989822520018442,0.3004446304601775,0.001169108773421565,-0.000509205333532891
11.32,3,0.3,0.3,0.2990465143969279,0.30040849371822126,0.0012141667751162516,-0.0005201751004937118,0.2990383443488617,0.3004201953213691,0.0012240405401492196,-0.0005332224167193152
11.34,3,0.3,0.3,0.29910028260337906,0.3003854582647996,0.0010143206523539061,-0.0004345567331488394,0.29909152847408815,0.30039702319247613,0.0011362155753746744,-0.0004950483018252849
11.36,3,0.3,0.3,0.2991498871478387,0.3003642066135206,0.0010828560915389016,-0.0004639187859452158,0.2991417655201935,0.30037513140376887,0.0010740152157924857,-0.000468026469210181
11.38,3,0.3,0.3,0.299196921779913,0.3003440559678534,0.0010048257708503427,-0.00043048892215914736,0.29918922471293374,0.30035444663385485,0.0010146038037057575,-0.0004422111269801257
11.4,3,0.3,0.3,0.29924134893565524,0.30032502242099907,0.0009498053758307881,-0.0004069170042918374,0.2992340594682,0.3003349024144145,0.0009584981547882954,-0.00041782809558081266
11.42,3,0.3,0.3,0.2992814243150937,0.30030785326849513,0.001107707567280479,-0.0004745656913881825,0.2992745033209224,0.30031726929798475,0.0011178943711474543,-0.0004873941239020019
11.44,3,0.3,0.3,0.2993212361914869,0.3002907970063502,0.000843253486554521,-0.00036126788850433106,0.2993146821709713,0.30029974890748456,0.00085102723979541,-0.0003711018119104681
11.46,3,0.3,0.3,0.2993595070927555,0.30027440093101526,0.0007226720916208504,-0.0003096082314353356,0.299353306768786,0.30028290341806146,0.0007293516233204678,-0.0003180968433068032
11.48,3,0.3,0.3,0.29939551355114113,0.3002589749916027,0.0006937705689705961,-0.00029722619895619987,0.29938964688560027,0.3002670515379305,0.0007001997860123788,-0.00030543426720586533
11.5,3,0.3,0.3,0.2994289365508361,0.30024465586132987,0.0007169124645162381,-0.00030714068357213034,0.29942338042222627,0.30025233416041003,0.0007235740151160311,-0.00031568518062877887
11.52,3,0.3,0.3,0.2994610497119597,0.30023089789400803,0.0006174764547900585,-0.00026454016329189103,0.2994557927282206,0.30023819082831366,0.0006232287505961304,-0.0002719510472672104
11.540000000000001,3,0.3,0.3,0.2994918743130394,0.3002176919734593,0.0005252766163496084,-0.0002250397740462505,0.2994869052289858,0.3002246123505108,0.0005301828969533143,-0.0002313892714705182
11.56,3,0.3,0.3,0.2995204330206563,0.30020545681029254,0.0005511138713310201,-0.00023610900850755054,0.2995151751126293,0.3002122723322313,0.0006180836237693957,-0.0002697989742663602
11.58,3,0.3,0.3,0.29954739409239006,0.3001939061086206,0.0005193081334612798,-0.0002224827478966955,0.29954250400483956,0.30020034107162735,0.0005155190476142518,-0.00022506703334589442
11.6,3,0.3,0.3,0.2995723491868124,0.30018321481067395,0.0005445835257914117,-0.0002333112683368735,0.29956771699169943,0.3001893316805648,0.0005503946472920143,-0.00024033363169065694
11.620000000000001,3,0.3,0.3,0.2995955045176747,0.3001732945700564,0.0005616490749368319,-0.00024062251578271798,0.29959111357175927,0.3001791137303363,0.0005674948150343195,-0.0002478427838790813
11.64,3,0.3,0.3,0.29961789748387085,0.30016370094282097,0.0004766394339679181,-0.00020420256143233867,0.2996137403242257,0.3001692303613948,0.00048161631183316067,-0.00021037156331554785
11.66,3,0.3,0.3,0.2996390353942587,0.30015464500842515,0.00045196099942994977,-0.00019362979051516793,0.2996354519006744,0.3001597451408148,0.0004175277832995719,-0.00018240758231259646
11.68,3,0.3,0.3,0.2996590044372916,0.30014608984188623,0.00042690499232971024,-0.00018289525940931584,0.2996555998595239,0.3001509415244264,0.00043219336278794984,-0.00018884731444285957
11.700000000000001,3,0.3,0.3,0.29967786875122054,0.3001380079650012,0.0004032897175131403,-0.00017277796893975725,0.29967464503641067,0.30014261837065304,0.0004071108273526122,-0.00017791738799270013
11.72,3,0.3,0.3,0.29969568946752895,0.3001303731877306,0.0003809791594425044,-0.00016321964711363615,0.299692636684836,0.30013475431147973,0.0003846352149507182,-0.00016812321264085203
11.74,3,0.3,0.3,0.2997130980664756,0.3001229149703812,0.0002961531691901137,-0.00012687837266457322,0.29970996045885,0.30012718090497975,0.0003270278302174301,-0.00014296714292964807
11.76,3,0.3,0.3,0.299729223051288,0.30011600668087113,0.0003111807648286946,-0.00013331651710367376,0.29972625883952836,0.30012005454467566,0.00031403795618971386,-0.0001373114588767016
11.78,3,0.3,0.3,0.29974444602889916,0.3001094848306016,0.00029321583041961446,-0.00012561995369677476,0.29974164208126103,0.30011332717543243,0.00029631013841262266,-0.00012958217758576862
11.8,3,0.3,0.3,0.29975881311297814,0.3001033296634874,0.0002767384101003967,-0.00011856067325504913,0.2997561608297651,0.3001069767816296,0.00027965978390426943,-0.0001223215156325591
11.82,3,0.3,0.3,0.2997721113093562,0.3000976324308009,0.0002902002738498846,-0.00012432802455095496,0.29976959973415496,0.3001010977016326,0.0002932710144171735,-0.00012829686188855008
11.84,3,0.3,0.3,0.2997849622309796,0.3000921268202171,0.0002424284369332147,-0.0001038615445166785,0.2997825869410912,0.300095415277949,0.0002449996450905531,-0.00010719787005010473
11.86,3,0.3,0.3,0.29979655920172193,0.30008715842909855,0.0002875655777454661,-0.00012319926420570684,0.299794307186742,0.3000902863215952,0.000290622509386565,-0.00012718119750091197
11.88,3,0.3,0.3,0.29980803879129697,0.30008224032659087,0.00021560801848252709,-9.237110173341764e-05,0.2998059090739535,0.30008520833497104,0.00021790521823505937,-9.537480057392189e-05
11.9,3,0.3,0.3,0.29981883010318916,0.3000776170970118,0.00020794374979549862,-8.908756455889774e-05,0.29981681561942947,0.3000804338703996,0.00021016434017918223,-9.200211204643885e-05
11.92,3,0.3,0.3,0.2998288191845131,0.30007333756022275,0.0002179856390071913,-9.338972538048065e-05,0.29982691161442576,0.30007601348110924,0.00022031885191327316,-9.646381588565567e-05
11.94,3,0.3,0.3,0.29983829017725344,0.3000692799837003,0.0002023361395974005,-8.668514401972624e-05,0.2998364842041686,0.30007182156054296,0.0002045068310406184,-8.955592382322436e-05
11.96,3,0.3,0.3,0.29984723614098235,0.3000654473408726,0.0001912551252675962,-8.193779969762824e-05,0.29984552635025974,0.3000678612627694,0.00019331158074562677,-8.466755198375045e-05
11.98,3,0.3,0.3,0.2998558498403793,0.30006175704721455,0.00016260400947180897,-6.966304688605512e-05,0.29985423286917307,0.3000640473249755,0.00016435634807369925,-7.199764645044945e-05
12.0,4,0.0,0.0,0.29986364826944967,0.30005841603285877,0.00019005555536959207,-8.142387820962715e-05,0.2998621155257982,0.30006059369553717,0.00019210843317064852,-8.416900535261965e-05
12.02,4,0.0,0.0,0.2830520288176113,0.2832358073689997,-0.3298906724401502,-0.3300971978312803,0.2830320450485912,0.28320787575094775,-0.33025279469438884,-0.3306879220235884
12.040000000000001,4,0.0,0.0,0.26713833019639704,0.26731177741897044,-0.306439013340247,-0.3066380915086793,0.2671019215169841,0.26725702866530504,-0.3067549143397959,-0.30715387574565395
12.06,4,0.0,0.0,0.2524092751962639,0.2525731591398649,-0.3214267461630817,-0.32163543980324666,0.252358633293039,0.25249515617195045,-0.32173695671244656,-0.3221422679038322
12.08,4,0.0,0.0,0.23844412221232728,0.23859893888091094,-0.2983482484082756,-0.2985419596082111,0.2383808824093923,0.23850033825979,-0.29861661678315776,-0.2989807577640856
12.1,4,0.0,0.0,0.22529343744832908,0.22543971565818294,-0.28648723191100994,-0.28667324194482613,0.2252191879659627,0.22532309865970848,-0.2867267052731796,-0.28706512642465465
12.120000000000001,4,0.0,0.0,0.21309496065917735,0.21323331865867512,-0.29590027142129327,-0.2960923931468797,0.213011281863911,0.21310125615451375,-0.2961282208756692,-0.29646579782569576
12.14,4,0.0,0.0,0.20129796944452663,0.2014286679097246,-0.2511011343915132,-0.25126416898732934,0.20120591796617177,0.20128287498212785,-0.25127866625794126,-0.25155532041694506
12.16,4,0.0,0.0,0.19016216690994503,0.1902856351365838,-0.23810058353922847,-0.2382551771553469,0.19006293311304556,0.19012804737720063,-0.23825356014994775,-0.238506410858731
12.18,4,0.0,0.0,0.1794686798846226,0.17958520505875344,-0.20562696901093205,-0.20576047819759294,0.17936324278627297,0.17941741278673087,-0.20574599107239533,-0.20595627838338776
12.200000000000001,4,0.0,0.0,0.16975853478501216,0.16986875536958201,-0.23650934903339363,-0.23666290949883395,0.1696481011019799,0.16969272591278894,-0.23663047955612868,-0.2368626187423827
12.22,4,0.0,0.0,0.1603604351622519,0.1604645537617528,-0.20001063206920466,-0.20014049469077932,0.16024575889472156,0.16028151151926406,-0.20010037666606417,-0.2002888576738216
12.24,4,0.0,0.0,0.1513429090095552,0.15144117272224947,-0.17341327158914596,-0.17352586510928109,0.15122474762091112,0.15125234883017655,-0.17348007312041755,-0.17363669482721678
12.26,4,0.0,0.0,0.14297500432357294,0.1430678349348356,-0.17949954340485905,-0.17961608861532752,0.14285415745439842,0.14287453310629508,-0.17955672555609584,-0.1797114589429936
12.280000000000001,4,0.0,0.0,0.13506529962930183,0.1351529946386193,-0.16907815816403848,-0.16918793699067922,0.13494242504182674,0.13495628607291524,-0.1691210781224299,-0.16926007276680916
12.3,4,0.0,0.0,0.12759331795456463,0.127676161566165,-0.15973992723884115,-0.15984364295135037,0.12746901074812256,0.1274770158109611,-0.1597701551280412,-0.15989510049154915
12.32,4,0.0,0.0,0.12041829974644398,0.12049648477238288,-0.1379700336134498,-0.1380596145957046,0.12029308202770332,0.12029575107953405,-0.13798736621923505,-0.13808986499253606
12.34,4,0.0,0.0,0.1136484852445727,0.11372227477498185,-0.13040342481674969,-0.13048809296197986,0.11352285345348825,0.11352076264350654,-0.13041124381269079,-0.130502833568055
12.36,4,0.0,0.0,0.107243384290833,0.10731301512645242,-0.12130784712588069,-0.12138660970742453,0.10723908756357606,0.10723283277755724,-0.13478559419281214,-0.134874714010268
12.38,4,0.0,0.0,0.10121446401311086,0.10128018040001953,-0.11615956000767934,-0.11623497991580702,0.10118557578461936,0.10117555081897431,-0.1142617836199964,-0.11433277322925839
12.4,4,0.0,0.0,0.09561815972223274,0.09568024254875573,-0.12003907646480252,-0.12011701526255364,0.09558527242124808,0.09557198726477975,-0.12020018213868582,-0.12026998603157787
12.42,4,0.0,0.0,0.09034456128471165,0.0904032200768599,-0.11487721153507574,-0.11495179884306717,0.09030766872029058,0.09029152198321891,-0.11496306022928651,-0.11502530192191802
12.44,4,0.0,0.0,0.08517603280202532,0.08523133577950932,-0.0878988502541485,-0.08795592108575725,0.08513555782616113,0.08511681235187632,-0.08795967749819604,-0.08800380306042575
12.46,4,0.0,0.0,0.08038881786880586,0.08044101261036404,-0.09238433118183778,-0.09244431434244374,0.08043778730422785,0.08041687544094271,-0.10271342042875453,-0.10276071567832093
12.48,4,0.0,0.0,0.07586938923015875,0.07591864960371082,-0.08705050750875669,-0.08710702753134264,0.07589676207014129,0.07587393593894247,-0.08565932939028593,-0.08569530495558217
12.5,4,0.0,0.0,0.07160406005711403,0.07165055104401609,-0.08215866272438178,-0.08221200657682295,0.07162539855161197,0.07160094618362306,-0.08230163948210614,-0.08233291481095721
12.52,4,0.0,0.0,0.0676449660232667,0.0676888864554482,-0.08492209071697011,-0.08497722880599767,0.06766075404488343,0.06763495251861112,-0.08504009072137703,-0.08506890535479036
12.540000000000001,4,0.0,0.0,0.06384102152029643,0.06388247213303361,-0.07314277707354265,-0.0731902671040961,0.06385172982870342,0.06382478441678603,-0.07324036933129086,-0.07326230623692911
12.56,4,0.0,0.0,0.0603111882893408,0.06035034705722258,-0.07571860201263864,-0.07576776447324363,0.060317414333092234,0.060289550553530295,-0.07581457199945452,-0.07583416138787277
12.58,4,0.0,0.0,0.05697463515014423,0.057011627565799215,-0.07132228123574258,-0.07136858925898026,0.05697683987824328,0.05694824123632135,-0.07140806184834002,-0.07142365952678817
12.6,4,0.0,0.0,0.053822726921017014,0.05385767287043666,-0.0673831408280693,-0.0674268912517492,0.05382133664465897,0.0537921697787175,-0.06745982817475764,-0.06747187177497788
12.620000000000001,4,0.0,0.0,0.05084518435284182,0.050878197047919814,-0.06365521513062124,-0.06369654509193744,0.05084059041959751,0.0508110057584482,-0.06372354508548404,-0.06373237844935967
12.64,4,0.0,0.0,0.047985981960549505,0.048017138237032825,-0.05498024735463326,-0.05501594484381675,0.047978497114949524,0.04794862590776156,-0.055035767270877146,-0.0550412339903366
12.66,4,0.0,0.0,0.04534021582020565,0.04536965425767819,-0.057738883701386585,-0.057776372315284735,0.045330229771595544,0.045300200944492504,-0.0577933968370882,-0.05779679273620017
12.68,4,0.0,0.0,0.04278342556024144,0.04281120392884867,-0.04823296929533883,-0.048264285921859704,0.04277118660555772,0.04274110699134059,-0.04827534756577038,-0.04827623018179672
12.700000000000001,4,0.0,0.0,0.040378283958377975,0.04040450072034299,-0.04634284491865641,-0.04637293432795579,0.040364084775396776,0.04033405575465138,-0.046380560892356516,-0.04637955253811182
12.72,4,0.0,0.0,0.038145705491755375,0.03817047268862257,-0.047888059053652676,-0.04791915173846477,0.03812983293598437,0.03809994131435535,-0.0479238389799195,-0.047920821700549135
12.74,4,0.0,0.0,0.036041867347174225,0.03606526856726979,-0.045828871941927585,-0.045858627640200725,0.03602455409757063,0.0359948761918254,-0.04586019546143627,-0.045855503014119406
12.76,4,0.0,0.0,0.034090387091593656,0.03411252125762827,-0.04733746017568602,-0.04736819536910279,0.034071862605167993,0.03404246034235055,-0.047366716996543705,-0.047359953712511185
12.780000000000001,4,0.0,0.0,0.03216698110431301,0.03218786644431724,-0.03615346323276992,-0.03617693689514008,0.03214738441255859,0.032118329062076095,-0.03617352078075354,-0.036166940464328015
12.8,4,0.0,0.0,0.030358675595106493,0.030378386841351298,-0.034844815300561154,-0.03486743928611857,0.030338190485907204,0.030309535302964437,-0.03486189396216311,-0.034854157923297616
12.82,4,0.0,0.0,0.028684803493102515,0.02870342793030943,-0.0365278987081112,-0.036551615484208405,0.028630716818807973,0.028602508673285815,-0.03288906203782294,-0.032880426709763225
12.84,4,0.0,0.0,0.02706723257731996,0.02708480676064837,-0.03051495288722869,-0.030534765586199483,0.0270193435602765,0.026991622774989253,-0.031038182055744483,-0.03102877137902163
12.86,4,0.0,0.0,0.025545602964611606,0.02556218918668813,-0.029319123624502924,-0.02933815989724249,0.02549866048744655,0.02547146143753973,-0.02929130993173134,-0.02928123842505645
12.88,4,0.0,0.0,0.024084547314090203,0.024100184904292533,-0.024896790887368403,-0.024912955834134262,0.024038684975904744,0.024012046195484887,-0.02487848089388147,-0.024868915449303045
12.9,4,0.0,0.0,0.022730899018935238,0.02274565771454823,-0.026122144913842776,-0.026139105457194667,0.022686126834318632,0.022660063090640007,-0.02610107684354699,-0.026089962169824787
12.92,4,0.0,0.0,0.021452976643195985,0.021466905611430952,-0.02461458080448703,-0.02463056251878948,0.021409317394430222,0.02138384836607311,-0.02459311439925144,-0.02458164094414135
12.94,4,0.0,0.0,0.020270135180935026,0.020283296155781616,-0.025812604158010902,-0.02582936372358194,0.020227583590027506,0.020202713026285502,-0.02578840055447545,-0.02577532091353013
12.96,4,0.0,0.0,0.019130215807867255,0.019142636657718,-0.021912097439382865,-0.021926324489323232,0.01908880490107601,0.019064556420151514,-0.021890141920641638,-0.021878166151236805
12.98,4,0.0,0.0,0.01805473220341318,0.018066454765027842,-0.020716596681610588,-0.02073004751878922,0.01801446804351608,0.017990850161424824,-0.020694482495092134,-0.020682320126666265
13.0,4,0.0,0.0,0.017059257792389874,0.017070334014013096,-0.021723757949143184,-0.021737862714844652,0.01700059106343946,0.01697760953108379,-0.019529230224823436,-0.019516958305314885
13.02,4,0.0,0.0,0.016097265496218597,0.016107717117071468,-0.01814767060725332,-0.018159453496130615,0.01604377647239404,0.0160214343978854,-0.018430107831462223,-0.018417776858086002
13.040000000000001,4,0.0,0.0,0.015207315891483763,0.015217189687332692,-0.019101498690083325,-0.019113900879452153,0.015155715847540977,0.015134003298803534,-0.01904874883402181,-0.01903521771164013
13.06,4,0.0,0.0,0.014386860169242463,0.014396201260963465,-0.020300162152755263,-0.02031334260865486,0.014337145686910654,0.014316046205372232,-0.020253709876123446,-0.02023852415633949
13.08,4,0.0,0.0,0.013607250452075663,0.013616085360101206,-0.018825083020041093,-0.01883730573881094,0.013542471999268566,0.013521998546682429,-0.016902562869520955,-0.016889218075381338
13.1,4,0.0,0.0,0.012853969492745091,0.012862315311772834,-0.016036356907385477,-0.01604676896605879,0.012794764022592026,0.012774909659125804,-0.016290006658443393,-0.01627650580327851
13.120000000000001,4,0.0,0.0,0.012142887350917718,0.012150771479730942,-0.015203947194384091,-0.015213818787475186,0.012086089915158459,0.012066850497600158,-0.015140748812184714,-0.015127586421192135
13.14,4,0.0,0.0,0.011471126697959164,0.011478574667152654,-0.014361130220159722,-0.01437045459036454,0.011416738187384928,0.011398106394104282,-0.014309961373299167,-0.014296948937039838
13.16,4,0.0,0.0,0.010838469201084699,0.010845506399492784,-0.013782260609241231,-0.013791209131808951,0.010786387374819838,0.010768353109203144,-0.013731986297062055,-0.013718958296003447
13.18,4,0.0,0.0,0.010227279812817812,0.010233920179223647,-0.011530547570719037,-0.01153803410448273,0.010188953235282181,0.010171509056985493,-0.012764156157388474,-0.012751528615696492
13.200000000000001,4,0.0,0.0,0.009663414292540792,0.009669688553307769,-0.012309047030516045,-0.012317039027384777,0.009624668777347236,0.009607804545126811,-0.012063744176316537,-0.01205132693727462
13.22,4,0.0,0.0,0.009128761603972572,0.0091346887263623,-0.011422069064796437,-0.011429485166032705,0.009091633683850827,0.009075338625826308,-0.011395423856224603,-0.011383238176004729
13.24,4,0.0,0.0,0.008634545292229638,0.008640151530706814,-0.011996266902055859,-0.012004055817791667,0.00859888363913938,0.008583134456407997,-0.011960362762720462,-0.011947093965817362
13.26,4,0.0,0.0,0.008156532823599637,0.008161828698970476,-0.010174339116653176,-0.010180945093745383,0.00812232161312376,0.008107119035990266,-0.010143448043509393,-0.010131796651082353
13.280000000000001,4,0.0,0.0,0.00769786750181722,0.007702865575767032,-0.008820433250122831,-0.008826160165248217,0.0076650775857129115,0.007650417858218457,-0.008793089586921023,-0.00878264334004264
13.3,4,0.0,0.0,0.007273436026455492,0.007278158526279551,-0.009262409884476037,-0.009268423765681613,0.007241989071519954,0.007227848882112892,-0.00923309099339141,-0.00922174604376659
13.32,4,0.0,0.0,0.006871015559732202,0.006875476776702991,-0.008597210155115014,-0.008602792136536211,0.006840867604010283,0.0068272359364640765,-0.008569436610180909,-0.008558559002340954
13.34,4,0.0,0.0,0.006484635007528726,0.00648884535601621,-0.007429885048215287,-0.007434709110525503,0.006463164611056799,0.006450026961140655,-0.0082282366363402,-0.008217467871119724
13.36,4,0.0,0.0,0.006127096670035578,0.006131074876664692,-0.007802602175805288,-0.007807668235457241,0.006112832561908107,0.006100167065493151,-0.008498034484137225,-0.008486567557878605
13.38,4,0.0,0.0,0.00578253080570504,0.005786285293222654,-0.006623413485243554,-0.006627713923053627,0.005767562390628114,0.005755375772192108,-0.006489883258950031,-0.006480871288843018
13.4,4,0.0,0.0,0.005457442102350849,0.005460985516856122,-0.006262049531527878,-0.0062661153436006645,0.0054429753129015025,0.005431252213429623,-0.006254564598582618,-0.006245628397353084
13.42,4,0.0,0.0,0.005150628109107044,0.005153972315973363,-0.005909837633179424,-0.005913674761709897,0.005136637821089633,0.005125364667151293,-0.005900619717329757,-0.005891948521280721
13.44,4,0.0,0.0,0.00486106302945334,0.004864219228026514,-0.0055775926961178085,-0.005581214105223886,0.004847541661517756,0.004836704917159555,-0.005568554149293642,-0.005560143881095728
13.46,4,0.0,0.0,0.004587777116577516,0.004590755876567647,-0.005264023897683878,-0.0052674417133793255,0.0045747161896983485,0.0045643024189846015,-0.005255148561989487,-0.005246997331060654
13.48,4,0.0,0.0,0.004329855166287965,0.004332666463182797,-0.004968083776977737,-0.004971309445182162,0.004317245674566672,0.004307241572770244,-0.004959382276278107,-0.004951487541379376
13.5,4,0.0,0.0,0.004086433426241145,0.004089086674712651,-0.004688781223661546,-0.004691825546788264,0.004074265919394101,0.004064658340724949,-0.004680262090239312,-0.004672620777521383
13.52,4,0.0,0.0,0.003856696703713724,0.0038592007891468222,-0.004425180884685852,-0.004428054057843203,0.003844961365650489,0.0038357373474457693,-0.004416851145866009,-0.00440945971621845
13.540000000000001,4,0.0,0.0,0.0036434542592779246,0.003645819891049097,-0.004574024844082958,-0.004576994658508041,0.0036321339697274815,0.00362327460640296,-0.004565111329863962,-0.004557282839318971
13.56,4,0.0,0.0,0.00344619873130003,0.003448436289366206,-0.004787389977780882,-0.004790498325626752,0.003435275039621522,0.003426760855167897,-0.004777752324132278,-0.004769367246176076
13.58,4,0.0,0.0,0.003251761011803888,0.0032538723257079702,-0.0036546968769401267,-0.0036570697915788014,0.003241240491019531,0.003233074152292258,-0.003647109081752421,-0.0036405648695783804
13.6,4,0.0,0.0,0.0030724818307534736,0.003074476742604402,-0.003913849101495165,-0.003916390278130316,0.0030623448558154275,0.003054506574676397,-0.0039054712776660926,-0.0038983065723987437
13.620000000000001,4,0.0,0.0,0.0029067080843011035,0.002908595362883286,-0.004100427515991057,-0.004103089833989562,0.0028969363726193465,0.0028894080242061826,-0.004091387105999742,-0.004083717421489663
13.64,4,0.0,0.0,0.00274319140442083,0.0027449725151994786,-0.003136175243164774,-0.003138211492977258,0.00273379022717149,0.0027265739530885503,-0.0031290641239723393,-0.0031230759247969087
13.66,4,0.0,0.0,0.0025919432018864774,0.002593626110516891,-0.003300845098563452,-0.0033029882650290193,0.002582894655734512,0.0025759731879292105,-0.0032931452485938243,-0.0032867088921541138
13.68,4,0.0,0.0,0.0024485376333160894,0.0024501274318500677,-0.003063676291815924,-0.003065665469739867,0.0024398325871630737,0.002433196324326824,-0.0030563299945595137,-0.0030502320741592204
13.700000000000001,4,0.0,0.0,0.0023159777803727316,0.0023174815106969783,-0.0032176657531871296,-0.003219754913183215,0.00230759877180866,0.0023012314337580255,-0.003209743577026239,-0.0032032108114006114
13.72,4,0.0,0.0,0.0021856992742100663,0.00218711841755378,-0.0024995522679578963,-0.0025011751723613557,0.0021776489093966018,0.0021715509723637468,-0.0024932433962277126,-0.002488072471661107
13.74,4,0.0,0.0,0.0020648511142978073,0.00206619179357952,-0.0025924931719287867,-0.0025941764209310436,0.002059699264237019,0.0020538506541896333,-0.002873086806374392,-0.0028670092575791978
13.76,4,0.0,0.0,0.0019487363194344162,0.001950001607924945,-0.0022326669284804907,-0.0022341165500739807,0.0019433591948996125,0.0019377610770107516,-0.002186466774100527,-0.002181755444962269
13.780000000000001,4,0.0,0.0,0.001839180035243891,0.0018403741912413742,-0.0021103278074591277,-0.0021116979969440786,0.0018339908842202235,0.0018286327481392471,-0.002107455218385561,-0.002102829402467865
13.8,4,0.0,0.0,0.0017374890472015576,0.0017386171774711856,-0.002181257628100102,-0.0021826738708263516,0.0017324751605085826,0.001727343909733606,-0.0021774691572044036,-0.0021725993579992525
13.82,4,0.0,0.0,0.0016397831540798326,0.001640847846056849,-0.0018787026086714517,-0.0018799224089654787,0.0016332563439616762,0.0016283508424830484,-0.0016878041410306427,-0.0016839626157482829
13.84,4,0.0,0.0,0.0015473675451765864,0.001548372233727392,-0.0017503773461454443,-0.001751513827672746,0.0015413602355717388,0.0015366676479099664,-0.0017734151647128991,-0.001769305126847448
13.86,4,0.0,0.0,0.0014603789009088805,0.00146132710964298,-0.0016760138956579467,-0.0016771020946121512,0.0014546103252261562,0.0014501222718293102,-0.0016709225119861206,-0.0016669816429963347
13.88,4,0.0,0.0,0.0013782772660739572,0.0013791721680198761,-0.0015814323197366354,-0.0015824591089413503,0.0013727431871187821,0.0013684515020855814,-0.0015769208461601306,-0.0015731372241937491
13.9,4,0.0,0.0,0.0013020702871433187,0.0013029157095723152,-0.0016346307624000894,-0.0016356920922335066,0.0012969717927533077,0.0012928649511538192,-0.001653521409364876,-0.0016494863970183543
13.92,4,0.0,0.0,0.0012288497161536854,0.001229647598075211,-0.0014078953791171068,-0.0014088094945769736,0.0012237535981716703,0.0012198282965558362,-0.0013812338311927795,-0.0013778069732643117
13.94,4,0.0,0.0,0.0011609054008866722,0.0011616591680582461,-0.0014574763821667883,-0.001458422689532765,0.0011560230963272974,0.0011522685070728138,-0.001453735281062012,-0.0014500691197942561
13.96,4,0.0,0.0,0.0010956230820447913,0.0010963344628425109,-0.0012552564070440805,-0.0012560714173627668,0.001090943807340558,0.0010873558705705862,-0.0012513385427710324,-0.0012481331662499984
13.98,4,0.0,0.0,0.0010352145659706024,0.0010358867248478703,-0.0013183037754384416,-0.0013191597210652356,0.0010307272025375154,0.001027295929111536,-0.0013141142680072396,-0.0013106943803773557
14.0,4,0.0,0.0,0.0009779388128063218,0.000978573783797648,-0.0012236247719497884,-0.001224419244572783,0.0009736370572816518,0.0009703565932116227,-0.001219656350517496,-0.0012164325480707172
14.02,4,0.0,0.0,0.0009227972271768518,0.0009233963959507013,-0.0010409522892824404,-0.0010416281566426877,0.00091867770659765,0.0009155446362284983,-0.0010375095601821926,-0.0010347255146532924
14.040000000000001,4,0.0,0.0,0.0008719201219074979,0.0008724862572973665,-0.0011106235969318237,-0.0011113447003657517,0.0008679720824537754,0.0008649770842314921,-0.0011068789266001715,-0.001103864056505477
14.06,4,0.0,0.0,0.0008228864369843541,0.0008234207358828247,-0.000942544713454787,-0.0009431566869275293,0.0008191068001675243,0.0008162468214761661,-0.0009393063812880675,-0.0009367102172944952
14.08,4,0.0,0.0,0.000776509908526369,0.0007770140961670717,-0.0008783922901393223,-0.0008789626108629128,0.0007728925692489586,0.0007701621726645492,-0.0008753162831291188,-0.0008728606838339648
14.1,4,0.0,0.0,0.0007346322965173055,0.0007351092939477306,-0.0010383554737788034,-0.0010390296551239936,0.000731164255241906,0.000728552577969821,-0.001034652365995739,-0.0010317079342612445
14.120000000000001,4,0.0,0.0,0.000693957660416914,0.0006944082487030915,-0.0008650778164433796,-0.0008656394923783478,0.0006906371588130462,0.0006881423650933444,-0.000861937499191996,-0.0008594500933261223
14.14,4,0.0,0.0,0.0006555680908053039,0.0006559937535908472,-0.0008208496488729712,-0.0008213826084354364,0.0006523893068848325,0.0006500063653351911,-0.0008178174048641528,-0.0008154245120271797
14.16,4,0.0,0.0,0.0006187031915995558,0.0006191049188195532,-0.0007088814055141051,-0.00070934166653433,0.0006156628690753311,0.0006133888137404015,-0.0007062180107391888,-0.0007041236608837376
14.18,4,0.0,0.0,0.0005839202252022214,0.0005842993686099922,-0.0006700062673727254,-0.0006704412876237659,0.0005810128140718927,0.0005788429082576997,-0.0006674452630192279,-0.000665438586149078
14.200000000000001,4,0.0,0.0,0.0005530964119062277,0.0005534555420927667,-0.0008549706730054318,-0.0008555257866382504,0.000550308784044615,0.0005482324182120057,-0.0008516461008355024,-0.0008490502415528789
14.22,4,0.0,0.0,0.0005224520586778437,0.0005227912921627038,-0.0006489877691187012,-0.0006494091425264109,0.0005197853873549576,0.0005178031814430998,-0.0006464242401995257,-0.0006444289304939899
14.24,4,0.0,0.0,0.0004935507917568142,0.0004938712602877202,-0.0006180564654270672,-0.0006184577558282223,0.0004910000549714825,0.0004891078098989621,-0.0006155756794941417,-0.0006136509152091518
14.26,4,0.0,0.0,0.00046579668562584027,0.0004660991340291136,-0.000533687153520123,-0.0005340336647670779,0.000463359066527287,0.0004615543228511009,-0.0005315113242730673,-0.0005298283286280792
14.280000000000001,4,0.0,0.0,0.00044004232066362047,0.0004403280473272422,-0.0005524571013748613,-0.0005528157995532551,0.00043771134326335966,0.0004359888389382517,-0.0005501682356012362,-0.0005484033129497801
14.3,4,0.0,0.0,0.00041522982917406316,0.0004154994456358296,-0.0004683432821378252,-0.00046864736705166943,0.0004130031833558671,0.00041136090088219577,-0.0004663728475570641,-0.00046485792315233143
14.32,4,0.0,0.0,0.00039188696294514347,0.0003921414234003804,-0.0004497720051329394,-0.00045006403212559387,0.0003897599999004758,0.00038819414109331776,-0.00044785078822081464,-0.00044637792637351736
14.34,4,0.0,0.0,0.0003702189219678665,0.0003704593138437335,-0.00046477233461185647,-0.0004650741009999404,0.00036818589702234566,0.00036669185520071373,-0.00046275630219983713,-0.00046121517191005656
14.36,4,0.0,0.0,0.00034940004653290306,0.000349626921173903,-0.00040030831562176293,-0.00040056822692889626,0.0003474586154027396,0.0003460344089783491,-0.0003985466287347505,-0.0003972035073316754
14.38,4,0.0,0.0,0.0003300813734438299,0.00033029570489831255,-0.000414405671849161,-0.00041467473627201934,0.0003282261912454583,0.0003268675699239648,-0.0004125545724710331,-0.0004111470994510452
14.4,4,0.0,0.0,0.00031182051660868794,0.0003120229916934326,-0.0003903447398217212,-0.0003905981820093579,0.00031004802932387026,0.00030875212999523325,-0.0003885760786745203,-0.00038723472570839634
14.42,4,0.0,0.0,0.0002942857653761296,0.0002944768555355275,-0.00033718032513879856,-0.0003373992488350658,0.0002925938117410926,0.00029135884254532807,-0.00033563129661173287,-0.00033445938975810996
14.44,4,0.0,0.0,0.00027774127074848003,0.00027792161893433514,-0.0003186880074815962,-0.0003188949245259559,0.00027612638077151747,0.0002749495725050027,-0.0003172031897674906,-0.0003160826288879093
14.46,4,0.0,0.0,0.0002621268309212052,0.0002622970409975953,-0.00030076467888435435,-0.00030095995870722814,0.0002605856893473372,0.00025946440618250565,-0.00029934378045113914,-0.0002982740340529977
14.48,4,0.0,0.0,0.0002476334532219565,0.0002477942530697812,-0.000310881216480157,-0.0003110830647557461,0.000246161706044605,0.00024509254785145314,-0.00030939198616109463,-0.00030827345753491053
14.5,4,0.0,0.0,0.00023367024807126308,0.000233821981919896,-0.0002635601728899614,-0.0002637312966497496,0.0002322662506368888,0.00023124786776759692,-0.0002622807305223138,-0.0002613219283227747
14.52,4,0.0,0.0,0.00022053406956958044,0.00022067727438915532,-0.0002531088140284147,-0.0002532731519517689,0.00021919466961736476,0.00021822459107478972,-0.00025186385165071063,-0.0002509329374942859
14.540000000000001,4,0.0,0.0,0.0002083745888814305,0.00020850989882023323,-0.0002653492702701472,-0.0002655215556561369,0.00020709577465740067,0.00020617090214693074,-0.00026402681942952,-0.0002630401126717391
14.56,4,0.0,0.0,0.00019665635403944248,0.00019678405558868728,-0.000225253762832593,-0.00022540001508590535,0.0001954366743320755,0.00019455583333196727,-0.00022411675647694652,-0.00022327017802395432
14.58,4,0.0,0.0,0.00018560051102662936,0.00018572103426270936,-0.00021296413946261935,-0.00021310241233675475,0.00018443734315987603,0.00018359849363709438,-0.00021187532132239473,-0.0002110662985242151
14.6,4,0.0,0.0,0.00017536715296952434,0.00017548103191371072,-0.00022331763728232782,-0.00022346263245785758,0.00017405701333286975,0.00017325821818099923,-0.00019994521598106808,-0.00019917354061857462
14.620000000000001,4,0.0,0.0,0.00016566454294082272,0.00016577212219609267,-0.0002072843183341215,-0.00020741890343049796,0.00016444959290288393,0.00016368826391612414,-0.00020965795572110623,-0.00020884018905328872
14.64,4,0.0,0.0,0.00015632346294041483,0.000156424977240253,-0.00017633911310900975,-0.00017645360616493078,0.0001551659041280364,0.0001544411512288579,-0.000175133313869921,-0.0001744430428880367
14.66,4,0.0,0.0,0.00014753546593085503,0.00014763127437980003,-0.00016932740206830913,-0.00016943734257549026,0.0001464334242473381,0.00014574343656781458,-0.00016825931745158892,-0.00016758933074802196
14.68,4,0.0,0.0,0.0001392411096654234,0.00013933153277348592,-0.0001597648146316735,-0.0001598685463627958,0.00013804912075272589,0.00013739285647140526,-0.000142870673038171,-0.00014229591170744627
14.700000000000001,4,0.0,0.0,0.000131393639397899,0.0001314789673182821,-0.00014862539157026958,-0.00014872189072197284,0.00013028169430372212,0.00012965699701090783,-0.0001498924178581127,-0.00014928314820307487
14.72,4,0.0,0.0,0.00012414937872880366,0.0001242300031121019,-0.00015813070507955836,-0.0001582333758227833,0.00012309050581717419,0.00012249532874219137,-0.00015692507053001632,-0.0001562807635952096
14.74,4,0.0,0.0,0.00011728050566340635,0.00011735667024048535,-0.00014674368389150545,-0.0001468389612942489,0.00011627275571212326,0.00011570583929167486,-0.0001456526067044662,-0.00014504861884113984
14.76,4,0.0,0.0,0.00011066758497630096,0.00011073945593139145,-0.0001248374827581794,-0.0001249185369478767,0.00010970946391647357,0.00010917001876537875,-0.00012390025520885896,-0.00012338146940174544
14.780000000000001,4,0.0,0.0,0.00010444621336813201,0.00010451404492536328,-0.00011987358276722721,-0.00011995141400668319,0.00010353518922148225,0.0001030218422711019,-0.00011896597995891649,-0.00011846303250080681
14.8,4,0.0,0.0,9.85743096244156e-05,9.863832868552262e-05,-0.0001131038483514141,-0.00011317728415259631,9.770811784400159e-05,9.721964088000368e-05,-0.00011224015820786911,-0.00011176103155316475
14.82,4,0.0,0.0,9.313927066322247e-05,9.319976087480016e-05,-0.0001186063047414641,-0.00011868331316786107,9.23149282905708e-05,9.184969104148134e-05,-0.00011769290061899558,-0.00011718566126212027
14.84,4,0.0,0.0,8.788703503599706e-05,8.794411508821958e-05,-9.908170846625527e-05,-9.914604000385574e-05,8.710346746442587e-05,8.666089612097018e-05,-9.831225771047636e-05,-9.788451833737943e-05
14.86,4,0.0,0.0,8.294631996138616e-05,8.300019211762739e-05,-9.519888106529961e-05,-9.526069156942651e-05,8.220143131528738e-05,8.178038287925077e-05,-9.44534964010123e-05,-9.403871927737839e-05
14.88,4,0.0,0.0,7.828312750531949e-05,7.833397195485351e-05,-8.982179301691724e-05,-8.988011229718595e-05,7.75750476074854e-05,7.71745019437951e-05,-8.911268070396555e-05,-8.871769216196868e-05
14.9,4,0.0,0.0,7.39547392360931e-05,7.400277335983773e-05,-9.28434236502e-05,-9.290370481052079e-05,7.328110518378228e-05,7.2899764989419e-05,-9.210434749549589e-05,-9.169225706290307e-05
14.92,4,0.0,0.0,6.979597232725478e-05,6.984130625659185e-05,-7.996535169896074e-05,-8.00172714108538e-05,6.91557000919353e-05,6.879297873818387e-05,-7.932376503554713e-05,-7.896569630530537e-05
14.94,4,0.0,0.0,6.587210372538289e-05,6.591488997456619e-05,-7.558351232154602e-05,-7.563258700311881e-05,6.526356350200022e-05,6.491856831489828e-05,-7.497218466243462e-05,-7.463067830516812e-05
14.96,4,0.0,0.0,6.215962709794428e-05,6.220000291909069e-05,-7.031154361915011e-05,-7.035719532935691e-05,6.158134950153628e-05,6.125327547997701e-05,-6.97382309674411e-05,-6.94176561198967e-05
14.98,4,0.0,0.0,5.866518951025904e-05,5.870329647126025e-05,-6.73275336424404e-05,-6.737124790102966e-05,5.811562492019041e-05,5.780362050860805e-05,-6.677424038415217e-05,-6.646457749433232e-05
