time,leader_q1,leader_q2,leader_dq1,leader_dq2,leader_u1,leader_u2,follower_q1,follower_q2,follower_dq1,follower_dq2,follower_u1,follower_u2
0.0,1.3482268867298632e-12,2.468784914426537e-12,-2.949029909160572e-17,-1.3877787807814457e-17,6.596543334953688,-7.915852001998341,1.3482269101554036e-12,2.468784945727053e-12,-4.119968255444917e-17,0.0,6.588549029718437,-7.907643240413253
0.02,0.01681931270950186,-0.020183175243759927,0.33003525539457057,-0.3960423063979328,6.374644684666144,-7.649573621700198,0.01679892950078175,-0.020162245232233648,0.3296352879516407,-0.395631609372484,6.367187937389805,-7.641916776973538
0.04,0.03340001143083449,-0.04008001370571746,0.28258170383198356,-0.3390980445365551,6.155894089387391,-7.387072907413738,0.03336023124154099,-0.0400391662073961,0.282251341470174,-0.3387588170493519,6.148958086966809,-7.379950720512415
0.06,0.04940733900751548,-0.059288806794111144,0.27337274370376713,-0.3280472923828751,5.944708029314071,-7.133649635373558,0.0493495214998439,-0.05922943779846566,0.2730648893832835,-0.3277311742295791,5.938265684670055,-7.127034298637436
0.08,0.06460158535033618,-0.07752190240194824,0.2933197496718608,-0.35198369953595504,5.744249020428773,-6.893098824758008,0.0645273001062875,-0.07744562347288389,0.29300204994344764,-0.3516574687815971,5.738266647212927,-6.886955754552624
0.1,0.07954210465042763,-0.09545052555846126,0.25469197367833346,-0.30563036835421126,5.547137454408711,-6.656564945581386,0.0794522580516009,-0.09535826726981896,0.2544268886927553,-0.3053581626833421,5.541599050219291,-6.650877714584193
0.12000000000000001,0.09372013540488751,-0.11246416246029775,0.273709067860831,-0.3284508813638485,5.360085465856005,-6.432102559364517,0.0936161316387118,-0.11235736657630155,0.2734359517252671,-0.32817042607082486,5.354960333069765,-6.426839651921526
0.14,0.1074570822539519,-0.1289484986756712,0.2603677278339389,-0.3124412733333332,5.178852735495899,-6.214623282978616,0.1073399407557398,-0.12882821188969854,0.260119098242481,-0.31218595996089304,5.1741203861441285,-6.209763665775787
0.16,0.12069685824366,-0.14483622985983793,0.25519802431265803,-0.3062376291077525,5.00417922337305,-6.0050150684771495,0.12079708550239035,-0.14497891643498023,0.2294684904194094,-0.27539849435854874,4.996794299784408,-5.996906947025907
0.18,0.1335215941400713,-0.1602259129320679,0.24308908619583722,-0.29170690336876626,4.834981371172567,-5.801977645882265,0.13356849013972008,-0.16030652884318417,0.24655314045378163,-0.2959009366659253,4.8285042752577585,-5.794898096683258
0.19999999999999998,0.14588226168963073,-0.1750587139880978,0.23825295178270392,-0.2859035420730578,4.6719060128928795,-5.606287215992041,0.1459131108759472,-0.17512184561039063,0.23787689907018378,-0.2854863910981717,4.665838021895942,-5.599641000899321
0.21999999999999997,0.15803363004828322,-0.18964035601500578,0.20714996467758828,-0.24857995755739132,4.511591956978775,-5.413910348940962,0.15804868862919597,-0.18968619169152243,0.20688181272342104,-0.2482863242793647,4.505926346766766,-5.407691551545436
0.23999999999999996,0.1695648915614425,-0.20347786982740754,0.22261270665707678,-0.2671352479229973,4.359459024421886,-5.231350829917412,0.16956546822146154,-0.20350780967061682,0.22233327224120986,-0.2668285191586229,4.354168633320704,-5.225530819831395
0.25999999999999995,0.18071034607519876,-0.21685241524054485,0.21476917351883545,-0.2577230081584633,4.212416077045993,-5.054899293110804,0.18069739599243648,-0.216867474275862,0.2145086812385329,-0.25743642789557564,4.207482148241801,-5.049458361126456
0.27999999999999997,0.19147982327450383,-0.22977578787636718,0.20753011489073822,-0.24903613780539396,4.0703334309655865,-4.884400117858431,0.1914542578854174,-0.22977693536709282,0.2072871726586324,-0.24876822098744877,4.06573794128899,-4.879319319150659
0.3,0.2020665293144077,-0.24247983512088236,0.18047713946260255,-0.2165725673020717,3.9306621006319262,-4.716794521502493,0.20202901026772407,-0.24246776666475278,0.18027349374781543,-0.2163474062722942,3.9263934078507763,-4.712061689521028
0.32,0.2121129815201937,-0.25453557776454383,0.19394823314890255,-0.23273787971584325,3.798118385955552,-4.557742063934139,0.21206455100930827,-0.25451141151462414,0.19373772046643759,-0.23250446836538288,3.7941541172389104,-4.553333594697382
0.34,0.22184688420586404,-0.2662162609840918,0.18449471938258574,-0.2213936631980189,3.6696981641867126,-4.403637797854495,0.22178829190466035,-0.26618079448142534,0.18430238429011753,-0.22117975709098034,3.6660234423594966,-4.399538050683121
0.36000000000000004,0.23122849517842736,-0.27747419414794045,0.18083150247448626,-0.216997802908553,3.545925757521997,-4.255110909899415,0.23116050739821992,-0.27742824555838635,0.18065053731021288,-0.21679589683897388,3.542524850762776,-4.251303319811757
0.38000000000000006,0.2401437605013574,-0.288172512532322,0.19139021688472874,-0.22966826019089778,3.428305889431044,-4.1139670682316245,0.2400672199194602,-0.2881169885891231,0.19120689259711826,-0.22946299167780743,3.4251602360295386,-4.11043203054937
0.4000000000000001,0.24906260688413054,-0.29887512818842943,0.1517856986446038,-0.18214283832439765,3.3106387761072114,-3.972766532285511,0.2489778818474649,-0.29881040676984255,0.15164653137387074,-0.1819864341401334,3.3077435786861176,-3.969499126674901
0.4200000000000001,0.25752429985252956,-0.3090291597473828,0.16335815136204482,-0.19602978157509554,3.199002927400676,-3.838803513878903,0.25743217408496855,-0.30895608624423887,0.1632153889877649,-0.1958686557668461,3.196340548186512,-3.8357850948728545
0.4400000000000001,0.2657227769051195,-0.3188673322073955,0.15539241466250794,-0.1864708975374051,3.0908397090843187,-3.70900765194011,0.2656039830038131,-0.3187627081819825,0.15746808089658365,-0.18897037145424952,3.0886598270009094,-3.706539641112267
0.46000000000000013,0.2737616082853452,-0.3285139298605559,0.13707641659671885,-0.16449169986817241,2.984782709959944,-3.5817392530318966,0.2736546404978064,-0.3284238828023568,0.1350357765942317,-0.16204936656852637,2.9825755291102545,-3.5792110976214273
0.48000000000000015,0.2813904737916815,-0.3376685684651378,0.1472758473263352,-0.17673101673446961,2.884134426141511,-3.4609613124896415,0.28127760265940144,-0.33757174540538737,0.14719604756985707,-0.17664118732563694,2.8821270134771653,-3.458647702617038
0.5000000000000001,0.2887640925407923,-0.346516910961079,0.1420871701916518,-0.17050460417432614,2.7868536349133755,-3.3442243630553503,0.28864609229637017,-0.3464141767183803,0.14198793398592824,-0.17039019898888919,2.7850317063628482,-3.342109711493012
0.5200000000000001,0.29577086790615786,-0.3549250413966204,0.15042061575900662,-0.1805047388456424,2.6944126402412865,-3.2332951694870675,0.2957835753452217,-0.3549793402943178,0.13529023029569667,-0.1623517282810898,2.690980394882323,-3.2292259452921575
0.5400000000000001,0.30267946241120847,-0.3632153547997593,0.13051593534603853,-0.15661912236205616,2.6032669541686624,-3.1239203462384664,0.30266308707308137,-0.3632348809661993,0.13260327324810464,-0.1591263511034029,2.60032839599969,-3.1204228258346864
0.5600000000000002,0.30935055252195415,-0.371220662929777,0.1265234171354771,-0.15182810050921555,2.5152546841545953,-3.0183056222595437,0.30932722043472843,-0.37123191492206176,0.1263168698678364,-0.1515816130585383,2.5125144582375953,-3.015026672077402
0.5800000000000002,0.3156568862809988,-0.37878826343784067,0.1377144773253525,-0.16525737272746088,2.432054676301932,-2.9184656128731556,0.31562667349175044,-0.37879128209257423,0.13756559113327477,-0.1650792046168839,2.4295059479102847,-2.915398707167451
0.6000000000000002,0.32189328128232014,-0.3862719374366174,0.11775211445273819,-0.14130253729239173,2.3497773765415007,-2.8197328531976953,0.3218565317458698,-0.3862670906235614,0.11762884356681176,-0.14115417625600032,2.347414494502557,-2.816871996201575
0.6200000000000002,0.32790045304361964,-0.39348054354741113,0.11579559675947301,-0.13895471606008586,2.2705242388534423,-2.7246290880085136,0.327857662176737,-0.39346838231985326,0.11567922835004707,-0.1388138097838194,2.2683370094478907,-2.7219632546243173
0.6400000000000002,0.33380596133322643,-0.40056715349216987,0.10067382549486809,-0.12080859055187279,2.1926123561585937,-2.631134828811232,0.33375748101722474,-0.4005480579772277,0.10057691003954165,-0.12069045579985968,2.190594516569618,-2.6286573408397773
0.6600000000000003,0.33941009988904935,-0.40729211975647556,0.10818872391037578,-0.12982646864214098,2.118676470481253,-2.5424117660338044,0.3393564615631311,-0.4072666913923264,0.108089222926966,-0.1297042892302254,2.1168161988955503,-2.540109749746741
0.6800000000000003,0.34473697596821445,-0.41368437104887745,0.11435037053952946,-0.1372204445893082,2.0483985326887817,-2.4580782407170916,0.34456440906471714,-0.4135160571815177,0.12694456641181023,-0.15232927284976772,2.0481905616028393,-2.4577468274100704
0.7000000000000003,0.3500659491011103,-0.4200791388056989,0.0906913853016644,-0.10882966232251179,1.9780929282846897,-2.373711515467189,0.349819295329897,-0.41982171092822557,0.09885393579902974,-0.11862074789914678,1.978946407084425,-2.374642063914308
0.7200000000000003,0.3552096207744654,-0.4262515448111224,0.08784523489536716,-0.10541428183445606,1.9102320220963853,-2.2922784280755613,0.3548904188673273,-0.4259068194303402,0.09619063182230247,-0.11542418723973843,1.9121237116333643,-2.2944439561131653
0.7400000000000003,0.3600920366955505,-0.432110443913902,0.09425334975547714,-0.11310401965936702,1.8458178856908,-2.2149814644221384,0.35979047993426255,-0.4317866250911467,0.092923341172859,-0.11150291144703614,1.8475551227434988,-2.216951618159038
0.7600000000000003,0.36489292148341845,-0.43787150565681776,0.08184098575451065,-0.09820918286729724,1.7824793965920476,-2.138975277536958,0.3645957107103963,-0.43755260422222725,0.08193717718688173,-0.09831952431707847,1.7842361214757483,-2.1409594466960016
0.7800000000000004,0.3694487933941846,-0.4433385519472955,0.08795180907003192,-0.10554217083837898,1.7223733836161508,-2.0668480619980953,0.3691560747649067,-0.4430247244862387,0.08803825694847664,-0.10563978572120941,1.7241437527494483,-2.0688401606906472
0.8000000000000004,0.37393822871894855,-0.4487258743345716,0.07529831429929276,-0.09035797712238174,1.663143874277437,-1.9957726508238376,0.3736501237142976,-0.4484172384092247,0.07537581238505839,-0.09044517271902407,1.6649252242746255,-1.9977700394033622
0.8200000000000004,0.378188945109992,-0.45382673400146323,0.08207947049255024,-0.09849536454685441,1.6070638045210535,-1.9284765671473203,0.37790539251093963,-0.4535232026287575,0.08216743098055818,-0.09859398822455903,1.608853125099627,-1.930476473054002
0.8400000000000004,0.3823075682257077,-0.4587690817379987,0.07806314449997247,-0.09367577335732312,1.5527264527945857,-1.8632717451062115,0.3820286004622308,-0.45847067487050486,0.07815015851766863,-0.0937730191917798,1.5545212043704997,-1.865271737053376
0.8600000000000004,0.3862771250277094,-0.46353254989811526,0.0765136176719946,-0.0918163411642522,1.500355745864516,-1.80042689682028,0.38600274512551325,-0.46323925557874907,0.07660210583267271,-0.09191494424378892,1.5021535049882353,-1.802424685359187
0.8800000000000004,0.39011294207730285,-0.4681355303553812,0.07391668785294182,-0.0887000253822127,1.4497494790791847,-1.7396993767075168,0.38984315790391555,-0.4678473431494209,0.07400530435977762,-0.08879849785029628,1.451548003560301,-1.7416928380406957
0.9000000000000005,0.39381937670730865,-0.47258325190918166,0.07142375665759637,-0.0857085079485361,1.4008501657690402,-1.6810202007644541,0.39355419023151184,-0.4723001607658374,0.07151240953004989,-0.08580676588024479,1.4026473608334948,-1.6830073566227488
0.9200000000000005,0.397462908412561,-0.4769554899532843,0.06211319941490369,-0.07453583926468316,1.352780736196961,-1.623336885306986,0.3972023959768645,-0.4766775669175158,0.0621929266473689,-0.07462399037590235,1.3545745898701584,-1.6253157538013872
0.9400000000000005,0.40092050580196525,-0.48110460681844663,0.06674942465479719,-0.08009930954612099,1.307164354168782,-1.5685972269011774,0.40066457795381594,-0.480831741243436,0.06683797726275732,-0.0801969922935894,1.3089530722985967,-1.5705662137658953
0.9600000000000005,0.40426242065324985,-0.48511490463789986,0.0643975793263728,-0.07727709515326665,1.2630741818922149,-1.5156890201968478,0.4040110654906475,-0.4848470726158796,0.06448574253100293,-0.07737414044277312,1.2648560715758697,-1.5176465414640978
0.9800000000000005,0.407491600383266,-0.48898992031186994,0.06222697982057461,-0.07467237574699875,1.2204713338412891,-1.4645656025627731,0.40724480044300904,-0.4887270925227104,0.062314807232224045,-0.07476885696286419,1.2222448225991023,-1.4665101939644414
1.0000000000000004,0.4105601395993637,-0.4926721673692153,0.06587497646380047,-0.0790499717126818,1.179987830013193,-1.4159853979950732,0.41031779786815614,-0.4924142279596327,0.06597078282194573,-0.0791550155604414,1.1817516277880853,-1.4179159490796769
1.0200000000000005,0.41358568115451,-0.49630281723341546,0.05715799307028333,-0.06858959164870583,1.140071598052634,-1.368085919668464,0.4133478611967101,-0.496049827141751,0.05724350639431407,-0.06868318446396829,1.1418241795651305,-1.3700009216492506
1.0400000000000005,0.41650026125616063,-0.4998003133534613,0.056181632806362417,-0.06741795933196487,1.101619290165066,-1.3219431502289098,0.416266921435231,-0.49955221861617044,0.05626803365820189,-0.06751236506200939,1.1033594298889466,-1.323841492668728
1.0600000000000005,0.41931666699774756,-0.5031800002414675,0.054272459074026315,-0.06512695085392592,1.0644622051185848,-1.2773546481981748,0.41908777571055117,-0.5029367584912633,0.054358224122651726,-0.065220510879971,1.066188749758226,-1.279235277768002
1.0800000000000005,0.4219856327321545,-0.5063827591209291,0.05826898708106154,-0.06992278445653397,1.029250308865446,-1.235100372718508,0.4217610701347902,-0.5061442323942624,0.058363536423971726,-0.07002576947581682,1.0309624803360062,-1.2369626869972217
1.1000000000000005,0.4246633584453801,-0.5095960299749436,0.0455583573478093,-0.05467002878973301,0.9939228414525257,-1.1927074118474936,0.424397615814036,-0.509307595503926,0.05070464050380659,-0.060836105143391626,0.9962204525594603,-1.1952714504623885
1.1200000000000006,0.42724787309153994,-0.5126974475485233,0.044139320107266594,-0.05296718410083302,0.9598251157260022,-1.151790140999572,0.42699426589233885,-0.5124230723786254,0.043556809126731905,-0.05225971907058769,0.962004132868917,-1.1542113262260065
1.1400000000000006,0.42965375818055673,-0.5155845096536279,0.052621140106966544,-0.06314536808960519,0.9280840652286803,-1.1137008804254194,0.4294055104050657,-0.5153160804963267,0.05275198763118512,-0.06329176176564293,0.9302309207454197,-1.1160832076239449
1.1600000000000006,0.4320272173964917,-0.5184326607110296,0.04564366472721715,-0.05477239764153634,0.8967708120852755,-1.0761249766760295,0.43178446116862307,-0.5181703255873442,0.04574911127467062,-0.05488939186170275,0.8988832463753558,-1.078465962843173
1.1800000000000006,0.4342818781933047,-0.5211382536655566,0.048405738028293066,-0.058086885597334166,0.8670248767815987,-1.0404298543333679,0.43404443245601726,-0.5208818036332131,0.04851982828256233,-0.05821331528191626,0.8691033763452928,-1.0427303026874328
1.2000000000000006,0.4364629712227806,-0.5237555652993083,0.04666462263181216,-0.05599754712280678,0.8382495274085148,-1.0058994351070307,0.43623075361497377,-0.5235049017173659,0.04677655254400566,-0.05612142430757326,0.8402940012824157,-1.008159437873188
1.2200000000000006,0.4386065732346572,-0.5263278877119438,0.041238508129084014,-0.04948620972553662,0.8099688002799631,-0.9719625625740937,0.43837958357486145,-0.5260830032293989,0.04133911630795924,-0.04959742182580796,0.8119786513270557,-0.9741816012452005
1.2400000000000007,0.4406823480736705,-0.5288188175171816,0.039347951627103306,-0.04721754192356841,0.7825829229215733,-0.9390995097648474,0.44046050878571463,-0.528579619497152,0.039445638438298625,-0.04732539231240486,0.7845580889147348,-0.9412776916780601
1.2600000000000007,0.44264446443322764,-0.5311733571471327,0.042848045782642556,-0.05141765490534488,0.7566965517334232,-0.9080358643590881,0.44246623769503546,-0.5309860033309882,0.038660595583046554,-0.0463832484455155,0.758128395584818,-0.9095629918848901
1.2800000000000007,0.44458482326963655,-0.5335017877493073,0.036636757957745986,-0.04396410952195998,0.7310972294338908,-0.8773166776196499,0.44436712228200487,-0.5332665857605755,0.04150006695842349,-0.049789615650823245,0.7330802463349984,-0.8795062795989919
1.3000000000000007,0.4464538627270413,-0.5357446350967118,0.03602802597028044,-0.04323363113699876,0.7064388298828068,-0.8477265981778916,0.4462469202697531,-0.5355218561657886,0.03549363934333541,-0.04258315870718403,0.7083099571583886,-0.849783164880927
1.3200000000000007,0.44825994803559494,-0.5379119374655265,0.034803464881725116,-0.041764157831356986,0.682610989873748,-0.8191331901861469,0.4480577042339255,-0.5376943143266462,0.03490510112699294,-0.04187681428333569,0.6844490726015227,-0.8211514662258268
1.3400000000000007,0.44997618542774287,-0.5399714223347131,0.03684395336976587,-0.04421274401290208,0.6599685212129435,-0.7919622278115318,0.4497785652376723,-0.5397588763766111,0.036942912990202074,-0.044321371495352556,0.6617731118707453,-0.7939417739638049
1.3600000000000008,0.45163640569694613,-0.5419636866563926,0.035520588588262264,-0.04262470627617562,0.6380650913101488,-0.7656781119461785,0.4514433246355451,-0.5417561199175872,0.03561777117752228,-0.04273130840525975,0.639836407549292,-0.7676192995649
1.3800000000000008,0.4532414969039416,-0.5438897961034526,0.034344896644243235,-0.041213875943974375,0.6168889839030941,-0.7402667830753207,0.45305287128888666,-0.5436871121221201,0.034440285796561235,-0.041318409875586264,0.6186272470315662,-0.7421699783203844
1.4000000000000008,0.4548232037008118,-0.545787844258367,0.029884461966385015,-0.03586135433560694,0.5960213890455478,-0.715225669263809,0.45463903464598493,-0.5455900397144521,0.029968709650475937,-0.035953593037704595,0.5977262104367763,-0.7170905320562402
1.4200000000000008,0.45634692597901244,-0.5476163109909095,0.0293713213111378,-0.035245585549364175,0.5759187889683238,-0.6911025491882691,0.4561671151153368,-0.5474232737777517,0.02945535164690771,-0.03533750306284957,0.5775905378317685,-0.6929296049646074
1.4400000000000008,0.4578448589497934,-0.5494138305545573,0.02553593322052456,-0.03064311984489234,0.5561564294590459,-0.6673877177941454,0.45766939606338763,-0.5492255452593232,0.0256100742560705,-0.030724147556737753,0.5577948280050377,-0.6691767463432036
1.4600000000000009,0.4592663494771988,-0.5511196191862052,0.027442084871619116,-0.03293050182279805,0.5374025817304832,-0.6448831005362107,0.45909507405728844,-0.5509359063514989,0.027522943665185262,-0.0330187935028658,0.5390085229993323,-0.6466352117816603
1.4800000000000009,0.46061751233821857,-0.5527410146182392,0.02900498745060492,-0.03480598491444953,0.5195765729998413,-0.6234918900751367,0.4604764568546776,-0.5525931172173024,0.026182530498233273,-0.03141052935581886,0.5208059001972591,-0.6247941655327951
1.5000000000000009,0.46197238081362973,-0.5543668567875274,0.02265124960674733,-0.027181499509963694,0.5017016757773683,-0.6020420134240696,0.46183099827877433,-0.5542181172148396,0.023097364374230246,-0.027709165968241155,0.5029569687861778,-0.603377639395759
1.520000000000001,0.4632546375012001,-0.555905564811456,0.024760926960691085,-0.0297131123311722,0.48478475216513844,-0.5817417051046425,0.46311651587062197,-0.5557603019857191,0.024817035266112078,-0.029772015771760717,0.48601757136663254,-0.5830525684780111
1.540000000000001,0.46449705617316783,-0.5573964672166866,0.02354839860164091,-0.02825807830117607,0.46839341494551284,-0.5620721004560096,0.4643620922824086,-0.5572545618386553,0.02360847835554558,-0.028321983014002378,0.4696044828557776,-0.5633591194065486
1.560000000000001,0.4656945074435612,-0.5588334087400535,0.02308099748163545,-0.027697196957508455,0.45259533655217954,-0.5431144063985899,0.4655626395480274,-0.5586947935275337,0.0231406873155229,-0.027760629328743874,0.4537847479140239,-0.5443777292970463
1.580000000000001,0.46685161496026134,-0.560221937759014,0.022297610650146692,-0.026757132760223713,0.43732951679791243,-0.5247954227077135,0.4667004315664046,-0.560059732843323,0.024840247585150046,-0.02979931852285784,0.4387919452121212,-0.5263886476605538
1.600000000000001,0.4679696931467022,-0.5615636315816885,0.021545596316780935,-0.025854715560645593,0.4225786143804252,-0.5070943398206409,0.467825601996856,-0.5614095227929443,0.021245045342408793,-0.02548622088436899,0.42396545836396354,-0.5085992257208862
1.620000000000001,0.4690500591338638,-0.5628600707652527,0.02081887320901256,-0.024982647831780377,0.4083252522765444,-0.489990305309569,0.468909463442462,-0.5627097492301424,0.020892770265214466,-0.02506347050597716,0.40968330416072074,-0.49146302128156755
1.640000000000001,0.47007668058261814,-0.5640920165027714,0.022039367887234252,-0.026447241442931202,0.3947809465259056,-0.47373713842181764,0.46995686186250074,-0.5639662261037746,0.02018349948305308,-0.024212464976980284,0.39588162690510864,-0.474903409973964
1.660000000000001,0.47108623710989517,-0.5653034843345202,0.019420701689768387,-0.023304842009743337,0.38146177976333323,-0.45775413831970857,0.47096897411195193,-0.5651803657117082,0.01950362601901295,-0.023396735173342065,0.38254491906465615,-0.45890177855071956
1.680000000000001,0.47207839406552055,-0.566494072680297,0.01691426517439444,-0.020297118194237546,0.36837216705758086,-0.4420466030856514,0.47194698970195864,-0.5663535955094623,0.018846574455237953,-0.022608392495721837,0.36965750633497313,-0.4434393139961435
1.700000000000001,0.4730199233773844,-0.5676239078535995,0.018176354691329045,-0.021811625612112546,0.35595048924386913,-0.4271405897215207,0.4728943485938672,-0.5674900425718004,0.017957070000922986,-0.021541208245149313,0.35717405999588314,-0.42846162393367565
1.720000000000001,0.47392995142699285,-0.5687159415122164,0.01753593567098542,-0.021043122788291648,0.3439444103133059,-0.4127332950168934,0.4738074667794039,-0.5685854079632331,0.01760044415181427,-0.021113274990679373,0.34514180690186447,-0.4140253657452153
1.740000000000001,0.47481141283320627,-0.5697736951987816,0.01670798084934681,-0.020049577002819337,0.33231521358492244,-0.3987782589545864,0.47469199776383436,-0.5696464740687222,0.01676604879915552,-0.020112220698600487,0.3334862502343789,-0.4000411516605765
1.7600000000000011,0.47564460381873497,-0.5707735243805626,0.01819496201689358,-0.021833954401348336,0.32132285270022715,-0.3855874259042117,0.47554455787028843,-0.5706691822895574,0.01643318301884266,-0.019712803186618093,0.32225197706051084,-0.3865624715668438
1.7800000000000011,0.47648255747807994,-0.5717790687709132,0.014001655741516073,-0.016801986876722234,0.3102676574470931,-0.3723211916118412,0.4763684288043963,-0.5716574697474411,0.01587611111072649,-0.0190444390381065,0.31139574401053316,-0.37353743655663857
1.8000000000000012,0.4772755433363142,-0.572730651799968,0.015313013003624934,-0.018375615588815744,0.2998057262913691,-0.35976687423587517,0.4771664743386983,-0.572614772137029,0.015126855628248496,-0.018145546066854982,0.300879814861311,-0.360920766231339
1.8200000000000012,0.4780293300425652,-0.5736351958466763,0.01618116395055584,-0.01941739672323112,0.2898609529451491,-0.3478331462308708,0.4779228928392271,-0.5735221349385483,0.01624677188740733,-0.01948883240946913,0.2909124093963823,-0.34896226976534694
1.8400000000000012,0.47877254626892785,-0.574527055317522,0.014040737266898837,-0.016848884705921253,0.2800556368562388,-0.33606676693459414,0.4786547153478265,-0.574399988349357,0.015657191391471204,-0.018781488110198728,0.2812691078094526,-0.337392689424559
1.8600000000000012,0.4794885053313664,-0.5753862061916795,0.013800872340254046,-0.016561046794022826,0.270609926893356,-0.3247319149892777,0.479375890324616,-0.5752650644059832,0.01362581661888563,-0.016344667349848,0.2717661097888876,-0.32599150701983454
1.8800000000000012,0.4801803481128993,-0.5762164175287688,0.013331889120148824,-0.01599826693027094,0.26148238511461813,-0.3137788648646883,0.48007065739685284,-0.5760984581154913,0.013392362229300302,-0.016064534005142194,0.2626110914152098,-0.31500787899108396
1.9000000000000012,0.4808488549015819,-0.5770186256744567,0.012882263288596672,-0.015458715932735081,0.25266271711208294,-0.3031952632712939,0.48074205023517574,-0.5769038088499769,0.012937826539838687,-0.015519210775190688,0.2537640776986022,-0.30439384059552116
1.9200000000000013,0.4814963794855059,-0.5777956551744523,0.01227373003886911,-0.014728476033501095,0.2441198691554552,-0.29294384573274973,0.4813923972368779,-0.5776839099085835,0.012327248258989683,-0.014786717518209962,0.24519438710882174,-0.29411257782448236
1.9400000000000013,0.4821313003711844,-0.5785575602365601,0.010826524969365078,-0.012991829952225711,0.23574330288214163,-0.2828919662140929,0.48203011272865554,-0.578448854612646,0.01087418583166417,-0.01304366932127407,0.23679114318417752,-0.2840310667697269
1.9600000000000013,0.4827338413701087,-0.5792806094345927,0.01163210140709342,-0.013958521675780582,0.2277939272611391,-0.27335271547781653,0.48263533186113755,-0.5791748151964287,0.011683811112444643,-0.014014734555512422,0.22881610713227135,-0.27446334304562664
1.9800000000000013,0.48331763673148137,-0.5799811638675791,0.011065158150412969,-0.013278189768306949,0.22009186446103904,-0.2641102401264136,0.48322174676288593,-0.5798782158421002,0.011114824732349815,-0.0133321531037526,0.2210888563439802,-0.26519294580478836
2.0000000000000013,0.4838803032417749,-0.5806563636792871,0.010845454003856198,-0.013014544792661495,0.21266855642446228,-0.2552022704910216,0.4837869620286476,-0.5805561835355486,0.010894589579454952,-0.013067904269919599,0.21364095532964356,-0.2562577396400141
2.0200000000000014,0.484424012745325,-0.5813088150829192,0.010477352074445553,-0.012572822477675716,0.20549534982085424,-0.24659442257497705,0.4843331575108236,-0.5812113332939313,0.010525265195490931,-0.012624828332895174,0.20644367994923846,-0.24762326019368547
2.0400000000000014,0.48494938288344036,-0.5819392592480455,0.010123990477273994,-0.012148788561372591,0.19856409605489816,-0.23827691806390658,0.48487010573985534,-0.5818553872621982,0.009153645973457018,-0.010979534085568891,0.19936825654297402,-0.2391350166480783
2.0600000000000014,0.4854486176464473,-0.5825383409630684,0.010717503123358597,-0.012861003735173293,0.19197764855789906,-0.23037318107523025,0.4853698374059125,-0.58245479733298,0.01093034516939224,-0.01311055262338278,0.1927832396581719,-0.23123515285583482
2.0800000000000014,0.4859395539249455,-0.5831274644966838,0.009444074458521582,-0.011332889339506665,0.1855006836862535,-0.22260082323693925,0.48586285646480853,-0.5830461523602719,0.009481184781048046,-0.011372269524605846,0.18628667545734745,-0.2234414497458248
2.1000000000000014,0.486414951939518,-0.5836979421136043,0.009011559937608944,-0.01081387191465244,0.17922871647727937,-0.21507446259364565,0.48634026806005265,-0.5836187834435218,0.009049826008883335,-0.010854806714398469,0.1799957724050747,-0.2158945170002632
2.1200000000000014,0.48687315161308115,-0.584247781721328,0.008831830980293703,-0.010598197166069002,0.17318364847182124,-0.20782038099437944,0.48680042867763856,-0.584170719486849,0.008869633620342085,-0.01063861134572168,0.17393218726213025,-0.20862033247188608
2.1400000000000015,0.48732359267681524,-0.5847883109972624,0.007678876070460038,-0.009214651275988008,0.167240940478276,-0.20068913140933542,0.48725281660418884,-0.5847133293458888,0.007712070909861139,-0.009250125867934885,0.16797102364564803,-0.20146906148939747
2.1600000000000015,0.4877510468991538,-0.5853012560635454,0.008252066894767675,-0.009902480263867534,0.1616014998755307,-0.19392180269294315,0.4876821368154598,-0.5852282678045411,0.008288095846937314,-0.009940968916257661,0.16231382571219719,-0.19468248294388063
2.1800000000000015,0.48815735299680013,-0.5857888233802201,0.008722044993357471,-0.010466453981035104,0.156241068314756,-0.18748928482662292,0.48809023377772337,-0.5857177475580725,0.008760501981423311,-0.010507521080645375,0.15693628873962773,-0.18823143483862198
2.2000000000000015,0.4885579619817567,-0.5862695541616697,0.007568246994033849,-0.009081896383730206,0.1509557992554659,-0.1811469619620488,0.4884926252478268,-0.5862003811517091,0.007601933230427172,-0.009117856144776771,0.15163393360270666,-0.18187061504276908
2.2200000000000015,0.48894387877308,-0.586732654310773,0.007438956600362576,-0.008926747911398091,0.1458643655801517,-0.175037241558065,0.4888802756397201,-0.58666533126835,0.00747237909719314,-0.008962413656421014,0.14652582317957633,-0.17574285286074914
2.2400000000000015,0.4893167963888051,-0.5871801554491711,0.007186164886283493,-0.008623397854752378,0.14094443115514185,-0.16913332025428088,0.48925488429941555,-0.5871146363331564,0.0072187569782529715,-0.008658165354762552,0.14158956501023373,-0.1698212830743437
2.2600000000000016,0.4896780090900193,-0.5876136106901683,0.006846732801472966,-0.00821607935328085,0.13617892068173873,-0.16341470769226463,0.48961775027394855,-0.5875498546075185,0.006878080384397096,-0.008249507697237323,0.13680804141625286,-0.1640853687350383
2.2800000000000016,0.4900194410942818,-0.588023329094844,0.007456084527578431,-0.008947301423373182,0.1316743786576111,-0.15800925726910683,0.48996075958669444,-0.5879612544706558,0.007490534940913632,-0.008984026386382741,0.13228817113474595,-0.15866336673117534
2.3000000000000016,0.4903507118313309,-0.5884208539788739,0.007083600209975973,-0.008500320242684684,0.1273038951125067,-0.1527646770206415,0.4902935744358771,-0.5883604248952197,0.007116629687497891,-0.008535518892983898,0.12790263435363672,-0.15340254138982945
2.3200000000000016,0.4906709515131854,-0.5888051415966816,0.0068524451611035285,-0.00822293418424858,0.12307894523464509,-0.1476947371727182,0.4906153201963016,-0.5887463170106799,0.006884682844806353,-0.008257278123744455,0.12366295610431632,-0.14831671618943287
2.3400000000000016,0.4909856935469502,-0.5891828320367849,0.0060549783228085186,-0.007265973979711977,0.11892652630451192,-0.1427118344620268,0.4909315556468129,-0.5891255979600496,0.006083713418629871,-0.007296577066835456,0.11949588776579174,-0.1433180222067196
2.3600000000000017,0.4912846991072441,-0.589541638708742,0.006419335732042623,-0.00770320286976784,0.11498172003275983,-0.13797806694114312,0.4912319926258233,-0.5894859286375286,0.006450076361732126,-0.007735931504494021,0.11553699754495933,-0.13856908140618637
2.3800000000000017,0.4915838277350712,-0.5899005930617354,0.005090726137487889,-0.006108871358735699,0.11103529012037573,-0.13324235105154816,0.4915274504801258,-0.58984028545941,0.0056836823666848516,-0.006816712970549203,0.11164371775383379,-0.13389887245187276
2.4000000000000017,0.4918676238854441,-0.5902411484418012,0.005478858106342598,-0.006574629720420066,0.10729114291191011,-0.12874937440642428,0.4918135690509094,-0.5901834391547209,0.005423620605146399,-0.006504768493369995,0.10787350267313535,-0.12937631397649904
2.4200000000000017,0.49214192595429535,-0.5905703109240507,0.005285706983786692,-0.006342848373617881,0.10367225194381074,-0.12440670524961364,0.492089348510049,-0.5905141907176668,0.005315672427704622,-0.006375263708525571,0.10423952714704424,-0.12501720815018144
2.4400000000000017,0.4924076174053223,-0.5908891406649207,0.005036145308297629,-0.006043374363260034,0.10016696160294929,-0.1202003568453596,0.4923564940427768,-0.5908345853873873,0.005063672409260027,-0.006072994346761371,0.10071932176890376,-0.12079459995378407
2.4600000000000017,0.4926636950304996,-0.591196433814781,0.00493591806697213,-0.005923101673776847,0.09678850729975175,-0.11614621168617245,0.49261398374806203,-0.5911433976896859,0.004963140332500657,-0.005952387994590462,0.09732635224000294,-0.11672464039490242
2.4800000000000018,0.49291114501715344,-0.5914933737984225,0.0047683931352632235,-0.005722071755910177,0.09352387817935161,-0.11222865674621947,0.49286280876394034,-0.5914418164584634,0.004794893757052641,-0.0057505718659820945,0.0940475582298765,-0.11279166135859829
2.5000000000000018,0.49315024849626404,-0.5917802979730211,0.004607573155562521,-0.005529087780451705,0.09036936525636052,-0.10844324124303784,0.4931032510583448,-0.5917301799849258,0.004633375917515604,-0.005556827999750293,0.09087922421844523,-0.10899120436911154
2.520000000000002,0.49338184731194146,-0.5920582165515088,0.004389920340530783,-0.0052679044026306895,0.08731386200847227,-0.1047766373498624,0.4933361564922074,-0.5920095028336707,0.004414693529524161,-0.005294528749444537,0.0878102042067621,-0.10530989807623198
2.540000000000002,0.49360076332968994,-0.5923209157724967,0.004780619028036611,-0.005736742826792422,0.08442568401287776,-0.1013108237592429,0.49355217175117305,-0.5922685677716962,0.005268372959033325,-0.006318305620227237,0.08496374782884795,-0.10189557882709005
2.560000000000002,0.4938166706482455,-0.592580004554455,0.004152192939739726,-0.004982631521988544,0.08157720004649893,-0.09789264300365644,0.49376951686802345,-0.5925292260735722,0.004171792178950886,-0.005003158776019537,0.08209976774896864,-0.09846026003151676
2.580000000000002,0.49402523025034245,-0.5928302760766717,0.004019111224200778,-0.004822933463444177,0.07882565514018539,-0.09459078912003319,0.4939794115169681,-0.592780947630988,0.004044961919706078,-0.004851024117301293,0.07933396326823677,-0.09514272214958308
2.600000000000002,0.49422675621674217,-0.5930721072360599,0.003883444666295293,-0.0046601335941097825,0.0761669055992299,-0.09140028967473268,0.49418223701682823,-0.5930241898575355,0.003908488102258325,-0.004687326030732214,0.07666130970880869,-0.09193693674498556
2.620000000000002,0.4944248620137481,-0.5933098341921788,0.003377213640788527,-0.004052656364371514,0.0735532786495128,-0.0882639373388743,0.4943816287108677,-0.5932633125816459,0.003399137562459697,-0.004076453388764313,0.07403390376016777,-0.0887854439150489
2.640000000000002,0.49461285820611084,-0.5935354296227384,0.003629294062533036,-0.004355152869861611,0.07107302859005164,-0.08528763727115753,0.4945708533224069,-0.5934902409205415,0.0036530114131329977,-0.004380887469053536,0.07154047053944607,-0.08579466572805979
2.660000000000002,0.49479500575473756,-0.593754006680822,0.003452393346756174,-0.004142872011125728,0.06866994019430166,-0.08240393119979957,0.49475419880263344,-0.5937101173623313,0.0034751038187815636,-0.004167505529446367,0.06912450725100262,-0.08289682730010615
2.680000000000002,0.49496717713142513,-0.5939606123325911,0.0037598274304970793,-0.004511792910927903,0.06639846829957917,-0.07967816492950965,0.49492750986228906,-0.5939179587962257,0.0037847183418247936,-0.00453878248601846,0.06684076859376546,-0.08015760301369992
2.700000000000002,0.4951342245860551,-0.5941610692778974,0.003571994805348356,-0.0042863937610115935,0.06419459675265253,-0.07703351907649243,0.4950956700265157,-0.594119621882385,0.0035957938371006942,-0.004312190805416186,0.06462490382852629,-0.07749980563067901
2.720000000000002,0.4952957094909598,-0.5943548511635399,0.0034554320370122245,-0.004146518439150818,0.06206411240635738,-0.07447693786414512,0.49526136808943333,-0.5943183311540713,0.0031307390607501068,-0.0037544599524535448,0.062441482423480466,-0.07488093775411622
2.740000000000002,0.4954548422372591,-0.5945458104588579,0.0030066215443426553,-0.0036079458487897377,0.05996466029240459,-0.07195759533058375,0.4954209990610651,-0.5945097634532829,0.0030770531797785494,-0.0036900564906219117,0.06033800772432348,-0.07235797598806003
2.760000000000002,0.4956085067841942,-0.5947302079149459,0.0029143818802127887,-0.0034972582519021515,0.05793735060659222,-0.06952482371069772,0.4955756336150682,-0.5946952028410444,0.002931052461069429,-0.0035149482851412547,0.05830037134891614,-0.0699139971843489
2.780000000000002,0.4957566242717964,-0.5949079488998408,0.0028549519108844353,-0.003425942288800523,0.0559832237553224,-0.06717987149217869,0.4957246789544478,-0.5948739384974698,0.0028728641830471358,-0.003445147721088837,0.056336384648831665,-0.06755836951735202
2.800000000000002,0.4959022335309521,-0.5950826800106026,0.0024822683433667996,-0.0029787220084548406,0.05406218817933523,-0.06487462880396248,0.49586870882495643,-0.5950466585430988,0.0027754762687346828,-0.0033283396982348064,0.05443848731483328,-0.06528202397384623
2.820000000000002,0.49604041208241545,-0.5952484942721437,0.002667557339537451,-0.0032010688033818242,0.0522391865739519,-0.0626870268803388,0.49600822387354415,-0.595213963423233,0.0026444907041980534,-0.0031712429052608605,0.052600082268374114,-0.06307704704737878
2.840000000000002,0.4961717543059194,-0.5954061049401429,0.0028194821333606852,-0.0033833785555410084,0.05050637723584098,-0.06060765567731719,0.4961430178922036,-0.5953756059174599,0.00255624790301167,-0.0030654045860038955,0.05082388673576777,-0.060946696952112286
2.860000000000002,0.4962988083785783,-0.5955585698271333,0.0027183402257002706,-0.00326200826650605,0.04883014184348296,-0.05859617320912993,0.4962704452581796,-0.595528413530226,0.002782699690453895,-0.003336941383027262,0.04914476237873302,-0.058932785254991085
2.880000000000002,0.4964236785871059,-0.595708414077168,0.0024022466650253163,-0.0028826959943418946,0.047182718359884704,-0.0566192650314292,0.49639612635375874,-0.5956791261677647,0.0024170216154808556,-0.002898412509205573,0.04748864880557709,-0.05694648407640602
2.900000000000002,0.4965443056339108,-0.5958531665331411,0.002324567917500197,-0.0027894814973841824,0.04559127527664869,-0.05470953333408875,0.49651753543222144,-0.5958247150624716,0.002339652326304169,-0.0028056168753248824,0.04588882805803188,-0.05502771073647975
2.920000000000002,0.49666114707261744,-0.5959933762594017,0.00221471001180883,-0.002657652010674947,0.04404977604915089,-0.05285973426356355,0.4966351394176355,-0.5959657401921115,0.002229166860325909,-0.002673110769343758,0.04433914742727514,-0.05316908506683343
2.940000000000002,0.49677376067257034,-0.596128512579163,0.002170636797557135,-0.002604764153657336,0.04256405506475794,-0.05107686908469621,0.49674849278535416,-0.5961016673568437,0.002184897505170945,-0.0026200094246534404,0.0428454776412277,-0.05137764749646389
2.960000000000002,0.49688258015218045,-0.5962590959545181,0.0020969653964321537,-0.0025163584723892837,0.04112839023888364,-0.04935407129598272,0.4968580317390469,-0.596233019691166,0.002110831357183103,-0.002531178057731426,0.04140207079706294,-0.04964650342898697
2.980000000000002,0.4969877291421647,-0.5963852747423269,0.0020262426351607098,-0.0024314911589680827,0.03974115050076433,-0.04768938361251221,0.4969638804098406,-0.5963599460997973,0.0020397271757219455,-0.0024458995563921594,0.04000729120602017,-0.04797369038963956
3.000000000000002,0.49708957785486696,-0.5965074931974021,0.0019305268649232599,-0.002316632234792816,0.03839745160686148,-0.04607694494203848,0.4970664111667491,-0.5964828931545234,0.0019434577437459737,-0.0023304456437473857,0.038656232121327364,-0.046353322832396376
3.0200000000000022,0.4971894441402298,-0.5966273327396724,0.001702896937980581,-0.002043476322905219,0.037079907048664165,-0.04449589147438092,0.4971669504935177,-0.5966034515061883,0.0017143747310457425,-0.002055734575844438,0.0373314143209244,-0.04476443694404305
3.0400000000000023,0.4972842174146625,-0.5967410606688335,0.0018296055220299763,-0.0021955266234491497,0.03582955502507938,-0.042995469048165535,0.4972623665905698,-0.5967178658059639,0.0018420165439510736,-0.002208778378423669,0.036074105873935385,-0.04325652594166598
3.0600000000000023,0.4973758197628685,-0.596850983486527,0.0017651466504993718,-0.002118175977705382,0.03462103730602749,-0.04154524778733074,0.4973530657840525,-0.5968266233697868,0.001947014124979947,-0.0023346675944662006,0.03487895257705439,-0.041823167295635864
3.0800000000000023,0.4974628648215621,-0.5969554375568126,0.0018686729122650153,-0.0022424074915093524,0.033472644302492374,-0.04016717618502468,0.4974408074144954,-0.5969318338902107,0.0018772478082346375,-0.00225099731225787,0.03372277140656378,-0.04043655653816082
3.1000000000000023,0.49754846299399197,-0.5970581553635826,0.0016466403848162704,-0.001975968459087353,0.0323433401948364,-0.0388120112577607,0.4975270444983693,-0.5970352397007602,0.0016590259257147494,-0.0019893170457603963,0.03258641580410016,-0.03907373077113178
3.1200000000000023,0.49763135196129055,-0.5971576221241995,0.0015712284746520339,-0.0018854741669499138,0.0312497788652842,-0.037499737664163535,0.4976105564183564,-0.5971353771979052,0.0015830367123398636,-0.0018981877238604707,0.03148596997953331,-0.037753979399584095
3.1400000000000023,0.49771262817993384,-0.597255153586432,0.0013859023264759796,-0.0016630827895263503,0.030177494668518053,-0.03621299662988444,0.49769244692819675,-0.5972335698981502,0.001396378120436026,-0.0016743591444012135,0.030406889647886907,-0.03645985927966002
3.1600000000000024,0.4977897594411623,-0.597347711099773,0.0014890250848337387,-0.001786830099274106,0.029159895254168556,-0.034991877334421835,0.4977701644966204,-0.5973267583644307,0.0015003448340443135,-0.0017990117670400423,0.029382796620215916,-0.03523169193212939
3.1800000000000024,0.49786431004314247,-0.5974371718220195,0.0014365651965608031,-0.0017238782334467323,0.028176342700948164,-0.03381161427226846,0.49784528496293123,-0.5974168321913794,0.0014475473929414437,-0.0017356936879967394,0.028392925887887735,-0.034044573647176044
3.2000000000000024,0.4979363457787954,-0.597523614704677,0.0013881439374188419,-0.0016657727225384035,0.02722596899714565,-0.032671165829368784,0.49791787440775354,-0.5975038706503971,0.001398815092024091,-0.0016772506963779119,0.027436406699683603,-0.032897459675301235
3.2200000000000024,0.4980061205562223,-0.5976073444374665,0.0013225702835106094,-0.001587084337941299,0.02630542431117701,-0.031566512207824644,0.4979881884804554,-0.5975881803142057,0.0013327944871285961,-0.0015980788400509448,0.026509870335946043,-0.031786309573811705
3.2400000000000024,0.49807337058212403,-0.5976880444684296,0.0012962500021208995,-0.0015555000003128067,0.025418188890899394,-0.03050182970506199,0.49805596116681505,-0.5976694422512446,0.0013063252928236756,-0.0015663317805530395,0.025616822096122076,-0.030715326666209172
3.2600000000000025,0.49813948188388263,-0.5977673780304223,0.0011270297668010687,-0.0013524357182805521,0.02454597675693546,-0.029455175145856414,0.49812258909590745,-0.5977493311001915,0.0011358377981119348,-0.0013619028215493927,0.024738858443674818,-0.02966244023272594
3.2800000000000025,0.4982022194034146,-0.5978426630537484,0.0012111570807285428,-0.001453388494752298,0.02371827522429317,-0.028461933308166508,0.4981858195988146,-0.5978251458695106,0.0012206750457237348,-0.0014636161911531186,0.02390566304851432,-0.02866324769839236
3.3000000000000025,0.49826285788338043,-0.5979154292295983,0.0011684831883207215,-0.0014021798239306112,0.02291826650257016,-0.027501922843539306,0.4982469371502675,-0.5978984267215114,0.0011777156311546279,-0.00141209838169426,0.023100310244400967,-0.027697450660173886
3.3200000000000025,0.4983215928639,-0.5979859112061156,0.0011133135529012433,-0.0013359762615184068,0.022143370814018206,-0.026572048018678115,0.4983061386602611,-0.5979694097841649,0.001122158191951765,-0.001345475963054215,0.02232020532674829,-0.02676193709458627
3.3400000000000025,0.49837820256753473,-0.5980538428503742,0.001091156866170978,-0.0013093882374622702,0.021396514087605206,-0.025675819948341783,0.4983632004364785,-0.5980378268749255,0.001099871416776036,-0.0013187460958942084,0.021568295914593413,-0.02586024148392231
3.3600000000000025,0.4984319982815969,-0.5981183977071506,0.0011548701321467993,-0.0013858441564262337,0.02068678256951158,-0.024824142127925428,0.49841742803613326,-0.5981028453960371,0.0011641434530767526,-0.0013957997421473398,0.02085373275881134,-0.025003336959135397
3.3800000000000026,0.4984858156044076,-0.5981829784944241,0.0009158919873454296,-0.0010990703832589911,0.019976765965326,-0.023972122204212194,0.498471679679446,-0.5981678923584774,0.0009232842168701051,-0.0011070047529079703,0.02013885277168614,-0.024146057601499724
3.4000000000000026,0.49853687441206435,-0.5982442490635178,0.000985721469766273,-0.0011828657619310338,0.01930314269064632,-0.023163774275842767,0.49852315276102216,-0.5982296074852685,0.000993719969725134,-0.0011914489279848915,0.01946058619886362,-0.02333268981536971
3.4200000000000026,0.498586225104544,-0.5983034698944016,0.0009509709534548903,-0.0011411651424097433,0.018652054727540824,-0.022382468721326328,0.4985737688254654,-0.5982902947009578,0.0008628552379822338,-0.00103453867722424,0.018793612631909495,-0.022532869277748915
3.4400000000000026,0.4986340266291532,-0.5983608317238434,0.0009060713958156594,-0.001087285673329913,0.018021405070416194,-0.02162568913395529,0.4986218037635479,-0.5983478868664243,0.0009273225335664041,-0.0011118263004990733,0.018160650852048304,-0.021773839622824264
3.4600000000000026,0.49868009849505046,-0.5984161179628334,0.0008880391447854928,-0.0010656469721128867,0.017413574950587398,-0.02089629299130381,0.4986682335373693,-0.5984035541621752,0.0008946868582065705,-0.0010726908283300411,0.017548840497477007,-0.021040178583771742
3.4800000000000026,0.4987238801926204,-0.5984686559998346,0.0009398922523696299,-0.0011278707010512722,0.01683595921999033,-0.02020315411567943,0.49871235525193036,-0.5984564538765342,0.0009472011023143184,-0.0011356461921097696,0.016967443695102065,-0.02034299258651543
3.5000000000000027,0.4987669340768506,-0.5985203206608287,0.0008282218243473305,-0.0009938661877010105,0.016267945593863558,-0.01952153776541032,0.4987550386338897,-0.5985076287994263,0.000913216901721841,-0.0010948943559799737,0.01640499995921972,-0.019668538294807456
3.5200000000000027,0.49880783500372683,-0.5985694017730021,0.0008781014327820247,-0.0010537217176499747,0.015728336120704154,-0.01887400639864962,0.4987963063923252,-0.5985571061777454,0.0008830271590942115,-0.001058692322385757,0.0158612100500282,-0.019016456610854018
3.5400000000000027,0.4988481631731258,-0.5986177955762034,0.0007618713280764695,-0.0009142455922730858,0.01519628308658336,-0.018235542758726457,0.4988369746167661,-0.59860586446431,0.0007683787442961006,-0.0009212308448677126,0.01532532026391622,-0.018373852122749328
3.5600000000000027,0.4988876862732059,-0.5986652232962233,0.0006739724632385813,-0.0008087669546605579,0.014674851401761816,-0.01760982473794658,0.4988768333265003,-0.5986536519110331,0.0006796948941203036,-0.0008149004423080967,0.014800097540493478,-0.01774404271672046
3.5800000000000027,0.4989244699346563,-0.5987093636898925,0.0008045439716629528,-0.0009654527644033344,0.014189561368209124,-0.017027476698623704,0.49891393092269465,-0.5986981287279137,0.0008114110463525934,-0.0009728117338440104,0.014311258318491855,-0.017157865397741827
3.6000000000000028,0.4989608557859116,-0.5987530267113278,0.0006869817599135068,-0.0008243781106096124,0.013709519679038086,-0.016451426672555884,0.49895062882913854,-0.5987421260922804,0.0006928746112677235,-0.0008306917957134827,0.01382768584995632,-0.016578006974851248
3.6200000000000028,0.49899590397247023,-0.5987950845351294,0.0006755972742791272,-0.0008107167278412694,0.013247125916145627,-0.01589655415799189,0.49898659238069737,-0.5987852427722751,0.0006132787756503721,-0.0007352594738489551,0.01335379005526543,-0.016009755439170152
3.640000000000003,0.49902985378519105,-0.5988358243103276,0.000643507557524764,-0.0007722090677870184,0.012799223094491614,-0.015359070772888842,0.4990207236015288,-0.5988261624212181,0.0006589058138344699,-0.000789956856540916,0.012904039086748793,-0.015470459436528878
3.660000000000003,0.49906257510117763,-0.5988750898894467,0.0006307062541254897,-0.0007568475037252644,0.012367527936726026,-0.014841036584424367,0.4990542863959304,-0.5988664003459279,0.0005721473165221508,-0.0006859386593362597,0.01246177833441481,-0.014940148147375543
3.680000000000003,0.49909427066696294,-0.598913124568326,0.000600780112800809,-0.000720936134177879,0.011949365590267609,-0.01433924176950623,0.499086137683871,-0.5989045861374334,0.0006148944503336883,-0.0007371830300435395,0.012042070293782679,-0.014436882725333436
3.700000000000003,0.49912481931574926,-0.5989497829468085,0.0005888278861041624,-0.0007065934621777355,0.011546334619180022,-0.013855604605007897,0.4991169246099696,-0.5989414956673472,0.0005932541970198671,-0.0007112347328508684,0.011636387467009228,-0.013950437655753573
3.720000000000003,0.4991544103231382,-0.5989852921556157,0.0005608888287873398,-0.0006730665934509827,0.011155937894047101,-0.013387128535632899,0.49914674636261896,-0.5989772478647473,0.0005652680824561503,-0.0006776788778325438,0.011243422837570604,-0.013479245525746173
3.740000000000003,0.49918293056783714,-0.5990195164491968,0.0005497302193062277,-0.0006596762620815419,0.010779667833885745,-0.012935604464199465,0.4991754902606586,-0.5990117076535518,0.0005540414959622798,-0.0006642157895177733,0.010864661218129162,-0.0130250865553611
3.760000000000003,0.4992109678884437,-0.5990531612338679,0.0004779650983971692,-0.0005735581171525915,0.010409769033130189,-0.012491725904042739,0.4992032669075561,-0.5990450076472567,0.0005352599719511408,-0.0006416955882239048,0.010498645174410948,-0.012586212979448225
3.780000000000003,0.4992375744126229,-0.5990850890628285,0.0005136428789956869,-0.0006163714537734573,0.010058746853648274,-0.012070499289381571,0.4992301728554676,-0.599077263610999,0.0005099989558282822,-0.0006114077253848473,0.010144102427834928,-0.01216109908398071
3.800000000000003,0.49926279520424816,-0.599115354012727,0.0005506057696344144,-0.0006607269224282904,0.009726006763851677,-0.011671211182309973,0.4992561063325267,-0.599108353548356,0.0004998703572506105,-0.0005992615808045262,0.00980237403806539,-0.011751352707077002
3.820000000000003,0.4992877350822499,-0.5991452818662778,0.0004709050311916159,-0.0005650860364751278,0.009396972791837068,-0.011276370416568563,0.49928116713098714,-0.5991383971080171,0.0004829251827387776,-0.0005789436435840352,0.009472145031373702,-0.011355396951879346
3.840000000000003,0.4993118155609006,-0.5991741784406089,0.0004567158573080196,-0.0005480590278290134,0.009079276949944514,-0.010895135406953402,0.49930544236262087,-0.5991674987342959,0.0004601340501462735,-0.0005516176565360208,0.009152267526152348,-0.010971855305955578
3.860000000000003,0.499335026837545,-0.5992020319725337,0.000447395244057968,-0.0005368742919594945,0.008773048565454961,-0.010527661346205438,0.49932884020625923,-0.5991955483609,0.00045099577012258293,-0.0005406592939308681,0.008843951460597564,-0.010602178375578237
3.880000000000003,0.4993570842820735,-0.599228500905922,0.00047352268434360315,-0.0005682272201975765,0.008482042788073142,-0.010178454413953946,0.4993510759124566,-0.5992222046427613,0.0004773501306299874,-0.0005722497329906026,0.008550949010992608,-0.010250864879792092
3.900000000000003,0.4993788326208204,-0.5992545989123726,0.0004108658453851263,-0.0004930390136052738,0.008195115070057914,-0.009834141152937088,0.4993730009248684,-0.5992484883077677,0.0004142041791431253,-0.0004965471071582579,0.008262040606858936,-0.009904462248947936
3.920000000000003,0.49940014680473205,-0.5992801759330217,0.00036346269884578175,-0.0004361552378819959,0.007913915194412303,-0.00949670130275469,0.499394489169311,-0.5992742482201951,0.0003664311521218433,-0.0004392742945097741,0.00797888754220511,-0.009564962359429144
3.940000000000003,0.49941998365255946,-0.5993039801503726,0.0004338778608059396,-0.000520653432034536,0.007652205941766752,-0.00918265020013516,0.49941448887306117,-0.5992982235368083,0.000437440207544465,-0.0005243960884449804,0.007715349147157997,-0.00924898235366435
3.960000000000003,0.4994398919237289,-0.5993278700757334,0.0003387055163485732,-0.00040644661893833936,0.007389554394779694,-0.008867468344311095,0.4994342730996984,-0.5993219404036091,0.0003735359772886783,-0.0004477860656680946,0.007454650116860431,-0.00893640856067619
3.980000000000003,0.49945877894613294,-0.5993505345025778,0.0003646270857456668,-0.0004375525021282564,0.00714037627126596,-0.008568454596628361,0.4994533308027915,-0.5993447861927789,0.0003673611387726254,-0.0004403812047595705,0.007203524568962302,-0.008635315040226528
4.000000000000003,0.4994770341366848,-0.5993724407312007,0.00035177125037691437,-0.00042212549971512234,0.0068995339601387535,-0.008279443823795399,0.49947174737290434,-0.5993668632786666,0.0003548896206098384,-0.00042542817370841424,0.006960847302320167,-0.008344352560862783
4.020000000000002,0.4994943811156703,-0.5993932571059457,0.00037240287628300187,-0.0004468834507279397,0.006670673762921671,-0.008004811587629978,0.4994895866464605,-0.5993882481950392,0.0003381412602595224,-0.0004053484044802165,0.006725777137151559,-0.008062512454227408
4.040000000000002,0.49951148502406717,-0.5994137817959849,0.0003231239870518342,-0.0003877487837576771,0.0064450204170469205,-0.00773402757306891,0.49950678114908525,-0.5994088600645427,0.0003314257531379372,-0.0003972957988157104,0.006499203191182784,-0.007790860634201176
4.060000000000001,0.49952824749216895,-0.5994338967576704,0.0002858440156501517,-0.0003430128181942556,0.0062238717225779425,-0.007468649140189203,0.49952343733894244,-0.5994288265131352,0.00031571363421908916,-0.0003784586266916516,0.006279722653032058,-0.007527715068638275
4.080000000000001,0.49954415521389833,-0.5994529860237108,0.0003070996033378848,-0.00036851952334479923,0.006013999771080895,-0.00721680279885355,0.4995394914996306,-0.5994480711687271,0.00030944558472898245,-0.0003709426604390706,0.0060681751211844725,-0.007274082294786508
4.1000000000000005,0.4995595306930501,-0.5994714365986589,0.00029628035035993844,-0.0003555364197951362,0.005811149742039852,-0.0069733827644530896,0.4995550054274517,-0.599466668117458,0.0002989556149131656,-0.0003583658314806788,0.005863746298746761,-0.007028985902552326
4.12,0.4995743875006975,-0.5994892647678027,0.0002862938411669347,-0.00034355260879420993,0.00561514259110902,-0.006738174183771701,0.4995699967027747,-0.5994846384410295,0.00028888517388650503,-0.00034629205174755914,0.005666204527267491,-0.006792148047891593
4.14,0.4995885052335883,-0.5995062060472404,0.00030307754160311534,-0.00036369304923728266,0.005428886117497806,-0.006514666415851297,0.4995842428133941,-0.5995017154193351,0.000305833994917664,-0.00036660668528358184,0.005478481875985625,-0.006567083938236654
4.159999999999999,0.49960242514287334,-0.5995229099383514,0.00026297245103285363,-0.00031556694065533464,0.005245239547862199,-0.006294290532697521,0.4995980245100641,-0.5995182356016864,0.0002948613277630775,-0.00035345153252716935,0.0052968788598041295,-0.006349358059717558
4.179999999999999,0.4996155760603741,-0.5995386910393229,0.00028720045942391,-0.0003446405506571694,0.005071738353485411,-0.0060860890998341135,0.4996113491272975,-0.5995342077864393,0.00028511359310849985,-0.00034176486172955364,0.005121298831085764,-0.0061388544552878265
4.199999999999998,0.4996283357126376,-0.5995540026220102,0.0002728406432232766,-0.0003274087712551582,0.004903399155294797,-0.005884082062386498,0.4996242320699889,-0.5995496504457821,0.00027566186598329545,-0.0003304331502493804,0.004951538797834133,-0.005935329672720234
4.219999999999998,0.4996409080187005,-0.599569089389257,0.00023754382166442378,-0.0002850525854799918,0.004737531631766097,-0.005685041034529958,0.4996369278425733,-0.5995648686561286,0.00023987186678679773,-0.0002875303334228252,0.0047842451255891575,-0.00573476299184387
4.2399999999999975,0.49965301947053925,-0.599583623131436,0.00023346067206192825,-0.0002801528059533792,0.004577744197958365,-0.0054932961143242245,0.49964915871504345,-0.5995795295098895,0.0002357628776205531,-0.0002826032826330205,0.004623077495002102,-0.005541541930505708
4.259999999999997,0.49966475134158095,-0.5995977013766595,0.00022237383824122783,-0.000266848605380586,0.004422964606504648,-0.005307560604930128,0.4996610067640105,-0.5995937313971906,0.00022457627889245144,-0.0002691925354776359,0.004466954373107201,-0.005354369767072087
4.279999999999997,0.49967605868757303,-0.599611270191824,0.00021795009106040722,-0.0002615401087835735,0.004273785810824049,-0.005128546050455569,0.4996724265689355,-0.5996074198790594,0.00022011790959532151,-0.00026384686236295,0.004316474271710545,-0.0051739639737225
4.299999999999996,0.4996869850724062,-0.5996243818535988,0.0002105528434879142,-0.0002526634117079041,0.0041296330687306555,-0.004955562760274232,0.49968346209006465,-0.5996206476552521,0.0002126560753480597,-0.00025490111746456767,0.004171057921609401,-0.004999629999892334
4.319999999999996,0.4996975685077248,-0.5996370819759564,0.00020060743108571075,-0.00024072891685164577,0.00399000488930706,-0.004788008945290794,0.4996941516868166,-0.5996334607108937,0.00020262000055701335,-0.00024286985408144765,0.004030199856341341,-0.00483076178975879
4.339999999999995,0.499707768989039,-0.5996493225535097,0.000196615149539673,-0.0002359381790138955,0.0038554290552533367,-0.00462651794474095,0.49970445492575344,-0.5996458105852717,0.00019859595825598084,-0.00023804503554965967,0.003894432872106538,-0.004667998025693697
4.359999999999995,0.4997174624186419,-0.5996609546690105,0.00020809561723563602,-0.0002497147402049475,0.0037275427983734697,-0.0044730544367839135,0.49971424641748136,-0.5996575469887229,0.00021020109785259422,-0.00025195388379993175,0.0037654092397080997,-0.004513319433089752
4.379999999999995,0.49972702000725067,-0.5996724237753187,0.00018056030872671408,-0.00021667237005006806,0.0036014487035023576,-0.0043217415232326955,0.4997239010951615,-0.5996691193340429,0.00018239478123861785,-0.00021862303417101783,0.003638188421080305,-0.004360803027097882
4.399999999999994,0.49973622707253557,-0.5996834722536389,0.00017747597976031093,-0.0002129711753128087,0.0034799790932228533,-0.004175977991182913,0.4997332020841057,-0.5996802676716141,0.00017928659014346607,-0.00021489620426234576,0.003515628199419168,-0.004213874784037881
4.419999999999994,0.4997452783086186,-0.5996943337369173,0.00015430046543352463,-0.00018516055816629115,0.0033605653511094005,-0.004032681500927704,0.49974221195647356,-0.5996910670068012,0.0001707794691877089,-0.00020469816590823475,0.003396904054114484,-0.004071546179175076
4.439999999999993,0.4997540168789513,-0.5997048200212959,0.00014923652364829884,-0.00017908382802855546,0.003245276635338254,-0.0038943350422750594,0.4997510468199178,-0.5997016565104063,0.00015065019004259148,-0.00018056991783717974,0.0032804860210433016,-0.0039319830267675005
4.459999999999993,0.4997623115752029,-0.599714773656778,0.00016012629408007628,-0.00019215155252068003,0.0031358439887903583,-0.0037630158666777202,0.4997594314810722,-0.5997117063383091,0.00016186665567303332,-0.0001940128339514291,0.0031700003555594184,-0.0037995324696349
4.479999999999992,0.4997701958632488,-0.5997242348024143,0.00016924965699082264,-0.00020309958796713157,0.003031825893270288,-0.0036381941523014683,0.49976740164557637,-0.5997212592947333,0.00017109328388027756,-0.0002050705902970698,0.0030649765603595292,-0.0036736303742781256
4.499999999999992,0.49977796960099274,-0.5997335632876885,0.00014686032535487711,-0.0001762323900862152,0.0029292662974647415,-0.0035151226375805932,0.4997752603812984,-0.5997306786381941,0.00014846632794066408,-0.0001779491099986527,0.0029614210745580664,-0.003549489216615648
4.519999999999992,0.49978545823961085,-0.5997425496540122,0.0001443514740754881,-0.0001732217685384077,0.00283046803913623,-0.003396564727823665,0.49978283122241635,-0.599739752861441,0.00014593612201008882,-0.00017491541453037301,0.0028616592090874014,-0.0034298965321874794
4.539999999999991,0.49979271218158033,-0.5997512543843581,0.00013749612670397454,-0.00016499535170712634,0.0027347661540340477,-0.0032817224659321804,0.4997901650997325,-0.5997485430131191,0.00013901147816437753,-0.00016661469403600124,0.0027650198428241725,-0.003314047737307177
4.559999999999991,0.4997997203514072,-0.5997596641881333,0.00013290351418808813,-0.00015948421669733856,0.002642306762110739,-0.0031707711958480203,0.4997972507968095,-0.5997570356527824,0.00013437393821450275,-0.00016105531960232053,0.0026716507761312567,-0.003202119968734968
4.57999999999999,0.4998064754393215,-0.5997677702936139,0.00013020392939055644,-0.00015624471495776296,0.002553186301794138,-0.0030638266436863433,0.499804080902261,-0.5997652219009666,0.00013164998547586168,-0.00015778956107709297,0.0025816496697687497,-0.0030942302522901036
4.59999999999999,0.4998130187604481,-0.5997756222789499,0.00012402675236088817,-0.00014883210252869192,0.002466859699061698,-0.002960234720618336,0.49981069716804244,-0.5997731518033756,0.0001254095800405572,-0.0001503091861634366,0.002494466353341763,-0.0029897190163102024
4.6199999999999894,0.49981932530904327,-0.5997831901372485,0.00012155927717247966,-0.00014587113230953713,0.002383656856857271,-0.002860391310179257,0.4998170742925677,-0.5997807950377896,0.00012291972524834313,-0.00014732410695148662,0.0024104342288806253,-0.002888985888953512
4.639999999999989,0.4998255250708845,-0.5997906298514428,0.00010569019131438304,-0.0001268282293076864,0.0023018628615527697,-0.0027622385160133516,0.49982334370024617,-0.5997883091242573,0.00010687755563169171,-0.0001280961696396611,0.0023278215014306824,-0.0027899548528378336
4.659999999999989,0.49983140844739005,-0.5997976899032348,0.00011357945240852638,-0.00013629534261568738,0.002224242965403363,-0.0026690946408277003,0.4998292934243089,-0.5997954400161194,0.00011486038156520093,-0.0001376630026578944,0.002249421282240856,-0.002695974086575756
4.679999999999988,0.4998370007462238,-0.5998044006618212,0.00012004811722817268,-0.00014405774038906902,0.0021504632822056864,-0.0025805590211765085,0.4998349490262872,-0.5998022183548701,0.00012140720677423014,-0.00014550864848430697,0.0021748967440566535,-0.0026066397540397968
4.699999999999988,0.49984259524660163,-0.5998111140622606,9.521027348064273e-05,-0.0001142523279392578,0.0020766545538457104,-0.0024919885473288,0.4998405107983754,-0.599808884197442,0.0001069912373932412,-0.0001282301130679786,0.0021016086129196847,-0.0025187880525643137
4.719999999999987,0.499847902990179,-0.5998174833545402,0.00010246923075411807,-0.00012296307663298145,0.002006629032807552,-0.002407957922257898,0.4998458967667891,-0.5998153392988311,0.00010209560195864956,-0.00012236189955958446,0.002030637067137642,-0.002433713790796348
4.739999999999987,0.4998530456270022,-0.599823654518715,9.747258531330252e-05,-0.0001169671021340711,0.001938781779486786,-0.002326541218445524,0.4998511005213876,-0.5998215759788593,9.868439950087848e-05,-0.00011827285238761101,0.0019620665739301683,-0.00235151818871314
4.7599999999999865,0.4998580021397528,-0.5998296023340031,9.553728672720072e-05,-0.00011464474383513293,0.0018733900771879094,-0.002248071175853265,0.49985611656745144,-0.599827587654718,9.668407228769285e-05,-0.0001158747816411565,0.001895969537904978,-0.0022722880036347218
4.779999999999986,0.4998628032759011,-0.5998353636973687,9.100411954215265e-05,-0.00010920494323216415,0.0018100482718690126,-0.0021720610096337594,0.4998609755691502,-0.5998334110798231,9.210110084203332e-05,-0.00011038147033157197,0.0018319418936876253,-0.0021955388481293193
4.799999999999986,0.49986743068096157,-0.5998409165834296,8.919363864539481e-05,-0.00010703236612113684,0.0017489985158493726,-0.0020988013025631086,0.4998656589449166,-0.5998390239866379,9.027254525900003e-05,-0.00010818933963916907,0.0017702284928341016,-0.002121564194578639
4.819999999999985,0.4998719797316669,-0.5998463754442644,7.754975942778769e-05,-9.305971111910061e-05,0.001688982495627736,-0.002026782078450355,0.4998702632131575,-0.5998445420520221,7.849113669232063e-05,-9.406905852568301e-05,0.0017095575008165267,-0.002048839493208896
4.839999999999985,0.49987629663588473,-0.5998515557293148,8.333847352307716e-05,-0.000100006168012437,0.001632029204136248,-0.0019584381288058708,0.4998746327049633,-0.5998497787135657,8.435374325772155e-05,-0.00010109458479232863,0.001651980185455577,-0.001979823521589353
4.859999999999984,0.49988046910734807,-0.5998565626950602,8.040212685854475e-05,-9.648255202087189e-05,0.0015769814264925748,-0.0018923807957740768,0.4998788561829127,-0.5998548403530201,8.138506662658945e-05,-9.753615972325769e-05,0.0015963269116977734,-0.0019131142337478395
4.879999999999984,0.49988443399501065,-0.5998613205602448,8.511773440539327e-05,-0.00010214128107919468,0.001524672319923602,-0.0018296098680295797,0.49988286970850027,-0.599859650345727,8.616201558309805e-05,-0.00010326048014701675,0.0015434402049088088,-0.0018497214954004994
4.8999999999999835,0.4998883329772503,-0.5998659993389222,7.500419030760652e-05,-9.000502818578074e-05,0.001473232709310927,-0.0017678823354294172,0.49988681668458523,-0.5998643805545315,7.592750249493449e-05,-9.099444541290497e-05,0.0014914304284887275,-0.0017873802601699467
4.919999999999983,0.4998920994368971,-0.5998705190904884,7.258238598488106e-05,-8.709886299635566e-05,0.0014235414807520993,-0.0017082528612894778,0.4998906296679753,-0.5998689501539259,7.347898756641588e-05,-8.80595236704522e-05,0.00144118628947135,-0.0017271557583909067
4.939999999999983,0.49989580199021516,-0.5998749621544603,6.311934632096533e-05,-7.574321542794249e-05,0.0013746933739269497,-0.0016496351332273152,0.4998943781140693,-0.5998734423828795,6.390175190525149e-05,-7.658140537966304e-05,0.0013917925657645966,-0.0016679509517606409
4.959999999999982,0.49989937664469275,-0.5998792517398241,6.104762632649918e-05,-7.325715142569855e-05,0.0013275326475890128,-0.0015930422617445351,0.4998979972317028,-0.5998777795950168,6.180700627960237e-05,-7.407056055554195e-05,0.001344103018323648,-0.001610789171597896
4.979999999999982,0.4999027697252225,-0.5998833234364507,6.550226730792086e-05,-7.860272060867049e-05,0.0012827674420816913,-0.0015393240152570288,0.49990143266455445,-0.5998818966511045,6.631991067730658e-05,-7.947841710298498e-05,0.0012988339069522935,-0.0015565289127690096
4.999999999999981,0.4999060492689432,-0.5998872588889067,6.31957331452028e-05,-7.58348796163523e-05,0.001239500137536599,-0.0014874032499192173,0.49990469825519634,-0.5998858101432905,7.010156352094815e-05,-8.400987546296548e-05,0.0012558028264572022,-0.0015049515009524304
5.019999999999981,0.49990916565292615,-0.5998909985496779,6.690215804813424e-05,-8.028258949040537e-05,0.0011983854135530312,-0.0014380655812490832,0.49990785736016224,-0.5998895960004974,6.758961180290332e-05,-8.099906918949962e-05,0.0012141749202079825,-0.0014550562397673203
5.0399999999999805,0.4999121803200664,-0.5998946161502381,6.449912146815409e-05,-7.739894558679225e-05,0.0011586126486906134,-0.0013903382635208142,0.49991091169213625,-0.5998932562766698,6.535508660555911e-05,-7.832076374274591e-05,0.0011739276199805165,-0.0014068160594685741
5.05999999999998,0.4999151510103895,-0.5998981809786178,5.612784619415598e-05,-6.735341528891006e-05,0.0011194200737880905,-0.0013433071737438329,0.49991392165098175,-0.5998968633553468,5.686966747055905e-05,-6.815153647017624e-05,0.0011342650295159504,-0.0013592769896780283
5.07999999999998,0.4999180127983511,-0.599901615124164,5.516391695341294e-05,-6.61967002070496e-05,0.0010816642571803618,-0.0012980001939162107,0.4999168213895749,-0.5999003383272039,5.589549868711616e-05,-6.698371539431286e-05,0.0010960548243102127,-0.0013134790065583274
5.099999999999979,0.4999207249000837,-0.5999048696462358,5.921044797171579e-05,-7.105253740260012e-05,0.0010458832639639645,-0.0012550630021532056,0.4999195695729923,-0.5999036316595512,5.9998227596353565e-05,-7.189988879236636e-05,0.0010598416796623303,-0.001270074920341594
5.119999999999979,0.49992335616643646,-0.5999080271658521,5.626515910379243e-05,-6.751819075189597e-05,0.0010111687389204509,-0.001213405572192974,0.49992223595564,-0.5999068269458748,5.701615378665009e-05,-6.832586267094265e-05,0.0010247064333719087,-0.0012279630204747956
5.139999999999978,0.49992598673406324,-0.599911183846997,4.477128697542507e-05,-5.372554426005122e-05,0.0009764634322291648,-0.001171759204258638,0.4999249017414282,-0.5999100214980725,4.537072274829468e-05,-5.4370132277169886e-05,0.0009895790517101583,-0.0011858607962546045
5.159999999999978,0.4999284824890723,-0.5999141787530011,4.818203115931549e-05,-5.781843725924385e-05,0.0009435367200878697,-0.0011322471497784323,0.4999274310185182,-0.5999130524462067,4.8829228654515694e-05,-5.851428679360879e-05,0.0009562504614131722,-0.0011459147728205873
5.1799999999999775,0.49993089475105446,-0.5999170734673731,4.648346344001547e-05,-5.5780156002119274e-05,0.0009117115386865535,-0.0010940569321841506,0.499929875784358,-0.5999159821031361,4.710983747577974e-05,-5.645352396428313e-05,0.000924035485845154,-0.0011073037051705084
5.199999999999977,0.4999332312897121,-0.5999198773137558,4.428877236175091e-05,-5.314652671908546e-05,0.0008808853816682977,-0.001057065543847491,0.4999322439063484,-0.599918819897857,4.4887495554736534e-05,-5.379008014163786e-05,0.0008928304553280942,-0.0010699033249398195
5.219999999999977,0.4999355223492672,-0.5999226265852156,3.906662031155292e-05,-4.687994426503389e-05,0.0008506592343922491,-0.0010207941672003079,0.49993456603310826,-0.5999216025583195,3.959639988165148e-05,-4.744931543825687e-05,0.0008622315093065805,-0.0010332295804366333
5.239999999999976,0.4999376965686725,-0.5999252356484959,4.197347674683716e-05,-5.0368171980140486e-05,0.0008219745693387446,-0.0009863725692157836,0.49993676983009444,-0.5999242434052867,4.254450384451672e-05,-5.0981788971081465e-05,0.0008331918088451352,-0.0009984248503966862
5.259999999999976,0.4999397980429988,-0.5999277574176817,4.0494708278712016e-05,-4.859364982670589e-05,0.0007942496364167791,-0.0009531026497858837,0.4999388999823342,-0.5999267959872584,4.1047353291589345e-05,-4.9187434004737546e-05,0.0008051225339370395,-0.0009647833986769932
5.279999999999975,0.49994179496730984,-0.5999301537268494,4.2869732341268424e-05,-5.1443678681772215e-05,0.0007679040409081666,-0.0009214879352476133,0.4999409242430623,-0.5999292216639489,4.345665184294495e-05,-5.2074203559238086e-05,0.0007784486041449267,-0.0009328144803224032
5.299999999999975,0.499943792696632,-0.5999325510020306,3.399842149254262e-05,-4.079810568066722e-05,0.0007415478248181658,-0.0008898604760110909,0.4999429494041875,-0.5999316484052772,3.4465297790935157e-05,-4.129960434593252e-05,0.0007517628095122879,-0.0009008315309422472
5.3199999999999745,0.4999456880282817,-0.599934825400005,3.659053528445866e-05,-4.390864224010013e-05,0.0007165425500948969,-0.0008598541464128891,0.4999448708442162,-0.599933950844072,3.709459918601818e-05,-4.445001384353192e-05,0.0007264437601976715,-0.0008704868122913848
5.339999999999974,0.4999475517242551,-0.5999370618351678,3.1770518864694675e-05,-3.812462254243476e-05,0.0006919546475916593,-0.0008303486634778463,0.4999467602925823,-0.599936214934104,3.2209545263030964e-05,-3.8596081259917314e-05,0.0007015462687303147,-0.0008406475068336183
5.359999999999974,0.49994935103490257,-0.5999392210079397,3.07284764684973e-05,-3.6874171676061496e-05,0.0006682161862733476,-0.0008018625099626638,0.49994858454441116,-0.5999384008870612,3.115444113170607e-05,-3.733154330576652e-05,0.0006775078797976218,-0.0008118379998909788
5.379999999999973,0.4999510589499722,-0.5999412705060184,3.297072022731551e-05,-3.956486417582353e-05,0.0006456835147345716,-0.0007748233041805806,0.49995031620820285,-0.5999404758815913,3.3429204510906224e-05,-4.005708844887976e-05,0.000654689534552777,-0.0007844908565518033
5.399999999999973,0.4999527097160205,-0.5999432514252717,3.180972097535997e-05,-3.81716650740202e-05,0.0006239048151875497,-0.0007486888647856728,0.4999519899989793,-0.5999424815168506,3.225342445483878e-05,-3.864795963360451e-05,0.0006326337889310284,-0.0007580578256660808
5.419999999999972,0.4999543086630537,-0.599945170161707,3.030782280885949e-05,-3.636938727930722e-05,0.0006028097683983471,-0.0007233748086980976,0.49995361131629906,-0.5999444242637229,3.0731893320749826e-05,-3.682454789975809e-05,0.0006112694922996365,-0.0007324536249792311
5.439999999999972,0.499955849753503,-0.5999470194702416,2.970464986450788e-05,-3.56455797523858e-05,0.0005824780285343987,-0.0006989767209211204,0.49995517403392825,-0.599946296782147,3.012153784965818e-05,-3.609297525123539e-05,0.0005906773708027455,-0.0007077749919391925
5.4599999999999715,0.4999573647491356,-0.5999488374649962,2.582682732336916e-05,-3.099219273171999e-05,0.0005624905598487616,-0.0006749917585592885,0.4999567103554428,-0.5999481376605598,2.6190398973700152e-05,-3.138232105066516e-05,0.0005704330739868719,-0.0006835133548371448
5.479999999999971,0.499958802431734,-0.59995056268411,2.77546748950544e-05,-3.33056098101997e-05,0.0005435230887240003,-0.0006522307932664063,0.49995816833831047,-0.5999498846600253,2.8146594130910862e-05,-3.3726102817554365e-05,0.000551221054971272,-0.0006604889842845521
5.499999999999971,0.49996019201308955,-0.5999522301817325,2.677676706295401e-05,-3.213212040316729e-05,0.0005251902214654562,-0.0006302313526103484,0.49995957760023696,-0.5999515732704929,2.715602570394285e-05,-3.2538979072536944e-05,0.0005326510376314142,-0.0006382341447194351
5.51999999999997,0.49996151246165854,-0.5999538147200114,2.834723203886183e-05,-3.401667836692296e-05,0.0005077694290516138,-0.0006093264017647099,0.4999609168066497,-0.5999531779292554,2.8749965895972368e-05,-3.4448666445939524e-05,0.0005150041502599939,-0.0006170857367653695
5.53999999999997,0.49996281440774,-0.5999553770553053,2.4596133184593555e-05,-2.951535974838465e-05,0.0004905927415595237,-0.0005887143768245884,0.49996223730258266,-0.5999547601595253,2.4946612308000826e-05,-2.9891251855360124e-05,0.0004976038130502369,-0.0005962329226007014
5.559999999999969,0.49996406860506537,-0.5999568820920922,2.417598802750831e-05,-2.901118555609372e-05,0.0004740460075445174,-0.000568858296054038,0.49996350942349443,-0.5999562844172467,2.4521502255837185e-05,-2.9381708080332414e-05,0.00048084091931293454,-0.000576144150844879
5.579999999999969,0.49996528055616135,-0.5999583364334039,2.3354435507435406e-05,-2.8025322530527558e-05,0.0004580566316955115,-0.0005496710450809305,0.499964718369642,-0.5999577329702209,2.5953289256877565e-05,-3.1097089404640704e-05,0.00046491048709489905,-0.0005570531208668499
5.599999999999969,0.4999664719380229,-0.5999597660916343,2.031011405118771e-05,-2.4372136809225342e-05,0.0004423386275390333,-0.000530809440139442,0.49996592785146704,-0.5999591821565067,2.0583625464438288e-05,-2.4663044796383038e-05,0.00044897299607077763,-0.0005379537443803378
5.619999999999968,0.49996760252207956,-0.5999611227924987,2.1826090990627323e-05,-2.6191309142983843e-05,0.00042742273409196473,-0.000512910368049831,0.4999670753882272,-0.599960557112616,2.21539134429051e-05,-2.654438334669454e-05,0.00043385176268227857,-0.0005198326757248063
5.639999999999968,0.4999686742225568,-0.5999624088330683,2.3396746441608357e-05,-2.8076095657466466e-05,0.00041328369681137425,-0.0004959435233541347,0.4999681632084524,-0.5999618605097656,2.3748672868424692e-05,-2.8455022647429218e-05,0.0004195174213310079,-0.0005026547099021561
5.659999999999967,0.4999697311417472,-0.5999636771360936,2.0326099215942084e-05,-2.4391319006649564e-05,0.00039933967032943635,-0.00047921069161799333,0.4999692360694106,-0.5999631459755987,2.0632699860721054e-05,-2.4721402544974902e-05,0.0004053801999818494,-0.0004857130678346228
5.679999999999967,0.4999707545640092,-0.5999649052428048,1.9399971330599092e-05,-2.3279965540651953e-05,0.00038583757172702633,-0.00046300817333699254,0.4999702749720009,-0.5999643907462432,1.9693444731704035e-05,-2.3595876149775513e-05,0.00039169045213825206,-0.0004693077632285432
5.699999999999966,0.49997174096346775,-0.599966088922152,1.9012916620517878e-05,-2.2815499896314262e-05,0.0003728239181790866,-0.00044739178911989134,0.4999712763342868,-0.5999655905304312,1.9301340394156652e-05,-2.3125936450721363e-05,0.0003784953774262273,-0.00045349535232239906
5.719999999999966,0.4999726964410458,-0.5999672354952428,1.811079660318099e-05,-2.173295587424781e-05,0.0003602182196805887,-0.00043226495095948376,0.49997224634650317,-0.5999667527455526,1.838632320460415e-05,-2.2029473540702976e-05,0.00036571340636187784,-0.00043817807851305603
5.739999999999966,0.4999736173442818,-0.5999683405791231,1.775049066843684e-05,-2.1300588753506156e-05,0.00034806866347339183,-0.0004176854835492234,0.49997318129812457,-0.5999678729462846,1.8021287847471562e-05,-2.1591981086574452e-05,0.0003533934330049467,-0.00042341452838645156
5.759999999999965,0.49997450722092673,-0.5999694084310943,1.7148037603512134e-05,-2.0577645070404132e-05,0.0003363284437713088,-0.000403597219942756,0.49997410045734236,-0.5999689742189703,1.5669341576207696e-05,-1.8773913973004625e-05,0.0003412815580158374,-0.0004089004382698813
5.779999999999965,0.4999753528287089,-0.5999704231604303,1.8153393569361048e-05,-2.1784072227363366e-05,0.0003251722670121637,-0.0003902098078663495,0.4999749559079577,-0.5999699991542141,1.8710783520226038e-05,-2.241782192482361e-05,0.000330009179094755,-0.00039539242833836586
5.799999999999964,0.49997619877727295,-0.5999714382987044,1.4396803335262748e-05,-1.7276163969470043e-05,0.0003140115942885732,-0.0003768170006340731,0.49997579986776597,-0.5999710103161454,1.6230080221623505e-05,-1.9445519997458166e-05,0.0003188882158826369,-0.00038206594221106287
5.819999999999964,0.49997701531002914,-0.5999724181380094,1.3945002178054194e-05,-1.6734002575222173e-05,0.0003032390068673495,-0.0003638898957602427,0.499976617110368,-0.5999719894619279,1.5491670954666248e-05,-1.856070782889699e-05,0.00030811930853428046,-0.0003691614091360698
5.839999999999963,0.49997779036971207,-0.5999733482096267,1.4962258957487706e-05,-1.795471069781021e-05,0.00029301357729602696,-0.00035161938030424324,0.4999774201823416,-0.5999729516239934,1.3476549440460256e-05,-1.6146276451436264e-05,0.000297537129238464,-0.0003564807109951826
5.859999999999963,0.4999785413139304,-0.5999742493426862,1.4233278503871655e-05,-1.707993417925449e-05,0.00028310630513959093,-0.0003397306537490369,0.4999781806405743,-0.5999738627248997,1.4684016439701214e-05,-1.759283920908447e-05,0.0002875164764300301,-0.00034447296729879945
5.879999999999963,0.49997925305192453,-0.599975103428277,1.5287101583300045e-05,-1.8344521857324714e-05,0.00027371628409644745,-0.0003284626285259734,0.49997890353114677,-0.5999747288110484,1.5517983308142858e-05,-1.859189771053621e-05,0.00027799085728655293,-0.0003330584902179869
5.899999999999962,0.4999799651368865,-0.599975957930229,1.2118542595404569e-05,-1.4542251092278247e-05,0.0002643216854772074,-0.0003171891102139376,0.49997962673560364,-0.5999755952681624,1.2307900879877237e-05,-1.4745853660978747e-05,0.0002684611019782768,-0.0003216391241319874
5.919999999999962,0.4999806131873868,-0.5999767355908273,1.6101949900988732e-05,-1.932233982702286e-05,0.00025577189906001043,-0.0003069293665399592,0.4999802849348064,-0.5999763838389679,1.6354121795302684e-05,-1.9593432564326413e-05,0.0002597879289430312,-0.00031124625124993367
5.939999999999961,0.49998126751079264,-0.5999775207789123,1.2555031591181959e-05,-1.50660378715195e-05,0.00024713935365650556,-0.0002965703120824114,0.499980949532013,-0.599977180070504,1.275217480390528e-05,-1.527794931561327e-05,0.0002510304485495415,-0.0003007524147789775
5.959999999999961,0.4999819008709212,-0.5999782808110646,1.200676948329843e-05,-1.4408123347822016e-05,0.00023878337858705155,-0.00028654314202484577,0.49998159286392807,-0.5999779508202205,1.2195824843450054e-05,-1.4611317121469153e-05,0.0002425531834946637,-0.0002905944129217107
5.9799999999999605,0.4999824995586888,-0.5999789992363838,1.3073929016962915e-05,-1.56887147914897e-05,0.00023088483898108872,-0.0002770648945237625,0.4999822010033949,-0.5999786794029373,1.328034184816182e-05,-1.5910538695172727e-05,0.00023453965366830712,-0.0002809921459676173
5.99999999999996,0.4999830916076009,-0.5999797096950763,1.1178733094148463e-05,-1.3414479679899755e-05,0.00022307388637066972,-0.0002676917514176248,0.49998280242402515,-0.5999793999319398,1.1355702638694842e-05,-1.3604640167197424e-05,0.000226614658734004,-0.0002714960220267922
6.01999999999996,0.499983661895304,-0.5999803940403182,1.0992994331115308e-05,-1.3191593170352317e-05,0.0002155500312766494,-0.00025866312532882193,0.4999833817635985,-0.5999800940026796,1.1167488427988453e-05,-1.3379072502223838e-05,0.00021898062859259287,-0.0002623486015978947
6.039999999999959,0.49998420383986053,-0.5999810443737844,1.1634281144215497e-05,-1.3961137331101187e-05,0.00020840010977232062,-0.0002500832195450124,0.4999839323333284,-0.5999807536021391,1.1819460993357789e-05,-1.4160074597840966e-05,0.00021172570222916285,-0.0002536554912578771
6.059999999999959,0.49998474600194165,-0.59998169496828,9.2268045811493e-06,-1.1072165458186206e-05,0.0002012473184469667,-0.00024149986997743745,0.4999844831469857,-0.5999814134899532,9.374049153278163e-06,-1.1230331760841983e-05,0.00020446756154954214,-0.0002449585806499002
6.079999999999958,0.49998526037441665,-0.5999823122152483,9.930274813739481e-06,-1.191632975165724e-05,0.00019446115780362829,-0.0002333564772276952,0.4999850057500569,-0.5999820395770177,1.008917849280866e-05,-1.2087000396201336e-05,0.00019758115525004056,-0.00023670714294409944
6.099999999999958,0.49998575753913704,-0.5999829088129112,9.580194005112674e-06,-1.149623277187442e-05,0.00018790202055825626,-0.0002254855125549267,0.49998551089135046,-0.599982644740982,9.733907241567946e-06,-1.1661310079399273e-05,0.00019092484493733636,-0.0002287314587338639
6.1199999999999575,0.49998622996948633,-0.5999834757293288,1.0142078377812364e-05,-1.2170494029135892e-05,0.00018166920601462325,-0.0002180061351230733,0.49998599092164303,-0.5999832198183178,1.0305248360920755e-05,-1.2345707384304322e-05,0.00018459942539342936,-0.00022115229760884906
6.139999999999957,0.4999867025902853,-0.5999840428742859,8.043312449735468e-06,-9.651974924782675e-06,0.00017543387885143942,-0.00021052374254951653,0.49998646424527654,-0.5999837868577398,8.941959517734521e-06,-1.0712421888152412e-05,0.00017836238029345338,-0.00021367907123912166
6.159999999999957,0.4999871509859457,-0.599984580949077,8.65655213137459e-06,-1.038786251972637e-05,0.00016951815604162538,-0.00020342487519473053,0.4999869202291781,-0.5999843331209739,8.78958136901059e-06,-1.0529811760820462e-05,0.00017235382297837616,-0.00020647966213952298
6.179999999999956,0.499987584381032,-0.5999851010231793,8.351374981285797e-06,-1.002164994779245e-05,0.00016380033710549274,-0.000196563492489241,0.4999873608723804,-0.5999848610030908,8.49125107523982e-06,-1.0172355073823774e-05,0.00016654741194723247,-0.0001995225047661101
6.199999999999956,0.4999880041714107,-0.5999856047716323,7.957069515319992e-06,-9.54848339691089e-06,0.00015826200625635044,-0.00018991749548813992,0.4999877877029209,-0.5999853723348654,8.090520926269662e-06,-9.69222954537094e-06,0.00016092301205909452,-0.00019278347064328728
6.219999999999955,0.4999884157908612,-0.5999860987149714,7.018840143289268e-06,-8.4226081592427e-06,0.0001528314751712805,-0.00018340085820509744,0.49998820624322604,-0.5999858737321541,7.136858227473064e-06,-8.549716594329071e-06,0.00015540785360702752,-0.00018617536690423647
6.239999999999955,0.4999888064184181,-0.5999865674680386,7.5410957380180055e-06,-9.049314845265e-06,0.00014767789195727104,-0.00017721655836351924,0.49998860345575913,-0.5999863495766011,7.66822452880761e-06,-9.186219977048299e-06,0.0001501737338603956,-0.0001799040337392683
6.2599999999999545,0.4999891905242236,-0.599987028395004,6.547873705544521e-06,-7.857448428589403e-06,0.00014261035077494177,-0.00017113550896083612,0.49998899405309255,-0.599986817493523,6.658540125884654e-06,-7.976611718897575e-06,0.0001450267833971151,-0.00017373718046140096
6.279999999999954,0.49998955502719455,-0.5999874657985679,7.0367860385035785e-06,-8.444143231915724e-06,0.00013780143148744165,-0.0001653648058322409,0.49998936473223005,-0.5999872615467079,7.156022853522376e-06,-8.572520285420743e-06,0.00014014229748336365,-0.00016788483640325095
6.299999999999954,0.49998990733483145,-0.5999878885677311,6.788850061549556e-06,-8.146620047770614e-06,0.0001331534062993741,-0.0001597871756203283,0.4999897230245178,-0.5999876907585754,6.904177525614286e-06,-8.270774201412506e-06,0.00013542103462144454,-0.00016222809169638304
6.319999999999953,0.49999024775783124,-0.5999882970753296,6.560023570380963e-06,-7.872028264459263e-06,0.00012866217615871027,-0.00015439769946764368,0.49999006924490497,-0.5999881055065884,6.671745524239325e-06,-7.992287578435092e-06,0.00013085884468781934,-0.00015676197161161167
6.339999999999953,0.49999057749610387,-0.5999886927612557,6.250138758257667e-06,-7.500166500699207e-06,0.00012431191054949444,-0.0001491773807515249,0.4999904046127334,-0.5999885072516032,6.3568554048466785e-06,-7.6150251347301134e-06,0.00012643966026343486,-0.0001514672229724786
6.359999999999952,0.49999089530302765,-0.5999890741295633,6.1257556490494636e-06,-7.350906751746322e-06,0.00012011905625979026,-0.0001441459556161836,0.49999072785923077,-0.5999888944738742,6.230608492072132e-06,-7.463747132945009e-06,0.00012218020012475043,-0.00014636387507613622
6.379999999999952,0.4999912024025612,-0.5999894426490024,5.91784758606842e-06,-7.101417089275253e-06,0.0001160674654976925,-0.0001392840467154347,0.49999104022826,-0.5999892686636215,6.019396016875012e-06,-7.210689347125071e-06,0.00011806407373336173,-0.000141432287746225
6.3999999999999515,0.49999149914360314,-0.5999897987382519,5.718260833498939e-06,-6.8619129836855475e-06,0.00011215253521257504,-0.0001345861303855975,0.49999134207380386,-0.5999896302450367,5.816630046312499e-06,-6.96775267607086e-06,0.00011408661661667506,-0.000136666870400006
6.419999999999951,0.49999179084857104,-0.5999901487842125,4.9728478631605455e-06,-5.967417405550179e-06,0.00010830404628897806,-0.00012996794368812006,0.4999916388091782,-0.5999899857028536,5.058607612368898e-06,-6.05968005868221e-06,0.00011017649682412117,-0.00013198215829414466
6.439999999999951,0.49999206766744264,-0.5999904809668577,5.344028921602101e-06,-6.41283467515269e-06,0.00010465195092404502,-0.00012558542926016056,0.499991920413852,-0.5999903230336372,5.436423302564164e-06,-6.512224138496142e-06,0.00010646575616970891,-0.00012753634920346918
6.45999999999995,0.49999233986481295,-0.599990807603701,4.640163938526148e-06,-5.56819672654571e-06,0.00010106082742621271,-0.00012127608107623729,0.4999921973288165,-0.5999906547447028,4.720588555474914e-06,-5.654700897025217e-06,0.00010281681238452849,-0.00012316460452068984
6.47999999999995,0.4999925981705923,-0.5999911175706353,4.9866328868282406e-06,-5.983959450527043e-06,9.765297689227686e-05,-0.00011718666044811093,0.499992460122723,-0.599990969538521,5.073280403583569e-06,-6.0771468194595335e-06,9.935394355401316e-05,-0.00011901581862542903
6.499999999999949,0.499992847834123,-0.5999914171668713,4.810932549188102e-06,-5.773119049503478e-06,9.435914429292546e-05,-0.00011323406134002116,0.4999927141349407,-0.5999912738111794,4.894734003977469e-06,-5.863235952325435e-06,9.600679213298768e-05,-0.00011500569507559242
6.519999999999949,0.49999309325947805,-0.5999917116772965,4.183896764740208e-06,-5.020676107889838e-06,9.112122631289709e-05,-0.00010934855977570494,0.49999296018383893,-0.5999915685430978,4.663830130233887e-06,-5.586610341029585e-06,9.276457436399248e-05,-0.00011112131254935534
6.5399999999999485,0.49999332616046144,-0.5999919911584756,4.496187613643038e-06,-5.395425139845256e-06,8.804854345354549e-05,-0.0001056613403573726,0.49999319733972525,-0.5999918526207427,4.57120330732419e-06,-5.4756243092687895e-06,8.96395409259691e-05,-0.00010737734671756962
6.559999999999948,0.49999355181579325,-0.5999922619448729,4.277032397519143e-06,-5.132438873414746e-06,8.507145310345222e-05,-0.00010208883194868555,0.4999934270709026,-0.5999921278030532,4.354493157561479e-06,-5.216006193103917e-06,8.661234380460931e-05,-0.00010375061586277597
6.579999999999948,0.4999937693041538,-0.5999925229309049,4.192110200487709e-06,-5.030532212381422e-06,8.220211031310132e-05,-9.864562060875989e-05,0.49999364849856076,-0.599992393037451,4.268040695771386e-06,-5.112419542596669e-06,8.369456319638001e-05,-0.00010025499230667679
6.599999999999947,0.49999397946503316,-0.5999927751239592,4.0498271819643106e-06,-4.859792611947716e-06,7.942943961699594e-05,-9.531841578544419e-05,0.4999938624750283,-0.5999926493450081,4.123357225105373e-06,-4.939082886432772e-06,8.087496785988647e-05,-9.687701895651018e-05
6.619999999999947,0.4999941830295335,-0.599993019401359,3.858534611315967e-06,-4.6302415223353766e-06,7.674379552072661e-05,-9.20956428790023e-05,0.4999940697440876,-0.5999928976167542,3.928759698259426e-06,-4.70595964301504e-06,7.814375688097788e-05,-9.360495259476971e-05
6.639999999999946,0.49999438263177015,-0.5999932589240421,3.4035714385760585e-06,-4.084285730548282e-06,7.411042591337947e-05,-8.893559936102471e-05,0.4999942729874039,-0.5999931410649161,3.4656608165935243e-06,-4.151224674019821e-06,7.546559361395824e-05,-9.039645808253391e-05
6.659999999999946,0.4999945720546316,-0.5999934862314753,3.656823252748409e-06,-4.388187889434181e-06,7.161135368497663e-05,-8.593671269397199e-05,0.49999446587394564,-0.5999933721061667,3.723692457300448e-06,-4.460272194584114e-06,7.292390287517261e-05,-8.735147892488601e-05
6.6799999999999455,0.49999475558436335,-0.5999937064671527,3.4785913679141744e-06,-4.174309651844982e-06,6.919003002754816e-05,-8.303112431472503e-05,0.49999465276746796,-0.5999935959675977,3.542353258105535e-06,-4.2430368757603865e-06,7.046118290466625e-05,-8.440112531969986e-05
6.699999999999945,0.4999949324717463,-0.5999939187320117,3.40952223429683e-06,-4.091426662404529e-06,6.685633945329413e-05,-8.023069563265088e-05,0.4999948329045432,-0.5999938117348544,3.4721629435172097e-06,-4.1589383697991644e-06,6.80874934879018e-05,-8.155744789000876e-05
6.719999999999945,0.499995103814069,-0.5999941243427983,3.2477431885051533e-06,-3.897291820605109e-06,6.459580534016564e-05,-7.751805470451327e-05,0.49999500740203656,-0.5999940207458103,3.3075533508661326e-06,-3.96174598499624e-06,6.578811755038815e-05,-7.880281429885988e-05
6.739999999999944,0.49999526935114896,-0.5999943229872937,3.1392587838234565e-06,-3.7671105326091137e-06,6.241186029679455e-05,-7.489732066008454e-05,0.4999951759945251,-0.5999942226826208,3.197206347223952e-06,-3.829550941233939e-06,6.35665526049824e-05,-7.614141353693492e-05
6.759999999999944,0.4999954316782285,-0.5999945177797886,2.7679438161405667e-06,-3.321532569225405e-06,6.02702650673351e-05,-7.232740639205685e-05,0.49999534132478124,-0.5999944207108103,2.8191549681401418e-06,-3.3767085773801775e-06,6.138797449950831e-05,-7.353152597303047e-05
6.779999999999943,0.4999955857267453,-0.5999947026380082,2.973919053080032e-06,-3.568702853201655e-06,5.8237889634131335e-05,-6.988855587895005e-05,0.4999954982300576,-0.5999946086466466,3.0290711249582325e-06,-3.628118648131562e-06,5.932041342313127e-05,-7.105464932646364e-05
6.799999999999943,0.4999957349826651,-0.5999948817451114,2.828971349337628e-06,-3.3947656106585178e-06,5.6268743348337126e-05,-6.752558034390655e-05,0.4999956502602611,-0.5999947907422066,2.8815588669420245e-06,-3.451412653121544e-06,5.731709179655759e-05,-6.865474388099873e-05
6.8199999999999426,0.49999587883668145,-0.5999950543699305,2.7728007478203254e-06,-3.3273608952277822e-06,5.437086484260598e-05,-6.524812614405985e-05,0.4999957967943722,-0.5999949662537245,2.8244619231926338e-06,-3.3830044294247408e-06,5.5386192874304576e-05,-6.634161200626631e-05
6.839999999999942,0.49999602025487966,-0.5999952240717679,2.4108210405771047e-06,-2.8929852378019316e-06,5.250512229694933e-05,-6.300923509571666e-05,0.49999594085336807,-0.5999951387996432,2.4558417554172707e-06,-2.9414714971115474e-06,5.3487908851781036e-05,-6.406756488901086e-05
6.859999999999942,0.499996154456245,-0.5999953851134057,2.5907771795882772e-06,-3.1089326086135294e-06,5.073459205261192e-05,-6.0884598810714246e-05,0.49999607994198625,-0.5999953053913105,2.375344596565465e-06,-2.8450392570919525e-06,5.165512012470197e-05,-6.187199109112545e-05
6.879999999999941,0.4999962844825483,-0.5999955411449692,2.4644962107016333e-06,-2.95739543678189e-06,4.901914376406709e-05,-5.8826060869440526e-05,0.49999621197129496,-0.5999954635268222,2.548782743902467e-06,-3.052754179912881e-06,4.991535281910144e-05,-5.978786414289496e-05
6.899999999999941,0.4999964098029087,-0.5999956915294014,2.4155626534363983e-06,-2.8986751747298034e-06,4.736578138750664e-05,-5.684202602254805e-05,0.4999963395881199,-0.599995616376461,2.459136281340174e-06,-2.945364404961792e-06,4.8233729371164835e-05,-5.777340170180836e-05
6.91999999999994,0.4999965311947303,-0.5999958371995869,2.300946175981533e-06,-2.761135394796499e-06,4.5764248564184674e-05,-5.492018663895588e-05,0.49999646320414615,-0.5999957644333735,2.343128317105342e-06,-2.806402074333192e-06,4.660482495414105e-05,-5.5822104404718556e-05
6.93999999999994,0.49999664819393885,-0.5999959775986368,2.25517001534864e-06,-2.706204013304403e-06,4.4220667865553056e-05,-5.30678898061639e-05,0.4999965823522841,-0.5999959071381725,2.296592214363208e-06,-2.750648927667826e-06,4.503479446889514e-05,-5.394134462340365e-05
6.95999999999994,0.4999967632120377,-0.5999961156203549,1.9607664250020918e-06,-2.352919711703233e-06,4.2703224119169526e-05,-5.124695731606962e-05,0.49999669948786934,-0.5999960474316861,1.996865687432098e-06,-2.3916495863786358e-06,4.3491283640817296e-05,-5.209236408592714e-05
6.979999999999939,0.4999968702534216,-0.5999962440700153,2.341253500303536e-06,-2.809504181345429e-06,4.129101786379936e-05,-4.9552309814312554e-05,0.49999680850457184,-0.5999961780004099,2.3844601662915965e-06,-2.8558549489375584e-06,4.205475637459803e-05,-5.037155019276843e-05
6.999999999999939,0.49999697613724864,-0.5999963711306071,1.99913551082731e-06,-2.3989626247652995e-06,3.989408335672098e-05,-4.7875988414020964e-05,0.49999691634680477,-0.5999963071617287,2.036114364164371e-06,-2.4386286513640443e-06,4.063370523633939e-05,-4.8669285028614884e-05
7.019999999999938,0.4999970783714806,-0.5999964938116851,1.939001235375798e-06,-2.3268014813088156e-06,3.85452982737192e-05,-4.625744631969184e-05,0.49999702047635364,-0.5999964318756685,1.9749510951419524e-06,-2.3653601485436326e-06,3.926157660867331e-05,-4.7025633541440254e-05
7.039999999999938,0.49999717691552203,-0.5999966120645345,1.8994273800962413e-06,-2.2793128458264977e-06,3.724519819436698e-05,-4.469732622857042e-05,0.4999971208515578,-0.5999965520923859,1.9347243012564352e-06,-2.3171676986136203e-06,3.793891946046909e-05,-4.54412526373849e-05
7.059999999999937,0.4999972723702576,-0.5999967266102167,1.80931689998734e-06,-2.171180265173045e-06,3.5985855595063794e-05,-4.318611511467961e-05,0.499997218084145,-0.5999966685445853,1.8430182473043455e-06,-2.207320511423555e-06,3.6657672975797076e-05,-4.390648572911682e-05
7.079999999999937,0.49999736596691735,-0.5999968389262081,1.5959888948133272e-06,-1.915186672293845e-06,3.4751026750886445e-05,-4.170432050576802e-05,0.49999731342809645,-0.5999967827341481,1.6257844996162008e-06,-1.947135604550565e-06,3.5401313281277556e-05,-4.240153896329043e-05
7.099999999999937,0.49999745479030777,-0.5999969455142763,1.7147425406399686e-06,-2.0576910470491983e-06,3.357917206274928e-05,-4.029809488469056e-05,0.49999740391355796,-0.5999968911042413,1.746830156492546e-06,-2.0920944160743304e-06,3.420897453389216e-05,-4.097328916635386e-05
7.119999999999936,0.4999975421307406,-0.5999970503227954,1.488897375806486e-06,-1.7866768469085303e-06,3.2426882162625634e-05,-3.8915347008643414e-05,0.49999749289206846,-0.5999969976688997,1.5168229043870107e-06,-1.8166150101105172e-06,3.303649306804609e-05,-3.956883387596795e-05
7.139999999999936,0.4999976264538181,-0.599997151510488,1.4400624453007882e-06,-1.7280749347765856e-06,3.131440049262153e-05,-3.758036900932561e-05,0.4999975788003256,-0.5999971005558636,1.4671350118088122e-06,-1.7570959649666762e-06,3.190446872383351e-05,-3.821284830030758e-05
7.159999999999935,0.49999770649372394,-0.5999972475583746,1.545143189469328e-06,-1.8541718344103342e-06,3.0258427078159544e-05,-3.631320091783014e-05,0.4999976617652279,-0.5999971999171553,1.4168329825030301e-06,-1.6968421405229306e-06,3.081122934236824e-05,-3.69033288818624e-05
7.179999999999935,0.4999977825733841,-0.5999973388539666,1.6331793401512529e-06,-1.959815205811871e-06,2.925470152754727e-05,-3.510873026031781e-05,0.49999773899873484,-0.5999972924137955,1.68924157280953e-06,-2.0230747145542904e-06,2.9793513300995374e-05,-3.568428126691368e-05
7.1999999999999345,0.499997857586286,-0.5999974288694486,1.4171328594388133e-06,-1.7005594224045462e-06,2.826504981154794e-05,-3.3921148203755125e-05,0.4999978153998429,-0.5999973839130055,1.442491657881878e-06,-1.7275510980456488e-06,2.8786765881281926e-05,-3.4478379165083477e-05
7.219999999999934,0.49999792984811586,-0.5999975155836441,1.3929236248703958e-06,-1.6715083496904315e-06,2.7311693227365946e-05,-3.277712030713091e-05,0.4999978889953261,-0.599997472051628,1.4186452718285836e-06,-1.698982328310339e-06,2.7816988540758016e-05,-3.331676750373874e-05
7.239999999999934,0.49999799851846094,-0.5999975979880582,1.474191955719989e-06,-1.7690303287486164e-06,2.6405719413110724e-05,-3.168995173031759e-05,0.4999979602874054,-0.5999975574311679,1.3513199321468772e-06,-1.618343188507232e-06,2.687756344886184e-05,-3.219151882628965e-05
7.259999999999933,0.4999980673776763,-0.5999976806191165,1.1512150939162191e-06,-1.3814580990534342e-06,2.5497253816508962e-05,-3.059979301615315e-05,0.49999803019469263,-0.5999976411517791,1.1920440174117974e-06,-1.427585700850692e-06,2.595638593687155e-05,-3.1088133794467196e-05
7.279999999999933,0.4999981325464906,-0.5999977588216935,1.258437796844425e-06,-1.510125353640368e-06,2.4637476001411252e-05,-2.9568059640379456e-05,0.4999980965396788,-0.5999977206057174,1.2807960732622026e-06,-1.533865463507894e-06,2.508214932756861e-05,-3.0040980837747922e-05
7.299999999999932,0.49999819449378363,-0.5999978331584449,1.3297920028361443e-06,-1.5957503939623141e-06,2.382019999566368e-05,-2.8587328436118877e-05,0.49999815960489097,-0.5999977961313928,1.3538032014107082e-06,-1.6212881325181061e-06,2.425113072557669e-05,-2.9045599924518023e-05
7.319999999999932,0.4999982544184932,-0.5999979050680961,1.2820981595863812e-06,-1.5385177864098154e-06,2.3029608108458973e-05,-2.7638618174988573e-05,0.49999822061363897,-0.5999978691938611,1.3052930277097918e-06,-1.5631841663171775e-06,2.3447210416685064e-05,-2.80826825390589e-05
7.3399999999999315,0.49999831433290376,-0.5999979769653886,1.019711868884693e-06,-1.2236542289538466e-06,2.2239152097373675e-05,-2.6690070964322726e-05,0.49999828161444076,-0.599997942246386,1.0382025001816342e-06,-1.2433165338977814e-06,2.2643394809979682e-05,-2.7119896208328655e-05
7.359999999999931,0.4999983711767194,-0.5999980451779674,1.097403738541114e-06,-1.3168844635244592e-06,2.148920671079337e-05,-2.5790136500133417e-05,0.49999833949145844,-0.5999980115575532,1.117351087941837e-06,-1.338094175084431e-06,2.1880741712616355e-05,-2.6206418627020584e-05
7.379999999999931,0.49999842611888234,-0.5999981111085628,1.0587166906772527e-06,-1.270460021154246e-06,2.0764349993419293e-05,-2.4920308440456304e-05,0.4999983954346191,-0.5999980785524148,1.0780063937239348e-06,-1.2909689159415483e-06,2.114357129880955e-05,-2.5323468501555708e-05
7.39999999999993,0.49999847920764035,-0.5999981748150723,1.0230316690451602e-06,-1.2276379864270548e-06,2.006394540791501e-05,-2.4079822939022948e-05,0.49999844949288963,-0.5999981432896385,1.0417151571143202e-06,-1.2475008755799544e-06,2.043123832581249e-05,-2.447027263053493e-05
7.41999999999993,0.49999853063012184,-0.59999823652205,9.74705309412377e-07,-1.1696463639403187e-06,1.938552415276603e-05,-2.3265717434894785e-05,0.49999850185665917,-0.5999982059972501,9.92548719585401e-07,-1.188614712845787e-06,1.974123401101932e-05,-2.3643825776690622e-05
7.439999999999929,0.4999985801919168,-0.5999982959962038,9.553078368779166e-07,-1.1463693946889286e-06,1.873165109652732e-05,-2.2481069768873066e-05,0.4999985523278237,-0.5999982664380351,9.72836731918253e-07,-1.1650020456388521e-06,1.9076168797784562e-05,-2.284725427559601e-05
7.459999999999929,0.49999862729006395,-0.5999983525139803,1.0110887947618885e-06,-1.2133065502434315e-06,1.811028115905059e-05,-2.173542584565866e-05,0.4999986002921553,-0.599998323876471,1.0296853078135826e-06,-1.2330725502815443e-06,1.844413644877486e-05,-2.2090251852110713e-05
7.4799999999999285,0.4999986744071296,-0.5999984090544587,8.018634297148053e-07,-9.622361189752515e-07,1.7488661628455323e-05,-2.0989482413631467e-05,0.49999864827775103,-0.5999983813400355,8.166451834247523e-07,-9.779463522943677e-07,1.7811823895224572e-05,-2.1332918255637108e-05
7.499999999999928,0.4999987191091152,-0.5999984626968413,8.629991430433859e-07,-1.0355989572378987e-06,1.68989044579428e-05,-2.0281773810188216e-05,0.4999986938057055,-0.5999984358602042,8.789455816365921e-07,-1.052545790049958e-06,1.7211896001631002e-05,-2.0614376767339884e-05
7.519999999999928,0.4999987624205666,-0.599998514670583,8.209172217034377e-07,-9.851006516903293e-07,1.632749272548737e-05,-1.9596079732120537e-05,0.4999987379192893,-0.5999984886863383,8.361219147462462e-07,-1.0012580269648519e-06,1.6630605453674082e-05,-1.9918161593226977e-05
7.539999999999927,0.49999880488863147,-0.5999985656322605,7.241562669652035e-07,-8.689875214858145e-07,1.576720786531501e-05,-1.892373790342905e-05,0.4999987811757026,-0.5999985404857003,7.375995578762229e-07,-8.83272094888421e-07,1.6060609950160758e-05,-1.923547863403518e-05
7.559999999999927,0.4999988451909017,-0.5999986139949846,7.780384878516844e-07,-9.336461882121505e-07,1.523549652099943e-05,-1.8285684293472752e-05,0.4999988222278808,-0.5999985896452044,7.925160792308927e-07,-9.490286506999568e-07,1.5519659942294156e-05,-1.8587587345246688e-05
7.579999999999926,0.4999988841447376,-0.5999986607395874,7.50627408823562e-07,-9.007529005421178e-07,1.4721575188119045e-05,-1.76689786966528e-05,0.49999886190820847,-0.5999986371616524,7.646272434727597e-07,-9.156266806281677e-07,1.4996786986459033e-05,-1.7961350504376174e-05
7.599999999999926,0.49999892187577594,-0.5999987060168332,7.151866917957939e-07,-8.582240310778255e-07,1.4223786329030402e-05,-1.7071632068089992e-05,0.49999890034455197,-0.5999986831881811,7.285567191830933e-07,-8.724276586401236e-07,1.4490306172034274e-05,-1.7354749865557923e-05
7.6199999999999255,0.4999989582415477,-0.5999987496557594,7.009533607126028e-07,-8.411440159290795e-07,1.3744009550080727e-05,-1.649589993335038e-05,0.49999893739167983,-0.5999987275508959,7.140870771048247e-07,-8.550956444967894e-07,1.4002131233236235e-05,-1.6770077249285626e-05
7.639999999999925,0.4999989934673218,-0.5999987919266881,6.67694176371969e-07,-8.012330080832408e-07,1.3279272859687586e-05,-1.5938215906636284e-05,0.499998973278962,-0.59999877052448,6.802338458622437e-07,-8.145526312203222e-07,1.3529239732462613e-05,-1.6203712504253985e-05
7.659999999999925,0.49999902741843694,-0.5999988326680261,6.544107242767438e-07,-7.852928588757135e-07,1.2831352855084774e-05,-1.540071190374942e-05,0.4999990078691155,-0.5999988119445582,6.667287432184088e-07,-7.983761601236539e-07,1.3073440665097877e-05,-1.5657821992902865e-05
7.679999999999924,0.49999906022568874,-0.5999988720367281,6.321999744263174e-07,-7.586399677003697e-07,1.2398523938630626e-05,-1.4881317206640949e-05,0.4999990412952865,-0.5999988519705853,6.441271114022984e-07,-7.713072128247289e-07,1.2632979547412142e-05,-1.5130304198499433e-05
7.699999999999924,0.4999990920032102,-0.5999989101697538,6.023381559500107e-07,-7.228057765512608e-07,1.1979280344016964e-05,-1.4378224893104555e-05,0.4999990736736644,-0.5999988907417083,6.137281948134787e-07,-7.349017342034303e-07,1.2206325335776822e-05,-1.4619325253632873e-05
7.719999999999923,0.49999912270411506,-0.5999989470108396,5.822143533222579e-07,-6.98657226662347e-07,1.1574240645170025e-05,-1.3892177255952954e-05,0.499999104363144,-0.5999989274902611,6.59165498694686e-07,-7.893054489033213e-07,1.1801925960370627e-05,-1.4135002512198321e-05
7.739999999999923,0.499999152296335,-0.5999989825215035,5.703883352477235e-07,-6.844659898759542e-07,1.118382792258403e-05,-1.3423681988556816e-05,0.4999991346264309,-0.5999989637282667,5.717204419747324e-07,-6.845919889655883e-07,1.1403142579397284e-05,-1.3657408463810647e-05
7.7599999999999225,0.49999918096086177,-0.5999990169189355,5.433277816165039e-07,-6.519933317128412e-07,1.0805654336789239e-05,-1.2969873686774848e-05,0.4999991638504897,-0.5999989987216671,5.542624458391987e-07,-6.636834474320341e-07,1.1018053243889781e-05,-1.3196217530119555e-05
7.779999999999922,0.49999920858815183,-0.5999990500716835,5.325184392335203e-07,-6.390221299196197e-07,1.0441165104482576e-05,-1.2532486609178634e-05,0.4999991915527055,-0.5999990318925896,5.949929981520496e-07,-7.124506708200418e-07,1.0653017434435287e-05,-1.2759045707500135e-05
7.799999999999922,0.49999923534937946,-0.5999990821851566,5.072511898296383e-07,-6.087014172255489e-07,1.0088101909060962e-05,-1.2108810775258586e-05,0.49999921835406247,-0.5999990639846279,5.734098183843295e-07,-6.866027692543908e-07,1.0299852359929048e-05,-1.2336092902348586e-05
7.819999999999921,0.49999926158968483,-0.599999113673523,4.4744370867808025e-07,-5.369324486831362e-07,9.741911286029e-06,-1.1693382028792015e-05,0.499999244765478,-0.5999990956095648,4.990149503197872e-07,-5.975186404758026e-07,9.951825593146585e-06,-1.1919296201341226e-05
7.839999999999921,0.49999928649177966,-0.5999991435560368,4.807368935468015e-07,-5.768842681434794e-07,9.413375790665272e-06,-1.1299139434355541e-05,0.4999992702704298,-0.5999991261489239,4.837242260531671e-07,-5.792061664802728e-07,9.61574341888368e-06,-1.1516806732594577e-05
7.85999999999992,0.49999931061914604,-0.5999991725088762,4.5730600296833845e-07,-5.487672151971434e-07,9.095061354862482e-06,-1.09171621140287e-05,0.49999929491454287,-0.5999991556573492,4.6734557772667995e-07,-5.595912234909739e-07,9.291004629053764e-06,-1.1127904324520541e-05
7.87999999999992,0.4999993338732894,-0.5999992004138481,4.4822597178653667e-07,-5.378711642779754e-07,8.78826742643294e-06,-1.054900940137798e-05,0.49999931866964215,-0.5999991841011161,4.5787862834253956e-07,-5.482524601981009e-07,8.977980491282128e-06,-1.0753033444101033e-05
7.8999999999999195,0.4999993563439688,-0.5999992273786633,4.3301287988573023e-07,-5.196154561210031e-07,8.491809805203032e-06,-1.0193260257952707e-05,0.49999934162533993,-0.5999992115875369,4.423596365113469e-07,-5.296672824887938e-07,8.67549017218533e-06,-1.0390779783186485e-05
7.919999999999919,0.499999377696795,-0.5999992530020547,4.5839958928359237e-07,-5.500794986179613e-07,8.210100118842786e-06,-9.855208634320411e-06,0.49999936343997464,-0.5999992377075314,4.683143194871009e-07,-5.607412145933188e-07,8.38803579268869e-06,-1.004653476030611e-05
7.939999999999919,0.4999993987504168,-0.5999992782664009,3.977412830792615e-07,-4.772895358523543e-07,7.932337861113608e-06,-9.521893925631288e-06,0.4999993849498267,-0.5999992634624413,4.0636092701537563e-07,-4.865578216439737e-07,8.104597573055525e-06,-9.707101324688318e-06
7.959999999999918,0.49999941938375153,-0.5999993030264025,3.518524348995744e-07,-4.222229177466841e-07,7.660120488027934e-06,-9.195233078514369e-06,0.49999940603117926,-0.5999992887041354,3.594925788892589e-07,-4.3043731346933956e-07,7.826805747182193e-06,-9.374431750096582e-06
7.979999999999918,0.4999994389649578,-0.59999932652385,3.7801646697935287e-07,-4.536197582213908e-07,7.401783936638125e-06,-8.885229216553655e-06,0.49999942603841774,-0.5999993126595983,3.862413100290396e-07,-4.6246205212888136e-07,7.563167665350116e-06,-9.058713894059555e-06
7.999999999999917,0.4999994582192425,-0.5999993496289916,3.282289039625852e-07,-3.9387468277890525e-07,7.147760489530925e-06,-8.580401081196796e-06,0.499999445712452,-0.5999993362159634,3.353846467213373e-07,-4.0156696307080963e-07,7.303920258858322e-06,-8.748255896487473e-06
8.019999999999918,0.49999947649088516,-0.5999993715549626,3.5273687747777727e-07,-4.23284257651535e-07,6.906701124535094e-06,-8.29112984495947e-06,0.49999946438322423,-0.5999993585709555,3.6044239699883907e-07,-4.3156683217360214e-07,7.057892969035894e-06,-8.453631236283574e-06
8.039999999999917,0.49999949445748304,-0.59999939311488,3.062776133197498e-07,-3.6753313160248213e-07,6.669666241591458e-06,-8.006687986012999e-06,0.4999994827430632,-0.5999993805535296,3.1298143956387525e-07,-3.747384013028099e-07,6.815962887261064e-06,-8.163914813279077e-06
8.059999999999917,0.49999951150715577,-0.5999994135744872,3.291465588625697e-07,-3.9497586854994604e-07,6.444728431581001e-06,-7.736762616051067e-06,0.4999995001666564,-0.5999994014149939,3.3636538999612386e-07,-4.027340293893955e-07,6.586369841336796e-06,-7.888973911429033e-06
8.079999999999917,0.49999952771330364,-0.5999994330218646,3.4789227499471e-07,-4.1747070773923145e-07,6.230919318170913e-06,-7.480191679373071e-06,0.4999995167289218,-0.599999421245064,3.555374650139609e-07,-4.2568640266915647e-07,6.368126626638194e-06,-7.627626133104719e-06
8.099999999999916,0.49999954396389745,-0.5999994525225774,2.716841295720418e-07,-3.260209377742296e-07,6.016523825530945e-06,-7.222917086447436e-06,0.4999995330596334,-0.5999994407977802,3.0851792126584954e-07,-3.6938757027801805e-07,6.152934625839221e-06,-7.369933705863391e-06
8.119999999999916,0.4999995593435694,-0.5999994709781836,2.9698806632352803e-07,-3.5638567079041006e-07,5.813618480870627e-06,-6.979430673440946e-06,0.49999954882959846,-0.5999994596790041,2.990924275018958e-07,-3.581003546089534e-07,5.945131656927499e-06,-7.1210911242086385e-06
8.139999999999915,0.49999957424541525,-0.5999994888603987,2.8244473315730545e-07,-3.3893366430809424e-07,5.617017136786867e-06,-6.7435090605404334e-06,0.4999995640673057,-0.5999994779228531,2.889645288745024e-07,-3.459722674493959e-07,5.744342319668537e-06,-6.88064874258587e-06
8.159999999999915,0.49999958860791205,-0.5999995060953949,2.768386231193076e-07,-3.322063346251902e-07,5.427531471668404e-06,-6.516126261812388e-06,0.49999957875532647,-0.5999994955084673,2.8311102784686626e-07,-3.3896200816313504e-07,5.550796274840054e-06,-6.6488814807468134e-06
8.179999999999914,0.49999960248651704,-0.5999995227497207,2.674425003852676e-07,-3.209310093406359e-07,5.244429833210787e-06,-6.296404298006811e-06,0.4999995929490689,-0.5999995125021939,2.735154869815126e-07,-3.274715552163687e-07,5.363763400734662e-06,-6.42491492511867e-06
8.199999999999914,0.49999961589699554,-0.5999995388422947,2.5842267111289563e-07,-3.1010720092164434e-07,5.067504228002992e-06,-6.084093573808074e-06,0.4999996066646345,-0.5999995289233171,2.6430196261445493e-07,-3.1643862511906984e-07,5.183031527134189e-06,-6.208494920041288e-06
8.219999999999914,0.499999629079881,-0.5999995546617573,2.2473558449268016e-07,-2.6968269274674217e-07,4.893581277702055e-06,-5.875386033739895e-06,0.49999962014799865,-0.5999995450663392,2.2985815921819364e-07,-2.7519873593839783e-07,5.005359401978725e-06,-5.995740112928882e-06
8.239999999999913,0.4999996415900262,-0.5999995696739313,2.4151018855958495e-07,-2.8981222407326035e-07,4.728533847857316e-06,-5.677329120269771e-06,0.4999996329438383,-0.5999995603861272,2.470257321335323e-07,-2.957509400991487e-07,4.836746879248508e-06,-5.793835012021257e-06
8.259999999999913,0.4999996537109752,-0.5999995842190701,2.2973839399267892e-07,-2.7568606840097654e-07,4.568621116884759e-06,-5.4854338439815385e-06,0.49999964534211555,-0.5999995752298473,2.3499515553263017e-07,-2.8134567439663805e-07,4.6733730895815255e-06,-5.598204186762192e-06
8.279999999999912,0.49999966559589915,-0.5999995984809788,2.026591605711059e-07,-2.431909835974577e-07,4.4118222853592505e-06,-5.297275245565037e-06,0.4999996574994833,-0.5999995897850542,2.0730495545184802e-07,-2.4819241653192825e-07,4.5131737962359856e-06,-5.406375782859932e-06
8.299999999999912,0.4999996768747134,-0.599999612015556,2.1773839846764287e-07,-2.61286076018441e-07,4.263019911142065e-06,-5.118712396504414e-06,0.4999996690373428,-0.5999996035984823,2.227394369953839e-07,-2.6666948061207507e-07,4.361137846118614e-06,-5.224323555691313e-06
8.319999999999911,0.49999968777616094,-0.5999996250972928,2.100672514618318e-07,-2.5208070630194923e-07,4.119196169150268e-06,-4.946123909043713e-06,0.49999968038304976,-0.5999996171817803,1.934110638313058e-07,-2.315554135205733e-07,4.21163391483422e-06,-5.0453042977700915e-06
8.339999999999911,0.4999996983354017,-0.5999996377683818,2.0014897412004573e-07,-2.4017874889967206e-07,3.979887190640803e-06,-4.778953132781737e-06,0.49999969115019127,-0.5999996300723313,2.078614713928173e-07,-2.4885422040751837e-07,4.069753818776149e-06,-4.875415008577652e-06
8.35999999999991,0.4999997085368985,-0.599999650010178,1.934619787320735e-07,-2.3215436763257546e-07,3.845297959010999e-06,-4.617446055411863e-06,0.49999970158280194,-0.5999996425623044,1.9773820249258112e-07,-2.3673309375998874e-07,3.932281880421566e-06,-4.710805081982599e-06
8.37999999999991,0.4999997183699942,-0.5999996618098928,1.8953235537619295e-07,-2.2743881756756568e-07,3.7155690755891104e-06,-4.46177139442676e-06,0.4999997114444395,-0.5999996543686357,2.1535568219335777e-07,-2.5782333478927e-07,3.802333731794936e-06,-4.555205123603502e-06
8.39999999999991,0.4999997278717872,-0.5999996732120445,1.8310080563549436e-07,-2.1972094674596598e-07,3.590211096768764e-06,-4.3113418192564535e-06,0.4999997211971283,-0.5999996660444666,1.8414504259975373e-07,-2.2045672494128143e-07,3.6738212146898698e-06,-4.401325077254055e-06
8.41999999999991,0.4999997372123171,-0.5999996844206803,1.592329368707568e-07,-1.9107951297614445e-07,3.466980676187736e-06,-4.163465315731002e-06,0.4999997307547321,-0.5999996774866756,1.629836532783535e-07,-1.9512136879840103e-07,3.5478793592013183e-06,-4.250524021973289e-06
8.439999999999909,0.49999974607618736,-0.5999996950573245,1.7111831847674286e-07,-2.0534197091651163e-07,3.3500388677628884e-06,-4.023135146500021e-06,0.49999973982537765,-0.5999996883458408,1.7510950350851928e-07,-2.0963697974774043e-07,3.4283542177356103e-06,-4.107407114210937e-06
8.459999999999908,0.4999997546642988,-0.5999997053630581,1.6277757921429048e-07,-1.953330994106106e-07,3.236735169148181e-06,-3.887170709920044e-06,0.49999974861419527,-0.5999996988675464,1.665820082222269e-07,-1.9942686912619023e-07,3.312542760985031e-06,-3.96873771111786e-06
8.479999999999908,0.4999997629415872,-0.5999997152958041,1.5954557575081907e-07,-1.9145469069142829e-07,3.127532185759756e-06,-3.7561271316116063e-06,0.49999975694450693,-0.5999997088402835,1.7892329734828238e-07,-2.1420022949455997e-07,3.2027730993567334e-06,-3.8373033659798264e-06
8.499999999999908,0.4999997710787198,-0.5999997250603631,1.387174420677817e-07,-1.6646093926181438e-07,3.020178290402093e-06,-3.6273024577683016e-06,0.4999997651373827,-0.5999997186484306,1.576040620995811e-07,-1.8867655731530375e-07,3.0948144486284776e-06,-3.7080382136523495e-06
8.519999999999907,0.4999997788005995,-0.5999997343266187,1.4907202585540125e-07,-1.78886433093578e-07,2.9183028623808913e-06,-3.5050519453146407e-06,0.4999997732066299,-0.5999997283085182,1.3535434888883868e-07,-1.6203923181370983e-07,2.9884848675415e-06,-3.5807243919006124e-06
8.539999999999907,0.49999978628224817,-0.599999743304597,1.4180588269602223e-07,-1.7016706351305477e-07,2.8195968227866897e-06,-3.386604698680435e-06,0.49999978084724606,-0.5999997374554155,1.47536831730799e-07,-1.7662243290139656e-07,2.887803416354077e-06,-3.4601740944650518e-06
8.559999999999906,0.4999997934931192,-0.5999997519576423,1.3899027381455986e-07,-1.6678832167812963e-07,2.7244631765673865e-06,-3.2724443223384352e-06,0.4999997882327987,-0.5999997462969139,1.4231673510153864e-07,-1.7037222160842802e-07,2.7904829709255606e-06,-3.343648760395346e-06
8.579999999999906,0.49999980046104614,-0.5999997603191547,1.3427284732692168e-07,-1.611274056748102e-07,2.632534712305329e-06,-3.162130164931021e-06,0.4999997953695068,-0.5999997548404614,1.3752598952004869e-07,-1.6463608793620965e-07,2.69644158454027e-06,-3.231050230635961e-06
8.599999999999905,0.4999998071939443,-0.5999997683986324,1.2974433087967197e-07,-1.556931969945441e-07,2.543707003031491e-06,-3.055536914681251e-06,0.4999998022657888,-0.5999997630961398,1.3289286788023547e-07,-1.5908871420569626e-07,2.605568324938144e-06,-3.122245634548351e-06
8.619999999999905,0.4999998138125767,-0.5999997763409912,1.1283129879718912e-07,-1.3539755393948694e-07,2.4563868126115137e-06,-2.9507526870561144e-06,0.49999980904531816,-0.5999997712120034,1.1557428804612191e-07,-1.3835547674201365e-07,2.516233529896817e-06,-3.0152837083971495e-06
8.639999999999905,0.49999982020257916,-0.5999997840089941,1.0912788893022163e-07,-1.3095346430500032e-07,2.3720829561825285e-06,-2.8495880602201685e-06,0.4999998155909411,-0.5999997790478075,1.1178563517552642e-07,-1.338192386589332e-07,2.4299809517977293e-06,-2.9120127897172247e-06
8.659999999999904,0.49999982637338447,-0.5999997914139604,1.053818465997225e-07,-1.2645820450865597e-07,2.2906709868888043e-06,-2.7518936979465358e-06,0.499999821804347,-0.5999997864858682,1.1994777846663363e-07,-1.4358930117835955e-07,2.3481060428251364e-06,-2.813983878423261e-06
8.679999999999904,0.4999998322307245,-0.5999997984427683,1.1307399917434569e-07,-1.356888098477671e-07,2.2133945925882357e-06,-2.6591620265435254e-06,0.49999982782468055,-0.5999997936927597,1.141086215031284e-07,-1.3659846005362186e-07,2.268775274139035e-06,-2.7190016294449435e-06
8.699999999999903,0.4999998378920707,-0.5999998052363837,1.0909228967403983e-07,-1.3091074277035708e-07,2.13870396117128e-06,-2.569533269136124e-06,0.49999983362737155,-0.599999800639072,1.1184754137791297e-07,-1.338909480577688e-07,2.1923124111606487e-06,-2.6274536496992237e-06
8.719999999999903,0.49999984325702396,-0.5999998116743277,1.1712796194052189e-07,-1.405535407818237e-07,2.0679236678395123e-06,-2.484596916552112e-06,0.49999983900668044,-0.5999998070785222,1.334023714341659e-07,-1.596929751733478e-07,2.1214285123262053e-06,-2.542585790918384e-06
8.739999999999903,0.4999998485480082,-0.5999998180235088,1.0175331029843582e-07,-1.2210396539008572e-07,1.9981192539038873e-06,-2.4008316204152527e-06,0.49999984445250395,-0.5999998135975588,1.0238389477543186e-07,-1.2256075558256252e-07,2.0496681405207843e-06,-2.4566690339767594e-06
8.759999999999902,0.4999998536589343,-0.5999998241566199,9.849164164799085e-08,-1.1818997402643361e-07,1.930690363282214e-06,-2.3199169537198624e-06,0.49999984969495015,-0.5999998198731012,1.010612528037913e-07,-1.2097674477809517e-07,1.9805876992884627e-06,-2.3739613766887485e-06
8.779999999999902,0.4999998586094694,-0.599999830097262,9.383655974470884e-08,-1.1260386488867735e-07,1.8653775247380204e-06,-2.2415415477597755e-06,0.4999998547733688,-0.5999998259522565,9.625972138133099e-08,-1.1522830982782506e-07,1.913668671609338e-06,-2.2938419774434244e-06
8.799999999999901,0.49999986338087216,-0.5999998358229454,9.19692034612174e-08,-1.1036303491571142e-07,1.8024279944181408e-06,-2.1660021107900292e-06,0.4999998597531417,-0.5999998319132919,8.491401360180562e-08,-1.0164628566275424e-07,1.8480495115648196e-06,-2.215279324702709e-06
8.8199999999999,0.49999986800270063,-0.5999998413691395,8.760539970190107e-08,-1.0512646821114746e-07,1.7414518107673533e-06,-2.092830690409084e-06,0.4999998644791577,-0.5999998375705339,9.123617869533085e-08,-1.0921355455412174e-07,1.785774141785679e-06,-2.140720475240588e-06
8.8399999999999,0.49999987245728633,-0.5999998467146423,8.586253275044697e-08,-1.030350299524585e-07,1.6826820755444926e-06,-2.0223070084345966e-06,0.49999986904724314,-0.5999998430386942,8.802555244435961e-08,-1.0536968483160214e-07,1.7255798437535947e-06,-2.0686536019986763e-06
8.8599999999999,0.4999998767617904,-0.5999998518800472,8.29483527281516e-08,-9.953802732054484e-08,1.6258923800601047e-06,-1.9541593741462767e-06,0.49999987346141656,-0.5999998483225851,8.506212859776818e-08,-1.0182177826931205e-07,1.6674136657907362e-06,-1.999015283861348e-06
8.8799999999999,0.4999998809211033,-0.5999998568712225,8.015081263967883e-08,-9.618099032493443e-08,1.5710182045607913e-06,-1.8883103664765544e-06,0.4999998777268825,-0.5999998534284389,8.219645964216427e-08,-9.839091175134485e-08,1.6112070267306343e-06,-1.9317233824100584e-06
8.899999999999899,0.4999998849401247,-0.5999998616940482,7.744736423009879e-08,-9.293683005812126e-08,1.5179949069884617e-06,-1.8246824090968132e-06,0.49999988184865024,-0.5999998583622539,7.942736922686433e-08,-9.507568583116965e-08,1.5568939180124309e-06,-1.8666988421993665e-06
8.919999999999899,0.4999998887592134,-0.5999998662769546,8.198767675535179e-08,-9.838520519458993e-08,1.4676093386116007e-06,-1.7642197279234163e-06,0.49999988576553883,-0.5999998630507981,8.408735275786117e-08,-1.0065314662299762e-07,1.5052805303032085e-06,-1.8049068154618419e-06
8.939999999999898,0.49999989245364884,-0.5999998707102772,7.90428434892243e-08,-9.485139848552926e-08,1.4188683318629532e-06,-1.705730518653258e-06,0.49999988955473923,-0.5999998675864725,8.107047159283676e-08,-9.7041346847071e-08,1.4553497073786933e-06,-1.7451295161382872e-06
8.959999999999898,0.4999998960941913,-0.5999998750789283,6.878395525725112e-08,-8.254072403693358e-08,1.3708383394173193e-06,-1.648094525960825e-06,0.49999989328881933,-0.5999998720561418,7.05513414876735e-08,-8.444947470140352e-08,1.4061452119480969e-06,-1.6862221223024806e-06
8.979999999999897,0.4999998996012754,-0.599999879287429,6.760266131264348e-08,-8.112320212458335e-08,1.3245690753546975e-06,-1.5925714105504057e-06,0.4999998968263525,-0.5999998762905207,7.598839237704658e-08,-9.095705804512688e-08,1.35953064274223e-06,-1.6304157071725808e-06
8.999999999999897,0.4999999029984453,-0.599999883364033,6.439226260188113e-08,-7.727070620161536e-08,1.2797499179796204e-06,-1.5387884214073678e-06,0.4999999003148167,-0.5999998804661407,6.590229923580937e-08,-7.888367114378125e-08,1.3135626611684041e-06,-1.5753836956713924e-06
9.019999999999897,0.4999999062726865,-0.5999998872931223,6.31112929416755e-08,-7.57335578936702e-08,1.2365525706304606e-06,-1.4869516060531027e-06,0.4999999036754748,-0.5999998844887556,6.478033007933925e-08,-7.754024640774237e-08,1.269278798851807e-06,-1.5223681951294838e-06
9.039999999999896,0.49999990944428646,-0.5999998910990424,6.01167494604371e-08,-7.214007679764989e-08,1.19470937717706e-06,-1.4367397718584043e-06,0.49999990693094576,-0.5999998883854416,6.170649449049881e-08,-7.386051181779152e-08,1.226381001853265e-06,-1.4710123580593689e-06
9.059999999999896,0.49999991250112086,-0.5999998947672436,5.892075058758217e-08,-7.070490283186959e-08,1.1543802960454745e-06,-1.3883448756722834e-06,0.49999991006874855,-0.5999998921412605,6.048146881584837e-08,-7.239379597526185e-08,1.1850337342893565e-06,-1.4215130598909648e-06
9.079999999999895,0.4999999154549659,-0.5999998983118576,5.692098369383669e-08,-6.830517789574442e-08,1.1154099621930772e-06,-1.3415804753423519e-06,0.49999991310096215,-0.5999998957706723,5.8431186639174015e-08,-6.993927072207473e-08,1.1450778301830973e-06,-1.3736797271580599e-06
9.099999999999895,0.4999999183586788,-0.5999999017963131,4.9501118787320664e-08,-5.940133338683262e-08,1.077101026486082e-06,-1.2956097519080672e-06,0.4999999160818391,-0.5999998993386157,5.081662207695459e-08,-6.082463934256599e-08,1.105798396125263e-06,-1.326656507444034e-06
9.119999999999894,0.4999999211620876,-0.5999999051604038,4.787636860223432e-08,-5.745162630008127e-08,1.0401154114421075e-06,-1.2512270120976253e-06,0.49999991895987017,-0.5999999027834378,4.915079356709873e-08,-5.8830390111536124e-08,1.0678741758991214e-06,-1.281255949633778e-06
9.139999999999894,0.49999992382309777,-0.5999999083536159,5.1369901801073814e-08,-6.164388409793387e-08,1.0050084733761674e-06,-1.2090986875902788e-06,0.4999999216918295,-0.5999999060534015,5.273958388757327e-08,-6.3125587687618e-08,1.0318747635886994e-06,-1.238159915135833e-06
9.159999999999894,0.4999999264013125,-0.5999999114474737,4.886707604540019e-08,-5.8640486595012975e-08,9.709938626887257e-07,-1.1682811544724033e-06,0.49999992433889723,-0.5999999092217373,5.017218202701956e-08,-6.005221288643559e-08,9.969939794928908e-07,-1.1964032707468447e-06
9.179999999999893,0.4999999288862162,-0.5999999144293581,4.789676884275895e-08,-5.7476117896332335e-08,9.382103131812929e-07,-1.128940895063484e-06,0.49999992689027006,-0.5999999122755159,4.91780161593347e-08,-5.886192032053539e-08,9.633741802698036e-07,-1.1561564181522208e-06
9.199999999999893,0.49999993128740006,-0.5999999173107788,4.627111926946981e-08,-5.552533409794447e-08,9.065312863681838e-07,-1.090926061130081e-06,0.49999992935578774,-0.5999999152265156,4.751087745794025e-08,-5.686617239250569e-08,9.308857062933472e-07,-1.11726412465343e-06
9.219999999999892,0.4999999336132174,-0.5999999201017594,4.408551195975163e-08,-5.2902631816897916e-08,8.758465769329145e-07,-1.0541044127372114e-06,0.49999993174402,-0.5999999180849951,4.526864899948024e-08,-5.418210853244676e-08,8.994156326978369e-07,-1.0795911902645195e-06
9.239999999999892,0.4999999358937639,-0.5999999228384152,3.888735907592311e-08,-4.666482187817844e-08,8.45759128915723e-07,-1.0179994757024723e-06,0.4999999340858662,-0.5999999208879383,3.993264504828509e-08,-4.779516172073728e-08,8.68556795280469e-07,-1.04265018837716e-06
9.259999999999891,0.49999993805800647,-0.5999999254355062,4.1780872234165045e-08,-5.0137043936665515e-08,8.172060892080643e-07,-9.837358292250633e-07,0.4999999363083776,-0.5999999235480346,4.290578352328378e-08,-5.135337110759308e-08,8.392704486767037e-07,-1.007591818439057e-06
9.279999999999891,0.4999999401151728,-0.5999999279041057,4.41605519305166e-08,-5.299265964237021e-08,7.900657155723518e-07,-9.511673814480992e-07,0.4999999384210187,-0.5999999260766137,4.535147714659904e-08,-5.4280263082906455e-08,8.114318780605281e-07,-9.742667605467674e-07
9.29999999999989,0.49999994214349414,-0.5999999303380914,3.83187582844724e-08,-4.5982500897212564e-08,7.633058962836115e-07,-9.190555974227746e-07,0.4999999405041234,-0.5999999285698268,3.9353780359463464e-08,-4.710147234049389e-08,7.83982512941501e-07,-9.414078047644693e-07
9.31999999999989,0.49999994409742754,-0.5999999326828114,3.766414860897904e-08,-4.519698470692446e-08,7.37527483537815e-07,-8.881215035925456e-07,0.4999999424775491,-0.599999930931754,4.2390540036518765e-08,-5.07357983819956e-08,7.579784031678943e-07,-9.102791131369418e-07
9.33999999999989,0.49999994602241193,-0.5999999349927927,3.228789902456897e-08,-3.874546742124729e-08,7.12130997588057e-07,-8.576457198669453e-07,0.4999999444566901,-0.5999999333005079,3.308747064181827e-08,-3.9601038684389245e-08,7.318989816615649e-07,-8.790604493884493e-07
9.35999999999989,0.49999994784504914,-0.5999999371799575,3.519431306803211e-08,-4.223316655074805e-08,6.880847869373363e-07,-8.287902653284083e-07,0.49999994632983813,-0.5999999355423896,3.617133152722385e-08,-4.329174185108142e-08,7.072162446371276e-07,-8.495138815891947e-07
9.379999999999889,0.49999994960676797,-0.5999999392940201,3.394762148820063e-08,-4.073714101118786e-08,6.648422777728833e-07,-8.008992543310647e-07,0.49999994814046883,-0.5999999377094344,3.4890117576319435e-08,-4.1758090880972265e-08,6.833573070814545e-07,-8.209536167142075e-07
9.399999999999888,0.49999995128083896,-0.5999999413029053,3.593876205312818e-08,-4.3126507465879316e-08,6.427561140713777e-07,-7.743958567174765e-07,0.49999994989433477,-0.5999999398085284,3.324433962836881e-08,-3.978808883406404e-08,6.602463666454718e-07,-7.932888995776501e-07
9.419999999999888,0.49999995293145255,-0.5999999432836415,3.118308836841388e-08,-3.741971693962953e-08,6.209794259165727e-07,-7.482638332752734e-07,0.4999999515848102,-0.5999999418317424,3.258407890033288e-08,-3.89976434825301e-08,6.379707318601383e-07,-7.666242321231394e-07
9.439999999999888,0.49999995452532114,-0.5999999451962836,3.022919594503071e-08,-3.627503245354213e-08,5.99951379433054e-07,-7.230301795456686e-07,0.4999999532223613,-0.5999999437916035,3.103934779688511e-08,-3.714863357900944e-08,6.163924883493464e-07,-7.407945167587198e-07
9.459999999999887,0.4999999560616541,-0.5999999470398832,2.9612694664449268e-08,-3.553522421109734e-08,5.796824056731457e-07,-6.987074101549425e-07,0.49999995480072396,-0.5999999456806149,3.0423096358117574e-08,-3.6410901575051335e-08,5.955941790586491e-07,-7.158985547943148e-07
9.479999999999887,0.49999995754622373,-0.5999999488213668,2.8607848392286916e-08,-3.432942214873225e-08,5.600963498256476e-07,-6.752041437238356e-07,0.4999999563259735,-0.5999999475060492,2.9391782462723226e-08,-3.517637794589468e-08,5.754957488267881e-07,-6.918404976311695e-07
9.499999999999886,0.4999999589841968,-0.5999999505469343,2.725656274293886e-08,-3.270787482870241e-08,5.411250464320104e-07,-6.524385811161978e-07,0.4999999578034118,-0.5999999492742523,2.800466423341641e-08,-3.351606166906995e-08,5.560273341626225e-07,-6.685367129732776e-07
9.519999999999886,0.49999996037345157,-0.5999999522140399,2.6345935578986346e-08,-3.161513794161519e-08,5.227964878872302e-07,-6.304443129130792e-07,0.4999999592308551,-0.599999950982611,2.707018952052831e-08,-3.239748988526081e-08,5.372177099688926e-07,-6.460216372920154e-07
9.539999999999885,0.4999999617125369,-0.5999999538209423,2.5810796999703456e-08,-3.0972962410114047e-08,5.051298189037136e-07,-6.092443104258047e-07,0.49999996063067764,-0.5999999526579034,2.3869294426409615e-08,-2.8566509900629367e-08,5.187720487827668e-07,-6.239423562805638e-07
9.559999999999885,0.499999963009643,-0.5999999553774695,2.4586270897658524e-08,-2.95035269756716e-08,4.88016985848732e-07,-5.887089116386627e-07,0.4999999619591672,-0.5999999542478158,2.564662280463148e-08,-3.0693408512721954e-08,5.012663525156029e-07,-6.029883282028669e-07
9.579999999999885,0.4999999642628019,-0.5999999568812602,2.3765005657816474e-08,-2.8518004194233448e-08,4.714839517382189e-07,-5.688692712919378e-07,0.49999996324638035,-0.5999999557883204,2.4397660742386806e-08,-2.919849311985856e-08,4.843045607577203e-07,-5.826854636040471e-07
9.599999999999884,0.49999996547070613,-0.5999999583307454,2.3282291702203528e-08,-2.7938745338074167e-08,4.555479666603891e-07,-5.497460874408699e-07,0.4999999644900252,-0.5999999572766748,2.35846499482828e-08,-2.8225338094545194e-08,4.679168747944527e-07,-5.630699065135043e-07
9.619999999999884,0.49999996653612194,-0.5999999596092443,3.3802348784611747e-08,-4.056281373288062e-08,4.4149184352462254e-07,-5.3287873967795e-07,0.49999996557980686,-0.5999999585808828,3.521799973524309e-08,-4.214752391887289e-08,4.5355666609822344e-07,-5.458812792738248e-07
9.639999999999883,0.4999999676689108,-0.599999960968591,2.163107921948626e-08,-2.595728576526568e-08,4.2654686188011473e-07,-5.149447617045406e-07,0.4999999667435488,-0.5999999599735963,2.22134577329558e-08,-2.6584040146299115e-08,4.382218720829113e-07,-5.27526207331497e-07
9.659999999999883,0.4999999687619501,-0.599999962280238,2.106603678303509e-08,-2.527925052620006e-08,4.1212630005463886e-07,-4.976400889786964e-07,0.49999996786643464,-0.599999961317407,2.164142095043009e-08,-2.589933215460527e-08,4.234254445812878e-07,-5.098156441882278e-07
9.679999999999882,0.4999999698207057,-0.5999999635507449,2.006847371269216e-08,-2.4082152400711765e-08,3.981580451507614e-07,-4.808781810434259e-07,0.49999996895414756,-0.5999999626191171,2.061738448716488e-08,-2.467363490257779e-08,4.090924955829707e-07,-4.926599379244724e-07
9.699999999999882,0.49999997084115044,-0.5999999647752786,1.9669159714158502e-08,-2.3602991190002642e-08,3.846952294029177e-07,-4.64722801853068e-07,0.4999999700025462,-0.5999999638737709,2.020798984050942e-08,-2.4183571350339106e-08,3.9527759630330915e-07,-4.7612440591249477e-07
9.719999999999882,0.4999999718272149,-0.5999999659585559,1.9001588164035965e-08,-2.280190992617892e-08,3.716859956214028e-07,-4.4911172248703164e-07,0.4999999709988722,-0.5999999650661006,2.1388867493116193e-08,-2.5596607632072388e-08,3.821488653610753e-07,-4.604102633975996e-07
9.739999999999881,0.4999999727823294,-0.5999999671046932,1.8104061701162966e-08,-2.1724871339390273e-08,3.5908508740810057e-07,-4.3399063380285044e-07,0.4999999719812768,-0.5999999662417634,1.855944746498306e-08,-2.2210449646120622e-08,3.692035788667072e-07,-4.449157813925578e-07
9.75999999999988,0.4999999737028838,-0.5999999682093585,1.7743766587974275e-08,-2.1292506320602644e-08,3.469401332862748e-07,-4.194166879778234e-07,0.499999972927692,-0.5999999673743504,1.8243178228488643e-08,-2.183183028456326e-08,3.5673253021510805e-07,-4.299890119379384e-07
9.77999999999988,0.49999997459242335,-0.5999999692768061,1.7141542664467213e-08,-2.056983970655235e-08,3.352043608655106e-07,-4.053337596081795e-07,0.49999997384226685,-0.5999999684688271,1.7623973416064365e-08,-2.1090700828146902e-08,3.446810457889268e-07,-4.1556451035675365e-07
9.79999999999988,0.49999997545404273,-0.5999999703107491,1.6331862646989936e-08,-1.959824998815085e-08,3.2383694161698556e-07,-3.916928594394032e-07,0.4999999747281728,-0.5999999695289894,1.6792244244417942e-08,-2.0095252819402054e-08,3.330073355014505e-07,-4.015922512012499e-07
9.81999999999988,0.4999999762988911,-0.5999999713245672,1.4406164098451635e-08,-1.728739862719153e-08,3.126907840077334e-07,-3.783174703083006e-07,0.499999975596872,-0.5999999705685543,1.4812877712627737e-08,-1.772642543862446e-08,3.215603614975031e-07,-3.878914528392717e-07
9.839999999999879,0.49999997710065364,-0.5999999722866823,1.5478090073517414e-08,-1.857370312066675e-08,3.0211306125961675e-07,-3.6562420154583376e-07,0.4999999764213044,-0.5999999715551396,1.591574549930641e-08,-1.9046114227427857e-08,3.1069669684128353e-07,-3.748888905350152e-07
9.859999999999879,0.4999999778774726,-0.5999999732188651,1.4723693417262318e-08,-1.7668427283734633e-08,2.9186442162429443e-07,-3.533258333975562e-07,0.4999999772201215,-0.5999999725110661,1.5140665415858123e-08,-1.8118478432860297e-08,3.0017056844459337e-07,-3.622903932211509e-07
9.879999999999878,0.49999997862617673,-0.5999999741173102,1.4431349528581938e-08,-1.7317607861611073e-08,2.8198670282739454e-07,-3.414725693765495e-07,0.49999997799006035,-0.5999999734324288,1.4840655461478836e-08,-1.7759376899628698e-08,2.9002497334167714e-07,-3.501474232005994e-07
9.899999999999878,0.499999979337664,-0.5999999749710948,1.5273992272357706e-08,-1.8328787928373336e-08,2.725999897680629e-07,-3.302085151700784e-07,0.4999999787217575,-0.5999999743080239,1.5707867423442323e-08,-1.8797035664097628e-08,2.803832944032017e-07,-3.3860764248635103e-07
9.919999999999877,0.49999997990519734,-0.5999999756521349,2.813996720016365e-08,-3.376794897175239e-08,2.651124730453292e-07,-3.2122349393101645e-07,0.49999997930543577,-0.5999999750064863,2.8940515626324492e-08,-3.463184666471775e-08,2.7269208149368693e-07,-3.2940235638109976e-07
9.939999999999877,0.49999998058750394,-0.5999999764709029,1.2891536858850028e-08,-1.5469841598697576e-08,2.5611074293462677e-07,-3.1042141750522816e-07,0.49999998000717627,-0.5999999758462248,1.3258748640665452e-08,-1.5866069187631116e-08,2.6344514551582153e-07,-3.183351419966346e-07
9.959999999999877,0.49999998124636624,-0.5999999772615375,1.2495886627522657e-08,-1.4995076770552007e-08,2.4741831553285567e-07,-2.999905057948843e-07,0.4999999806848334,-0.5999999766571389,1.2852373755534163e-08,-1.5379702469897616e-08,2.545155592048516e-07,-3.076478146189052e-07
9.979999999999876,0.4999999818814445,-0.5999999780236314,1.224107942787711e-08,-1.4689299457359972e-08,2.3903967290420336e-07,-2.8993613581228307e-07,0.49999998133805584,-0.5999999774388087,1.259081080715041e-08,-1.5066619594300557e-08,2.45907952827766e-07,-2.973459080702669e-07
9.999999999999876,0.4999999824966134,-0.5999999787618341,1.16603495262102e-08,-1.3992412201124793e-08,2.3092369608130184e-07,-2.8019696333185584e-07,0.49999998197082673,-0.5999999781960011,1.1994004754656284e-08,-1.435237988872684e-08,2.3756983915232588e-07,-2.8736659827463265e-07
10.019999999999875,0.4999999830998077,-0.5999999794856673,1.0285538115661907e-08,-1.234264295976728e-08,2.2296570176792435e-07,-2.7064736898402135e-07,0.4999999825913067,-0.5999999789384816,1.0580285730865668e-08,-1.2660611035247848e-08,2.2939368499323556e-07,-2.775811833870311e-07
10.039999999999875,0.49999998367224013,-0.5999999801725863,1.105085917912918e-08,-1.326101973023186e-08,2.1541355104309742e-07,-2.6158478752833833e-07,0.4999999831801685,-0.5999999796431227,1.13680332647359e-08,-1.3603157041769398e-08,2.2163416775285136e-07,-2.682944660726474e-07
10.059999999999874,0.4999999842351155,-0.5999999808480367,9.595373499232673e-09,-1.1514439023779799e-08,2.0798748766808322e-07,-2.5267351089243055e-07,0.49999998375922333,-0.5999999803360246,9.87118627462924e-09,-1.1811934229333243e-08,2.1400387783538669e-07,-2.591624634823139e-07
10.079999999999874,0.4999999847692645,-0.5999999814890157,1.0311828196885031e-08,-1.2374184576308123e-08,2.0094041357939252e-07,-2.4421702022832947e-07,0.4999999843087497,-0.5999999809935886,1.060869626520744e-08,-1.2694383745570637e-08,2.0676268907159614e-07,-2.504961924963866e-07
10.099999999999874,0.4999999852855423,-0.599999982108549,9.948496634132331e-09,-1.1938200025762846e-08,1.9412911584078086e-07,-2.360434635278862e-07,0.4999999848491245,-0.5999999816401981,9.211808180836778e-09,-1.1022798732801542e-08,1.9964209180087563e-07,-2.419742957752218e-07
10.119999999999873,0.4999999857856136,-0.5999999827086346,9.478788993294573e-09,-1.137453977881342e-08,1.8753163160536566e-07,-2.2812648156655187e-07,0.4999999853708534,-0.5999999822644922,8.910049458660252e-09,-1.0661643155135403e-08,1.927671944522788e-07,-2.3374649990994014e-07
10.139999999999873,0.4999999862687427,-0.5999999832883894,9.16209790674527e-09,-1.0994521425222725e-08,1.8115766761803944e-07,-2.2047772624648726e-07,0.4999999858661024,-0.5999999828570973,9.560623515092459e-09,-1.1440054032557656e-08,1.8624122620176688e-07,-2.2593634601751908e-07
10.159999999999872,0.4999999867425031,-0.5999999838569019,8.078398089361727e-09,-9.69408380999126e-09,1.7490730533904676e-07,-2.129772920975868e-07,0.49999998635310183,-0.5999999834398277,8.301919308256744e-09,-9.93384758479765e-09,1.798239636581915e-07,-2.1825633380836347e-07
10.179999999999872,0.49999998719210215,-0.5999999843964208,8.679550626833343e-09,-1.0415451230649797e-08,1.6897570643976562e-07,-2.0585937283255868e-07,0.49999998681526714,-0.5999999839928392,8.922184265708344e-09,-1.0675965084194772e-08,1.737339440806418e-07,-2.1096799902842689e-07
10.199999999999871,0.4999999876277137,-0.5999999849191546,8.256511058180038e-09,-9.907812913850789e-09,1.632286455479564e-07,-1.9896289976238763e-07,0.4999999872630731,-0.5999999845286654,8.487659672318237e-09,-1.0155970040642837e-08,1.6783313966649147e-07,-2.0390615342507554e-07
10.219999999999871,0.49999998805484286,-0.5999999854317096,7.283311936195913e-09,-8.73996944608657e-09,1.5759349344996785e-07,-1.9220071724480136e-07,0.4999999876946903,-0.5999999850451178,8.31947203489003e-09,-9.954686450153183e-09,1.6214565702522147e-07,-1.9709964403265928e-07
10.23999999999987,0.4999999884601891,-0.5999999859181252,7.825250579462928e-09,-9.390282537657946e-09,1.522457251558338e-07,-1.8578339441300436e-07,0.4999999881127947,-0.5999999855453985,7.925059608560048e-09,-9.482686313261324e-09,1.5663623377538118e-07,-1.9050626623217272e-07
10.25999999999987,0.49999998885197333,-0.5999999863882662,7.54955448850625e-09,-9.05945818016618e-09,1.4707688203584922e-07,-1.7958078296196823e-07,0.4999999885167505,-0.5999999860287468,7.660665535952349e-09,-9.166283926331786e-09,1.5131324973796372e-07,-1.8413604588380872e-07
10.27999999999987,0.4999999892314591,-0.5999999868436492,7.193100705349398e-09,-8.631722787921792e-09,1.4207029330127197e-07,-1.735728761875302e-07,0.49999998890613495,-0.5999999864946574,7.50537307303567e-09,-8.98039908756032e-09,1.4618227366166748e-07,-1.7799564494549236e-07
10.29999999999987,0.49999998959113523,-0.5999999872752605,7.725313794920696e-09,-9.27036727244035e-09,1.3732505504772642e-07,-1.6787859086916625e-07,0.4999999892833284,-0.5999999869459784,7.149602188061266e-09,-8.554662096760257e-09,1.412119404821041e-07,-1.720475234885824e-07
10.319999999999869,0.4999999899458017,-0.5999999877008603,6.700195013392696e-09,-8.040228986067044e-09,1.3264590966422526e-07,-1.622636161160195e-07,0.49999998964688835,-0.5999999873809841,7.007660052932296e-09,-8.384764528523991e-09,1.3642125766942169e-07,-1.663144284590963e-07
10.339999999999868,0.4999999902817792,-0.5999999881040333,7.217026014999517e-09,-8.660421803308171e-09,1.282133290764808e-07,-1.5694451911778076e-07,0.4999999899923908,-0.5999999877943812,7.417154845174023e-09,-8.874694826244145e-09,1.31868521142204e-07,-1.6086612095761267e-07
10.359999999999868,0.4999999906130829,-0.5999999885015979,6.258814657517098e-09,-7.510563958951222e-09,1.2384241056003323e-07,-1.516994157262622e-07,0.4999999903330655,-0.5999999882019996,6.435984044317333e-09,-7.70066731908825e-09,1.2737940054349553e-07,-1.5549397318227343e-07
10.379999999999868,0.4999999909322352,-0.5999999888845806,6.152005706944186e-09,-7.38239968114951e-09,1.196318071306321e-07,-1.4664669102509012e-07,0.49999999066126,-0.5999999885946831,6.326310662829737e-09,-7.569394753353942e-09,1.2305473385243866e-07,-1.5031865836513697e-07
10.399999999999867,0.4999999912459858,-0.5999999892610814,5.34864834020321e-09,-6.418371008287682e-09,1.1549246778945e-07,-1.4167948293683547e-07,0.49999999097918213,-0.5999999889750735,6.026123093583191e-09,-7.2101818716918675e-09,1.1886542724188386e-07,-1.4530535813868327e-07
10.419999999999867,0.49999999154372504,-0.5999999896183686,5.747912361353524e-09,-6.897476530903779e-09,1.1156436842637368e-07,-1.3696576194347166e-07,0.49999999128561307,-0.5999999893417126,5.906490990748026e-09,-7.066996460247665e-09,1.1482754178972731e-07,-1.4047329020041e-07
10.439999999999866,0.4999999918322015,-0.5999999899645404,5.467742023035349e-09,-6.561290056411595e-09,1.077584734222077e-07,-1.3239868793847248e-07,0.49999999158245045,-0.5999999896968712,5.626476166920025e-09,-6.731931134068558e-09,1.1091607190201143e-07,-1.3579252913247197e-07
10.459999999999866,0.4999999921102374,-0.5999999902981834,5.359173192026612e-09,-6.431005256102296e-09,1.0409032206419585e-07,-1.27996906894749e-07,0.49999999186855876,-0.5999999900391906,5.514770959336168e-09,-6.598249193551231e-09,1.071459807057858e-07,-1.312809801416116e-07
10.479999999999865,0.4999999923795574,-0.5999999906213674,5.104887831897109e-09,-6.125860457784071e-09,1.0053715982058845e-07,-1.2373311190947475e-07,0.4999999921457098,-0.5999999903707911,5.253324570492213e-09,-6.2853881648006205e-09,1.034939208724714e-07,-1.2691069898188184e-07
10.499999999999865,0.499999992639132,-0.5999999909328568,5.003324560215461e-09,-6.003990995345765e-09,9.711256983590953e-08,-1.1962360539258692e-07,0.4999999924128433,-0.599999990690404,5.149030250783948e-09,-6.1605882201165585e-09,9.997386290833352e-08,-1.2269840713457236e-07
10.519999999999865,0.49999999289056946,-0.5999999912345817,4.7659200093364e-09,-5.71910793722985e-09,9.379533334452076e-08,-1.1564292306764724e-07,0.4999999926716136,-0.599999991000009,4.904925444970676e-09,-5.868477509496373e-09,9.656400875810823e-08,-1.1861801276596517e-07
10.539999999999864,0.49999999313290855,-0.5999999915253885,4.671106963033411e-09,-5.6053324690164e-09,9.059813268392804e-08,-1.1180628344671746e-07,0.49999999292103087,-0.5999999912984216,4.807536688189451e-09,-5.75193731880419e-09,9.327740068146785e-08,-1.1468512678703594e-07
10.559999999999864,0.4999999933676508,-0.5999999918070792,4.449473078177446e-09,-5.339356325129163e-09,8.75011581557311e-08,-1.0808991401288114e-07,0.49999999316263943,-0.5999999915874901,4.579630091816611e-09,-5.4792109495382935e-09,9.009368895001869e-08,-1.1087539125983329e-07
10.579999999999863,0.4999999935895378,-0.5999999920733435,4.8455008894165985e-09,-5.8145984589697e-09,8.457378361813782e-08,-1.0457706544660532e-07,0.49999999339551515,-0.5999999918661086,4.488708373745487e-09,-5.370398150489342e-09,8.702505122017156e-08,-1.0720337821619844e-07
10.599999999999863,0.4999999938089643,-0.5999999923366552,4.143096095365895e-09,-4.971717031121425e-09,8.167887035718672e-08,-1.0110317129113622e-07,0.4999999936205545,-0.59999999213535,4.336541278848749e-09,-5.1883103473204795e-09,8.405967484567864e-08,-1.0365495019253929e-07
10.619999999999862,0.49999999402082945,-0.5999999925908933,4.018279292639093e-09,-4.821936759602519e-09,7.888371524840004e-08,-9.774898633237369e-08,0.4999999938344077,-0.5999999923912066,4.590982146529532e-09,-5.492700225206981e-09,8.124169944182731e-08,-1.0028292586637589e-07
10.639999999999862,0.49999999422504715,-0.5999999928359546,3.936278171468022e-09,-4.723526642741449e-09,7.618945345509328e-08,-9.451587130156946e-08,0.49999999404527307,-0.599999992643487,3.983640282229084e-09,-4.7660481880540395e-09,7.846309512439202e-08,-9.695803277431802e-08
10.659999999999862,0.49999999441911314,-0.5999999930688338,4.166160916252437e-09,-4.999383792364531e-09,7.362912408865434e-08,-9.144347635478811e-08,0.4999999942488979,-0.5999999928871035,3.861937641208568e-09,-4.620409090050348e-09,7.577990047491626e-08,-9.374732508527333e-08
10.679999999999861,0.4999999946104596,-0.5999999932984496,3.6148851828565753e-09,-4.337857316405458e-09,7.110467393898231e-08,-8.841413558929093e-08,0.49999999444518056,-0.5999999931219345,3.7833448734980735e-09,-4.526339865418283e-09,7.319345483282855e-08,-9.065240354008205e-08
10.69999999999986,0.49999999479478846,-0.5999999935196442,3.5531346059824997e-09,-4.263761118478149e-09,6.867280697695746e-08,-8.549589582075185e-08,0.499999994634858,-0.5999999933488616,3.6551085734470856e-09,-4.3729180762563935e-09,7.069404708332583e-08,-8.766165178091776e-08
10.71999999999986,0.4999999949733404,-0.5999999937339063,3.3843918605114265e-09,-4.06128967608832e-09,6.631715561229738e-08,-8.266911652672273e-08,0.4999999948185896,-0.5999999935686741,3.4826187489400695e-09,-4.16650543927366e-09,6.827298873152738e-08,-8.476466496584154e-08
10.73999999999986,0.49999999514841664,-0.5999999939439981,2.9853610104824124e-09,-3.5824174599019543e-09,6.400735971903873e-08,-7.989735823241326e-08,0.49999999499875264,-0.5999999937842158,3.0721027735602924e-09,-3.6753764233454778e-09,6.589895346555324e-08,-8.192396464009946e-08
10.75999999999986,0.4999999953145643,-0.5999999941433752,3.2074944679438833e-09,-3.8489928952389896e-09,6.181535935684578e-08,-7.726695779778172e-08,0.49999999517270577,-0.5999999939923268,2.970750496295027e-09,-3.554084297696658e-09,6.360674723915142e-08,-7.918119499790913e-08
10.779999999999859,0.49999999547554297,-0.5999999943365497,3.0511638736407942e-09,-3.6613873252711038e-09,5.969155374773945e-08,-7.471839018801801e-08,0.49999999533782996,-0.599999994189874,3.1876768759320218e-09,-3.813598974805599e-09,6.143088121697561e-08,-7.657765053205023e-08
10.799999999999859,0.49999999563338693,-0.5999999945259624,2.6915237469338216e-09,-3.2298325298996122e-09,5.760910470148809e-08,-7.221945191840713e-08,0.49999999550020363,-0.5999999943841294,2.7680015224351706e-09,-3.311500653552235e-09,5.929125921565316e-08,-7.401749003229276e-08
10.819999999999858,0.4999999957831811,-0.5999999947057155,2.891797003246044e-09,-3.4701404388881585e-09,5.563285714085252e-08,-6.984795367386296e-08,0.49999999565429726,-0.599999994568478,2.9747972592197858e-09,-3.558891400329278e-09,5.7260744562224065e-08,-7.158789547211353e-08
10.839999999999858,0.49999999592831507,-0.5999999948798763,2.7508484830296442e-09,-3.301008990458376e-09,5.371809222247366e-08,-6.755023518591758e-08,0.4999999958036032,-0.5999999947470978,2.829924270614237e-09,-3.3855413195116313e-09,5.529331773759745e-08,-6.923380216296093e-08
10.859999999999857,0.499999996070623,-0.5999999950506457,2.426596749927068e-09,-2.9119201598593047e-09,5.184061119391919e-08,-6.529725970932444e-08,0.4999999959475115,-0.5999999949192595,2.7738579558289622e-09,-3.3184173707512254e-09,5.339701696784245e-08,-6.696482187192484e-08
10.879999999999857,0.4999999962056734,-0.5999999952127062,2.6071579825592828e-09,-3.1285912506506808e-09,5.005887936011693e-08,-6.31591818017071e-08,0.49999999608427204,-0.599999995082869,2.935944962839665e-09,-3.5123177075102596e-09,5.1594902844224346e-08,-6.480855352637788e-08
10.899999999999856,0.49999999633369,-0.5999999953663261,2.7947856633125934e-09,-3.3537446361697754e-09,4.836994529644663e-08,-6.113246121824811e-08,0.49999999621657415,-0.5999999952411439,2.8306236417308117e-09,-3.386318832981905e-09,4.985153815115656e-08,-6.272259352493198e-08
10.919999999999856,0.4999999964621262,-0.5999999955204494,2.1851899387193008e-09,-2.622240626026784e-09,4.667547602997736e-08,-5.9099099563211854e-08,0.499999996348859,-0.5999999953993972,2.251420334886678e-09,-2.6933950868224255e-09,4.810840093568849e-08,-6.063691739972119e-08
10.939999999999856,0.49999999658397437,-0.5999999956666673,2.352361760243893e-09,-2.8228248835637793e-09,4.506792219057558e-08,-5.7170033784148224e-08,0.4999999964743697,-0.5999999955495455,2.4230607277575533e-09,-2.898708530152394e-09,4.645452751825828e-08,-5.8658059437225375e-08
10.959999999999855,0.49999999670174633,-0.5999999958079937,2.2694280586710303e-09,-2.723304422247441e-09,4.3514146530153834e-08,-5.5305502405751386e-08,0.499999996593349,-0.5999999956918795,2.5974823056329477e-09,-3.107364074383945e-09,4.488671987675341e-08,-5.678219043392745e-08
10.979999999999855,0.4999999968155454,-0.5999999959445526,2.1929336332937588e-09,-2.6315224270490045e-09,4.201278538800668e-08,-5.350386932812018e-08,0.4999999967110078,-0.5999999958326332,2.2215997201591176e-09,-2.6576568584735227e-09,4.333631191247033e-08,-5.4927147195523034e-08
10.999999999999854,0.49999999692550606,-0.5999999960765053,2.118970717640556e-09,-2.5427601517413745e-09,4.0562064979908266e-08,-5.176300483840208e-08,0.499999996824347,-0.5999999959682185,2.1847569066368866e-09,-2.613570020126854e-09,4.184282468594857e-08,-5.314022041949225e-08
11.019999999999854,0.49999999702999665,-0.5999999962018939,2.2431879583006964e-09,-2.691829602968765e-09,3.9183511664137234e-08,-5.01087423242037e-08,0.4999999969320578,-0.59999999609707,2.312299428319786e-09,-2.7661368300069267e-09,4.042350281045777e-08,-5.144204125318199e-08
11.039999999999853,0.499999997133023,-0.5999999963255255,1.946353214016261e-09,-2.335625557542409e-09,3.782427589854197e-08,-4.8477660577270864e-08,0.49999999703826353,-0.59999999622412,2.0064273367759178e-09,-2.400229626164929e-09,3.9024014237381775e-08,-4.976760401916587e-08
11.059999999999853,0.4999999972322709,-0.599999996444623,1.913107488399346e-09,-2.2957241559151687e-09,3.6514889914491744e-08,-4.6906396810519855e-08,0.49999999714057847,-0.5999999963465151,1.972238032610374e-09,-2.3593067811911173e-09,3.767579500306409e-08,-4.815451593074015e-08
11.079999999999853,0.4999999973281757,-0.5999999965597087,1.8480985006230632e-09,-2.2177199972273076e-09,3.5249609785610226e-08,-4.5388060948807405e-08,0.49999999723781235,-0.5999999964628312,2.087390298805003e-09,-2.4970519957312476e-09,3.6394529472239954e-08,-4.662154548432285e-08
11.099999999999852,0.49999999742107026,-0.5999999966711823,1.7608127733659273e-09,-2.11295954344326e-09,3.402404352841166e-08,-4.391737997544226e-08,0.4999999973336876,-0.5999999965775215,1.811266754636609e-09,-2.166716504131694e-09,3.5131166876818185e-08,-4.511000217787922e-08
11.119999999999852,0.4999999975121568,-0.599999996780486,1.553184393598972e-09,-1.8638363109835243e-09,3.28223310804702e-08,-4.2475327088530113e-08,0.49999999742765294,-0.5999999966899263,1.6023561366651506e-09,-1.9167940810971285e-09,3.3892971530907895e-08,-4.362857889668688e-08
11.139999999999851,0.49999999759859803,-0.5999999968842156,1.6687585653596404e-09,-2.002492085345642e-09,3.168190426902296e-08,-4.1106813743011937e-08,0.4999999975168306,-0.5999999967966034,1.721583077485267e-09,-2.0594023188158506e-09,3.271786402766487e-08,-4.2222643680749046e-08
11.159999999999851,0.49999999768234993,-0.599999996984718,1.5874235606561093e-09,-1.9049035022977723e-09,3.0576958268637065e-08,-3.978087707782201e-08,0.4999999976032375,-0.5999999968999654,1.6377501230180336e-09,-1.9591046042377602e-09,3.157926754783736e-08,-4.086039968767775e-08
11.17999999999985,0.49999999776307075,-0.5999999970815829,1.5559044747037731e-09,-1.8670781760932176e-09,2.9512001508583546e-08,-3.8502929258703157e-08,0.4999999976865207,-0.59999999699959,1.6052927077903067e-09,-1.920291203827418e-09,3.0481832099328093e-08,-3.954741294129466e-08
11.19999999999985,0.499999997839779,-0.5999999971736328,1.6467540490949784e-09,-1.9761021916031574e-09,2.849998290665661e-08,-3.728850664344546e-08,0.49999999776566734,-0.5999999970942659,1.6991009779698807e-09,-2.032479361896433e-09,2.9438904982966094e-08,-3.8299645503325104e-08
11.21999999999985,0.49999999791541233,-0.5999999972643928,1.4288505552351172e-09,-1.7146225481101673e-09,2.7502145790175454e-08,-3.609110268955882e-08,0.49999999784370797,-0.5999999971876184,1.4743419124441104e-09,-1.7636052757064036e-09,2.8410551845094643e-08,-3.706931943931452e-08
11.23999999999985,0.49999999798827177,-0.5999999973518242,1.404447797642705e-09,-1.6853236341207722e-09,2.6540904874258537e-08,-3.49376127116224e-08,0.49999999791888977,-0.5999999972775506,1.4492119240760992e-09,-1.7335294380527166e-09,2.7419869856935326e-08,-3.5884071712530354e-08
11.259999999999849,0.49999999805751,-0.5999999974349102,1.486387863486316e-09,-1.7836560284312242e-09,2.5627438954291332e-08,-3.3841452142934894e-08,0.49999999799033795,-0.599999997363016,1.533827686389655e-09,-1.8347595873158262e-09,2.6478386393763165e-08,-3.4757693000650995e-08
11.279999999999848,0.49999999812577794,-0.5999999975168318,1.2897118477350755e-09,-1.5476446860174242e-09,2.47267740147056e-08,-3.276065362954128e-08,0.4999999980607878,-0.5999999974472867,1.3309287560936411e-09,-1.5920427094695544e-09,2.555005783816555e-08,-3.3647059814125955e-08
11.299999999999848,0.499999998191699,-0.5999999975959369,1.2502599892882937e-09,-1.5003159721527215e-09,2.3857071936185606e-08,-3.1717012307098766e-08,0.4999999981288186,-0.5999999975286634,1.2902668516945326e-09,-1.543392743469374e-09,2.465360566153911e-08,-3.2574567918928445e-08
11.319999999999848,0.4999999982563427,-0.5999999976735094,1.1022783762137944e-09,-1.3227248879532638e-09,2.3004221540174774e-08,-3.06935915389404e-08,0.499999998195534,-0.5999999976084663,1.1376112066252553e-09,-1.3607611600019442e-09,2.3774487335467106e-08,-3.1522816915052894e-08
11.339999999999847,0.49999999831768965,-0.5999999977471256,1.1843127555033472e-09,-1.4211794935325983e-09,2.2194866208232583e-08,-2.9722366312391257e-08,0.49999999825884966,-0.599999997684202,1.2223101419905902e-09,-1.4620910246399e-09,2.294016695759894e-08,-3.0524670325723626e-08
11.359999999999847,0.499999998376984,-0.599999997818279,1.1425851202673254e-09,-1.371097294727841e-09,2.141259074645375e-08,-2.8783634586475174e-08,0.49999999832111086,-0.599999997758676,1.0613722192798214e-09,-1.2695562622011547e-09,2.211974174736932e-08,-2.9543151568245046e-08
11.379999999999846,0.49999999843441706,-0.5999999978871987,1.0886392551312518e-09,-1.306360207509183e-09,2.0654871430460768e-08,-2.7874370235502106e-08,0.4999999983801971,-0.5999999978293517,1.1406699404470366e-09,-1.3644247086330719e-09,2.1341153462033393e-08,-2.8611691883383478e-08
11.399999999999846,0.49999999848990434,-0.5999999979537833,1.0522628289544311e-09,-1.2627282171273624e-09,1.992282291739309e-08,-2.6995913484547753e-08,0.4999999984374475,-0.5999999978978313,1.0851199036543413e-09,-1.2979446094296687e-09,2.0586755912067037e-08,-2.7709174333875975e-08
11.419999999999845,0.49999999854431565,-0.5999999980190769,9.278013322899792e-10,-1.1133590958889439e-09,1.9204969804676356e-08,-2.613449004223304e-08,0.49999999849358545,-0.5999999979649797,9.572610586150443e-10,-1.1450115820765827e-09,1.984701792203714e-08,-2.6824202047592956e-08
11.439999999999845,0.499999998595952,-0.5999999980810405,9.968460952525238e-10,-1.1962039102308974e-09,1.852372680742901e-08,-2.5316998152590855e-08,0.4999999985468628,-0.599999998028706,1.0285263855880356e-09,-1.2302653791540497e-09,1.914497449387734e-08,-2.5984331503854107e-08
11.459999999999845,0.4999999986459818,-0.5999999981410764,9.482627599810556e-10,-1.137905911857695e-09,1.7863679140190263e-08,-2.452493978012287e-08,0.49999999859848476,-0.599999998090452,9.784441069859984e-10,-1.1703246462213546e-09,1.8464743762823418e-08,-2.5170558631642096e-08
11.479999999999844,0.499999998694201,-0.5999999981989393,9.294333393194965e-10,-1.1153239061478804e-09,1.72275197032898e-08,-2.3761549041733058e-08,0.4999999986482405,-0.5999999981499655,9.590596615483005e-10,-1.1471318478450954e-09,1.780910461561494e-08,-2.4386209290569568e-08
11.499999999999844,0.4999999987407956,-0.5999999982548528,8.978862861552805e-10,-1.0774655681555778e-09,1.6612792882149042e-08,-2.3023877442254893e-08,0.499999998696322,-0.599999998207476,9.265411042569394e-10,-1.1082407561091578e-09,1.717552759663176e-08,-2.3628259044487012e-08
11.519999999999843,0.4999999987858185,-0.5999999983088805,8.67605057242038e-10,-1.041116665101427e-09,1.601880146678325e-08,-2.231108569319834e-08,0.49999999874201345,-0.5999999982621276,9.809032683327779e-10,-1.17324422399534e-09,1.657344439966256e-08,-2.290798624680818e-08
11.539999999999843,0.49999999882932283,-0.5999999983610856,8.383450600391029e-10,-1.006011517146188e-09,1.5444845317753975e-08,-2.1622338900253955e-08,0.4999999987862154,-0.5999999983149972,9.457092747799933e-10,-1.1311558703597235e-09,1.5990988237844185e-08,-2.2211199309143693e-08
11.559999999999842,0.4999999988714618,-0.5999999984116523,7.987377668994267e-10,-9.584827237452131e-10,1.4888902379632805e-08,-2.0955208546290036e-08,0.4999999988297744,-0.5999999983670974,8.230018055943589e-10,-9.843733536629706e-10,1.5417004791683086e-08,-2.152455236527094e-08
11.579999999999842,0.4999999989120759,-0.5999999984603893,7.828449243019175e-10,-9.393981252603378e-10,1.4353076732552238e-08,-2.0312216890957243e-08,0.4999999988717384,-0.5999999984172896,8.088964532915188e-10,-9.674978804219414e-10,1.4864038924953696e-08,-2.0863052011900085e-08
11.599999999999842,0.49999999895200237,-0.5999999985083011,6.806434409145634e-10,-8.167740442321936e-10,1.3826323603634363e-08,-1.9680112550365048e-08,0.4999999989129938,-0.599999998466634,7.033086127372634e-10,-8.411988362821976e-10,1.4320410383305188e-08,-2.0212724671112276e-08
11.619999999999841,0.4999999989898913,-0.5999999985537677,7.314583869155733e-10,-8.777473990695395e-10,1.3326451874390496e-08,-1.9080267354108525e-08,0.49999999895214564,-0.5999999985134621,7.558277372032851e-10,-9.040153174655341e-10,1.3804500498767456e-08,-1.95955608040391e-08
11.63999999999984,0.4999999990266014,-0.5999999985978199,6.958034461101992e-10,-8.349593655365695e-10,1.2842131882568715e-08,-1.8499082778031644e-08,0.499999998990081,-0.599999998558835,7.190183275163076e-10,-8.599728325286993e-10,1.330462024051151e-08,-1.8997575125595947e-08
11.65999999999984,0.4999999990625968,-0.5999999986410143,6.137858658827877e-10,-7.365494186784005e-10,1.2367241802263143e-08,-1.7929216146391815e-08,0.49999999902727926,-0.599999998603326,6.342917545365534e-10,-7.586425446182155e-10,1.2814453286556606e-08,-1.8411213127027956e-08
11.67999999999984,0.49999999909675646,-0.5999999986820059,6.594548761229557e-10,-7.913389388214398e-10,1.1916570248202493e-08,-1.738840969562829e-08,0.4999999990625819,-0.5999999986455493,6.815261376080795e-10,-8.151419365887147e-10,1.234926486934609e-08,-1.7854737030677167e-08
11.69999999999984,0.4999999991298534,-0.5999999987217222,6.273194672057336e-10,-7.527806676621562e-10,1.1479919791996601e-08,-1.6864430027017336e-08,0.4999999990967878,-0.5999999986864607,6.483304726412342e-10,-7.754292104256155e-10,1.1898529010867327e-08,-1.7315551591483557e-08
11.719999999999839,0.4999999991617525,-0.5999999987600011,6.148571894681876e-10,-7.378260849510987e-10,1.1059072273869057e-08,-1.6359412712318912e-08,0.499999999129757,-0.599999998725893,6.354907017280809e-10,-7.600414950181822e-10,1.1464088308729428e-08,-1.6795858925367492e-08
11.739999999999839,0.4999999991926516,-0.59999999879708,5.856860760267146e-10,-7.028095085070962e-10,1.0651417550557684e-08,-1.5870227630236008e-08,0.4999999991616941,-0.5999999987640904,6.053591794508151e-10,-7.240259988772202e-10,1.1043248719076403e-08,-1.629244292345172e-08
11.759999999999838,0.4999999992224326,-0.5999999988328172,5.740342715054858e-10,-6.888431249019167e-10,1.0258514091440125e-08,-1.5398743772240307e-08,0.4999999991924767,-0.599999998800907,5.93352193767327e-10,-7.096374911308434e-10,1.0637621698376088e-08,-1.5807223296140872e-08
11.779999999999838,0.49999999925128,-0.5999999988674342,5.467950085769058e-10,-6.5614682437376e-10,9.877927520477244e-09,-1.4942039008248736e-08,0.4999999992222956,-0.5999999988365706,5.652190278315761e-10,-6.76008794081584e-10,1.024469314522354e-08,-1.533720049008287e-08
11.799999999999837,0.4999999992790836,-0.5999999989007985,5.359147153827237e-10,-6.430905911958273e-10,9.511112311439715e-09,-1.45018607574037e-08,0.4999999992510369,-0.5999999988709452,5.539836922530128e-10,-6.625637503920867e-10,9.865964791623055e-09,-1.4884165457139992e-08
11.819999999999837,0.49999999930595046,-0.5999999989330387,5.177237978604143e-10,-6.212636412261663e-10,9.156655735272338e-09,-1.4076512866002848e-08,0.4999999992788109,-0.5999999989041629,5.352097480482154e-10,-6.401039420733667e-10,9.499982457664873e-09,-1.4446378450216169e-08
11.839999999999836,0.499999999331974,-0.599999998964267,4.932766174692294e-10,-5.919202662740819e-10,8.813325224323529e-09,-1.3664514495192047e-08,0.49999999930571426,-0.599999998936339,5.099522887297425e-10,-6.098837997126072e-10,9.145472636749947e-09,-1.4022317741699584e-08
11.859999999999836,0.49999999935749107,-0.5999999989948874,4.351010073067041e-10,-5.221320528714379e-10,8.47667606494061e-09,-1.3260536968659402e-08,0.49999999933209516,-0.59999999896789,4.4984476907372617e-10,-5.379972231600583e-10,8.797847491804025e-09,-1.3606496326630501e-08
11.879999999999836,0.49999999938170675,-0.5999999990239461,4.674863031406407e-10,-5.610008568801561e-10,8.157196433795191e-09,-1.2877163754847874e-08,0.4999999993571317,-0.5999999989978331,4.833401595627507e-10,-5.780537611077552e-10,8.467937303434108e-09,-1.3211866462288485e-08
11.899999999999835,0.4999999994055692,-0.5999999990525812,4.0024005637517845e-10,-4.802766101486e-10,7.842376831150677e-09,-1.2499378474002228e-08,0.49999999938139034,-0.5999999990268456,4.59797824814423e-10,-5.498986578589271e-10,8.148277327901294e-09,-1.282949969330348e-08
11.919999999999835,0.4999999994281629,-0.5999999990796936,4.3627229953657753e-10,-5.235308263296101e-10,7.544296127047211e-09,-1.2141681922023439e-08,0.4999999994048279,-0.5999999990548761,4.444767852385123e-10,-5.315687508222755e-10,7.839436656215643e-09,-1.2460076407984027e-08
11.939999999999834,0.4999999994500545,-0.5999999991059636,4.149281543353034e-10,-4.979067505517243e-10,7.255478355598066e-09,-1.179509971744835e-08,0.4999999994274741,-0.5999999990819598,4.2946109515829e-10,-5.136166214558813e-10,7.541024676558263e-09,-1.2103131310714402e-08
11.959999999999834,0.4999999994711537,-0.5999999991312825,4.066959477522225e-10,-4.880369650073213e-10,6.977115072102783e-09,-1.1461064363144754e-08,0.4999999994493034,-0.5999999991080663,4.2075689113407755e-10,-5.032026566265113e-10,7.253376407656608e-09,-1.1759063853880077e-08
11.979999999999833,0.49999999949154217,-0.5999999991557486,3.92884742100863e-10,-4.714612034106835e-10,6.7081282375933686e-09,-1.1138281040569572e-08,0.4999999994703981,-0.5999999991332944,4.065016517840192e-10,-4.861384177157202e-10,6.975408532803382e-09,-1.1426574709963558e-08
11.999999999999833,0.49999999951129065,-0.5999999991794468,3.743273919998291e-10,-4.491901156589151e-10,6.4475848210608415e-09,-1.0825629233675912e-08,0.49999999949083146,-0.5999999991577314,3.873169979184965e-10,-4.6319011820505906e-10,6.706154765270476e-09,-1.1104510879752063e-08
12.019999999999833,0.4999999995303245,-0.5999999992022875,3.6688326682243755e-10,-4.402418429805266e-10,6.196469851317668e-09,-1.0524289512311872e-08,0.49999999951052637,-0.5999999991812851,3.796230690911173e-10,-4.5398623749193234e-10,6.446631861157087e-09,-1.0794088283404058e-08
12.039999999999832,0.49999999954871704,-0.5999999992243586,3.544321156012664e-10,-4.2530924268535664e-10,5.9538151439102555e-09,-1.0233103277532236e-08,0.49999999952988866,-0.5999999992044408,3.3007389529937647e-10,-3.9474488261470597e-10,6.191491976249072e-09,-1.0488911268340481e-08
12.059999999999832,0.49999999956653235,-0.599999999245737,3.376844914804167e-10,-4.0522519367813814e-10,5.718776283804574e-09,-9.951056938350789e-09,0.4999999995482635,-0.5999999992264156,3.547374859136365e-10,-4.242211928962014e-10,5.949363639501906e-09,-1.0199298328829264e-08
12.079999999999831,0.499999999583703,-0.5999999992663416,3.309676352425406e-10,-3.9716520350285833e-10,5.492242360203845e-09,-9.679218280647516e-09,0.49999999956602437,-0.5999999992476558,3.422529863683632e-10,-4.092998544258375e-10,5.715326189233428e-09,-9.91936593431664e-09
12.099999999999831,0.4999999996003353,-0.5999999992863005,3.152690782048939e-10,-3.7831349511407986e-10,5.272810897140878e-09,-9.415898474354352e-09,0.49999999958322844,-0.5999999992682302,3.2610477512795555e-10,-3.8997086809766657e-10,5.4886254744243035e-09,-9.648208358341141e-09
12.11999999999983,0.4999999996163659,-0.5999999993055372,3.0899078087842646e-10,-3.7079732687073097e-10,5.06131825365198e-09,-9.162108181003792e-09,0.49999999959981073,-0.5999999992880607,3.1962670357654765e-10,-3.822438442158127e-10,5.2701180511769785e-09,-9.386855701916371e-09
12.13999999999983,0.4999999996318564,-0.5999999993241256,2.9849911431512055e-10,-3.582074255270573e-10,4.856950773967154e-09,-8.91686896305423e-09,0.499999999615835,-0.5999999993072238,3.0879090257007746e-10,-3.6927623806026766e-10,5.058963454626012e-09,-9.134298350442073e-09
12.15999999999983,0.4999999996470839,-0.5999999993423988,2.5959132760045023e-10,-3.1150035328941783e-10,4.656052499847123e-09,-8.675789569383334e-09,0.49999999963135694,-0.5999999993257861,2.94224804242571e-10,-3.518458302487204e-10,4.8544287425472964e-09,-8.889659846497873e-09
12.17999999999983,0.49999999966125547,-0.5999999993594046,3.099620282664972e-10,-3.719517575884179e-10,4.46908597524347e-09,-8.451430032804321e-09,0.49999999964602954,-0.5999999993433325,3.2041486477951686e-10,-3.831763760453466e-10,4.661085657697022e-09,-8.658409638801751e-09
12.199999999999829,0.4999999996752737,-0.5999999993762266,2.6467616986991516e-10,-3.1759549157239775e-10,4.2841422384316595e-09,-8.229496083903292e-09,0.4999999996607866,-0.5999999993609798,2.4657945824069216e-10,-2.94880331958014e-10,4.46662926008233e-09,-8.425829382981848e-09
12.219999999999828,0.49999999968880876,-0.5999999993924687,2.5671037170993394e-10,-3.0804762907177263e-10,4.105572992908845e-09,-8.015212403385171e-09,0.49999999967475234,-0.5999999993776808,2.696888372344386e-10,-3.225027397912861e-10,4.282600828257838e-09,-8.20572145599532e-09
12.239999999999828,0.4999999997020816,-0.5999999994083961,2.2632352242313303e-10,-2.7158772800128794e-10,3.930463432226244e-09,-7.80508122351142e-09,0.4999999996884861,-0.5999999993941042,2.341229432545333e-10,-2.799811320286505e-10,4.1016292455490456e-09,-7.989271534944288e-09
12.259999999999827,0.4999999997146775,-0.5999999994235112,2.4316559182890884e-10,-2.9179389807176825e-10,3.764284311201042e-09,-7.605665985335806e-09,0.49999999970151954,-0.5999999994096902,2.5160883099228926e-10,-3.00875307307491e-10,3.929885271160257e-09,-7.783858542504982e-09
12.279999999999827,0.499999999726852,-0.5999999994381205,2.346002836439709e-10,-2.815243246856447e-10,3.603665293331408e-09,-7.412924042728361e-09,0.4999999997141174,-0.5999999994247551,2.427603014443225e-10,-2.9029504147737306e-10,3.763881211442779e-09,-7.585312356350197e-09
12.299999999999827,0.49999999973864434,-0.5999999994522712,2.2352578815665325e-10,-2.682348961002834e-10,3.4480878653093657e-09,-7.22623288677414e-09,0.49999999972632037,-0.5999999994393476,2.3130292473028113e-10,-2.766059395420406e-10,3.6030808902607596e-09,-7.3929935598713675e-09
12.319999999999826,0.49999999975020715,-0.5999999994661466,1.9716907620481727e-10,-2.365936370429811e-10,3.2955387600676537e-09,-7.043174253429458e-09,0.4999999997382863,-0.5999999994536566,2.040413046855427e-10,-2.4399878992276136e-10,3.445403984964659e-09,-7.204410316343889e-09
12.339999999999826,0.49999999976118026,-0.5999999994793144,2.1183509460453998e-10,-2.5420169788570313e-10,3.1507695515358446e-09,-6.8694503243551716e-09,0.49999999974964243,-0.5999999994672364,2.1923483861652215e-10,-2.621619449305612e-10,3.2957623776774022e-09,-7.025437379327369e-09
12.359999999999825,0.4999999997719702,-0.5999999994922622,1.83940807030325e-10,-2.2072851532661808e-10,3.0084171423208656e-09,-6.698628019187941e-09,0.4999999997608095,-0.5999999994805899,1.903634576361224e-10,-2.2765637291977114e-10,3.148612185875197e-09,-6.849446449561602e-09
12.379999999999825,0.4999999997822094,-0.5999999995045494,1.9767417563931744e-10,-2.3720442277053166e-10,2.8733305106883913e-09,-6.536522303556741e-09,0.4999999997714071,-0.5999999994932624,2.0459095528835292e-10,-2.4465385273231277e-10,3.0089662381258035e-09,-6.682430797068593e-09
12.399999999999824,0.49999999979227766,-0.5999999995166313,1.7163953244803132e-10,-2.0596242419901323e-10,2.740498826054862e-09,-6.377124867887249e-09,0.4999999997816505,-0.5999999995055113,1.9739115550421182e-10,-2.3604961041368e-10,2.8739871249974108e-09,-6.520998723512312e-09
12.419999999999824,0.49999999980183213,-0.5999999995280966,1.844515443161221e-10,-2.213503165482411e-10,2.6144458973233247e-09,-6.225862525190891e-09,0.4999999997915728,-0.5999999995173764,1.8807637044981895e-10,-2.2489177881057643e-10,2.7432396214205964e-09,-6.364624933489209e-09
12.439999999999824,0.49999999981122706,-0.5999999995393704,1.6015980902617244e-10,-1.92195679510343e-10,2.4904977810877173e-09,-6.077125371598906e-09,0.49999999980113646,-0.5999999995288123,1.8434044221637969e-10,-2.204399544847302e-10,2.6172174689949035e-09,-6.213906421469394e-09
12.459999999999823,0.4999999998202974,-0.5999999995502548,1.5490289606567842e-10,-1.858897931417136e-10,2.3708317938234745e-09,-5.9335264798271866e-09,0.4999999998105587,-0.5999999995400792,1.580503089515517e-10,-1.8898713149972934e-10,2.49305912605461e-09,-6.065416364239439e-09
12.479999999999823,0.499999999828907,-0.5999999995605864,1.6621048634646307e-10,-1.9945670809429217e-10,2.2572444230227725e-09,-5.797221927811716e-09,0.4999999998194804,-0.5999999995507475,1.7227781354267613e-10,-2.0600688516170251e-10,2.375496529190531e-09,-5.924815890005356e-09
12.499999999999822,0.4999999998372488,-0.5999999995705965,1.5811150305689026e-10,-1.8973103990682638e-10,2.1471907057686473e-09,-5.6651577600521375e-09,0.49999999982812526,-0.5999999995610849,1.6385130058305108e-10,-1.9590378624867455e-10,2.2615818213503043e-09,-5.788575752500719e-09
12.519999999999822,0.4999999998452887,-0.5999999995802444,1.5496954414162545e-10,-1.859564377482137e-10,2.0411195808432853e-09,-5.5378715313055876e-09,0.4999999998364576,-0.5999999995710483,1.6060392252215117e-10,-1.9204058829269677e-10,2.1517853381376376e-09,-5.657263680534698e-09
12.539999999999822,0.4999999998531925,-0.5999999995897288,1.3473573645672587e-10,-1.616866779352577e-10,1.9368442110466705e-09,-5.412742845221881e-09,0.4999999998445095,-0.5999999995806763,1.5516373255697324e-10,-1.8553453912106832e-10,2.045684285259633e-09,-5.530373405664874e-09
12.559999999999821,0.4999999998606928,-0.5999999995987292,1.447997867443096e-10,-1.7376611607944348e-10,1.8378916586545158e-09,-5.2940003682420384e-09,0.4999999998523089,-0.5999999995900025,1.4784748772478373e-10,-1.7677490721235145e-10,1.942910001336025e-09,-5.407460109675144e-09
12.57999999999982,0.4999999998679423,-0.5999999996074284,1.3969845072403508e-10,-1.6763751498061197e-10,1.7422486565995588e-09,-5.179230230502949e-09,0.49999999985982657,-0.5999999995989916,1.448997831443588e-10,-1.732443216662105e-10,1.843848703784489e-09,-5.288989094941526e-09
12.59999999999982,0.4999999998749642,-0.5999999996158547,1.3310369473273909e-10,-1.597216907345267e-10,1.6496083446049053e-09,-5.068061856109364e-09,0.49999999986710886,-0.5999999996076992,1.3803306067594612e-10,-1.6505082370277258e-10,1.7478888763018436e-09,-5.1742287605022646e-09
12.61999999999982,0.4999999998818494,-0.599999999624117,1.1740505789781253e-10,-1.4088124417055425e-10,1.5587711113732925e-09,-4.959056883286057e-09,0.49999999987414473,-0.5999999996161121,1.334311966472157e-10,-1.5954406892837447e-10,1.655176083205053e-09,-5.063353227350202e-09
12.63999999999982,0.49999999988838345,-0.5999999996319578,1.2614258942944545e-10,-1.513731327784651e-10,1.4725668091956989e-09,-4.855612013618316e-09,0.49999999988092675,-0.5999999996242213,1.3072778623501868e-10,-1.5631344482680554e-10,1.565808344419206e-09,-4.956478086283016e-09
12.659999999999819,0.4999999998948084,-0.5999999996396678,1.0952816084652817e-10,-1.314334682755991e-10,1.387801601156763e-09,-4.753894056916965e-09,0.49999999988759425,-0.5999999996321935,1.1366365834653003e-10,-1.3591873807006216e-10,1.4779496446938257e-09,-4.8514100017546626e-09
12.679999999999819,0.49999999990090555,-0.5999999996469844,1.17699353735512e-10,-1.4123633165774585e-10,1.3073617315315228e-09,-4.657365627475933e-09,0.49999999989392174,-0.5999999996397594,1.2215125438919117e-10,-1.4605478979023978e-10,1.3945712578608335e-09,-4.751697230091958e-09
12.699999999999818,0.49999999990681293,-0.5999999996540732,1.1197046068112115e-10,-1.3435294543562293e-10,1.2294250801077744e-09,-4.563841352822063e-09,0.4999999999000526,-0.5999999996470899,1.1620607601181554e-10,-1.3893838163303585e-10,1.3137837681573233e-09,-4.655084984395839e-09
12.719999999999818,0.49999999991250654,-0.5999999996609056,1.0974455719181542e-10,-1.3168844487099207e-10,1.1543087602504233e-09,-4.473702061938614e-09,0.49999999990586363,-0.5999999996540382,1.248157861788446e-10,-1.4923021499080313e-10,1.2372110628276533e-09,-4.563512002032061e-09
12.739999999999817,0.49999999991802163,-0.5999999996675237,1.0454318313812827e-10,-1.2544928290614266e-10,1.0815477211818368e-09,-4.386388229165567e-09,0.49999999991159405,-0.5999999996608897,1.0825127252922506e-10,-1.2944593313912733e-10,1.1617004607884504e-09,-4.4732134734020645e-09
12.759999999999817,0.4999999999233372,-0.5999999996739023,1.0245597079072688e-10,-1.2295097925885123e-10,1.0114187962783068e-09,-4.302235276953561e-09,0.4999999999171145,-0.5999999996674903,1.0640834047226377e-10,-1.2722553566213435e-10,1.088956314712286e-09,-4.386221777423575e-09
12.779999999999816,0.4999999999283885,-0.5999999996799638,1.0844006942400952e-10,-1.301343165172053e-10,9.447766536618753e-10,-4.222265584649959e-09,0.4999999999223608,-0.5999999996737632,1.1262555124624818e-10,-1.346529450441114e-10,1.0198249455851564e-09,-4.303549449854706e-09
12.799999999999816,0.499999999933369,-0.5999999996859404,9.409592202636041e-11,-1.1290365170557592e-10,8.790682744178553e-10,-4.143414943666391e-09,0.49999999992743605,-0.5999999996798313,1.0858989055173573e-10,-1.2984559261131068e-10,9.52947993140719e-10,-4.2235752679487975e-09
12.819999999999816,0.49999999993816685,-0.5999999996916979,9.249170179748134e-11,-1.1098295546463355e-10,8.157701032198007e-10,-4.067455673501867e-09,0.4999999999325225,-0.599999999685913,8.504764253958186e-11,-1.0167928651827474e-10,8.859232838003073e-10,-4.1434225731728165e-09
12.839999999999815,0.49999999994281435,-0.5999999996972749,8.80951769866023e-11,-1.057094863032848e-10,7.544551721884051e-10,-3.993878049209564e-09,0.4999999999373366,-0.5999999996916688,9.296354658294703e-11,-1.1116062931249004e-10,8.224864759910937e-10,-4.0675643786563245e-09
12.859999999999815,0.49999999994729366,-0.5999999997026499,8.634105583271712e-11,-1.0362226701698951e-10,6.953593023479167e-10,-3.922964763073208e-09,0.49999999994207084,-0.5999999996973291,8.07011818482195e-11,-9.649451376825269e-11,7.601029980752391e-10,-3.9929660005362766e-09
12.879999999999814,0.4999999999516326,-0.5999999997078567,8.224428429959296e-11,-9.869262698747328e-11,6.381155796202349e-10,-3.8542720028546185e-09,0.49999999994647687,-0.5999999997025971,9.63663975006579e-11,-1.1521279416615293e-10,7.020440274562321e-10,-3.923537109376719e-09
12.899999999999814,0.49999999995581446,-0.599999999712875,8.06122842089696e-11,-9.672769876734044e-11,5.829437130341624e-10,-3.788064884115216e-09,0.4999999999508354,-0.5999999997078084,8.229425474404195e-11,-9.837094680498204e-11,6.446112041986009e-10,-3.854855912588317e-09
12.919999999999813,0.49999999995992556,-0.5999999997178084,7.008182575929389e-11,-8.410440746620118e-11,5.287056098205014e-10,-3.7229782814227077e-09,0.49999999995503386,-0.5999999997128281,8.093427317223956e-11,-9.676112688872252e-11,5.892872333066983e-10,-3.7886987404700315e-09
12.939999999999813,0.4999999999638269,-0.59999999972249,7.531653772874236e-11,-9.037720918869674e-11,4.77235108006325e-10,-3.661213679245696e-09,0.49999999995910094,-0.5999999997176908,7.709289803758956e-11,-9.216495622244025e-11,5.356946738410225e-10,-3.7246119978115943e-09
12.959999999999813,0.49999999996760675,-0.5999999997270258,7.165284685028972e-11,-8.598063927500732e-11,4.2736701737554943e-10,-3.601372263434137e-09,0.49999999996303035,-0.5999999997223888,7.452266581609024e-11,-8.908937476626022e-11,4.83916182268265e-10,-3.662695183127998e-09
12.979999999999812,0.4999999999712499,-0.5999999997313974,7.022070078188669e-11,-8.428208825295158e-11,3.7930273787124395e-10,-3.543697178646573e-09,0.49999999996681804,-0.5999999997269174,7.30073917987184e-11,-8.727986736123405e-11,4.3400515756032274e-10,-3.603011212858059e-09
12.999999999999812,0.4999999999748314,-0.5999999997356952,6.105017533175605e-11,-7.325756321008292e-11,3.320513817735084e-10,-3.4869961372200335e-09,0.4999999999704872,-0.5999999997313041,6.954335371456288e-11,-8.314964689004611e-11,3.8565583848454144e-10,-3.545197216692485e-09
13.019999999999811,0.49999999997828914,-0.5999999997398444,5.905176347908991e-11,-7.085947106855173e-11,2.8643319612320625e-10,-3.4322549003304143e-09,0.49999999997408506,-0.5999999997356056,6.135000146789693e-11,-7.33576983880102e-11,3.382464705402279e-10,-3.488506958585617e-09
13.03999999999981,0.49999999998157124,-0.5999999997437829,6.335950167302151e-11,-7.603307913828239e-11,2.4313220836334306e-10,-3.3802937150185787e-09,0.49999999997749955,-0.599999999739688,6.591859350035811e-11,-7.879756916406855e-11,2.932531809947023e-10,-3.4347035932047274e-09
13.05999999999981,0.4999999999847512,-0.5999999997475989,6.027862931023975e-11,-7.232468790530078e-11,2.011787693134697e-10,-3.3299495881587304e-09,0.499999999980808,-0.5999999997436434,6.270448049683353e-11,-7.496738993473251e-11,2.496570134670927e-10,-3.382574133943086e-09
13.07999999999981,0.499999999987816,-0.5999999997512767,5.907950864636469e-11,-7.090386264230197e-11,1.6074425201605227e-10,-3.281427581511086e-09,0.4999999999839968,-0.5999999997474558,6.146653325211915e-11,-7.349085229257923e-11,2.07637916570574e-10,-3.3323292759826992e-09
13.09999999999981,0.4999999999907848,-0.5999999997548392,5.627618510084531e-11,-6.752862852232866e-11,1.21576723451397e-10,-3.2344274260696152e-09,0.4999999999870272,-0.5999999997510788,6.5058142900698e-11,-7.77872488644249e-11,1.6770572930382113e-10,-3.284580639863849e-09
13.11999999999981,0.4999999999936462,-0.5999999997582729,5.514941628370629e-11,-6.617436112965613e-11,8.382631812251906e-11,-3.189126353784218e-09,0.49999999999001526,-0.5999999997546511,5.645384854036095e-11,-6.749563408181558e-11,1.2833166090888358e-10,-3.2374992231821467e-09
13.139999999999809,0.49999999999636535,-0.5999999997615358,5.837452049517466e-11,-7.004902560781012e-11,4.7952227899616094e-11,-3.146078031407478e-09,0.499999999992846,-0.5999999997580353,6.080590891910376e-11,-7.270248639223986e-11,9.103060348571879e-11,-3.192897933805866e-09
13.159999999999808,0.4999999999990464,-0.599999999764753,5.0647437632722614e-11,-6.077878478283338e-11,1.2581271352671283e-11,-3.103633176496516e-09,0.49999999999563755,-0.5999999997613726,5.273458406063192e-11,-6.304360158915223e-11,5.424597050092231e-11,-3.1489141151725927e-09
13.179999999999808,0.500000000001629,-0.5999999997678522,4.9786973155274694e-11,-5.974612124481915e-11,-2.1491937197478985e-11,-3.0627453262363357e-09,0.4999999999983268,-0.5999999997645876,5.1840906567512945e-11,-6.1977648707634e-11,1.8809453422827285e-11,-3.106542744545248e-09
13.199999999999807,0.5000000000041307,-0.5999999997708544,4.742775963628709e-11,-5.6904050915740356e-11,-5.449662750421884e-11,-3.0231376472506457e-09,0.5000000000009318,-0.599999999767702,4.938732756087916e-11,-5.903560626463467e-11,-1.5517408270266374e-11,-3.0654970324178845e-09
13.219999999999807,0.5000000000065837,-0.599999999773798,4.183225293941106e-11,-5.019844956377639e-11,-8.685976744685484e-11,-2.9843018793194825e-09,0.5000000000034487,-0.5999999997707111,4.7738583919265665e-11,-5.705950295586959e-11,-4.868268040686654e-11,-3.025839897482751e-09
13.239999999999807,0.5000000000089118,-0.5999999997765917,4.4940776794399895e-11,-5.3928542187442474e-11,-1.17573624946612e-10,-2.9474449573744023e-09,0.5000000000058749,-0.5999999997736115,4.676159112704248e-11,-5.5904603862844127e-11,-8.065271725309239e-11,-2.987613775398899e-09
13.259999999999806,0.5000000000111672,-0.5999999997792983,4.276481599396753e-11,-5.130849217716005e-11,-1.4732955108078944e-10,-2.9117363812865307e-09,0.500000000008225,-0.5999999997764212,4.455235486089393e-11,-5.3251032056111924e-11,-1.1162062597724904e-10,-2.9505845498925262e-09
13.279999999999806,0.500000000013341,-0.599999999781907,4.1909937326112257e-11,-5.0287142505656135e-11,-1.760089029738337e-10,-2.8773196942880185e-09,0.5000000000104902,-0.5999999997791292,4.3664041132762677e-11,-5.219652488008819e-11,-1.4146937197856165e-10,-2.9148941540109613e-09
13.299999999999805,0.5000000000154468,-0.599999999784434,3.992257566198809e-11,-4.7889147508639596e-11,-2.0379037730250432e-10,-2.843981046257499e-09,0.5000000000126844,-0.5999999997817524,4.159905059308855e-11,-4.972072406572714e-11,-1.703832874876951e-10,-2.8803216437319437e-09
13.319999999999805,0.5000000000174762,-0.5999999997868695,3.91232567176214e-11,-4.6945374670981366e-11,-2.3056558427925863e-10,-2.811849333158535e-09,0.5000000000147995,-0.5999999997842809,4.0755270686032574e-11,-4.8732635982151606e-11,-1.9825411592257893e-10,-2.8469987100228455e-09
13.339999999999804,0.5000000000194713,-0.5999999997892638,3.402730527901632e-11,-4.081683255274804e-11,-2.568867259298207e-10,-2.7802610337241432e-09,0.5000000000168788,-0.5999999997867665,3.5437430767615297e-11,-4.237120376782144e-11,-2.2565387173195732e-10,-2.8142391087388196e-09
13.359999999999804,0.5000000000213648,-0.5999999997915358,3.6547515014362375e-11,-4.3858909559713055e-11,-2.8186764250468636e-10,-2.750285398561163e-09,0.500000000018852,-0.5999999997891255,3.809066950744011e-11,-4.5524077563197096e-11,-2.5165503610141864e-10,-2.78314901606323e-09
13.379999999999804,0.5000000000231949,-0.5999999997937319,3.5248561014444846e-11,-4.231552261368954e-11,-3.0601220004324313e-10,-2.7213131012963816e-09,0.5000000000207594,-0.5999999997914056,3.674742107828699e-11,-4.3936482924111786e-11,-2.767886691491228e-10,-2.7530992631010496e-09
13.399999999999803,0.5000000000249633,-0.5999999997958538,3.40718529778794e-11,-4.088364716214876e-11,-3.293423694483713e-10,-2.6933177768463433e-09,0.5000000000226344,-0.599999999793647,3.196242576164465e-11,-3.8207905589393576e-11,-3.014965813841845e-10,-2.7235587042460038e-09
13.419999999999803,0.500000000026676,-0.5999999997979091,3.248418894985505e-11,-3.89740774375813e-11,-3.5193871069729844e-10,-2.666202753238374e-09,0.5000000000244138,-0.5999999997957742,3.4349377509013124e-11,-4.106110590429424e-11,-3.249434208777904e-10,-2.6955237762132256e-09
13.439999999999802,0.5000000000283309,-0.5999999997998947,3.136280124493851e-11,-3.766377140723698e-11,-3.7377192925285093e-10,-2.6400061133708e-09,0.5000000000261379,-0.5999999997978352,3.268399439981806e-11,-3.906287793231655e-11,-3.4766170792690913e-10,-2.668360917103739e-09
13.459999999999802,0.5000000000299258,-0.5999999998018087,3.075227919535628e-11,-3.688679917068782e-11,-3.9481419530471377e-10,-2.614754222327078e-09,0.5000000000277997,-0.5999999997998218,3.20290217958874e-11,-3.828558650664782e-11,-3.6955927564594223e-10,-2.642179866385778e-09
13.479999999999801,0.5000000000314415,-0.5999999998036276,3.253964458993508e-11,-3.905187978547886e-11,-4.148106463794758e-10,-2.5907576022012483e-09,0.5000000000293787,-0.5999999998017096,3.3916397468303217e-11,-4.0528361916480904e-11,-3.9036693659639387e-10,-2.6172995981306545e-09
13.499999999999801,0.500000000032936,-0.599999999805421,2.8232000071071184e-11,-3.387790048492434e-11,-4.3452733462422903e-10,-2.567097869252916e-09,0.5000000000309358,-0.5999999998035711,2.943104093766635e-11,-3.51656377628462e-11,-4.1088493217279153e-10,-2.5927661090288566e-09
13.5199999999998,0.5000000000343757,-0.5999999998071485,2.774352622636478e-11,-3.331193654254605e-11,-4.5352191252765083e-10,-2.544306719331784e-09,0.5000000000324358,-0.5999999998053642,2.8920348754679637e-11,-3.457727160149915e-11,-4.306509693088663e-10,-2.5691339545112927e-09
13.5399999999998,0.5000000000357909,-0.5999999998088469,2.4135377724165963e-11,-2.894857617508073e-11,-4.721927857953032e-10,-2.521899327847627e-09,0.5000000000339107,-0.5999999998071271,2.5134470893473093e-11,-3.0058809608046744e-11,-4.5008491577776974e-10,-2.545899791800269e-09
13.5599999999998,0.5000000000371341,-0.5999999998104585,2.5933775960051975e-11,-3.1124394728188065e-11,-4.899130513316694e-10,-2.5006373527669615e-09,0.5000000000353101,-0.5999999998088,2.7032976551710775e-11,-3.2312586634164475e-11,-4.685255121433085e-10,-2.523852283586768e-09
13.5799999999998,0.500000000038432,-0.5999999998120161,2.5034512657340358e-11,-3.002540230334638e-11,-5.07037173036551e-10,-2.4800872349396167e-09,0.500000000036663,-0.5999999998104173,2.6067072111946032e-11,-3.115798938302383e-11,-4.863531289457942e-10,-2.502537839167384e-09
13.599999999999799,0.5000000000396895,-0.599999999813525,2.383547526019214e-11,-2.860418846228896e-11,-5.236266694380126e-10,-2.4601801322032345e-09,0.5000000000379735,-0.5999999998119837,2.4834703737930397e-11,-2.97034653817807e-11,-5.036218975573263e-10,-2.481893543230016e-09
13.619999999999798,0.5000000000409014,-0.5999999998149793,2.3358041195686852e-11,-2.8027215964732122e-11,-5.396156278274137e-10,-2.440993675081325e-09,0.5000000000392365,-0.5999999998134936,2.4346157034838e-11,-2.9093054354500936e-11,-5.202645157264187e-10,-2.461994011492217e-09
13.639999999999798,0.5000000000420752,-0.5999999998163881,2.225901407637565e-11,-2.6694840782326423e-11,-5.551021849042858e-10,-2.4224077559714762e-09,0.5000000000404601,-0.5999999998149561,2.3191532028121742e-11,-2.7727355134121723e-11,-5.363877875589936e-10,-2.4427192714195266e-09
13.659999999999798,0.5000000000432065,-0.5999999998177458,2.1814969969335962e-11,-2.617307412466907e-11,-5.700277515942817e-10,-2.4044956112166224e-09,0.5000000000416394,-0.5999999998163658,2.273634752691933e-11,-2.7172226274574385e-11,-5.5192733732331e-10,-2.424141013064776e-09
13.679999999999797,0.5000000000443026,-0.5999999998190609,2.077128052890842e-11,-2.492956188704376e-11,-5.84487535143216e-10,-2.3871444568486446e-09,0.5000000000427817,-0.5999999998177313,2.1659490173631113e-11,-2.5873320846914183e-11,-5.669797201440529e-10,-2.4061436433768567e-09
13.699999999999797,0.5000000000453771,-0.5999999998203505,1.832877946639222e-11,-2.1987415360635865e-11,-5.986646264084242e-10,-2.370131654385023e-09,0.5000000000439018,-0.5999999998190704,1.9105932114182878e-11,-2.2831157103775368e-11,-5.817395110709963e-10,-2.388495978506984e-09
13.719999999999796,0.5000000000464148,-0.5999999998215956,1.771820190565876e-11,-2.126603407259786e-11,-6.123539636296904e-10,-2.3537047426648755e-09,0.5000000000449832,-0.5999999998203631,1.8473153562403866e-11,-2.208733890229908e-11,-5.959901938589352e-10,-2.3714584702183165e-09
13.739999999999796,0.5000000000473995,-0.5999999998227774,1.9017096924978105e-11,-2.2820051404082164e-11,-6.253460908662227e-10,-2.338112725254178e-09,0.5000000000460098,-0.5999999998215902,1.9838651554859865e-11,-2.369727331030802e-11,-6.09516710900941e-10,-2.3552857121842736e-09
13.759999999999796,0.5000000000483356,-0.5999999998239008,2.010515365302723e-11,-2.4107962154351625e-11,-6.376952030117924e-10,-2.3232911541711485e-09,0.5000000000470046,-0.5999999998227794,1.8850639799117275e-11,-2.253156689002722e-11,-6.226262866895407e-10,-2.339613371263202e-09
13.779999999999795,0.5000000000492585,-0.5999999998250084,1.7440691252312845e-11,-2.0921975957266525e-11,-6.498714773880375e-10,-2.3086790390289113e-09,0.5000000000479634,-0.5999999998239255,1.8484238445415357e-11,-2.2087401352344216e-11,-6.352604000730168e-10,-2.324508751264283e-09
13.799999999999795,0.5000000000501476,-0.5999999998260754,1.7140844299490254e-11,-2.055549133683776e-11,-6.616010100723836e-10,-2.294601549190094e-09,0.50000000004889,-0.599999999825033,1.7851366218568643e-11,-2.133243234836435e-11,-6.474702559037231e-10,-2.3099118625401393e-09
13.819999999999794,0.5000000000510068,-0.5999999998271065,1.655240874920416e-11,-1.9866785300193257e-11,-6.729365312317437e-10,-2.2809986308534897e-09,0.5000000000497853,-0.5999999998261033,1.725186660195277e-11,-2.062185491813473e-11,-6.592675556390453e-10,-2.2958066071745067e-09
13.839999999999794,0.500000000051837,-0.5999999998281027,1.599736315638367e-11,-1.9200828427212713e-11,-6.83889758680987e-10,-2.267855636750513e-09,0.5000000000506505,-0.5999999998271374,1.6674595731958064e-11,-1.9922497679347728e-11,-6.706683966781159e-10,-2.2821783590972107e-09
13.859999999999793,0.5000000000526391,-0.5999999998290653,1.5464442226775788e-11,-1.855679152007461e-11,-6.944724102349832e-10,-2.2551564548857175e-09,0.5000000000514725,-0.5999999998281201,1.76626907544275e-11,-2.1088231855204143e-11,-6.815001420855273e-10,-2.2692261040710765e-09
13.879999999999793,0.500000000053385,-0.5999999998299604,1.819557005067196e-11,-2.180969294052204e-11,-7.043124452716262e-10,-2.243346362224144e-09,0.5000000000522508,-0.5999999998290505,1.891724624170088e-11,-2.2598010268604085e-11,-6.917554832645764e-10,-2.256964481686872e-09
13.899999999999793,0.5000000000541376,-0.5999999998308636,1.4165443124047883e-11,-1.6991474199867795e-11,-7.142418286466491e-10,-2.2314308092287448e-09,0.5000000000530356,-0.5999999998299884,1.477610048206124e-11,-1.7668758817146468e-11,-7.020971429113291e-10,-2.2446033664212554e-09
13.919999999999792,0.5000000000548638,-0.5999999998317351,1.3788012398485705e-11,-1.6536376434839184e-11,-7.238226070293049e-10,-2.219932703388071e-09,0.500000000053793,-0.5999999998308938,1.4365373474101162e-11,-1.716887743086204e-11,-7.120774482339876e-10,-2.2326709646951847e-09
13.939999999999792,0.5000000000555639,-0.5999999998325751,1.3499316248166693e-11,-1.6203430958094955e-11,-7.3305917460017e-10,-2.208850579975263e-09,0.5000000000545232,-0.5999999998317664,1.4076673854335198e-11,-1.6813862802056434e-11,-7.216993319144255e-10,-2.22117021118711e-09
13.959999999999791,0.5000000000562403,-0.5999999998333869,1.3044173380327706e-11,-1.564805923726098e-11,-7.419837553501352e-10,-2.1981404971845615e-09,0.5000000000552287,-0.5999999998326098,1.3610321203394449e-11,-1.6247655998391508e-11,-7.309964366054597e-10,-2.210055740066395e-09
13.97999999999979,0.5000000000568939,-0.5999999998341713,1.2600181314992298e-11,-1.5115204227145185e-11,-7.506066023672114e-10,-2.1877922019279548e-09,0.5000000000559103,-0.5999999998334247,1.315515751887375e-11,-1.569242305543561e-11,-7.399775387852623e-10,-2.1993158441672887e-09
13.99999999999979,0.500000000057515,-0.5999999998349166,1.3343933596976498e-11,-1.6014582021606216e-11,-7.588002844146929e-10,-2.177959490525605e-09,0.5000000000565582,-0.599999999834199,1.3910005092210298e-11,-1.6625062437825022e-11,-7.485153687366098e-10,-2.1891100217926094e-09
14.01999999999979,0.5000000000581364,-0.5999999998356623,1.0579405407273867e-11,-1.2683805394875236e-11,-7.669983606427506e-10,-2.1681209202158206e-09,0.5000000000571954,-0.5999999998349606,1.225583523556395e-11,-1.464885851509834e-11,-7.569112917504097e-10,-2.179073930786976e-09
14.03999999999979,0.5000000000587259,-0.5999999998363699,1.1378831904496067e-11,-1.364982085694244e-11,-7.747760602623658e-10,-2.158786215945424e-09,0.5000000000578123,-0.599999999835698,1.1700817398319074e-11,-1.3982780211474477e-11,-7.650409553859915e-10,-2.169355353273726e-09
14.059999999999789,0.5000000000593057,-0.5999999998370655,9.880044699039914e-12,-1.1862153620478821e-11,-7.824248639184167e-10,-2.149608237448906e-09,0.5000000000584173,-0.5999999998364209,1.0324092275526553e-11,-1.233965707392315e-11,-7.730126208470216e-10,-2.1598269935428667e-09
14.079999999999789,0.5000000000598558,-0.5999999998377258,1.0634937375186837e-11,-1.273948654900714e-11,-7.896825855031988e-10,-2.140897506820309e-09,0.5000000000589915,-0.5999999998371073,1.1090166979199623e-11,-1.3238955071104286e-11,-7.805790449714994e-10,-2.150781487922922e-09
14.099999999999788,0.5000000000603876,-0.5999999998383639,1.024642523606012e-11,-1.2284059186518093e-11,-7.966986271562981e-10,-2.1324782568365898e-09,0.5000000000595465,-0.5999999998377706,1.070155769555825e-11,-1.278374281432626e-11,-7.878923775160816e-10,-2.1420388652183227e-09
14.119999999999788,0.5000000000609102,-0.5999999998389912,8.925242489521423e-12,-1.0685317214376155e-11,-8.035930964801264e-10,-2.124202550085022e-09,0.5000000000600922,-0.5999999998384227,9.302694031765313e-12,-1.1118411746835477e-11,-7.9508282396093e-10,-2.1334454919762882e-09
14.139999999999787,0.5000000000613966,-0.5999999998395749,1.065717653014886e-11,-1.2772560786800113e-11,-8.100100648480236e-10,-2.116502480988917e-09,0.5000000000606,-0.5999999998390296,1.1112319397987847e-11,-1.3272074411707635e-11,-8.017743989237549e-10,-2.125446175145762e-09
14.159999999999787,0.5000000000618778,-0.5999999998401523,9.080625140711618e-12,-1.0896172852881136e-11,-8.163596557804213e-10,-2.1088844365968985e-09,0.5000000000611022,-0.5999999998396299,9.49139725148207e-12,-1.1340546557381259e-11,-8.083928262982629e-10,-2.1175346507911963e-09
14.179999999999787,0.5000000000623324,-0.5999999998406976,9.9355176863547e-12,-1.191791457189062e-11,-8.22356247539876e-10,-2.1016896982670396e-09,0.5000000000615767,-0.5999999998401971,1.0368528952087175e-11,-1.2384360897899072e-11,-8.146455126501224e-10,-2.110059158644844e-09
14.199999999999786,0.5000000000627735,-0.599999999841227,9.435924264167284e-12,-1.1307243336089456e-11,-8.281756073494299e-10,-2.0947058806048315e-09,0.5000000000620461,-0.599999999840758,8.858549310764019e-12,-1.0585438775523315e-11,-8.208309059936883e-10,-2.102667072730802e-09
14.219999999999786,0.5000000000632079,-0.5999999998417486,8.225808922901479e-12,-9.841686493539115e-12,-8.339070835474627e-10,-2.0878245938227316e-09,0.5000000000624983,-0.5999999998412984,8.703215231831152e-12,-1.0407848194393665e-11,-8.267895402729398e-10,-2.0955456784064432e-09
14.239999999999785,0.5000000000636275,-0.5999999998422522,7.959431724824384e-12,-9.541915868549466e-12,-8.394437510732904e-10,-2.0811805927917383e-09,0.5000000000629363,-0.5999999998418217,8.303458615133152e-12,-9.919336185770788e-12,-8.32560915801781e-10,-2.0886481537690655e-09
14.259999999999785,0.5000000000640319,-0.5999999998427377,7.814925789828564e-12,-9.34176000444431e-12,-8.447782862926197e-10,-2.0747753422387106e-09,0.5000000000633583,-0.5999999998423262,8.148048208367342e-12,-9.730691946652215e-12,-8.381216219627796e-10,-2.0819993692222326e-09
14.279999999999784,0.5000000000644163,-0.5999999998431989,8.259080919170714e-12,-9.908296405569672e-12,-8.498491706773858e-10,-2.0686908668677348e-09,0.5000000000637594,-0.5999999998428056,8.625492681213487e-12,-1.0296714869628687e-11,-8.4340729380792e-10,-2.0756812704193256e-09
14.299999999999784,0.5000000000647943,-0.5999999998436524,7.271096919003739e-12,-8.731525918959093e-12,-8.548365656312068e-10,-2.062707457650008e-09,0.500000000064154,-0.5999999998432771,7.5818136491268e-12,-9.064405476211235e-12,-8.486066518069528e-10,-2.06946705975521e-09
14.319999999999784,0.5000000000651603,-0.5999999998440917,6.948962238961798e-12,-8.320816258233776e-12,-8.596657700842899e-10,-2.056911533470193e-09,0.5000000000645359,-0.5999999998437338,7.248857764041716e-12,-8.642808690950687e-12,-8.536392289911332e-10,-2.063448913696063e-09
14.339999999999783,0.500000000065513,-0.599999999844515,6.804647123548335e-12,-8.154119740533261e-12,-8.643192073143308e-10,-2.0513265299580287e-09,0.5000000000649041,-0.5999999998441737,7.104379584621512e-12,-8.487086033959201e-12,-8.584904020049265e-10,-2.0576502510802473e-09
14.359999999999783,0.5000000000658484,-0.5999999998449174,7.1933327350226506e-12,-8.631633602318445e-12,-8.687441471544169e-10,-2.046018359822156e-09,0.500000000065254,-0.599999999844592,7.515169042626724e-12,-8.97576110658882e-12,-8.631016496966148e-10,-2.052138375716947e-09
14.379999999999782,0.5000000000661727,-0.5999999998453066,6.949003872325221e-12,-8.320660133120938e-12,-8.730226143086346e-10,-2.040883027455608e-09,0.5000000000655925,-0.5999999998449966,7.2487571500801096e-12,-8.642756649246408e-12,-8.675622108915191e-10,-2.0468050087168545e-09
14.399999999999782,0.5000000000664915,-0.5999999998456892,6.138589636606184e-12,-7.343872038267918e-12,-8.772278451199181e-10,-2.0358355787005808e-09,0.5000000000659198,-0.5999999998453879,7.004639923646749e-12,-8.353952946071885e-12,-8.718750136499169e-10,-2.0416486895010426e-09
14.419999999999781,0.5000000000668,-0.5999999998460595,5.872104885673579e-12,-7.032690402253294e-12,-8.812983210602026e-10,-2.0309507146268674e-09,0.5000000000662425,-0.5999999998457733,6.094087040553475e-12,-7.288020881235369e-12,-8.761263748989799e-10,-2.0365684601023056e-09
14.439999999999781,0.5000000000670975,-0.5999999998464165,5.73889546995332e-12,-6.87729040382834e-12,-8.852237890414773e-10,-2.026240153049338e-09,0.500000000066548,-0.5999999998461385,6.571528043952668e-12,-7.843468929902286e-12,-8.801524388030692e-10,-2.0317559943750978e-09
14.45999999999978,0.500000000067385,-0.5999999998467614,5.5500812279341005e-12,-6.644098465846682e-12,-8.890159668786117e-10,-2.0216892466994046e-09,0.5000000000668536,-0.5999999998465038,5.217049015016073e-12,-6.222484333351375e-12,-8.841799659670313e-10,-2.02694206581553e-09
14.47999999999978,0.5000000000676581,-0.5999999998470891,5.872115294014435e-12,-7.043730182454411e-12,-8.926191949509758e-10,-2.0173668377394267e-09,0.500000000067138,-0.5999999998468436,6.238457667118169e-12,-7.443552718644497e-12,-8.879266042351118e-10,-2.0224632092435376e-09
14.49999999999978,0.5000000000679276,-0.5999999998474121,5.0838812326592375e-12,-6.1112781502004054e-12,-8.961740870370033e-10,-2.0131044825806543e-09,0.5000000000674194,-0.5999999998471799,5.316927453868914e-12,-6.344359065879601e-12,-8.916352069896932e-10,-2.0180311768276786e-09
14.51999999999978,0.5000000000681871,-0.5999999998477235,4.995035635113609e-12,-6.000245439397034e-12,-8.995986184326079e-10,-2.008997388468903e-09,0.5000000000676905,-0.5999999998475037,5.228255328670883e-12,-6.244445932557241e-12,-8.952077558462179e-10,-2.0137630244514225e-09
14.539999999999779,0.5000000000684386,-0.599999999848025,4.750717180757036e-12,-5.7117227614256194e-12,-9.029162247675284e-10,-2.0050191903207154e-09,0.5000000000679531,-0.5999999998478176,4.983943813208214e-12,-5.944651021438929e-12,-8.986676537194579e-10,-2.0096265562822415e-09
14.559999999999778,0.500000000068681,-0.5999999998483156,4.66198260551387e-12,-5.611545950134911e-12,-9.061137235000369e-10,-2.0011845354046795e-09,0.5000000000682061,-0.59999999984812,4.8951676046016246e-12,-5.822779758357655e-12,-9.020017374326864e-10,-2.005640798154553e-09
14.579999999999778,0.5000000000689111,-0.5999999998485918,4.939493258859784e-12,-5.944751635400536e-12,-9.091501022780901e-10,-1.9975417597071306e-09,0.5000000000684466,-0.5999999998484076,5.161513577656152e-12,-6.166674809682249e-12,-9.051705051314676e-10,-2.001851106885265e-09
14.599999999999778,0.5000000000691381,-0.5999999998488641,4.273293524592603e-12,-5.1452973826027204e-12,-9.121454687041001e-10,-1.9939487847227774e-09,0.5000000000686837,-0.599999999848691,4.4842428381652866e-12,-5.345248549337711e-12,-9.082953858177906e-10,-1.998115556187346e-09
14.619999999999777,0.5000000000693572,-0.5999999998491271,4.173425494080618e-12,-4.9898661591551985e-12,-9.150353747962847e-10,-1.9904788467945535e-09,0.5000000000689128,-0.5999999998489647,4.3399728255621994e-12,-5.1896507924364954e-12,-9.113134716413839e-10,-1.9945087685386453e-09
14.639999999999777,0.5000000000695685,-0.5999999998493806,4.0736233830607205e-12,-4.890060578688349e-12,-9.178227500083615e-10,-1.9871348753761768e-09,0.5000000000691336,-0.5999999998492286,4.251085594653148e-12,-5.078618081633124e-12,-9.142232978018427e-10,-1.991030741685731e-09
14.659999999999776,0.5000000000697731,-0.5999999998496263,3.884795263253693e-12,-4.645742124331775e-12,-9.205222416089172e-10,-1.9838934348379077e-09,0.5000000000693474,-0.5999999998494842,4.051342594735274e-12,-4.845637779915535e-12,-9.170409570767029e-10,-1.987662454301051e-09
14.679999999999776,0.5000000000699701,-0.5999999998498631,3.818178412329232e-12,-4.54576654096428e-12,-9.231221317830823e-10,-1.9807691724483336e-09,0.5000000000695496,-0.5999999998497257,4.417851501292702e-12,-5.278829456889511e-12,-9.197050064160977e-10,-1.9844785311158865e-09
14.699999999999775,0.5000000000701607,-0.5999999998500918,3.684958588268117e-12,-4.412571003031829e-12,-9.256356030725851e-10,-1.9777518351194434e-09,0.5000000000697497,-0.5999999998499647,3.762684608332734e-12,-4.512654139254835e-12,-9.223412615205706e-10,-1.9813297271745384e-09
14.719999999999775,0.5000000000703416,-0.5999999998503092,3.906940743148013e-12,-4.656774965638988e-12,-9.28023107852241e-10,-1.974883899930139e-09,0.500000000069939,-0.599999999850191,4.073536646886922e-12,-4.856927360297192e-12,-9.248370698663047e-10,-1.9783462615982885e-09
14.739999999999775,0.5000000000705201,-0.5999999998505234,3.3740545080096496e-12,-4.045975360300602e-12,-9.303783886410059e-10,-1.9720569770928776e-09,0.5000000000701257,-0.5999999998504141,3.5405740839156152e-12,-4.223638799816243e-12,-9.272963044178803e-10,-1.975406692260019e-09
14.759999999999774,0.5000000000706922,-0.5999999998507298,3.318588459588767e-12,-3.979646473473153e-12,-9.32648715271967e-10,-1.969334049862583e-09,0.5000000000703057,-0.5999999998506289,3.4628966361083258e-12,-4.15730297409489e-12,-9.296677649445397e-10,-1.9725754040644868e-09
14.779999999999774,0.5000000000708588,-0.5999999998509297,3.1630774388613503e-12,-3.8018928283367615e-12,-9.348458055599938e-10,-1.9666975415169504e-09,0.5000000000704798,-0.5999999998508372,3.318595398482671e-12,-3.946339782734398e-12,-9.319631467415407e-10,-1.969830438752257e-09
14.799999999999773,0.5000000000710162,-0.5999999998511186,3.451797875309026e-12,-4.124048325060414e-12,-9.369227882456086e-10,-1.9642045764034696e-09,0.5000000000706477,-0.5999999998510379,3.252034058709441e-12,-3.8686102932228295e-12,-9.341751396716476e-10,-1.967184970828304e-09
14.819999999999773,0.500000000071172,-0.5999999998513055,2.952173228099042e-12,-3.535737674864592e-12,-9.38977800028343e-10,-1.961739441100303e-09,0.5000000000708101,-0.5999999998512318,3.1187136206867194e-12,-3.746603721710429e-12,-9.363154528949067e-10,-1.96463022780533e-09
14.839999999999772,0.500000000071322,-0.5999999998514856,2.8966308518452166e-12,-3.458004715906071e-12,-9.409566460144258e-10,-1.959363654135517e-09,0.5000000000709668,-0.5999999998514192,3.04103617287943e-12,-3.6022816674030622e-12,-9.38379685847975e-10,-1.9621603425798643e-09
14.859999999999772,0.5000000000714674,-0.5999999998516599,2.7524232892872647e-12,-3.3135681698492903e-12,-9.428754381993028e-10,-1.957064032967382e-09,0.5000000000711188,-0.5999999998516007,2.874464555269185e-12,-3.4468990162128677e-12,-9.403824788322407e-10,-1.9597680122572673e-09
14.879999999999772,0.5000000000716074,-0.5999999998518278,2.7078443654016127e-12,-3.2471351996132825e-12,-9.44722458768104e-10,-1.9548479012301924e-09,0.5000000000712651,-0.5999999998517757,2.830027878708563e-12,-3.369221568405578e-12,-9.423106578872524e-10,-1.9574620070714047e-09
14.899999999999771,0.5000000000717405,-0.5999999998519875,2.8633588555759815e-12,-3.435793316519664e-12,-9.46478666271667e-10,-1.9527416240074037e-09,0.5000000000714043,-0.599999999851942,2.9855111438603643e-12,-3.5690478350502985e-12,-9.441452098778573e-10,-1.9552701343577227e-09
14.91999999999977,0.5000000000718736,-0.5999999998521472,2.2749614692063602e-12,-2.7251499667979573e-12,-9.482348737752297e-10,-1.9506338820577568e-09,0.5000000000715435,-0.5999999998521083,2.3748746025287204e-12,-2.8472883772945323e-12,-9.459797618684619e-10,-1.9530782616440406e-09
14.93999999999977,0.5000000000720021,-0.5999999998523015,2.2082578821081e-12,-2.6362904914645213e-12,-9.499295627507277e-10,-1.948599376451044e-09,0.5000000000716779,-0.5999999998522688,2.3082334654755954e-12,-2.7473683050782682e-12,-9.47749942748922e-10,-1.9509624742405684e-09
14.95999999999977,0.500000000072124,-0.5999999998524478,2.3638625779032196e-12,-2.836016144147635e-12,-9.515378328415634e-10,-1.9466688664512976e-09,0.5000000000718055,-0.5999999998524213,2.463699383392637e-12,-2.947177224488229e-12,-9.494308832635295e-10,-1.9489535006406086e-09
14.97999999999977,0.5000000000722439,-0.5999999998525917,2.0530070699020797e-12,-2.458668685312304e-12,-9.531197378489427e-10,-1.944770580442442e-09,0.5000000000719287,-0.5999999998525686,2.3859560160932602e-12,-2.8473577662335714e-12,-9.51054767426824e-10,-1.9470118331032636e-09
14.999999999999769,0.5000000000723577,-0.5999999998527282,2.2082891071306676e-12,-2.647302516090022e-12,-9.546210828790944e-10,-1.94296896640626e-09,0.500000000072048,-0.5999999998527112,2.2750031025697837e-12,-2.7030565286079167e-12,-9.526274482782966e-10,-1.9451316202990904e-09
15.019999999999769,0.500000000072468,-0.5999999998528606,2.0972876213498637e-12,-2.5142110615661295e-12,-9.560770213766269e-10,-1.941223011990708e-09,0.5000000000721634,-0.5999999998528491,2.197273613058215e-12,-2.6251396889609424e-12,-9.54147462558075e-10,-1.9433143250604497e-09
15.039999999999768,0.5000000000725762,-0.5999999998529904,1.8530246781445214e-12,-2.214457783811241e-12,-9.575036653369857e-10,-1.939510746292906e-09,0.5000000000722749,-0.5999999998529824,2.1195267763118864e-12,-2.5255110502886424e-12,-9.556162735260313e-10,-1.9415584845549812e-09
15.059999999999768,0.5000000000726789,-0.5999999998531135,1.986334707826387e-12,-2.380949604141591e-12,-9.58858537681269e-10,-1.9378863642066247e-09,0.5000000000723824,-0.5999999998531108,2.075121324773832e-12,-2.4695488709536306e-12,-9.570338827226977e-10,-1.939865563868477e-09
15.079999999999767,0.5000000000727783,-0.5999999998532328,1.8863244299893722e-12,-2.2587834380694005e-12,-9.601709329466504e-10,-1.936311782833539e-09,0.5000000000724866,-0.5999999998532352,1.9752532942618473e-12,-2.3588075936942232e-12,-9.584061401065015e-10,-1.93822678149991e-09
15.099999999999767,0.5000000000728743,-0.5999999998533478,1.8531079448713683e-12,-2.214478600492953e-12,-9.614364569525538e-10,-1.9347943258079415e-09,0.5000000000725868,-0.5999999998533552,1.941925786841381e-12,-2.3030917450928e-12,-9.597271895568875e-10,-1.9366450586071356e-09
15.119999999999767,0.5000000000729684,-0.5999999998534608,1.608845001666026e-12,-1.9368118220342012e-12,-9.626785453287183e-10,-1.9333046985926595e-09,0.5000000000726856,-0.5999999998534731,1.675423688674016e-12,-2.0034425507464704e-12,-9.610292258721198e-10,-1.9350911430498074e-09
15.139999999999766,0.5000000000730578,-0.5999999998535681,1.7419954367881019e-12,-2.0699900127318926e-12,-9.638576504499595e-10,-1.9318883077203115e-09,0.5000000000727792,-0.599999999853585,1.808771882272353e-12,-2.147886035697155e-12,-9.622624997570574e-10,-1.9336162362139778e-09
15.159999999999766,0.5000000000731443,-0.5999999998536718,1.6643596223442358e-12,-2.0034980618977016e-12,-9.649986726728749e-10,-1.9305202528342998e-09,0.5000000000728699,-0.5999999998536933,1.7310389233138324e-12,-2.048042291313834e-12,-9.634577381284958e-10,-1.932188153534282e-09
15.179999999999765,0.5000000000732265,-0.5999999998537704,1.753125422609969e-12,-2.1143434225656677e-12,-9.6608403527516e-10,-1.929219575383788e-09,0.5000000000729559,-0.5999999998537958,1.8641442556255328e-12,-2.236467955274435e-12,-9.64590071730727e-10,-1.930837623504022e-09
15.199999999999765,0.5000000000733076,-0.5999999998538675,1.5311536760709288e-12,-1.8481535746239786e-12,-9.671532858819997e-10,-1.927937939382439e-09,0.5000000000730406,-0.599999999853897,1.608917860052017e-12,-1.9258102057495563e-12,-9.657063110148895e-10,-1.9295046497155213e-09
15.219999999999764,0.500000000073387,-0.5999999998539628,1.3534694198735764e-12,-1.6260742752294277e-12,-9.682005655859592e-10,-1.9266812037376877e-09,0.5000000000731237,-0.5999999998539963,1.4201868847596444e-12,-1.68139807632528e-12,-9.66802067741898e-10,-1.9281950857516552e-09
15.239999999999764,0.5000000000734623,-0.5999999998540532,1.453493575498399e-12,-1.7482820746650418e-12,-9.69195115123006e-10,-1.9254889160747185e-09,0.5000000000732027,-0.5999999998540905,1.5200514458246772e-12,-1.825678497269223e-12,-9.678422344585302e-10,-1.926954295189629e-09
15.259999999999764,0.5000000000735363,-0.5999999998541422,1.2758370748766623e-12,-1.5040052536718918e-12,-9.7017062321089e-10,-1.9243142051340533e-09,0.50000000007328,-0.5999999998541832,1.3424504563541717e-12,-1.570556185104266e-12,-9.68861913996412e-10,-1.9257325191948577e-09
15.279999999999763,0.5000000000736066,-0.5999999998542266,1.3535873810699428e-12,-1.6259528445861093e-12,-9.710977953124374e-10,-1.923201012721453e-09,0.5000000000733523,-0.5999999998542694,1.5755764748437429e-12,-1.8815018987261567e-12,-9.698143020665322e-10,-1.92459561451819e-09
15.299999999999763,0.5000000000736745,-0.5999999998543081,1.3091541739562729e-12,-1.5704659794835152e-12,-9.719942081499525e-10,-1.9221259032071784e-09,0.5000000000734237,-0.5999999998543548,1.353497175449192e-12,-1.6149442894075605e-12,-9.707549840576702e-10,-1.923470412500408e-09
15.319999999999762,0.5000000000737402,-0.599999999854387,1.2536777171945346e-12,-1.4926671010329073e-12,-9.728613264502936e-10,-1.921084482410654e-09,0.5000000000734928,-0.5999999998544371,1.309063968335522e-12,-1.5705249600816984e-12,-9.716649483752052e-10,-1.9223861855627486e-09
15.339999999999762,0.5000000000738037,-0.5999999998544631,1.2202565347063654e-12,-1.4706846851453292e-12,-9.736991502134612e-10,-1.9200811445124547e-09,0.5000000000735593,-0.5999999998545166,1.275635846953449e-12,-1.5261542030131636e-12,-9.72541260796731e-10,-1.921338533940969e-09
15.359999999999761,0.5000000000738661,-0.5999999998545379,1.0648391890466513e-12,-1.2707924990085218e-12,-9.74522326708042e-10,-1.9190939186097016e-09,0.5000000000736246,-0.5999999998545946,1.120360748618765e-12,-1.3374509832964065e-12,-9.734014804407203e-10,-1.9203099036467423e-09
15.379999999999761,0.5000000000739241,-0.5999999998546076,1.2757538081498154e-12,-1.5150831977894796e-12,-9.752869141282754e-10,-1.9181740701424475e-09,0.5000000000736865,-0.5999999998546689,1.209140426672306e-12,-1.4151665950201675e-12,-9.742178084506557e-10,-1.9193310186665053e-09
15.39999999999976,0.5000000000739825,-0.5999999998546777,9.759519581375997e-13,-1.170855079557498e-12,-9.760573604559435e-10,-1.9172498274946176e-09,0.5000000000737465,-0.5999999998547404,1.1536327448880002e-12,-1.3817974542362776e-12,-9.750078085666061e-10,-1.9183887202693103e-09
15.41999999999976,0.5000000000740378,-0.599999999854744,1.0647975556832279e-12,-1.2705912710853084e-12,-9.767867944315683e-10,-1.916375385559983e-09,0.5000000000738046,-0.5999999998548098,1.0981007769750306e-12,-1.3151701949709604e-12,-9.757744011461886e-10,-1.9174742224472637e-09
15.43999999999976,0.5000000000740913,-0.5999999998548082,1.020430268061645e-12,-1.2152535922016483e-12,-9.774927927774542e-10,-1.9155273087088047e-09,0.5000000000738608,-0.5999999998548767,1.0648461279405552e-12,-1.270625965554828e-12,-9.765146612101899e-10,-1.91659191595088e-09
15.45999999999976,0.500000000074143,-0.5999999998548701,9.87071535618611e-13,-1.2042207508944358e-12,-9.781753554936013e-10,-1.914711455848517e-09,0.5000000000739149,-0.5999999998549412,1.0426104424254845e-12,-1.248567221834307e-12,-9.77227123958205e-10,-1.9157417985267264e-09
15.479999999999759,0.500000000074193,-0.5999999998549299,9.537440281981446e-13,-1.1487963358369768e-12,-9.788344825800093e-10,-1.9139219680716863e-09,0.500000000073967,-0.5999999998550036,1.0204129208268853e-12,-1.2043040176212827e-12,-9.779147143694475e-10,-1.9149194794242893e-09
15.499999999999758,0.5000000000742411,-0.5999999998549879,9.316228344324884e-13,-1.0930978344703135e-12,-9.7946870930982e-10,-1.9131573806514527e-09,0.5000000000740178,-0.599999999855064,9.53785661561568e-13,-1.1487408246857456e-12,-9.785832901050047e-10,-1.914123502571505e-09
15.519999999999758,0.5000000000742868,-0.5999999998550426,9.870854134064189e-13,-1.204061156334646e-12,-9.80072176775598e-10,-1.9124352703101215e-09,0.5000000000740656,-0.5999999998551212,1.0425930951907247e-12,-1.2484943634483159e-12,-9.792138257054665e-10,-1.913369954617475e-09
15.539999999999758,0.500000000074332,-0.5999999998550967,8.53941917178247e-13,-1.0264289418415729e-12,-9.806683206070826e-10,-1.911721948329942e-09,0.500000000074113,-0.5999999998551778,8.87151463402347e-13,-1.059707877004712e-12,-9.798385098069695e-10,-1.9126237230786806e-09
15.559999999999757,0.5000000000743746,-0.5999999998551481,9.316020177507767e-13,-1.0929972205087068e-12,-9.812307757208174e-10,-1.911043779794371e-09,0.5000000000741579,-0.5999999998552313,9.648983001486755e-13,-1.1485708217850998e-12,-9.804295466340596e-10,-1.911918462113145e-09
15.579999999999757,0.5000000000744167,-0.5999999998551985,8.094497294663938e-13,-9.710045267841139e-13,-9.81785907200259e-10,-1.910378793800528e-09,0.5000000000742011,-0.5999999998552832,9.42728534125692e-13,-1.1041514924592377e-12,-9.809986345630582e-10,-1.911235143633018e-09
15.599999999999756,0.5000000000744568,-0.5999999998552462,8.538794671331118e-13,-1.037555458216488e-12,-9.82314673596244e-10,-1.9097489612512938e-09,0.5000000000742432,-0.5999999998553333,8.871757495310106e-13,-1.0819817264362541e-12,-9.815530991365218e-10,-1.910575243991255e-09
15.619999999999756,0.5000000000744961,-0.5999999998552935,7.539663338107516e-13,-8.823844432903627e-13,-9.828331869042184e-10,-1.909124987609494e-09,0.5000000000742845,-0.5999999998553825,7.872487384208426e-13,-9.377255916209748e-13,-9.820973208908762e-10,-1.9099255841760168e-09
15.639999999999755,0.5000000000745339,-0.599999999855339,7.428155313071727e-13,-8.822526043061885e-13,-9.833326587630298e-10,-1.9085244495974336e-09,0.5000000000743243,-0.59999999985543,7.650755029509071e-13,-9.266684641850986e-13,-9.82622526429013e-10,-1.909300801524638e-09
15.659999999999755,0.5000000000745708,-0.599999999855383,6.872905022881071e-13,-8.487446856442205e-13,-9.83818948080113e-10,-1.9079444177613943e-09,0.5000000000743628,-0.599999999855476,7.428502257766922e-13,-8.711503740599369e-13,-9.831301728486769e-10,-1.908693572861586e-09
15.679999999999755,0.5000000000746062,-0.5999999998554254,6.874015245905696e-13,-8.266547169011318e-13,-9.842861959480334e-10,-1.907384892101377e-09,0.5000000000743999,-0.5999999998555205,7.206873986476126e-13,-8.488175440302115e-13,-9.83618798430527e-10,-1.9081068261050154e-09
15.699999999999754,0.5000000000746404,-0.5999999998554665,6.65228289120634e-13,-7.934347623361759e-13,-9.847373318205083e-10,-1.9068429431636634e-09,0.5000000000744352,-0.5999999998555626,7.65078972397859e-13,-9.154864366589521e-13,-9.840840210976057e-10,-1.9075522751809722e-09
15.719999999999754,0.5000000000746737,-0.5999999998555062,6.207014069392613e-13,-7.600170492949587e-13,-9.851767498781136e-10,-1.9063185709482543e-09,0.50000000007447,-0.5999999998556043,6.651450223937871e-13,-7.821174263789032e-13,-9.845419259247885e-10,-1.9070035733329387e-09
15.739999999999753,0.5000000000747062,-0.5999999998555452,5.540776171208961e-13,-6.709528765913575e-13,-9.856059148477082e-10,-1.905804451820856e-09,0.5000000000745041,-0.5999999998556451,5.873808384126988e-13,-6.822736819955821e-13,-9.849910527332666e-10,-1.9064651135648625e-09
15.759999999999753,0.5000000000747374,-0.5999999998555828,5.54160883847743e-13,-6.489565829159716e-13,-9.860175030949987e-10,-1.9053079094157622e-09,0.5000000000745372,-0.5999999998556844,5.541400671660313e-13,-6.822459264199665e-13,-9.854270179055505e-10,-1.905947144716996e-09
15.779999999999752,0.5000000000747666,-0.5999999998556179,6.429891341586114e-13,-7.599754159315353e-13,-9.864027262588327e-10,-1.904845055728418e-09,0.5000000000745677,-0.5999999998557212,6.872905022881071e-13,-7.932925150111458e-13,-9.85829328100761e-10,-1.905462821013423e-09
15.799999999999752,0.5000000000747955,-0.5999999998556524,5.541678227416469e-13,-6.710049182956368e-13,-9.867835552420907e-10,-1.904389525675367e-09,0.5000000000745984,-0.5999999998557581,5.319286677796242e-13,-6.15712342222352e-13,-9.862345648157172e-10,-1.9049755716451296e-09
15.819999999999752,0.5000000000748235,-0.599999999855686,5.318349927119215e-13,-6.377225136855458e-13,-9.871526664104793e-10,-1.903947178164044e-09,0.5000000000746277,-0.5999999998557929,5.540776171208961e-13,-6.823083764651017e-13,-9.866207899360522e-10,-1.9045175946980746e-09
15.839999999999751,0.5000000000748503,-0.5999999998557184,5.319633622491438e-13,-6.156811171997845e-13,-9.87507130310281e-10,-1.903519477921308e-09,0.500000000074656,-0.5999999998558266,5.54157414400791e-13,-6.490190329611067e-13,-9.869923809171274e-10,-1.9040727809888324e-09
15.85999999999975,0.5000000000748768,-0.59999999985575,4.542546894192867e-13,-5.490503884875153e-13,-9.878557353026479e-10,-1.903102030766583e-09,0.5000000000746837,-0.59999999985586,4.76372413737991e-13,-5.490781440631309e-13,-9.873581188587117e-10,-1.903633818609033e-09
15.87999999999975,0.5000000000749018,-0.5999999998557801,4.986080992530617e-13,-5.825305515738677e-13,-9.881852988458519e-10,-1.9027050897878796e-09,0.5000000000747101,-0.5999999998558914,4.985734047835422e-13,-6.156845866467364e-13,-9.877063053844831e-10,-1.9032197356465257e-09
15.89999999999975,0.500000000074926,-0.5999999998558093,4.763932304197027e-13,-5.490191634649477e-13,-9.885046093010451e-10,-1.9023198666240457e-09,0.5000000000747356,-0.5999999998559218,4.985976909122058e-13,-5.82360548673222e-13,-9.880413225714e-10,-1.9028188181752635e-09
15.91999999999975,0.5000000000749494,-0.5999999998558374,4.5419917826805545e-13,-5.493834553949029e-13,-9.888136666682276e-10,-1.901949290728798e-09,0.5000000000747602,-0.5999999998559513,4.764313943361742e-13,-5.491232468735063e-13,-9.883660984797396e-10,-1.902429605616319e-09
15.939999999999749,0.500000000074972,-0.5999999998558647,4.4314552027913123e-13,-5.156916560444813e-13,-9.891124709473993e-10,-1.901588967921562e-09,0.5000000000747841,-0.5999999998559797,4.54233872737575e-13,-5.492412080698728e-13,-9.886806361905664e-10,-1.902055028141277e-09
15.959999999999749,0.5000000000749939,-0.599999999855891,4.3201553445726404e-13,-4.934941344458821e-13,-9.8940102213856e-10,-1.9012418276560535e-09,0.5000000000748069,-0.5999999998560073,4.5419223937415154e-13,-5.27085319834697e-13,-9.889820030220062e-10,-1.901692151071688e-09
15.979999999999748,0.5000000000750151,-0.5999999998559163,4.0977984894219333e-13,-4.934525010824586e-13,-9.896807849685687e-10,-1.9009078699322738e-09,0.5000000000748291,-0.5999999998560339,4.3202941224507185e-13,-5.04644936949461e-13,-9.892745933752735e-10,-1.901340981167848e-09
15.999999999999748,0.5000000000750354,-0.5999999998559409,4.097382155787699e-13,-4.712966128472829e-13,-9.89948829983708e-10,-1.9005841652965045e-09,0.5000000000748502,-0.599999999856059,4.5415407545768005e-13,-5.489809995484762e-13,-9.895525572919418e-10,-1.901010299930787e-09
16.019999999999747,0.5000000000750552,-0.5999999998559646,3.765737721650453e-13,-4.4896378281755744e-13,-9.902095513645538e-10,-1.900270713748746e-09,0.500000000074871,-0.5999999998560838,4.097659711543855e-13,-4.710676293484539e-13,-9.898261314289917e-10,-1.900684007190807e-09
16.039999999999747,0.5000000000750743,-0.5999999998559874,3.6543337800232223e-13,-4.491684801877227e-13,-9.904614843842476e-10,-1.8999704447427156e-09,0.500000000074891,-0.5999999998561077,3.8755804121493043e-13,-4.603262215852055e-13,-9.900894627469323e-10,-1.900367954277351e-09
16.059999999999746,0.5000000000750929,-0.5999999998560098,3.3206423721843237e-13,-3.825099958998379e-13,-9.907075584965067e-10,-1.899674569917261e-09,0.5000000000749104,-0.5999999998561308,3.653917446388988e-13,-4.4921011355114615e-13,-9.903454823871054e-10,-1.9000636107830773e-09
16.079999999999746,0.5000000000751106,-0.5999999998560313,3.5431033107435894e-13,-4.0463118966549416e-13,-9.909404500670374e-10,-1.8993918776335352e-09,0.5000000000749291,-0.5999999998561532,3.6540215297975465e-13,-4.378754303591137e-13,-9.905912592081694e-10,-1.899769507115328e-09
16.099999999999746,0.5000000000751278,-0.5999999998560519,3.3204342053672065e-13,-4.0484976482346724e-13,-9.911674827301337e-10,-1.8991194384378197e-09,0.5000000000749475,-0.5999999998561751,3.2098976254779643e-13,-3.715222574030008e-13,-9.908341110500199e-10,-1.8994797941980924e-09
16.119999999999745,0.5000000000751443,-0.5999999998560718,3.322099539904144e-13,-3.8231223742357656e-13,-9.913857270320776e-10,-1.898857252330115e-09,0.500000000074965,-0.599999999856196,3.321509733922312e-13,-4.0465547579415784e-13,-9.910652598939523e-10,-1.8992047141113283e-09
16.139999999999745,0.5000000000751607,-0.5999999998560914,2.876240912108585e-13,-3.269225168356371e-13,-9.916010418803042e-10,-1.898597995676128e-09,0.5000000000749822,-0.5999999998562164,2.987853020552933e-13,-3.602534937030555e-13,-9.912920204987987e-10,-1.8989354876074384e-09
16.159999999999744,0.5000000000751762,-0.59999999985611,2.9885469099433237e-13,-3.6038186324027777e-13,-9.918061036405202e-10,-1.8983533862907275e-09,0.5000000000749985,-0.5999999998562359,3.320260733019609e-13,-3.7141470454749026e-13,-9.915056117647904e-10,-1.8986794265947936e-09
16.179999999999744,0.5000000000751912,-0.599999999856128,2.9872979090406204e-13,-3.4915473290375587e-13,-9.920038417664426e-10,-1.898116100539621e-09,0.5000000000750143,-0.5999999998562546,2.98733260351014e-13,-3.602812492786711e-13,-9.917148178727601e-10,-1.89843214933661e-09
16.199999999999743,0.5000000000752058,-0.5999999998561457,2.543278088129597e-13,-2.937650123158164e-13,-9.921971857117888e-10,-1.8978817442422313e-09,0.5000000000750298,-0.5999999998562731,2.6548208076349056e-13,-3.269814974338203e-13,-9.919181694007065e-10,-1.898189258322076e-09
16.219999999999743,0.50000000007522,-0.5999999998561628,2.4327762027098743e-13,-2.935256204761316e-13,-9.923846707497006e-10,-1.897656176305994e-09,0.5000000000750446,-0.5999999998562909,2.6550636689215423e-13,-3.048290786455965e-13,-9.92114204629289e-10,-1.897953681469345e-09
16.239999999999743,0.5000000000752337,-0.5999999998561794,2.432568035892757e-13,-2.8264196538785313e-13,-9.925648321533188e-10,-1.89743793200405e-09,0.5000000000750591,-0.5999999998563083,2.4327762027098743e-13,-2.937650123158164e-13,-9.92304388358913e-10,-1.897725421031849e-09
16.259999999999742,0.5000000000752469,-0.5999999998561953,2.322031456003515e-13,-2.6053811885695666e-13,-9.927391346495023e-10,-1.8972270113363994e-09,0.500000000075073,-0.5999999998563249,2.433227230813628e-13,-2.9381358457314377e-13,-9.924872573297052e-10,-1.8975059398419495e-09
16.279999999999742,0.5000000000752596,-0.5999999998562104,2.433400703161226e-13,-2.9373378729324884e-13,-9.929061135113923e-10,-1.8970278084836183e-09,0.5000000000750862,-0.5999999998563408,2.544388311154222e-13,-3.048221397516926e-13,-9.92661348281793e-10,-1.8972967007320063e-09
16.29999999999974,0.5000000000752717,-0.5999999998562251,2.432290480136601e-13,-2.8242339022988006e-13,-9.93065768738989e-10,-1.896834464538272e-09,0.500000000075099,-0.5999999998563561,2.4327415082403547e-13,-2.937823595505762e-13,-9.928310525353263e-10,-1.8970947802907307e-09
16.31999999999974,0.5000000000752832,-0.599999999856239,2.5434515604771946e-13,-2.937303178462969e-13,-9.932181003322921e-10,-1.896651373680936e-09,0.5000000000751111,-0.5999999998563706,2.653953445896917e-13,-3.158549810589051e-13,-9.92990513969751e-10,-1.8969030996759794e-09
16.33999999999974,0.5000000000752944,-0.5999999998562524,2.4316312852157296e-13,-2.934666398779484e-13,-9.933660377450192e-10,-1.8964741417310355e-09,0.5000000000751231,-0.599999999856385,2.3205742882836944e-13,-2.604826077057254e-13,-9.931485136848345e-10,-1.8967143469793816e-09
16.35999999999974,0.5000000000753054,-0.5999999998562656,2.21170304293139e-13,-2.493907858003297e-13,-9.93511045704029e-10,-1.896299839234852e-09,0.5000000000751347,-0.5999999998563987,2.320678371692253e-13,-2.6017382692700153e-13,-9.933006619009592e-10,-1.89653291069802e-09
16.37999999999974,0.5000000000753161,-0.5999999998562784,2.1000215455480031e-13,-2.3802487758572966e-13,-9.936516594824628e-10,-1.896131395646103e-09,0.5000000000751458,-0.599999999856412,2.2114948761142728e-13,-2.603854631910707e-13,-9.93446958618125e-10,-1.896358790831893e-09
16.39999999999974,0.5000000000753264,-0.5999999998562906,1.9886176039207726e-13,-2.3821916661503906e-13,-9.937878790803203e-10,-1.895970275691648e-09,0.5000000000751565,-0.5999999998564248,2.099952156608964e-13,-2.494497663985129e-13,-9.935888655556725e-10,-1.8961890594628477e-09
16.41999999999974,0.5000000000753363,-0.5999999998563025,1.9891380209635656e-13,-2.2689489176386246e-13,-9.939182397707432e-10,-1.8958135499177685e-09,0.5000000000751671,-0.5999999998564373,1.9891380209635656e-13,-2.3815324712295194e-13,-9.937278490545385e-10,-1.89602518393011e-09
16.43999999999974,0.5000000000753461,-0.5999999998563142,1.6569037808444875e-13,-1.9391085959163945e-13,-9.940471357343075e-10,-1.895658288870748e-09,0.5000000000751774,-0.5999999998564495,1.7661219708919873e-13,-2.1605980893291132e-13,-9.938639060336594e-10,-1.8958642340620935e-09
16.459999999999738,0.5000000000753554,-0.5999999998563254,1.765775026196792e-13,-2.159418477365449e-13,-9.941701727904372e-10,-1.8955118161848797e-09,0.5000000000751871,-0.599999999856461,1.9889992430854875e-13,-2.271689780730668e-13,-9.939911834535435e-10,-1.8957120611882403e-09
16.479999999999738,0.5000000000753644,-0.5999999998563361,1.7665729989957413e-13,-2.052455427836719e-13,-9.942888156659905e-10,-1.895369737679587e-09,0.5000000000751965,-0.5999999998564722,1.8777687738058546e-13,-2.1606674782681523e-13,-9.94115535894214e-10,-1.8955642790649013e-09
16.499999999999737,0.500000000075373,-0.5999999998563466,1.6561751969845773e-13,-1.9401494300019806e-13,-9.94403064360968e-10,-1.895232053354871e-09,0.5000000000752056,-0.5999999998564831,1.7670240270994952e-13,-2.0471818684697496e-13,-9.942354985552667e-10,-1.895420885438644e-09
16.519999999999737,0.5000000000753814,-0.5999999998563565,1.6556200854722647e-13,-1.9389004290992773e-13,-9.945129188753693e-10,-1.895100227937589e-09,0.5000000000752144,-0.5999999998564935,1.7660525819529482e-13,-2.0496798702751562e-13,-9.94351072977233e-10,-1.895283345395262e-09
16.539999999999736,0.5000000000753895,-0.5999999998563663,1.5441120604364755e-13,-1.8265944312645388e-13,-9.946198439360533e-10,-1.894971331974025e-09,0.5000000000752228,-0.5999999998565038,1.655446613124667e-13,-1.9380677618308084e-13,-9.94462256079049e-10,-1.8951487287631685e-09
16.559999999999736,0.5000000000753972,-0.5999999998563758,1.5451875889915812e-13,-1.717445630156078e-13,-9.947223748161612e-10,-1.8948468301910366e-09,0.500000000075231,-0.5999999998565136,1.5446324774792686e-13,-1.828294460270996e-13,-9.945705142016513e-10,-1.895018502881589e-09
16.579999999999735,0.5000000000754047,-0.5999999998563849,1.5443896161926318e-13,-1.716855824174246e-13,-9.94820511515693e-10,-1.8947267225886245e-09,0.5000000000752389,-0.5999999998565231,1.5441814493755146e-13,-1.826871987020695e-13,-9.946743840851676e-10,-1.894894130582885e-09
16.599999999999735,0.5000000000754119,-0.5999999998563936,1.4329509800958817e-13,-1.7152945730458669e-13,-9.949157187615074e-10,-1.8946110091667885e-09,0.5000000000752465,-0.5999999998565323,1.5448753387659053e-13,-1.7136986274479682e-13,-9.947738626485336e-10,-1.8947726816954692e-09
16.619999999999735,0.5000000000754189,-0.5999999998564021,1.4327428132787645e-13,-1.4946030524320975e-13,-9.950079965536045e-10,-1.8944996899255286e-09,0.5000000000752539,-0.5999999998565412,1.4336448694862725e-13,-1.7150864062287496e-13,-9.948718810330913e-10,-1.8946556258119998e-09
16.639999999999734,0.5000000000754257,-0.5999999998564103,1.3224144002066396e-13,-1.383268499743906e-13,-9.950973448919843e-10,-1.894391300137986e-09,0.500000000075261,-0.5999999998565497,1.4335060916081943e-13,-1.6053824936079764e-13,-9.949655096380303e-10,-1.894542958425613e-09
16.659999999999734,0.5000000000754323,-0.5999999998564182,1.2113227088050849e-13,-1.385211390037e-13,-9.951852285035056e-10,-1.894287304531019e-09,0.5000000000752678,-0.599999999856558,1.433679563955792e-13,-1.4934234404684332e-13,-9.950547469228191e-10,-1.8944332144505143e-09
16.679999999999733,0.5000000000754385,-0.5999999998564256,1.4327428132787645e-13,-1.6047232986871052e-13,-9.952672532075917e-10,-1.8941891678314876e-09,0.5000000000752743,-0.5999999998565659,1.4339224252424287e-13,-1.7149476283506715e-13,-9.951410607689265e-10,-1.894329326311723e-09
16.699999999999733,0.5000000000754447,-0.5999999998564329,1.21243293182971e-13,-1.3845521951161288e-13,-9.953478131848195e-10,-1.894092495858814e-09,0.5000000000752808,-0.5999999998565736,1.3218939831638465e-13,-1.4954704141700859e-13,-9.952259128956932e-10,-1.894228366091085e-09
16.719999999999732,0.5000000000754505,-0.5999999998564399,1.2109757641098895e-13,-1.381915415432644e-13,-9.954254437083298e-10,-1.8940002180667172e-09,0.5000000000752869,-0.599999999856581,1.3221368444504833e-13,-1.3815337762679292e-13,-9.953063737023098e-10,-1.8941303292817363e-09
16.739999999999732,0.5000000000754562,-0.5999999998564467,1.2116349590307607e-13,-1.3835113610305427e-13,-9.955001447781227e-10,-1.8939108697283374e-09,0.5000000000752929,-0.5999999998565881,1.2115655700917216e-13,-1.3821582767192808e-13,-9.953853743301177e-10,-1.8940366854763343e-09
16.75999999999973,0.5000000000754617,-0.5999999998564534,1.1003697952816083e-13,-1.16007897732473e-13,-9.955733811210569e-10,-1.893822986116816e-09,0.5000000000752988,-0.5999999998565951,1.1010289902024795e-13,-1.2698869733540619e-13,-9.954629116980528e-10,-1.8939445045032924e-09
16.77999999999973,0.5000000000754671,-0.5999999998564597,1.1004391842206473e-13,-1.2716216968300387e-13,-9.956436880102737e-10,-1.893739496685871e-09,0.5000000000753043,-0.5999999998566018,1.211912514786917e-13,-1.2713441410738824e-13,-9.955360592863697e-10,-1.8938567120273324e-09
16.79999999999973,0.5000000000754722,-0.5999999998564658,1.1009596012634404e-13,-1.2743278654525625e-13,-9.957110654457732e-10,-1.8936589367086435e-09,0.5000000000753098,-0.5999999998566082,1.1012024625500771e-13,-1.2734951981840936e-13,-9.956077451553458e-10,-1.8937718474695262e-09
16.81999999999973,0.5000000000754771,-0.5999999998564718,1.1006820455072841e-13,-1.160668783306562e-13,-9.957755134275553e-10,-1.8935798414582744e-09,0.500000000075315,-0.5999999998566145,1.100543267629206e-13,-1.2721768083423513e-13,-9.956765045045766e-10,-1.893689908576441e-09
16.83999999999973,0.500000000075482,-0.5999999998564776,9.885842144896628e-14,-1.1621953399654217e-13,-9.958399614093375e-10,-1.893503675661623e-09,0.50000000007532,-0.5999999998566206,1.1001269339949715e-13,-1.1614667561055114e-13,-9.957423357935295e-10,-1.893609430262284e-09
16.85999999999973,0.5000000000754867,-0.5999999998564831,8.785680516432137e-14,-1.049750564252605e-13,-9.959029446642609e-10,-1.8934304393186886e-09,0.500000000075325,-0.5999999998566264,8.780823290699402e-14,-1.0506873149296325e-13,-9.958081701635469e-10,-1.893531882119713e-09
16.87999999999973,0.5000000000754911,-0.5999999998564884,1.0992248777874636e-13,-1.1599748939161714e-13,-9.959600690117496e-10,-1.8933601324294718e-09,0.5000000000753296,-0.5999999998566319,1.1011330736110381e-13,-1.2741890875744843e-13,-9.95869616294478e-10,-1.893460187560017e-09
16.89999999999973,0.5000000000754954,-0.5999999998564935,9.901801600875615e-14,-1.1605646998980035e-13,-9.960171933592383e-10,-1.8932927549939725e-09,0.5000000000753342,-0.5999999998566373,9.887576868372605e-14,-1.0488832025146166e-13,-9.95929597625004e-10,-1.8933884907468886e-09
16.919999999999728,0.5000000000754996,-0.5999999998564985,8.7735374521003e-14,-1.0486056467584604e-13,-9.960728529798682e-10,-1.8932268422853318e-09,0.5000000000753386,-0.5999999998566425,8.77874162252823e-14,-1.0478770628985501e-13,-9.959881172361897e-10,-1.8933197218519137e-09
16.939999999999728,0.5000000000755037,-0.5999999998565034,8.792619410336044e-14,-9.386588728510503e-14,-9.961270478736396e-10,-1.8931623943035496e-09,0.500000000075343,-0.5999999998566476,8.786027461127333e-14,-1.0494383140269292e-13,-9.960451735875025e-10,-1.893252415789299e-09
16.959999999999727,0.5000000000755078,-0.5999999998565082,6.569744748219364e-14,-8.26942680998144e-14,-9.96181242767411e-10,-1.893099411048626e-09,0.5000000000753472,-0.5999999998566526,7.665396095646315e-14,-9.395609290585583e-14,-9.961007666789424e-10,-1.8931865725590457e-09
16.979999999999727,0.5000000000755117,-0.5999999998565128,7.674069713026199e-14,-9.394568456499997e-14,-9.962325082074649e-10,-1.89303935724742e-09,0.5000000000753512,-0.5999999998566574,8.787068295212919e-14,-9.400813461013513e-14,-9.96153433250637e-10,-1.893123654993513e-09
16.999999999999726,0.5000000000755154,-0.5999999998565172,7.663314427475143e-14,-8.27463098040937e-14,-9.962808441938016e-10,-1.8929807681730725e-09,0.5000000000753551,-0.599999999856662,7.668171653207878e-14,-9.367853714969954e-14,-9.962046381029908e-10,-1.893063665346134e-09
17.019999999999726,0.500000000075519,-0.5999999998565214,6.567316135352996e-14,-8.290243491693161e-14,-9.96329180180138e-10,-1.8929251085524425e-09,0.5000000000753588,-0.5999999998566665,7.674069713026199e-14,-8.246528460098546e-14,-9.962543781549402e-10,-1.8930036734453226e-09
17.039999999999726,0.5000000000755226,-0.5999999998565255,6.560724186144284e-14,-8.274284035714174e-14,-9.96376051439616e-10,-1.892870913658671e-09,0.5000000000753624,-0.5999999998566707,8.775272175576276e-14,-9.395609290585583e-14,-9.963011932276758e-10,-1.8929480722950255e-09
17.059999999999725,0.5000000000755259,-0.5999999998565295,6.566622245962606e-14,-7.169959070907339e-14,-9.964199932453767e-10,-1.8928181834917587e-09,0.5000000000753659,-0.5999999998566748,6.560030296753894e-14,-8.285039321265231e-14,-9.963480098409433e-10,-1.8928939362305212e-09
17.079999999999725,0.5000000000755288,-0.5999999998565331,9.898679098618857e-14,-1.0490566748622143e-13,-9.964580761437024e-10,-1.8927713122322806e-09,0.500000000075369,-0.5999999998566785,9.888270757762996e-14,-1.1597667270990542e-13,-9.9638897341472e-10,-1.8928456514954594e-09
17.099999999999724,0.5000000000755319,-0.5999999998565368,5.453276719080691e-14,-7.156775172489915e-14,-9.964990884957455e-10,-1.8927215115190853e-09,0.5000000000753724,-0.5999999998566824,6.564540577791433e-14,-8.281222929618082e-14,-9.96432863508242e-10,-1.8927944410956768e-09
17.119999999999724,0.5000000000755349,-0.5999999998565405,5.4452969910911975e-14,-6.031286581276163e-14,-9.9653863612093e-10,-1.892673175532749e-09,0.5000000000753756,-0.5999999998566862,6.551703624069205e-14,-7.160591564137064e-14,-9.964752903418917e-10,-1.8927446935282544e-09
17.139999999999723,0.5000000000755378,-0.5999999998565441,5.4501542168239325e-14,-6.049674650121517e-14,-9.965767190192557e-10,-1.892626304273271e-09,0.5000000000753787,-0.5999999998566898,5.454664497861472e-14,-7.170306015602534e-14,-9.965162539156683e-10,-1.8926964087931925e-09
17.159999999999723,0.5000000000755406,-0.5999999998565475,5.443909212310416e-14,-6.048633816035931e-14,-9.96613337190723e-10,-1.8925808977406517e-09,0.5000000000753817,-0.5999999998566935,5.452235884995105e-14,-6.069103553052457e-14,-9.965557526890401e-10,-1.8926481218046984e-09
17.179999999999723,0.5000000000755432,-0.5999999998565508,5.4529297743854954e-14,-4.96269692007445e-14,-9.966484906353313e-10,-1.892536955934891e-09,0.5000000000753845,-0.5999999998566969,5.4491133827383464e-14,-4.943614961838705e-14,-9.965923249426665e-10,-1.8926027604809254e-09
17.199999999999722,0.5000000000755458,-0.599999999856554,5.4529297743854954e-14,-4.9443088512290956e-14,-9.966821793530812e-10,-1.892495943582848e-09,0.5000000000753871,-0.5999999998567003,5.454317553166277e-14,-6.05696048872062e-14,-9.966274339364202e-10,-1.892558861989513e-09
17.21999999999972,0.5000000000755482,-0.5999999998565569,5.4491133827383464e-14,-4.94847218757144e-14,-9.967144033439723e-10,-1.8924563959576635e-09,0.5000000000753898,-0.5999999998567035,5.449807272128737e-14,-6.069103553052457e-14,-9.966625444707058e-10,-1.8925164285838937e-09
17.23999999999972,0.5000000000755506,-0.5999999998565598,5.450848106214323e-14,-4.942921072448314e-14,-9.967451626080046e-10,-1.8924183130593375e-09,0.5000000000753924,-0.5999999998567066,5.459174778899012e-14,-4.9432680171435095e-14,-9.966961917451187e-10,-1.892475458010635e-09
17.25999999999972,0.5000000000755528,-0.5999999998565626,5.4525828296903e-14,-4.9307780081164765e-14,-9.967744571451783e-10,-1.8923816948878705e-09,0.5000000000753948,-0.5999999998567096,5.4435622676152207e-14,-4.93424745506843e-14,-9.96728375759659e-10,-1.8924359502697367e-09
17.27999999999972,0.500000000075555,-0.5999999998565653,5.459174778899012e-14,-4.9443088512290956e-14,-9.968037516823518e-10,-1.892346541443262e-09,0.5000000000753971,-0.5999999998567125,5.4473786592623696e-14,-4.95818663903691e-14,-9.967590965143261e-10,-1.8923979053611995e-09
17.29999999999972,0.5000000000755571,-0.5999999998565678,5.4539706084710815e-14,-4.954370247389761e-14,-9.96831581492667e-10,-1.8923128527255123e-09,0.5000000000753994,-0.5999999998567153,5.4525828296903e-14,-4.9335535656780394e-14,-9.96788354009121e-10,-1.892361323285022e-09
17.31999999999972,0.5000000000755591,-0.5999999998565703,5.455358387251863e-14,-4.953329413304175e-14,-9.968579465761232e-10,-1.8922806287346214e-09,0.5000000000754015,-0.5999999998567179,5.453276719080691e-14,-4.946390519400268e-14,-9.968161482440427e-10,-1.8923262040412056e-09
17.33999999999972,0.500000000075561,-0.5999999998565726,5.4518889402999093e-14,-4.9373699573251884e-14,-9.968828469327209e-10,-1.892249869470589e-09,0.5000000000754035,-0.5999999998567205,5.4560522766422537e-14,-4.954370247389761e-14,-9.96842479219092e-10,-1.89229254762975e-09
17.35999999999972,0.5000000000755629,-0.5999999998565749,5.456399221337449e-14,-4.9470844087906585e-14,-9.969077472893185e-10,-1.8922191102065568e-09,0.5000000000754055,-0.5999999998567229,5.4550114425566676e-14,-4.9606152519032776e-14,-9.968688117346732e-10,-1.8922603563040873e-09
17.37999999999972,0.5000000000755647,-0.5999999998565771,5.4511950509095186e-14,-4.9585335837321054e-14,-9.969311829190576e-10,-1.892189815669383e-09,0.5000000000754073,-0.5999999998567253,5.457440055423035e-14,-4.9411863489723373e-14,-9.968936809903816e-10,-1.892229627810785e-09
17.399999999999718,0.5000000000755663,-0.5999999998565793,5.4525828296903e-14,-4.93875773610597e-14,-9.969531538219377e-10,-1.892161985859068e-09,0.5000000000754091,-0.5999999998567275,5.450501161519128e-14,-4.945002740619486e-14,-9.969170869862175e-10,-1.8922003621498433e-09
17.419999999999717,0.500000000075568,-0.5999999998565813,5.4560522766422537e-14,-4.939798570191556e-14,-9.96975124724818e-10,-1.8921356207756117e-09,0.5000000000754109,-0.5999999998567296,5.457440055423035e-14,-4.9443088512290956e-14,-9.969404945225852e-10,-1.8921725615746946e-09
17.439999999999717,0.5000000000755696,-0.5999999998565833,5.456399221337449e-14,-4.931124952811672e-14,-9.969956309008395e-10,-1.8921092556921555e-09,0.5000000000754126,-0.5999999998567317,5.454317553166277e-14,-4.922451335431788e-14,-9.969624372585482e-10,-1.8921447587461143e-09
17.459999999999717,0.5000000000755711,-0.5999999998565851,5.454317553166277e-14,-4.9470844087906585e-14,-9.970161370768613e-10,-1.892084355335558e-09,0.5000000000754141,-0.5999999998567337,5.448419493347956e-14,-4.9519416345233935e-14,-9.969829167346383e-10,-1.8921184187498934e-09
17.479999999999716,0.5000000000755725,-0.5999999998565869,5.4560522766422537e-14,-4.96790109050238e-14,-9.97035178526024e-10,-1.8920609197058187e-09,0.5000000000754157,-0.5999999998567356,5.4567461660326444e-14,-4.952635523913784e-14,-9.970033977512607e-10,-1.8920935438394662e-09
17.499999999999716,0.500000000075574,-0.5999999998565887,5.449807272128737e-14,-4.9411863489723373e-14,-9.97054219975187e-10,-1.8920374840760797e-09,0.5000000000754171,-0.5999999998567374,5.445643935786393e-14,-4.9536763579993703e-14,-9.970224155080103e-10,-1.8920701317613997e-09
17.519999999999715,0.5000000000755753,-0.5999999998565904,5.4480725486527604e-14,-4.9654724776360126e-14,-9.970717966974912e-10,-1.8920155131731996e-09,0.5000000000754186,-0.5999999998567391,5.4473786592623696e-14,-4.951594689828198e-14,-9.970414332647597e-10,-1.8920467196833323e-09
17.539999999999715,0.5000000000755767,-0.5999999998565919,5.454664497861472e-14,-4.927308561164523e-14,-9.970893734197954e-10,-1.891995006997178e-09,0.5000000000754199,-0.5999999998567408,5.451541995604714e-14,-4.9623499753792544e-14,-9.970589877616366e-10,-1.8920247704376263e-09
17.559999999999715,0.5000000000755779,-0.5999999998565935,5.4491133827383464e-14,-4.946390519400268e-14,-9.971054854152409e-10,-1.891974500821156e-09,0.5000000000754212,-0.5999999998567425,5.4518889402999093e-14,-4.953329413304175e-14,-9.970765422585134e-10,-1.8920028211919204e-09
17.579999999999714,0.5000000000755791,-0.5999999998565949,5.4605625576797934e-14,-4.946737464095463e-14,-9.971215974106865e-10,-1.8919554593719935e-09,0.5000000000754224,-0.599999999856744,5.456399221337449e-14,-4.9481252428762446e-14,-9.970926334955173e-10,-1.8919823347785746e-09
17.599999999999714,0.5000000000755802,-0.5999999998565964,5.4529297743854954e-14,-4.931471897506867e-14,-9.971362446792734e-10,-1.8919364179228305e-09,0.5000000000754237,-0.5999999998567455,5.452235884995105e-14,-4.931124952811672e-14,-9.971087262730536e-10,-1.891963313451022e-09
17.619999999999713,0.5000000000755813,-0.5999999998565977,5.456399221337449e-14,-4.960962196598473e-14,-9.971508919478603e-10,-1.891918841200526e-09,0.5000000000754249,-0.5999999998567469,5.4525828296903e-14,-4.950206911047417e-14,-9.971248190505897e-10,-1.8919442921234697e-09
17.639999999999713,0.5000000000755823,-0.599999999856599,5.4425214335296346e-14,-4.9557580261705425e-14,-9.971640744895884e-10,-1.891901264478222e-09,0.500000000075426,-0.5999999998567482,5.45709311072784e-14,-4.940839404277142e-14,-9.97139448568253e-10,-1.8919267336282774e-09
17.659999999999712,0.5000000000755833,-0.5999999998566002,5.456399221337449e-14,-4.956104970865738e-14,-9.971772570313165e-10,-1.8918851524827767e-09,0.5000000000754271,-0.5999999998567496,5.45709311072784e-14,-4.9248799482981553e-14,-9.971540780859165e-10,-1.8919091751330856e-09
17.679999999999712,0.5000000000755843,-0.5999999998566015,5.454317553166277e-14,-4.963043864769645e-14,-9.971904395730448e-10,-1.891869040487331e-09,0.5000000000754281,-0.5999999998567508,5.4491133827383464e-14,-4.9547171920849564e-14,-9.97167244343707e-10,-1.8918930794702543e-09
17.69999999999971,0.5000000000755852,-0.5999999998566026,5.4550114425566676e-14,-4.950206911047417e-14,-9.972021573879141e-10,-1.891854393218744e-09,0.5000000000754291,-0.599999999856752,5.454317553166277e-14,-4.9248799482981553e-14,-9.971804106014976e-10,-1.8918769838074227e-09
17.71999999999971,0.5000000000755861,-0.5999999998566037,5.450501161519128e-14,-4.94847218757144e-14,-9.972138752027836e-10,-1.891839745950157e-09,0.5000000000754301,-0.5999999998567532,5.450848106214323e-14,-4.9672072011119894e-14,-9.971935768592884e-10,-1.891860888144591e-09
17.73999999999971,0.500000000075587,-0.5999999998566048,5.4539706084710815e-14,-4.926267727078937e-14,-9.972255930176532e-10,-1.8918250986815706e-09,0.500000000075431,-0.5999999998567543,5.45709311072784e-14,-4.927655505859718e-14,-9.97205279857206e-10,-1.891846255314121e-09
17.75999999999971,0.5000000000755878,-0.5999999998566058,5.451541995604714e-14,-4.944655795924291e-14,-9.97235846105664e-10,-1.8918119161398423e-09,0.5000000000754319,-0.5999999998567555,5.4529297743854954e-14,-4.930084118726086e-14,-9.972169828551239e-10,-1.8918316224836498e-09
17.77999999999971,0.5000000000755885,-0.5999999998566068,5.4702770091452635e-14,-4.958880528427301e-14,-9.972460991936747e-10,-1.891798733598114e-09,0.5000000000754328,-0.5999999998567564,5.45709311072784e-14,-4.944655795924291e-14,-9.97228687393574e-10,-1.891818454738972e-09
17.79999999999971,0.5000000000755893,-0.5999999998566077,5.460215612984598e-14,-4.973452205625506e-14,-9.972563522816855e-10,-1.8917870157832447e-09,0.5000000000754335,-0.5999999998567574,5.461256447070184e-14,-4.9519416345233935e-14,-9.97238927131619e-10,-1.8918052847408616e-09
17.81999999999971,0.5000000000755901,-0.5999999998566086,5.4425214335296346e-14,-4.927655505859718e-14,-9.972666053696963e-10,-1.8917752979683754e-09,0.5000000000754343,-0.5999999998567584,5.4643789493269423e-14,-4.931471897506867e-14,-9.972491668696643e-10,-1.8917921147427515e-09
17.83999999999971,0.5000000000755908,-0.5999999998566095,5.4529297743854954e-14,-4.940145514886751e-14,-9.972753937308485e-10,-1.8917635801535056e-09,0.5000000000754351,-0.5999999998567593,5.444603101700807e-14,-4.951594689828198e-14,-9.972594081482412e-10,-1.8917804098304344e-09
17.859999999999708,0.5000000000755914,-0.5999999998566102,5.4442561570056114e-14,-4.93424745506843e-14,-9.972841820920005e-10,-1.891753327065495e-09,0.5000000000754358,-0.5999999998567602,5.4463378251767836e-14,-4.930431063421281e-14,-9.972681846264137e-10,-1.8917687026646846e-09
17.879999999999708,0.5000000000755921,-0.599999999856611,5.443909212310416e-14,-4.9432680171435095e-14,-9.972929704531527e-10,-1.891743073977484e-09,0.5000000000754364,-0.5999999998567611,5.4518889402999093e-14,-4.932165786897258e-14,-9.97276961104586e-10,-1.891756995498935e-09
17.899999999999707,0.5000000000755928,-0.5999999998566118,5.453623663775886e-14,-4.940839404277142e-14,-9.973017588143047e-10,-1.8917328208894733e-09,0.5000000000754371,-0.5999999998567619,5.4518889402999093e-14,-4.948819132266635e-14,-9.972857391232905e-10,-1.8917467534189786e-09
17.919999999999707,0.5000000000755933,-0.5999999998566126,5.447725603957565e-14,-4.9248799482981553e-14,-9.973090824485981e-10,-1.8917225678014625e-09,0.5000000000754378,-0.5999999998567627,5.456399221337449e-14,-4.9373699573251884e-14,-9.97294517141995e-10,-1.891736511339022e-09
17.939999999999706,0.5000000000755939,-0.5999999998566132,5.453276719080691e-14,-4.9307780081164765e-14,-9.973164060828915e-10,-1.8917137794403103e-09,0.5000000000754384,-0.5999999998567634,5.453623663775886e-14,-4.931124952811672e-14,-9.973032951606994e-10,-1.8917262692590656e-09
17.959999999999706,0.5000000000755944,-0.5999999998566139,5.455358387251863e-14,-4.963043864769645e-14,-9.97323729717185e-10,-1.891704991079158e-09,0.500000000075439,-0.5999999998567641,5.450848106214323e-14,-4.929390229335695e-14,-9.97310609919531e-10,-1.8917174900114692e-09
17.979999999999706,0.500000000075595,-0.5999999998566146,5.4480725486527604e-14,-4.93424745506843e-14,-9.973310533514784e-10,-1.8916962027180063e-09,0.5000000000754395,-0.5999999998567648,5.448419493347956e-14,-4.960962196598473e-14,-9.973179246783626e-10,-1.8917087107638737e-09
17.999999999999705,0.5000000000755955,-0.5999999998566152,5.448419493347956e-14,-4.9453496853146817e-14,-9.973383769857719e-10,-1.891687414356854e-09,0.5000000000754401,-0.5999999998567654,5.449460327433542e-14,-4.9404924595819466e-14,-9.973252394371944e-10,-1.8916999315162774e-09
18.019999999999705,0.500000000075596,-0.5999999998566158,5.455705331947058e-14,-4.9470844087906585e-14,-9.973442358932065e-10,-1.8916800907225605e-09,0.5000000000754407,-0.5999999998567661,5.4605625576797934e-14,-4.973799150320701e-14,-9.973325541960262e-10,-1.8916911522686814e-09
18.039999999999704,0.5000000000755964,-0.5999999998566163,5.449807272128737e-14,-4.955411081475347e-14,-9.973500948006414e-10,-1.8916727670882672e-09,0.5000000000754411,-0.5999999998567668,5.450848106214323e-14,-4.93875773610597e-14,-9.973384041544529e-10,-1.891682370767653e-09
18.059999999999704,0.5000000000755969,-0.5999999998566169,5.448419493347956e-14,-4.951247745133003e-14,-9.97355953708076e-10,-1.891665443453974e-09,0.5000000000754415,-0.5999999998567673,5.450501161519128e-14,-4.9453496853146817e-14,-9.97344255653412e-10,-1.8916750543524175e-09
18.079999999999703,0.5000000000755973,-0.5999999998566174,5.4425214335296346e-14,-4.9519416345233935e-14,-9.973618126155107e-10,-1.8916581198196804e-09,0.500000000075442,-0.5999999998567679,5.4511950509095186e-14,-4.9491660769618306e-14,-9.97350107152371e-10,-1.8916677379371826e-09
18.099999999999703,0.5000000000755978,-0.599999999856618,5.4463378251767836e-14,-4.939798570191556e-14,-9.973676715229456e-10,-1.891650796185387e-09,0.5000000000754424,-0.5999999998567684,5.455358387251863e-14,-4.9491660769618306e-14,-9.973559586513297e-10,-1.891660421521947e-09
18.119999999999703,0.5000000000755982,-0.5999999998566184,5.4473786592623696e-14,-4.950553855742612e-14,-9.973735304303803e-10,-1.891644937277952e-09,0.5000000000754429,-0.599999999856769,5.4616033917653795e-14,-4.9384107914107744e-14,-9.973618101502887e-10,-1.8916531051067115e-09
18.139999999999702,0.5000000000755985,-0.5999999998566189,5.444950046396002e-14,-4.955411081475347e-14,-9.973779246109564e-10,-1.8916390783705174e-09,0.5000000000754433,-0.5999999998567694,5.444603101700807e-14,-4.9335535656780394e-14,-9.973676631897796e-10,-1.891647253777269e-09
18.1599999999997,0.5000000000755989,-0.5999999998566193,5.459521723594207e-14,-4.963043864769645e-14,-9.973823187915323e-10,-1.8916332194630827e-09,0.5000000000754438,-0.5999999998567699,5.452235884995105e-14,-4.9557580261705425e-14,-9.973735162292707e-10,-1.8916414024478267e-09
18.1799999999997,0.5000000000755992,-0.5999999998566198,5.445990880481588e-14,-4.9422271830579234e-14,-9.973867129721084e-10,-1.891627360555648e-09,0.5000000000754441,-0.5999999998567703,5.4529297743854954e-14,-4.938063846715579e-14,-9.973779044683567e-10,-1.891635548864952e-09
18.1999999999997,0.5000000000755995,-0.5999999998566202,5.450848106214323e-14,-4.9547171920849564e-14,-9.973911071526845e-10,-1.8916215016482134e-09,0.5000000000754444,-0.5999999998567708,5.4616033917653795e-14,-4.953329413304175e-14,-9.97382292707443e-10,-1.8916296952820773e-09
18.2199999999997,0.5000000000755999,-0.5999999998566207,5.4501542168239325e-14,-4.953329413304175e-14,-9.973955013332606e-10,-1.8916156427407787e-09,0.5000000000754448,-0.5999999998567712,5.4480725486527604e-14,-4.950206911047417e-14,-9.973866809465292e-10,-1.891623841699202e-09
18.2399999999997,0.5000000000756002,-0.599999999856621,5.450501161519128e-14,-4.9481252428762446e-14,-9.973998955138367e-10,-1.8916112485602026e-09,0.5000000000754451,-0.5999999998567717,5.44286837822483e-14,-4.9290432846404997e-14,-9.973910691856155e-10,-1.8916179881163274e-09
18.2599999999997,0.5000000000756005,-0.5999999998566213,5.4463378251767836e-14,-4.9509008004378074e-14,-9.974042896944126e-10,-1.8916068543796265e-09,0.5000000000754454,-0.5999999998567721,5.459174778899012e-14,-4.945002740619486e-14,-9.973954574247015e-10,-1.8916121345334527e-09
18.2799999999997,0.5000000000756009,-0.5999999998566217,5.4525828296903e-14,-4.954023302694566e-14,-9.974086838749887e-10,-1.8916024601990504e-09,0.5000000000754458,-0.5999999998567724,5.456399221337449e-14,-4.9644316435504265e-14,-9.973998472043198e-10,-1.891607746036371e-09
18.2999999999997,0.5000000000756011,-0.599999999856622,5.4567461660326444e-14,-4.946737464095463e-14,-9.97411613328706e-10,-1.8915980660184743e-09,0.5000000000754461,-0.5999999998567728,5.455358387251863e-14,-4.948819132266635e-14,-9.974042369839381e-10,-1.891603357539289e-09
18.3199999999997,0.5000000000756013,-0.5999999998566223,5.4442561570056114e-14,-4.958880528427301e-14,-9.974145427824233e-10,-1.8915936718378982e-09,0.5000000000754464,-0.5999999998567731,5.454317553166277e-14,-4.941880238362728e-14,-9.974086267635565e-10,-1.8915989690422073e-09
18.339999999999698,0.5000000000756015,-0.5999999998566227,5.4501542168239325e-14,-4.9529824686089796e-14,-9.974174722361409e-10,-1.891589277657322e-09,0.5000000000754466,-0.5999999998567734,5.455705331947058e-14,-4.927308561164523e-14,-9.9741155174277e-10,-1.891594578291693e-09
18.359999999999697,0.5000000000756017,-0.599999999856623,5.451541995604714e-14,-4.951247745133003e-14,-9.974204016898582e-10,-1.891584883476746e-09,0.5000000000754469,-0.5999999998567738,5.454664497861472e-14,-4.9585335837321054e-14,-9.974144767219834e-10,-1.8915901875411786e-09
18.379999999999697,0.500000000075602,-0.5999999998566233,5.453623663775886e-14,-4.929390229335695e-14,-9.974233311435755e-10,-1.8915804892961703e-09,0.5000000000754471,-0.5999999998567741,5.4529297743854954e-14,-4.947431353485854e-14,-9.974174017011965e-10,-1.8915857967906645e-09
18.399999999999697,0.5000000000756022,-0.5999999998566237,5.445990880481588e-14,-4.957492749646519e-14,-9.974262605972929e-10,-1.8915760951155942e-09,0.5000000000754473,-0.5999999998567744,5.454664497861472e-14,-4.937716902020384e-14,-9.9742032668041e-10,-1.891581406040151e-09
18.419999999999696,0.5000000000756024,-0.5999999998566239,5.453623663775886e-14,-4.9280024505549136e-14,-9.974291900510102e-10,-1.8915731656618767e-09,0.5000000000754475,-0.5999999998567748,5.4529297743854954e-14,-4.9356352338492115e-14,-9.974232516596234e-10,-1.8915770152896363e-09
18.439999999999696,0.5000000000756026,-0.5999999998566241,5.4605625576797934e-14,-4.9519416345233935e-14,-9.974321195047275e-10,-1.891570236208159e-09,0.5000000000754478,-0.599999999856775,5.4525828296903e-14,-4.9384107914107744e-14,-9.97426178179369e-10,-1.891574089624915e-09
18.459999999999695,0.5000000000756029,-0.5999999998566243,5.461256447070184e-14,-4.9567988602561286e-14,-9.97435048958445e-10,-1.891567306754442e-09,0.500000000075448,-0.5999999998567752,5.458133944813426e-14,-4.9567988602561286e-14,-9.974291046991145e-10,-1.891571163960194e-09
18.479999999999695,0.5000000000756031,-0.5999999998566246,5.4577870001182305e-14,-4.950553855742612e-14,-9.974379784121624e-10,-1.8915643773007245e-09,0.5000000000754482,-0.5999999998567754,5.453623663775886e-14,-4.950553855742612e-14,-9.9743203121886e-10,-1.8915682382954727e-09
18.499999999999694,0.5000000000756033,-0.5999999998566248,5.4539706084710815e-14,-4.9453496853146817e-14,-9.974409078658797e-10,-1.8915614478470074e-09,0.5000000000754484,-0.5999999998567757,5.454664497861472e-14,-4.970329703368748e-14,-9.974349577386056e-10,-1.8915653126307515e-09
18.519999999999694,0.5000000000756035,-0.599999999856625,5.454317553166277e-14,-4.9578396943417147e-14,-9.97443837319597e-10,-1.89155851839329e-09,0.5000000000754486,-0.5999999998567759,5.454664497861472e-14,-4.9536763579993703e-14,-9.97437884258351e-10,-1.8915623869660303e-09
18.539999999999694,0.5000000000756036,-0.5999999998566252,5.4463378251767836e-14,-4.94847218757144e-14,-9.974453020464559e-10,-1.8915555889395727e-09,0.5000000000754489,-0.5999999998567761,5.4473786592623696e-14,-4.964084698855231e-14,-9.974408107780964e-10,-1.891559461301309e-09
18.559999999999693,0.5000000000756037,-0.5999999998566254,5.458133944813426e-14,-4.94847218757144e-14,-9.974467667733144e-10,-1.891552659485855e-09,0.5000000000754491,-0.5999999998567763,5.4525828296903e-14,-4.945696630009877e-14,-9.97443737297842e-10,-1.891556535636588e-09
18.579999999999693,0.5000000000756039,-0.5999999998566257,5.4518889402999093e-14,-4.92002272256542e-14,-9.974482315001732e-10,-1.8915497300321376e-09,0.5000000000754492,-0.5999999998567765,5.444603101700807e-14,-4.9470844087906585e-14,-9.974451990171827e-10,-1.8915536077184343e-09
18.599999999999692,0.500000000075604,-0.5999999998566259,5.45709311072784e-14,-4.94847218757144e-14,-9.97449696227032e-10,-1.8915468005784205e-09,0.5000000000754493,-0.5999999998567768,5.4442561570056114e-14,-4.937023012629993e-14,-9.974466607365234e-10,-1.8915506798002804e-09
18.619999999999692,0.5000000000756041,-0.5999999998566261,5.445643935786393e-14,-4.943614961838705e-14,-9.974511609538905e-10,-1.891543871124703e-09,0.5000000000754494,-0.599999999856777,5.4491133827383464e-14,-4.955064136780152e-14,-9.97448122455864e-10,-1.8915477518821273e-09
18.63999999999969,0.5000000000756042,-0.5999999998566263,5.450848106214323e-14,-4.94847218757144e-14,-9.974526256807493e-10,-1.891540941670986e-09,0.5000000000754495,-0.5999999998567772,5.4511950509095186e-14,-4.951594689828198e-14,-9.974495841752048e-10,-1.8915448239639734e-09
18.65999999999969,0.5000000000756043,-0.5999999998566264,5.4567461660326444e-14,-4.951247745133003e-14,-9.974540904076079e-10,-1.891539476944127e-09,0.5000000000754496,-0.5999999998567774,5.444950046396002e-14,-4.96269692007445e-14,-9.974510458945455e-10,-1.89154189604582e-09
18.67999999999969,0.5000000000756044,-0.5999999998566266,5.453623663775886e-14,-4.9529824686089796e-14,-9.974555551344666e-10,-1.8915380122172683e-09,0.5000000000754498,-0.5999999998567775,5.454317553166277e-14,-4.9498599663522214e-14,-9.974525091544183e-10,-1.8915404332134593e-09
18.69999999999969,0.5000000000756045,-0.5999999998566267,5.4588278342038166e-14,-4.9633908094648405e-14,-9.974570198613252e-10,-1.8915365474904097e-09,0.5000000000754499,-0.5999999998567777,5.4539706084710815e-14,-4.950206911047417e-14,-9.97453972414291e-10,-1.8915389703810987e-09
18.71999999999969,0.5000000000756046,-0.5999999998566268,5.461256447070184e-14,-4.941880238362728e-14,-9.97458484588184e-10,-1.8915350827635507e-09,0.50000000007545,-0.5999999998567778,5.4425214335296346e-14,-4.915165496832685e-14,-9.974554356741636e-10,-1.891537507548738e-09
18.73999999999969,0.5000000000756047,-0.5999999998566269,5.45709311072784e-14,-4.946390519400268e-14,-9.974599493150427e-10,-1.891533618036692e-09,0.5000000000754501,-0.5999999998567779,5.4473786592623696e-14,-4.9453496853146817e-14,-9.974568989340364e-10,-1.8915360447163775e-09
18.75999999999969,0.5000000000756049,-0.599999999856627,5.455358387251863e-14,-4.967554145807185e-14,-9.974614140419013e-10,-1.8915321533098336e-09,0.5000000000754502,-0.599999999856778,5.4435622676152207e-14,-4.9134307733567084e-14,-9.974583621939091e-10,-1.891534581884017e-09
18.77999999999969,0.500000000075605,-0.5999999998566271,5.447725603957565e-14,-4.9318188422020626e-14,-9.9746287876876e-10,-1.891530688582975e-09,0.5000000000754503,-0.5999999998567781,5.4529297743854954e-14,-4.963043864769645e-14,-9.97459825453782e-10,-1.8915331190516563e-09
18.799999999999688,0.5000000000756051,-0.5999999998566272,5.459174778899012e-14,-4.9432680171435095e-14,-9.974643434956186e-10,-1.891529223856116e-09,0.5000000000754504,-0.5999999998567782,5.4525828296903e-14,-4.9536763579993703e-14,-9.974612887136547e-10,-1.8915316562192957e-09
18.819999999999688,0.5000000000756052,-0.5999999998566273,5.4550114425566676e-14,-4.953329413304175e-14,-9.974658082224774e-10,-1.8915277591292575e-09,0.5000000000754505,-0.5999999998567783,5.4473786592623696e-14,-4.931124952811672e-14,-9.974627519735275e-10,-1.891530193386935e-09
18.839999999999687,0.5000000000756053,-0.5999999998566274,5.4577870001182305e-14,-4.951594689828198e-14,-9.974672729493362e-10,-1.891526294402399e-09,0.5000000000754506,-0.5999999998567784,5.45709311072784e-14,-4.9481252428762446e-14,-9.974642152334002e-10,-1.8915287305545745e-09
18.859999999999687,0.5000000000756054,-0.5999999998566276,5.455358387251863e-14,-4.9439619065339e-14,-9.974687376761947e-10,-1.89152482967554e-09,0.5000000000754508,-0.5999999998567785,5.459174778899012e-14,-4.9373699573251884e-14,-9.97465678493273e-10,-1.891527267722214e-09
18.879999999999686,0.5000000000756055,-0.5999999998566277,5.4511950509095186e-14,-4.935982178544407e-14,-9.974702024030535e-10,-1.8915233649486814e-09,0.5000000000754509,-0.5999999998567787,5.4501542168239325e-14,-4.9453496853146817e-14,-9.974671417531458e-10,-1.8915258048898533e-09
18.899999999999686,0.5000000000756056,-0.5999999998566278,5.452235884995105e-14,-4.932512731592453e-14,-9.97471667129912e-10,-1.891521900221823e-09,0.500000000075451,-0.5999999998567788,5.466113672802919e-14,-4.954023302694566e-14,-9.974686050130185e-10,-1.891524342057493e-09
18.919999999999686,0.5000000000756057,-0.5999999998566279,5.4567461660326444e-14,-4.956451915560933e-14,-9.974731318567708e-10,-1.891520435494964e-09,0.5000000000754511,-0.5999999998567789,5.448766438043151e-14,-4.9557580261705425e-14,-9.974700682728913e-10,-1.891522879225132e-09
18.939999999999685,0.5000000000756059,-0.599999999856628,5.454317553166277e-14,-4.949513021657026e-14,-9.974745965836294e-10,-1.8915189707681053e-09,0.5000000000754512,-0.599999999856779,5.450848106214323e-14,-4.962003030684059e-14,-9.97471531532764e-10,-1.8915214163927715e-09
18.959999999999685,0.500000000075606,-0.5999999998566281,5.452235884995105e-14,-4.954023302694566e-14,-9.974760613104882e-10,-1.8915175060412467e-09,0.5000000000754513,-0.5999999998567791,5.458133944813426e-14,-4.9411863489723373e-14,-9.974729947926366e-10,-1.891519953560411e-09
18.979999999999684,0.5000000000756061,-0.5999999998566282,5.4491133827383464e-14,-4.947431353485854e-14,-9.97477526037347e-10,-1.891516041314388e-09,0.5000000000754514,-0.5999999998567792,5.449807272128737e-14,-4.960962196598473e-14,-9.974744580525094e-10,-1.8915184907280507e-09
18.999999999999684,0.5000000000756062,-0.5999999998566283,5.454317553166277e-14,-4.9606152519032776e-14,-9.974789907642055e-10,-1.891514576587529e-09,0.5000000000754515,-0.5999999998567793,5.453623663775886e-14,-4.959227473122496e-14,-9.974759213123822e-10,-1.8915170278956896e-09
19.019999999999683,0.5000000000756063,-0.5999999998566284,5.4480725486527604e-14,-4.9345943997636255e-14,-9.974804554910643e-10,-1.8915131118606706e-09,0.5000000000754516,-0.5999999998567794,5.456399221337449e-14,-4.973452205625506e-14,-9.97477384572255e-10,-1.891515565063329e-09
19.039999999999683,0.5000000000756063,-0.5999999998566286,5.460215612984598e-14,-4.956104970865738e-14,-9.974804554910643e-10,-1.891511647133812e-09,0.5000000000754518,-0.5999999998567795,5.458133944813426e-14,-4.969635813978357e-14,-9.974788478321277e-10,-1.8915141022309684e-09
19.059999999999683,0.5000000000756063,-0.5999999998566287,5.449460327433542e-14,-4.9241860589077646e-14,-9.974804554910643e-10,-1.891510182406953e-09,0.5000000000754519,-0.5999999998567797,5.458480889508621e-14,-4.9491660769618306e-14,-9.974803110920003e-10,-1.8915126393986083e-09
19.079999999999682,0.5000000000756063,-0.5999999998566288,5.451541995604714e-14,-4.956451915560933e-14,-9.974804554910643e-10,-1.8915087176800945e-09,0.5000000000754519,-0.5999999998567798,5.4491133827383464e-14,-4.9203696672606156e-14,-9.974803095514682e-10,-1.891511174312815e-09
19.09999999999968,0.5000000000756063,-0.5999999998566289,5.4598686682894026e-14,-4.9557580261705425e-14,-9.974804554910643e-10,-1.891507252953236e-09,0.5000000000754519,-0.5999999998567799,5.460909502374989e-14,-4.936329123239602e-14,-9.974803080109362e-10,-1.891509709227022e-09
19.11999999999968,0.5000000000756063,-0.599999999856629,5.4588278342038166e-14,-4.959227473122496e-14,-9.974804554910643e-10,-1.8915057882263774e-09,0.5000000000754519,-0.59999999985678,5.4501542168239325e-14,-4.9595744178176915e-14,-9.97480306470404e-10,-1.891508244141229e-09
19.13999999999968,0.5000000000756063,-0.5999999998566291,5.450501161519128e-14,-4.959921362512887e-14,-9.974804554910643e-10,-1.8915043234995184e-09,0.5000000000754519,-0.5999999998567801,5.454664497861472e-14,-4.965819422331208e-14,-9.97480304929872e-10,-1.891506779055436e-09
19.15999999999968,0.5000000000756063,-0.5999999998566291,5.4605625576797934e-14,-4.9595744178176915e-14,-9.974804554910643e-10,-1.8915043234995184e-09,0.5000000000754519,-0.5999999998567802,5.45709311072784e-14,-4.961309141293668e-14,-9.9748030338934e-10,-1.891505313969643e-09
19.17999999999968,0.5000000000756063,-0.5999999998566291,5.460215612984598e-14,-4.964084698855231e-14,-9.974804554910643e-10,-1.8915043234995184e-09,0.5000000000754519,-0.5999999998567802,5.445643935786393e-14,-4.9460435747050724e-14,-9.9748030338934e-10,-1.891505313969643e-09
19.19999999999968,0.5000000000756063,-0.5999999998566291,5.4480725486527604e-14,-4.933206620982844e-14,-9.974804554910643e-10,-1.8915043234995184e-09,0.5000000000754519,-0.5999999998567802,5.452235884995105e-14,-4.945002740619486e-14,-9.9748030338934e-10,-1.891505313969643e-09
19.21999999999968,0.5000000000756063,-0.5999999998566291,5.4425214335296346e-14,-4.95818663903691e-14,-9.974804554910643e-10,-1.8915043234995184e-09,0.5000000000754519,-0.5999999998567802,5.449807272128737e-14,-4.955411081475347e-14,-9.9748030338934e-10,-1.891505313969643e-09
19.23999999999968,0.5000000000756063,-0.5999999998566291,5.461950336460575e-14,-4.9585335837321054e-14,-9.974804554910643e-10,-1.8915043234995184e-09,0.5000000000754519,-0.5999999998567802,5.448419493347956e-14,-4.953329413304175e-14,-9.9748030338934e-10,-1.891505313969643e-09
19.25999999999968,0.5000000000756063,-0.5999999998566291,5.449460327433542e-14,-4.943614961838705e-14,-9.974804554910643e-10,-1.8915043234995184e-09,0.5000000000754519,-0.5999999998567802,5.4654197834125284e-14,-4.959921362512887e-14,-9.9748030338934e-10,-1.891505313969643e-09
19.279999999999678,0.5000000000756063,-0.5999999998566291,5.4511950509095186e-14,-4.945696630009877e-14,-9.974804554910643e-10,-1.8915043234995184e-09,0.5000000000754519,-0.5999999998567802,5.461950336460575e-14,-4.939104680801165e-14,-9.9748030338934e-10,-1.891505313969643e-09
19.299999999999677,0.5000000000756063,-0.5999999998566291,5.455705331947058e-14,-4.9411863489723373e-14,-9.974804554910643e-10,-1.8915043234995184e-09,0.5000000000754519,-0.5999999998567802,5.447725603957565e-14,-4.9432680171435095e-14,-9.9748030338934e-10,-1.891505313969643e-09
19.319999999999677,0.5000000000756063,-0.5999999998566291,5.4529297743854954e-14,-4.9384107914107744e-14,-9.974804554910643e-10,-1.8915043234995184e-09,0.5000000000754519,-0.5999999998567802,5.4567461660326444e-14,-4.938063846715579e-14,-9.9748030338934e-10,-1.891505313969643e-09
19.339999999999677,0.5000000000756063,-0.5999999998566291,5.4560522766422537e-14,-4.955064136780152e-14,-9.974804554910643e-10,-1.8915043234995184e-09,0.5000000000754519,-0.5999999998567802,5.449460327433542e-14,-4.930431063421281e-14,-9.9748030338934e-10,-1.891505313969643e-09
19.359999999999676,0.5000000000756063,-0.5999999998566291,5.4491133827383464e-14,-4.9509008004378074e-14,-9.974804554910643e-10,-1.8915043234995184e-09,0.5000000000754519,-0.5999999998567802,5.447725603957565e-14,-4.95818663903691e-14,-9.9748030338934e-10,-1.891505313969643e-09
19.379999999999676,0.5000000000756063,-0.5999999998566291,5.45709311072784e-14,-4.953329413304175e-14,-9.974804554910643e-10,-1.8915043234995184e-09,0.5000000000754519,-0.5999999998567802,5.449807272128737e-14,-4.951247745133003e-14,-9.9748030338934e-10,-1.891505313969643e-09
19.399999999999675,0.5000000000756063,-0.5999999998566291,5.4425214335296346e-14,-4.937023012629993e-14,-9.974804554910643e-10,-1.8915043234995184e-09,0.5000000000754519,-0.5999999998567802,5.448419493347956e-14,-4.955411081475347e-14,-9.9748030338934e-10,-1.891505313969643e-09
19.419999999999675,0.5000000000756063,-0.5999999998566291,5.445990880481588e-14,-4.931124952811672e-14,-9.974804554910643e-10,-1.8915043234995184e-09,0.5000000000754519,-0.5999999998567802,5.4511950509095186e-14,-4.941533293667533e-14,-9.9748030338934e-10,-1.891505313969643e-09
19.439999999999674,0.5000000000756063,-0.5999999998566291,5.4511950509095186e-14,-4.957145804951324e-14,-9.974804554910643e-10,-1.8915043234995184e-09,0.5000000000754519,-0.5999999998567802,5.4491133827383464e-14,-4.950553855742612e-14,-9.9748030338934e-10,-1.891505313969643e-09
19.459999999999674,0.5000000000756063,-0.5999999998566291,5.453623663775886e-14,-4.964084698855231e-14,-9.974804554910643e-10,-1.8915043234995184e-09,0.5000000000754519,-0.5999999998567802,5.452235884995105e-14,-4.942574127753119e-14,-9.9748030338934e-10,-1.891505313969643e-09
19.479999999999674,0.5000000000756063,-0.5999999998566291,5.454317553166277e-14,-4.957145804951324e-14,-9.974804554910643e-10,-1.8915043234995184e-09,0.5000000000754519,-0.5999999998567802,5.450501161519128e-14,-4.944655795924291e-14,-9.9748030338934e-10,-1.891505313969643e-09
19.499999999999673,0.5000000000756063,-0.5999999998566291,5.44286837822483e-14,-4.923839114212569e-14,-9.974804554910643e-10,-1.8915043234995184e-09,0.5000000000754519,-0.5999999998567802,5.4605625576797934e-14,-4.954370247389761e-14,-9.9748030338934e-10,-1.891505313969643e-09
19.519999999999673,0.5000000000756063,-0.5999999998566291,5.4529297743854954e-14,-4.946737464095463e-14,-9.974804554910643e-10,-1.8915043234995184e-09,0.5000000000754519,-0.5999999998567802,5.454664497861472e-14,-4.965819422331208e-14,-9.9748030338934e-10,-1.891505313969643e-09
19.539999999999672,0.5000000000756063,-0.5999999998566291,5.448766438043151e-14,-4.946390519400268e-14,-9.974804554910643e-10,-1.8915043234995184e-09,0.5000000000754519,-0.5999999998567802,5.4463378251767836e-14,-4.954023302694566e-14,-9.9748030338934e-10,-1.891505313969643e-09
19.559999999999672,0.5000000000756063,-0.5999999998566291,5.449807272128737e-14,-4.933206620982844e-14,-9.974804554910643e-10,-1.8915043234995184e-09,0.5000000000754519,-0.5999999998567802,5.458133944813426e-14,-4.933900510373235e-14,-9.9748030338934e-10,-1.891505313969643e-09
19.57999999999967,0.5000000000756063,-0.5999999998566291,5.4491133827383464e-14,-4.941533293667533e-14,-9.974804554910643e-10,-1.8915043234995184e-09,0.5000000000754519,-0.5999999998567802,5.4529297743854954e-14,-4.934941344458821e-14,-9.9748030338934e-10,-1.891505313969643e-09
19.59999999999967,0.5000000000756063,-0.5999999998566291,5.456399221337449e-14,-4.95818663903691e-14,-9.974804554910643e-10,-1.8915043234995184e-09,0.5000000000754519,-0.5999999998567802,5.447725603957565e-14,-4.928349395250109e-14,-9.9748030338934e-10,-1.891505313969643e-09
19.61999999999967,0.5000000000756063,-0.5999999998566291,5.4525828296903e-14,-4.9595744178176915e-14,-9.974804554910643e-10,-1.8915043234995184e-09,0.5000000000754519,-0.5999999998567802,5.4463378251767836e-14,-4.950206911047417e-14,-9.9748030338934e-10,-1.891505313969643e-09
19.63999999999967,0.5000000000756063,-0.5999999998566291,5.454317553166277e-14,-4.9481252428762446e-14,-9.974804554910643e-10,-1.8915043234995184e-09,0.5000000000754519,-0.5999999998567802,5.444950046396002e-14,-4.939798570191556e-14,-9.9748030338934e-10,-1.891505313969643e-09
19.65999999999967,0.5000000000756063,-0.5999999998566291,5.44286837822483e-14,-4.9460435747050724e-14,-9.974804554910643e-10,-1.8915043234995184e-09,0.5000000000754519,-0.5999999998567802,5.45709311072784e-14,-4.9585335837321054e-14,-9.9748030338934e-10,-1.891505313969643e-09
19.67999999999967,0.5000000000756063,-0.5999999998566291,5.4525828296903e-14,-4.935982178544407e-14,-9.974804554910643e-10,-1.8915043234995184e-09,0.5000000000754519,-0.5999999998567802,5.458480889508621e-14,-4.93875773610597e-14,-9.9748030338934e-10,-1.891505313969643e-09
19.69999999999967,0.5000000000756063,-0.5999999998566291,5.450501161519128e-14,-4.945002740619486e-14,-9.974804554910643e-10,-1.8915043234995184e-09,0.5000000000754519,-0.5999999998567802,5.445643935786393e-14,-4.947778298181049e-14,-9.9748030338934e-10,-1.891505313969643e-09
19.71999999999967,0.5000000000756063,-0.5999999998566291,5.448766438043151e-14,-4.9422271830579234e-14,-9.974804554910643e-10,-1.8915043234995184e-09,0.5000000000754519,-0.5999999998567802,5.450848106214323e-14,-4.945002740619486e-14,-9.9748030338934e-10,-1.891505313969643e-09
19.739999999999668,0.5000000000756063,-0.5999999998566291,5.4525828296903e-14,-4.9616560859888637e-14,-9.974804554910643e-10,-1.8915043234995184e-09,0.5000000000754519,-0.5999999998567802,5.45709311072784e-14,-4.965819422331208e-14,-9.9748030338934e-10,-1.891505313969643e-09
19.759999999999668,0.5000000000756063,-0.5999999998566291,5.453623663775886e-14,-4.9394516254963605e-14,-9.974804554910643e-10,-1.8915043234995184e-09,0.5000000000754519,-0.5999999998567802,5.452235884995105e-14,-4.946737464095463e-14,-9.9748030338934e-10,-1.891505313969643e-09
19.779999999999667,0.5000000000756063,-0.5999999998566291,5.4452969910911975e-14,-4.9453496853146817e-14,-9.974804554910643e-10,-1.8915043234995184e-09,0.5000000000754519,-0.5999999998567802,5.454664497861472e-14,-4.959921362512887e-14,-9.9748030338934e-10,-1.891505313969643e-09
19.799999999999667,0.5000000000756063,-0.5999999998566291,5.4529297743854954e-14,-4.9682480351975755e-14,-9.974804554910643e-10,-1.8915043234995184e-09,0.5000000000754519,-0.5999999998567802,5.4501542168239325e-14,-4.975186929101483e-14,-9.9748030338934e-10,-1.891505313969643e-09
19.819999999999666,0.5000000000756063,-0.5999999998566291,5.4605625576797934e-14,-4.945002740619486e-14,-9.974804554910643e-10,-1.8915043234995184e-09,0.5000000000754519,-0.5999999998567802,5.4473786592623696e-14,-4.9356352338492115e-14,-9.9748030338934e-10,-1.891505313969643e-09
19.839999999999666,0.5000000000756063,-0.5999999998566291,5.4550114425566676e-14,-4.956104970865738e-14,-9.974804554910643e-10,-1.8915043234995184e-09,0.5000000000754519,-0.5999999998567802,5.456399221337449e-14,-4.950553855742612e-14,-9.9748030338934e-10,-1.891505313969643e-09
19.859999999999665,0.5000000000756063,-0.5999999998566291,5.454664497861472e-14,-4.947431353485854e-14,-9.974804554910643e-10,-1.8915043234995184e-09,0.5000000000754519,-0.5999999998567802,5.453276719080691e-14,-4.945696630009877e-14,-9.9748030338934e-10,-1.891505313969643e-09
19.879999999999665,0.5000000000756063,-0.5999999998566291,5.4511950509095186e-14,-4.952288579218589e-14,-9.974804554910643e-10,-1.8915043234995184e-09,0.5000000000754519,-0.5999999998567802,5.448419493347956e-14,-4.943614961838705e-14,-9.9748030338934e-10,-1.891505313969643e-09
19.899999999999665,0.5000000000756063,-0.5999999998566291,5.460215612984598e-14,-4.9384107914107744e-14,-9.974804554910643e-10,-1.8915043234995184e-09,0.5000000000754519,-0.5999999998567802,5.448419493347956e-14,-4.939104680801165e-14,-9.9748030338934e-10,-1.891505313969643e-09
19.919999999999664,0.5000000000756063,-0.5999999998566291,5.443215322920025e-14,-4.941880238362728e-14,-9.974804554910643e-10,-1.8915043234995184e-09,0.5000000000754519,-0.5999999998567802,5.4539706084710815e-14,-4.938063846715579e-14,-9.9748030338934e-10,-1.891505313969643e-09
19.939999999999664,0.5000000000756063,-0.5999999998566291,5.4480725486527604e-14,-4.9384107914107744e-14,-9.974804554910643e-10,-1.8915043234995184e-09,0.5000000000754519,-0.5999999998567802,5.448419493347956e-14,-4.922451335431788e-14,-9.9748030338934e-10,-1.891505313969643e-09
19.959999999999663,0.5000000000756063,-0.5999999998566291,5.445990880481588e-14,-4.948819132266635e-14,-9.974804554910643e-10,-1.8915043234995184e-09,0.5000000000754519,-0.5999999998567802,5.460909502374989e-14,-4.9439619065339e-14,-9.9748030338934e-10,-1.891505313969643e-09
19.979999999999663,0.5000000000756063,-0.5999999998566291,5.450501161519128e-14,-4.960962196598473e-14,-9.974804554910643e-10,-1.8915043234995184e-09,0.5000000000754519,-0.5999999998567802,5.455358387251863e-14,-4.955411081475347e-14,-9.9748030338934e-10,-1.891505313969643e-09
19.999999999999662,0.5000000000756063,-0.5999999998566291,5.461256447070184e-14,-4.9824727677005853e-14,-9.974804554910643e-10,-1.8915043234995184e-09,0.5000000000754519,-0.5999999998567802,5.453276719080691e-14,-4.955411081475347e-14,-9.9748030338934e-10,-1.891505313969643e-09
20.019999999999662,0.5000000000756063,-0.5999999998566291,5.4588278342038166e-14,-4.942574127753119e-14,-9.974804554910643e-10,-1.8915043234995184e-09,0.5000000000754519,-0.5999999998567802,5.4588278342038166e-14,-4.960268307208082e-14,-9.9748030338934e-10,-1.891505313969643e-09
20.03999999999966,0.5000000000756063,-0.5999999998566291,5.448419493347956e-14,-4.960268307208082e-14,-9.974804554910643e-10,-1.8915043234995184e-09,0.5000000000754519,-0.5999999998567802,5.453276719080691e-14,-4.945002740619486e-14,-9.9748030338934e-10,-1.891505313969643e-09
20.05999999999966,0.5000000000756063,-0.5999999998566291,5.453623663775886e-14,-4.9422271830579234e-14,-9.974804554910643e-10,-1.8915043234995184e-09,0.5000000000754519,-0.5999999998567802,5.459521723594207e-14,-4.9432680171435095e-14,-9.9748030338934e-10,-1.891505313969643e-09
20.07999999999966,0.5000000000756063,-0.5999999998566291,5.453623663775886e-14,-4.9595744178176915e-14,-9.974804554910643e-10,-1.8915043234995184e-09,0.5000000000754519,-0.5999999998567802,5.439051986577681e-14,-4.937023012629993e-14,-9.9748030338934e-10,-1.891505313969643e-09
20.09999999999966,0.5000000000756063,-0.5999999998566291,5.452235884995105e-14,-4.93875773610597e-14,-9.974804554910643e-10,-1.8915043234995184e-09,0.5000000000754519,-0.5999999998567802,5.455358387251863e-14,-4.9509008004378074e-14,-9.9748030338934e-10,-1.891505313969643e-09
20.11999999999966,0.5000000000756063,-0.5999999998566291,5.453276719080691e-14,-4.9328596762876487e-14,-9.974804554910643e-10,-1.8915043234995184e-09,0.5000000000754519,-0.5999999998567802,5.4518889402999093e-14,-4.9404924595819466e-14,-9.9748030338934e-10,-1.891505313969643e-09
20.13999999999966,0.5000000000756063,-0.5999999998566291,5.454317553166277e-14,-4.932512731592453e-14,-9.974804554910643e-10,-1.8915043234995184e-09,0.5000000000754519,-0.5999999998567802,5.4525828296903e-14,-4.946390519400268e-14,-9.9748030338934e-10,-1.891505313969643e-09
20.15999999999966,0.5000000000756063,-0.5999999998566291,5.455358387251863e-14,-4.952635523913784e-14,-9.974804554910643e-10,-1.8915043234995184e-09,0.5000000000754519,-0.5999999998567802,5.447725603957565e-14,-4.939798570191556e-14,-9.9748030338934e-10,-1.891505313969643e-09
20.17999999999966,0.5000000000756063,-0.5999999998566291,5.452235884995105e-14,-4.971370537454334e-14,-9.974804554910643e-10,-1.8915043234995184e-09,0.5000000000754519,-0.5999999998567802,5.4529297743854954e-14,-4.944655795924291e-14,-9.9748030338934e-10,-1.891505313969643e-09
20.19999999999966,0.5000000000756063,-0.5999999998566291,5.444950046396002e-14,-4.959921362512887e-14,-9.974804554910643e-10,-1.8915043234995184e-09,0.5000000000754519,-0.5999999998567802,5.4511950509095186e-14,-4.957492749646519e-14,-9.9748030338934e-10,-1.891505313969643e-09
20.219999999999658,0.5000000000756063,-0.5999999998566291,5.4529297743854954e-14,-4.9529824686089796e-14,-9.974804554910643e-10,-1.8915043234995184e-09,0.5000000000754519,-0.5999999998567802,5.458480889508621e-14,-4.951247745133003e-14,-9.9748030338934e-10,-1.891505313969643e-09
20.239999999999657,0.5000000000756063,-0.5999999998566291,5.449460327433542e-14,-4.9411863489723373e-14,-9.974804554910643e-10,-1.8915043234995184e-09,0.5000000000754519,-0.5999999998567802,5.454664497861472e-14,-4.976227763187069e-14,-9.9748030338934e-10,-1.891505313969643e-09
20.259999999999657,0.5000000000756063,-0.5999999998566291,5.456399221337449e-14,-4.9585335837321054e-14,-9.974804554910643e-10,-1.8915043234995184e-09,0.5000000000754519,-0.5999999998567802,5.455705331947058e-14,-4.939104680801165e-14,-9.9748030338934e-10,-1.891505313969643e-09
20.279999999999657,0.5000000000756063,-0.5999999998566291,5.4550114425566676e-14,-4.9443088512290956e-14,-9.974804554910643e-10,-1.8915043234995184e-09,0.5000000000754519,-0.5999999998567802,5.4525828296903e-14,-4.9460435747050724e-14,-9.9748030338934e-10,-1.891505313969643e-09
20.299999999999656,0.5000000000756063,-0.5999999998566291,5.448419493347956e-14,-4.942921072448314e-14,-9.974804554910643e-10,-1.8915043234995184e-09,0.5000000000754519,-0.5999999998567802,5.450501161519128e-14,-4.938063846715579e-14,-9.9748030338934e-10,-1.891505313969643e-09
20.319999999999656,0.5000000000756063,-0.5999999998566291,5.4560522766422537e-14,-4.932512731592453e-14,-9.974804554910643e-10,-1.8915043234995184e-09,0.5000000000754519,-0.5999999998567802,5.450501161519128e-14,-4.9460435747050724e-14,-9.9748030338934e-10,-1.891505313969643e-09
20.339999999999655,0.5000000000756063,-0.5999999998566291,5.4525828296903e-14,-4.9682480351975755e-14,-9.974804554910643e-10,-1.8915043234995184e-09,0.5000000000754519,-0.5999999998567802,5.4539706084710815e-14,-4.955064136780152e-14,-9.9748030338934e-10,-1.891505313969643e-09
20.359999999999655,0.5000000000756063,-0.5999999998566291,5.449807272128737e-14,-4.954370247389761e-14,-9.974804554910643e-10,-1.8915043234995184e-09,0.5000000000754519,-0.5999999998567802,5.448419493347956e-14,-4.9394516254963605e-14,-9.9748030338934e-10,-1.891505313969643e-09
20.379999999999654,0.5000000000756063,-0.5999999998566291,5.459174778899012e-14,-4.960268307208082e-14,-9.974804554910643e-10,-1.8915043234995184e-09,0.5000000000754519,-0.5999999998567802,5.4442561570056114e-14,-4.94847218757144e-14,-9.9748030338934e-10,-1.891505313969643e-09
20.399999999999654,0.5000000000756063,-0.5999999998566291,5.450501161519128e-14,-4.945002740619486e-14,-9.974804554910643e-10,-1.8915043234995184e-09,0.5000000000754519,-0.5999999998567802,5.4529297743854954e-14,-4.947431353485854e-14,-9.9748030338934e-10,-1.891505313969643e-09
20.419999999999654,0.5000000000756063,-0.5999999998566291,5.4567461660326444e-14,-4.9411863489723373e-14,-9.974804554910643e-10,-1.8915043234995184e-09,0.5000000000754519,-0.5999999998567802,5.455705331947058e-14,-4.9394516254963605e-14,-9.9748030338934e-10,-1.891505313969643e-09
20.439999999999653,0.5000000000756063,-0.5999999998566291,5.458133944813426e-14,-4.9286963399453043e-14,-9.974804554910643e-10,-1.8915043234995184e-09,0.5000000000754519,-0.5999999998567802,5.4567461660326444e-14,-4.9509008004378074e-14,-9.9748030338934e-10,-1.891505313969643e-09
20.459999999999653,0.5000000000756063,-0.5999999998566291,5.4442561570056114e-14,-4.96269692007445e-14,-9.974804554910643e-10,-1.8915043234995184e-09,0.5000000000754519,-0.5999999998567802,5.459521723594207e-14,-4.9498599663522214e-14,-9.9748030338934e-10,-1.891505313969643e-09
20.479999999999652,0.5000000000756063,-0.5999999998566291,5.4529297743854954e-14,-4.9443088512290956e-14,-9.974804554910643e-10,-1.8915043234995184e-09,0.5000000000754519,-0.5999999998567802,5.450501161519128e-14,-4.975533873796678e-14,-9.9748030338934e-10,-1.891505313969643e-09
20.499999999999652,0.5000000000756063,-0.5999999998566291,5.4518889402999093e-14,-4.956104970865738e-14,-9.974804554910643e-10,-1.8915043234995184e-09,0.5000000000754519,-0.5999999998567802,5.455358387251863e-14,-4.942921072448314e-14,-9.9748030338934e-10,-1.891505313969643e-09
20.51999999999965,0.5000000000756063,-0.5999999998566291,5.4605625576797934e-14,-4.946390519400268e-14,-9.974804554910643e-10,-1.8915043234995184e-09,0.5000000000754519,-0.5999999998567802,5.455705331947058e-14,-4.948819132266635e-14,-9.9748030338934e-10,-1.891505313969643e-09
20.53999999999965,0.5000000000756063,-0.5999999998566291,5.448766438043151e-14,-4.9307780081164765e-14,-9.974804554910643e-10,-1.8915043234995184e-09,0.5000000000754519,-0.5999999998567802,5.458133944813426e-14,-4.9328596762876487e-14,-9.9748030338934e-10,-1.891505313969643e-09
20.55999999999965,0.5000000000756063,-0.5999999998566291,5.450501161519128e-14,-4.94847218757144e-14,-9.974804554910643e-10,-1.8915043234995184e-09,0.5000000000754519,-0.5999999998567802,5.455705331947058e-14,-4.940145514886751e-14,-9.9748030338934e-10,-1.891505313969643e-09
20.57999999999965,0.5000000000756063,-0.5999999998566291,5.453276719080691e-14,-4.940145514886751e-14,-9.974804554910643e-10,-1.8915043234995184e-09,0.5000000000754519,-0.5999999998567802,5.451541995604714e-14,-4.9481252428762446e-14,-9.9748030338934e-10,-1.891505313969643e-09
20.59999999999965,0.5000000000756063,-0.5999999998566291,5.455705331947058e-14,-4.9453496853146817e-14,-9.974804554910643e-10,-1.8915043234995184e-09,0.5000000000754519,-0.5999999998567802,5.4511950509095186e-14,-4.945696630009877e-14,-9.9748030338934e-10,-1.891505313969643e-09
20.61999999999965,0.5000000000756063,-0.5999999998566291,5.4529297743854954e-14,-4.961309141293668e-14,-9.974804554910643e-10,-1.8915043234995184e-09,0.5000000000754519,-0.5999999998567802,5.450848106214323e-14,-4.9411863489723373e-14,-9.9748030338934e-10,-1.891505313969643e-09
20.63999999999965,0.5000000000756063,-0.5999999998566291,5.455705331947058e-14,-4.9439619065339e-14,-9.974804554910643e-10,-1.8915043234995184e-09,0.5000000000754519,-0.5999999998567802,5.4550114425566676e-14,-4.939104680801165e-14,-9.9748030338934e-10,-1.891505313969643e-09
20.65999999999965,0.5000000000756063,-0.5999999998566291,5.453276719080691e-14,-4.952635523913784e-14,-9.974804554910643e-10,-1.8915043234995184e-09,0.5000000000754519,-0.5999999998567802,5.4605625576797934e-14,-4.945696630009877e-14,-9.9748030338934e-10,-1.891505313969643e-09
20.679999999999648,0.5000000000756063,-0.5999999998566291,5.454664497861472e-14,-4.940839404277142e-14,-9.974804554910643e-10,-1.8915043234995184e-09,0.5000000000754519,-0.5999999998567802,5.4491133827383464e-14,-4.9394516254963605e-14,-9.9748030338934e-10,-1.891505313969643e-09
20.699999999999648,0.5000000000756063,-0.5999999998566291,5.4605625576797934e-14,-4.962003030684059e-14,-9.974804554910643e-10,-1.8915043234995184e-09,0.5000000000754519,-0.5999999998567802,5.453276719080691e-14,-4.9241860589077646e-14,-9.9748030338934e-10,-1.891505313969643e-09
20.719999999999647,0.5000000000756063,-0.5999999998566291,5.459174778899012e-14,-4.968941924587966e-14,-9.974804554910643e-10,-1.8915043234995184e-09,0.5000000000754519,-0.5999999998567802,5.453623663775886e-14,-4.9633908094648405e-14,-9.9748030338934e-10,-1.891505313969643e-09
20.739999999999647,0.5000000000756063,-0.5999999998566291,5.443909212310416e-14,-4.9394516254963605e-14,-9.974804554910643e-10,-1.8915043234995184e-09,0.5000000000754519,-0.5999999998567802,5.45709311072784e-14,-4.9439619065339e-14,-9.9748030338934e-10,-1.891505313969643e-09
20.759999999999646,0.5000000000756063,-0.5999999998566291,5.446684769871979e-14,-4.9585335837321054e-14,-9.974804554910643e-10,-1.8915043234995184e-09,0.5000000000754519,-0.5999999998567802,5.4511950509095186e-14,-4.951247745133003e-14,-9.9748030338934e-10,-1.891505313969643e-09
20.779999999999646,0.5000000000756063,-0.5999999998566291,5.455358387251863e-14,-4.940839404277142e-14,-9.974804554910643e-10,-1.8915043234995184e-09,0.5000000000754519,-0.5999999998567802,5.454317553166277e-14,-4.940145514886751e-14,-9.9748030338934e-10,-1.891505313969643e-09
20.799999999999645,0.5000000000756063,-0.5999999998566291,5.4529297743854954e-14,-4.9443088512290956e-14,-9.974804554910643e-10,-1.8915043234995184e-09,0.5000000000754519,-0.5999999998567802,5.4529297743854954e-14,-4.960962196598473e-14,-9.9748030338934e-10,-1.891505313969643e-09
20.819999999999645,0.5000000000756063,-0.5999999998566291,5.458480889508621e-14,-4.9297371740308904e-14,-9.974804554910643e-10,-1.8915043234995184e-09,0.5000000000754519,-0.5999999998567802,5.456399221337449e-14,-4.9595744178176915e-14,-9.9748030338934e-10,-1.891505313969643e-09
20.839999999999645,0.5000000000756063,-0.5999999998566291,5.4539706084710815e-14,-4.93875773610597e-14,-9.974804554910643e-10,-1.8915043234995184e-09,0.5000000000754519,-0.5999999998567802,5.452235884995105e-14,-4.9373699573251884e-14,-9.9748030338934e-10,-1.891505313969643e-09
20.859999999999644,0.5000000000756063,-0.5999999998566291,5.457440055423035e-14,-4.963043864769645e-14,-9.974804554910643e-10,-1.8915043234995184e-09,0.5000000000754519,-0.5999999998567802,5.4452969910911975e-14,-4.944655795924291e-14,-9.9748030338934e-10,-1.891505313969643e-09
20.879999999999644,0.5000000000756063,-0.5999999998566291,5.4518889402999093e-14,-4.947778298181049e-14,-9.974804554910643e-10,-1.8915043234995184e-09,0.5000000000754519,-0.5999999998567802,5.4529297743854954e-14,-4.956104970865738e-14,-9.9748030338934e-10,-1.891505313969643e-09
20.899999999999643,0.5000000000756063,-0.5999999998566291,5.4605625576797934e-14,-4.950206911047417e-14,-9.974804554910643e-10,-1.8915043234995184e-09,0.5000000000754519,-0.5999999998567802,5.4605625576797934e-14,-4.9509008004378074e-14,-9.9748030338934e-10,-1.891505313969643e-09
20.919999999999643,0.5000000000756063,-0.5999999998566291,5.4539706084710815e-14,-4.9394516254963605e-14,-9.974804554910643e-10,-1.8915043234995184e-09,0.5000000000754519,-0.5999999998567802,5.4501542168239325e-14,-4.9366760679347976e-14,-9.9748030338934e-10,-1.891505313969643e-09
20.939999999999642,0.5000000000756063,-0.5999999998566291,5.449807272128737e-14,-4.942921072448314e-14,-9.974804554910643e-10,-1.8915043234995184e-09,0.5000000000754519,-0.5999999998567802,5.457440055423035e-14,-4.9328596762876487e-14,-9.9748030338934e-10,-1.891505313969643e-09
20.959999999999642,0.5000000000756063,-0.5999999998566291,5.447725603957565e-14,-4.9443088512290956e-14,-9.974804554910643e-10,-1.8915043234995184e-09,0.5000000000754519,-0.5999999998567802,5.460909502374989e-14,-4.9443088512290956e-14,-9.9748030338934e-10,-1.891505313969643e-09
20.97999999999964,0.5000000000756063,-0.5999999998566291,5.449807272128737e-14,-4.953329413304175e-14,-9.974804554910643e-10,-1.8915043234995184e-09,0.5000000000754519,-0.5999999998567802,5.447031714567174e-14,-4.939798570191556e-14,-9.9748030338934e-10,-1.891505313969643e-09
20.99999999999964,0.5000000000756063,-0.5999999998566291,5.454317553166277e-14,-4.938063846715579e-14,-9.974804554910643e-10,-1.8915043234995184e-09,0.5000000000754519,-0.5999999998567802,5.452235884995105e-14,-4.950206911047417e-14,-9.9748030338934e-10,-1.891505313969643e-09
21.01999999999964,0.5000000000756063,-0.5999999998566291,5.4511950509095186e-14,-4.950553855742612e-14,-9.974804554910643e-10,-1.8915043234995184e-09,0.5000000000754519,-0.5999999998567802,5.460215612984598e-14,-4.962003030684059e-14,-9.9748030338934e-10,-1.891505313969643e-09
21.03999999999964,0.5000000000756063,-0.5999999998566291,5.4560522766422537e-14,-4.963737754160036e-14,-9.974804554910643e-10,-1.8915043234995184e-09,0.5000000000754519,-0.5999999998567802,5.4491133827383464e-14,-4.935982178544407e-14,-9.9748030338934e-10,-1.891505313969643e-09
21.05999999999964,0.5000000000756063,-0.5999999998566291,5.4525828296903e-14,-4.966513311721599e-14,-9.974804554910643e-10,-1.8915043234995184e-09,0.5000000000754519,-0.5999999998567802,5.451541995604714e-14,-4.96790109050238e-14,-9.9748030338934e-10,-1.891505313969643e-09
21.07999999999964,0.5000000000756063,-0.5999999998566291,5.443909212310416e-14,-4.947778298181049e-14,-9.974804554910643e-10,-1.8915043234995184e-09,0.5000000000754519,-0.5999999998567802,5.4480725486527604e-14,-4.936329123239602e-14,-9.9748030338934e-10,-1.891505313969643e-09
21.09999999999964,0.5000000000756063,-0.5999999998566291,5.4435622676152207e-14,-4.946737464095463e-14,-9.974804554910643e-10,-1.8915043234995184e-09,0.5000000000754519,-0.5999999998567802,5.4463378251767836e-14,-4.950553855742612e-14,-9.9748030338934e-10,-1.891505313969643e-09
21.11999999999964,0.5000000000756063,-0.5999999998566291,5.45709311072784e-14,-4.932165786897258e-14,-9.974804554910643e-10,-1.8915043234995184e-09,0.5000000000754519,-0.5999999998567802,5.4588278342038166e-14,-4.950553855742612e-14,-9.9748030338934e-10,-1.891505313969643e-09
21.139999999999638,0.5000000000756063,-0.5999999998566291,5.4550114425566676e-14,-4.9286963399453043e-14,-9.974804554910643e-10,-1.8915043234995184e-09,0.5000000000754519,-0.5999999998567802,5.4560522766422537e-14,-4.941533293667533e-14,-9.9748030338934e-10,-1.891505313969643e-09
21.159999999999638,0.5000000000756063,-0.5999999998566291,5.4664606174981145e-14,-4.9633908094648405e-14,-9.974804554910643e-10,-1.8915043234995184e-09,0.5000000000754519,-0.5999999998567802,5.453623663775886e-14,-4.9286963399453043e-14,-9.9748030338934e-10,-1.891505313969643e-09
21.179999999999637,0.5000000000756063,-0.5999999998566291,5.454317553166277e-14,-4.940145514886751e-14,-9.974804554910643e-10,-1.8915043234995184e-09,0.5000000000754519,-0.5999999998567802,5.4664606174981145e-14,-4.9519416345233935e-14,-9.9748030338934e-10,-1.891505313969643e-09
21.199999999999637,0.5000000000756063,-0.5999999998566291,5.461950336460575e-14,-4.9536763579993703e-14,-9.974804554910643e-10,-1.8915043234995184e-09,0.5000000000754519,-0.5999999998567802,5.4529297743854954e-14,-4.9557580261705425e-14,-9.9748030338934e-10,-1.891505313969643e-09
21.219999999999636,0.5000000000756063,-0.5999999998566291,5.444603101700807e-14,-4.934941344458821e-14,-9.974804554910643e-10,-1.8915043234995184e-09,0.5000000000754519,-0.5999999998567802,5.450501161519128e-14,-4.942921072448314e-14,-9.9748030338934e-10,-1.891505313969643e-09
21.239999999999636,0.5000000000756063,-0.5999999998566291,5.450501161519128e-14,-4.9491660769618306e-14,-9.974804554910643e-10,-1.8915043234995184e-09,0.5000000000754519,-0.5999999998567802,5.454664497861472e-14,-4.9481252428762446e-14,-9.9748030338934e-10,-1.891505313969643e-09
21.259999999999636,0.5000000000756063,-0.5999999998566291,5.4480725486527604e-14,-4.955411081475347e-14,-9.974804554910643e-10,-1.8915043234995184e-09,0.5000000000754519,-0.5999999998567802,5.4463378251767836e-14,-4.952288579218589e-14,-9.9748030338934e-10,-1.891505313969643e-09
21.279999999999635,0.5000000000756063,-0.5999999998566291,5.4491133827383464e-14,-4.943614961838705e-14,-9.974804554910643e-10,-1.8915043234995184e-09,0.5000000000754519,-0.5999999998567802,5.4529297743854954e-14,-4.939798570191556e-14,-9.9748030338934e-10,-1.891505313969643e-09
21.299999999999635,0.5000000000756063,-0.5999999998566291,5.4577870001182305e-14,-4.952288579218589e-14,-9.974804554910643e-10,-1.8915043234995184e-09,0.5000000000754519,-0.5999999998567802,5.4539706084710815e-14,-4.9536763579993703e-14,-9.9748030338934e-10,-1.891505313969643e-09
21.319999999999634,0.5000000000756063,-0.5999999998566291,5.465072838717333e-14,-4.964084698855231e-14,-9.974804554910643e-10,-1.8915043234995184e-09,0.5000000000754519,-0.5999999998567802,5.4511950509095186e-14,-4.933206620982844e-14,-9.9748030338934e-10,-1.891505313969643e-09
21.339999999999634,0.5000000000756063,-0.5999999998566291,5.453276719080691e-14,-4.9720644268447245e-14,-9.974804554910643e-10,-1.8915043234995184e-09,0.5000000000754519,-0.5999999998567802,5.450848106214323e-14,-4.9606152519032776e-14,-9.9748030338934e-10,-1.891505313969643e-09
21.359999999999634,0.5000000000756063,-0.5999999998566291,5.4588278342038166e-14,-4.9439619065339e-14,-9.974804554910643e-10,-1.8915043234995184e-09,0.5000000000754519,-0.5999999998567802,5.453623663775886e-14,-4.9366760679347976e-14,-9.9748030338934e-10,-1.891505313969643e-09
21.379999999999633,0.5000000000756063,-0.5999999998566291,5.448766438043151e-14,-4.942921072448314e-14,-9.974804554910643e-10,-1.8915043234995184e-09,0.5000000000754519,-0.5999999998567802,5.455358387251863e-14,-4.9567988602561286e-14,-9.9748030338934e-10,-1.891505313969643e-09
21.399999999999633,0.5000000000756063,-0.5999999998566291,5.447725603957565e-14,-4.965125532940817e-14,-9.974804554910643e-10,-1.8915043234995184e-09,0.5000000000754519,-0.5999999998567802,5.44286837822483e-14,-4.957145804951324e-14,-9.9748030338934e-10,-1.891505313969643e-09
21.419999999999632,0.5000000000756063,-0.5999999998566291,5.455358387251863e-14,-4.930431063421281e-14,-9.974804554910643e-10,-1.8915043234995184e-09,0.5000000000754519,-0.5999999998567802,5.452235884995105e-14,-4.935982178544407e-14,-9.9748030338934e-10,-1.891505313969643e-09
21.439999999999632,0.5000000000756063,-0.5999999998566291,5.4529297743854954e-14,-4.950206911047417e-14,-9.974804554910643e-10,-1.8915043234995184e-09,0.5000000000754519,-0.5999999998567802,5.455705331947058e-14,-4.9491660769618306e-14,-9.9748030338934e-10,-1.891505313969643e-09
21.45999999999963,0.5000000000756063,-0.5999999998566291,5.452235884995105e-14,-4.9280024505549136e-14,-9.974804554910643e-10,-1.8915043234995184e-09,0.5000000000754519,-0.5999999998567802,5.4550114425566676e-14,-4.9470844087906585e-14,-9.9748030338934e-10,-1.891505313969643e-09
21.47999999999963,0.5000000000756063,-0.5999999998566291,5.4539706084710815e-14,-4.9699827586735523e-14,-9.974804554910643e-10,-1.8915043234995184e-09,0.5000000000754519,-0.5999999998567802,5.4539706084710815e-14,-4.946737464095463e-14,-9.9748030338934e-10,-1.891505313969643e-09
21.49999999999963,0.5000000000756063,-0.5999999998566291,5.46229728115577e-14,-4.9578396943417147e-14,-9.974804554910643e-10,-1.8915043234995184e-09,0.5000000000754519,-0.5999999998567802,5.454664497861472e-14,-4.9491660769618306e-14,-9.9748030338934e-10,-1.891505313969643e-09
21.51999999999963,0.5000000000756063,-0.5999999998566291,5.452235884995105e-14,-4.9328596762876487e-14,-9.974804554910643e-10,-1.8915043234995184e-09,0.5000000000754519,-0.5999999998567802,5.4480725486527604e-14,-4.934941344458821e-14,-9.9748030338934e-10,-1.891505313969643e-09
21.53999999999963,0.5000000000756063,-0.5999999998566291,5.448419493347956e-14,-4.953329413304175e-14,-9.974804554910643e-10,-1.8915043234995184e-09,0.5000000000754519,-0.5999999998567802,5.4616033917653795e-14,-4.9519416345233935e-14,-9.9748030338934e-10,-1.891505313969643e-09
21.55999999999963,0.5000000000756063,-0.5999999998566291,5.449807272128737e-14,-4.923492169517374e-14,-9.974804554910643e-10,-1.8915043234995184e-09,0.5000000000754519,-0.5999999998567802,5.4550114425566676e-14,-4.9394516254963605e-14,-9.9748030338934e-10,-1.891505313969643e-09
21.57999999999963,0.5000000000756063,-0.5999999998566291,5.452235884995105e-14,-4.9106552157951455e-14,-9.974804554910643e-10,-1.8915043234995184e-09,0.5000000000754519,-0.5999999998567802,5.460215612984598e-14,-4.942574127753119e-14,-9.9748030338934e-10,-1.891505313969643e-09
21.59999999999963,0.5000000000756063,-0.5999999998566291,5.4550114425566676e-14,-4.960268307208082e-14,-9.974804554910643e-10,-1.8915043234995184e-09,0.5000000000754519,-0.5999999998567802,5.4518889402999093e-14,-4.929390229335695e-14,-9.9748030338934e-10,-1.891505313969643e-09
21.619999999999628,0.5000000000756063,-0.5999999998566291,5.450848106214323e-14,-4.92002272256542e-14,-9.974804554910643e-10,-1.8915043234995184e-09,0.5000000000754519,-0.5999999998567802,5.447031714567174e-14,-4.942921072448314e-14,-9.9748030338934e-10,-1.891505313969643e-09
21.639999999999628,0.5000000000756063,-0.5999999998566291,5.4511950509095186e-14,-4.9221043907365924e-14,-9.974804554910643e-10,-1.8915043234995184e-09,0.5000000000754519,-0.5999999998567802,5.459521723594207e-14,-4.942574127753119e-14,-9.9748030338934e-10,-1.891505313969643e-09
21.659999999999627,0.5000000000756063,-0.5999999998566291,5.459174778899012e-14,-4.945696630009877e-14,-9.974804554910643e-10,-1.8915043234995184e-09,0.5000000000754519,-0.5999999998567802,5.4598686682894026e-14,-4.9509008004378074e-14,-9.9748030338934e-10,-1.891505313969643e-09
21.679999999999627,0.5000000000756063,-0.5999999998566291,5.4539706084710815e-14,-4.950206911047417e-14,-9.974804554910643e-10,-1.8915043234995184e-09,0.5000000000754519,-0.5999999998567802,5.4560522766422537e-14,-4.964778588245622e-14,-9.9748030338934e-10,-1.891505313969643e-09
21.699999999999626,0.5000000000756063,-0.5999999998566291,5.462991170546161e-14,-4.950206911047417e-14,-9.974804554910643e-10,-1.8915043234995184e-09,0.5000000000754519,-0.5999999998567802,5.4529297743854954e-14,-4.937716902020384e-14,-9.9748030338934e-10,-1.891505313969643e-09
21.719999999999626,0.5000000000756063,-0.5999999998566291,5.444603101700807e-14,-4.947778298181049e-14,-9.974804554910643e-10,-1.8915043234995184e-09,0.5000000000754519,-0.5999999998567802,5.449807272128737e-14,-4.950206911047417e-14,-9.9748030338934e-10,-1.891505313969643e-09
21.739999999999625,0.5000000000756063,-0.5999999998566291,5.456399221337449e-14,-4.9491660769618306e-14,-9.974804554910643e-10,-1.8915043234995184e-09,0.5000000000754519,-0.5999999998567802,5.4491133827383464e-14,-4.962003030684059e-14,-9.9748030338934e-10,-1.891505313969643e-09
21.759999999999625,0.5000000000756063,-0.5999999998566291,5.4480725486527604e-14,-4.93424745506843e-14,-9.974804554910643e-10,-1.8915043234995184e-09,0.5000000000754519,-0.5999999998567802,5.4525828296903e-14,-4.9443088512290956e-14,-9.9748030338934e-10,-1.891505313969643e-09
21.779999999999625,0.5000000000756063,-0.5999999998566291,5.447725603957565e-14,-4.93875773610597e-14,-9.974804554910643e-10,-1.8915043234995184e-09,0.5000000000754519,-0.5999999998567802,5.449807272128737e-14,-4.9509008004378074e-14,-9.9748030338934e-10,-1.891505313969643e-09
21.799999999999624,0.5000000000756063,-0.5999999998566291,5.459521723594207e-14,-4.9536763579993703e-14,-9.974804554910643e-10,-1.8915043234995184e-09,0.5000000000754519,-0.5999999998567802,5.4525828296903e-14,-4.944655795924291e-14,-9.9748030338934e-10,-1.891505313969643e-09
21.819999999999624,0.5000000000756063,-0.5999999998566291,5.448766438043151e-14,-4.9491660769618306e-14,-9.974804554910643e-10,-1.8915043234995184e-09,0.5000000000754519,-0.5999999998567802,5.444950046396002e-14,-4.958880528427301e-14,-9.9748030338934e-10,-1.891505313969643e-09
21.839999999999623,0.5000000000756063,-0.5999999998566291,5.4529297743854954e-14,-4.9373699573251884e-14,-9.974804554910643e-10,-1.8915043234995184e-09,0.5000000000754519,-0.5999999998567802,5.447031714567174e-14,-4.948819132266635e-14,-9.9748030338934e-10,-1.891505313969643e-09
21.859999999999623,0.5000000000756063,-0.5999999998566291,5.4539706084710815e-14,-4.95818663903691e-14,-9.974804554910643e-10,-1.8915043234995184e-09,0.5000000000754519,-0.5999999998567802,5.4442561570056114e-14,-4.9578396943417147e-14,-9.9748030338934e-10,-1.891505313969643e-09
21.879999999999622,0.5000000000756063,-0.5999999998566291,5.457440055423035e-14,-4.9470844087906585e-14,-9.974804554910643e-10,-1.8915043234995184e-09,0.5000000000754519,-0.5999999998567802,5.4529297743854954e-14,-4.942574127753119e-14,-9.9748030338934e-10,-1.891505313969643e-09
21.899999999999622,0.5000000000756063,-0.5999999998566291,5.4473786592623696e-14,-4.9529824686089796e-14,-9.974804554910643e-10,-1.8915043234995184e-09,0.5000000000754519,-0.5999999998567802,5.4525828296903e-14,-4.955411081475347e-14,-9.9748030338934e-10,-1.891505313969643e-09
21.91999999999962,0.5000000000756063,-0.5999999998566291,5.4598686682894026e-14,-4.943614961838705e-14,-9.974804554910643e-10,-1.8915043234995184e-09,0.5000000000754519,-0.5999999998567802,5.4567461660326444e-14,-4.949513021657026e-14,-9.9748030338934e-10,-1.891505313969643e-09
21.93999999999962,0.5000000000756063,-0.5999999998566291,5.459521723594207e-14,-4.936329123239602e-14,-9.974804554910643e-10,-1.8915043234995184e-09,0.5000000000754519,-0.5999999998567802,5.456399221337449e-14,-4.9394516254963605e-14,-9.9748030338934e-10,-1.891505313969643e-09
21.95999999999962,0.5000000000756063,-0.5999999998566291,5.4605625576797934e-14,-4.93875773610597e-14,-9.974804554910643e-10,-1.8915043234995184e-09,0.5000000000754519,-0.5999999998567802,5.456399221337449e-14,-4.93424745506843e-14,-9.9748030338934e-10,-1.891505313969643e-09
21.97999999999962,0.5000000000756063,-0.5999999998566291,5.4550114425566676e-14,-4.9460435747050724e-14,-9.974804554910643e-10,-1.8915043234995184e-09,0.5000000000754519,-0.5999999998567802,5.45709311072784e-14,-4.9529824686089796e-14,-9.9748030338934e-10,-1.891505313969643e-09
21.99999999999962,0.5000000000756063,-0.5999999998566291,5.455358387251863e-14,-4.956451915560933e-14,-9.974804554910643e-10,-1.8915043234995184e-09,0.5000000000754519,-0.5999999998567802,5.4550114425566676e-14,-4.9547171920849564e-14,-9.9748030338934e-10,-1.891505313969643e-09
22.01999999999962,0.5000000000756063,-0.5999999998566291,5.4491133827383464e-14,-4.939798570191556e-14,-9.974804554910643e-10,-1.8915043234995184e-09,0.5000000000754519,-0.5999999998567802,5.4491133827383464e-14,-4.94847218757144e-14,-9.9748030338934e-10,-1.891505313969643e-09
22.03999999999962,0.5000000000756063,-0.5999999998566291,5.4616033917653795e-14,-4.963043864769645e-14,-9.974804554910643e-10,-1.8915043234995184e-09,0.5000000000754519,-0.5999999998567802,5.447725603957565e-14,-4.938063846715579e-14,-9.9748030338934e-10,-1.891505313969643e-09
22.05999999999962,0.5000000000756063,-0.5999999998566291,5.4588278342038166e-14,-4.945696630009877e-14,-9.974804554910643e-10,-1.8915043234995184e-09,0.5000000000754519,-0.5999999998567802,5.460909502374989e-14,-4.951247745133003e-14,-9.9748030338934e-10,-1.891505313969643e-09
22.079999999999618,0.5000000000756063,-0.5999999998566291,5.4501542168239325e-14,-4.9567988602561286e-14,-9.974804554910643e-10,-1.8915043234995184e-09,0.5000000000754519,-0.5999999998567802,5.4473786592623696e-14,-4.937716902020384e-14,-9.9748030338934e-10,-1.891505313969643e-09
22.099999999999618,0.5000000000756063,-0.5999999998566291,5.449460327433542e-14,-4.954023302694566e-14,-9.974804554910643e-10,-1.8915043234995184e-09,0.5000000000754519,-0.5999999998567802,5.448419493347956e-14,-4.9498599663522214e-14,-9.9748030338934e-10,-1.891505313969643e-09
22.119999999999617,0.5000000000756063,-0.5999999998566291,5.449460327433542e-14,-4.9335535656780394e-14,-9.974804554910643e-10,-1.8915043234995184e-09,0.5000000000754519,-0.5999999998567802,5.452235884995105e-14,-4.962003030684059e-14,-9.9748030338934e-10,-1.891505313969643e-09
22.139999999999617,0.5000000000756063,-0.5999999998566291,5.4525828296903e-14,-4.959921362512887e-14,-9.974804554910643e-10,-1.8915043234995184e-09,0.5000000000754519,-0.5999999998567802,5.449807272128737e-14,-4.933206620982844e-14,-9.9748030338934e-10,-1.891505313969643e-09
22.159999999999616,0.5000000000756063,-0.5999999998566291,5.456399221337449e-14,-4.9595744178176915e-14,-9.974804554910643e-10,-1.8915043234995184e-09,0.5000000000754519,-0.5999999998567802,5.457440055423035e-14,-4.9536763579993703e-14,-9.9748030338934e-10,-1.891505313969643e-09
22.179999999999616,0.5000000000756063,-0.5999999998566291,5.455705331947058e-14,-4.946737464095463e-14,-9.974804554910643e-10,-1.8915043234995184e-09,0.5000000000754519,-0.5999999998567802,5.458480889508621e-14,-4.964084698855231e-14,-9.9748030338934e-10,-1.891505313969643e-09
22.199999999999616,0.5000000000756063,-0.5999999998566291,5.450501161519128e-14,-4.9443088512290956e-14,-9.974804554910643e-10,-1.8915043234995184e-09,0.5000000000754519,-0.5999999998567802,5.441827544139244e-14,-4.9682480351975755e-14,-9.9748030338934e-10,-1.891505313969643e-09
22.219999999999615,0.5000000000756063,-0.5999999998566291,5.461256447070184e-14,-4.931124952811672e-14,-9.974804554910643e-10,-1.8915043234995184e-09,0.5000000000754519,-0.5999999998567802,5.4588278342038166e-14,-4.952288579218589e-14,-9.9748030338934e-10,-1.891505313969643e-09
22.239999999999615,0.5000000000756063,-0.5999999998566291,5.459174778899012e-14,-4.951594689828198e-14,-9.974804554910643e-10,-1.8915043234995184e-09,0.5000000000754519,-0.5999999998567802,5.454664497861472e-14,-4.9269616164693275e-14,-9.9748030338934e-10,-1.891505313969643e-09
22.259999999999614,0.5000000000756063,-0.5999999998566291,5.453276719080691e-14,-4.942574127753119e-14,-9.974804554910643e-10,-1.8915043234995184e-09,0.5000000000754519,-0.5999999998567802,5.451541995604714e-14,-4.916206330918271e-14,-9.9748030338934e-10,-1.891505313969643e-09
22.279999999999614,0.5000000000756063,-0.5999999998566291,5.447031714567174e-14,-4.947431353485854e-14,-9.974804554910643e-10,-1.8915043234995184e-09,0.5000000000754519,-0.5999999998567802,5.4529297743854954e-14,-4.9585335837321054e-14,-9.9748030338934e-10,-1.891505313969643e-09
22.299999999999613,0.5000000000756063,-0.5999999998566291,5.46680756219331e-14,-4.9536763579993703e-14,-9.974804554910643e-10,-1.8915043234995184e-09,0.5000000000754519,-0.5999999998567802,5.455705331947058e-14,-4.922798280126983e-14,-9.9748030338934e-10,-1.891505313969643e-09
22.319999999999613,0.5000000000756063,-0.5999999998566291,5.4511950509095186e-14,-4.9443088512290956e-14,-9.974804554910643e-10,-1.8915043234995184e-09,0.5000000000754519,-0.5999999998567802,5.449807272128737e-14,-4.9616560859888637e-14,-9.9748030338934e-10,-1.891505313969643e-09
22.339999999999613,0.5000000000756063,-0.5999999998566291,5.447725603957565e-14,-4.947778298181049e-14,-9.974804554910643e-10,-1.8915043234995184e-09,0.5000000000754519,-0.5999999998567802,5.452235884995105e-14,-4.951247745133003e-14,-9.9748030338934e-10,-1.891505313969643e-09
22.359999999999612,0.5000000000756063,-0.5999999998566291,5.453276719080691e-14,-4.9384107914107744e-14,-9.974804554910643e-10,-1.8915043234995184e-09,0.5000000000754519,-0.5999999998567802,5.445643935786393e-14,-4.927655505859718e-14,-9.9748030338934e-10,-1.891505313969643e-09
22.37999999999961,0.5000000000756063,-0.5999999998566291,5.444603101700807e-14,-4.941880238362728e-14,-9.974804554910643e-10,-1.8915043234995184e-09,0.5000000000754519,-0.5999999998567802,5.449460327433542e-14,-4.9519416345233935e-14,-9.9748030338934e-10,-1.891505313969643e-09
22.39999999999961,0.5000000000756063,-0.5999999998566291,5.455358387251863e-14,-4.9384107914107744e-14,-9.974804554910643e-10,-1.8915043234995184e-09,0.5000000000754519,-0.5999999998567802,5.454664497861472e-14,-4.945696630009877e-14,-9.9748030338934e-10,-1.891505313969643e-09
22.41999999999961,0.5000000000756063,-0.5999999998566291,5.452235884995105e-14,-4.943614961838705e-14,-9.974804554910643e-10,-1.8915043234995184e-09,0.5000000000754519,-0.5999999998567802,5.444950046396002e-14,-4.9432680171435095e-14,-9.9748030338934e-10,-1.891505313969643e-09
22.43999999999961,0.5000000000756063,-0.5999999998566291,5.457440055423035e-14,-4.950553855742612e-14,-9.974804554910643e-10,-1.8915043234995184e-09,0.5000000000754519,-0.5999999998567802,5.459174778899012e-14,-4.939104680801165e-14,-9.9748030338934e-10,-1.891505313969643e-09
22.45999999999961,0.5000000000756063,-0.5999999998566291,5.451541995604714e-14,-4.947431353485854e-14,-9.974804554910643e-10,-1.8915043234995184e-09,0.5000000000754519,-0.5999999998567802,5.448766438043151e-14,-4.942574127753119e-14,-9.9748030338934e-10,-1.891505313969643e-09
22.47999999999961,0.5000000000756063,-0.5999999998566291,5.45709311072784e-14,-4.960268307208082e-14,-9.974804554910643e-10,-1.8915043234995184e-09,0.5000000000754519,-0.5999999998567802,5.453623663775886e-14,-4.9394516254963605e-14,-9.9748030338934e-10,-1.891505313969643e-09
22.49999999999961,0.5000000000756063,-0.5999999998566291,5.4567461660326444e-14,-4.9345943997636255e-14,-9.974804554910643e-10,-1.8915043234995184e-09,0.5000000000754519,-0.5999999998567802,5.445643935786393e-14,-4.941880238362728e-14,-9.9748030338934e-10,-1.891505313969643e-09
22.51999999999961,0.5000000000756063,-0.5999999998566291,5.458480889508621e-14,-4.947778298181049e-14,-9.974804554910643e-10,-1.8915043234995184e-09,0.5000000000754519,-0.5999999998567802,5.450848106214323e-14,-4.937023012629993e-14,-9.9748030338934e-10,-1.891505313969643e-09
22.53999999999961,0.5000000000756063,-0.5999999998566291,5.450501161519128e-14,-4.934941344458821e-14,-9.974804554910643e-10,-1.8915043234995184e-09,0.5000000000754519,-0.5999999998567802,5.45709311072784e-14,-4.9654724776360126e-14,-9.9748030338934e-10,-1.891505313969643e-09
22.559999999999608,0.5000000000756063,-0.5999999998566291,5.451541995604714e-14,-4.936329123239602e-14,-9.974804554910643e-10,-1.8915043234995184e-09,0.5000000000754519,-0.5999999998567802,5.454664497861472e-14,-4.928349395250109e-14,-9.9748030338934e-10,-1.891505313969643e-09
22.579999999999607,0.5000000000756063,-0.5999999998566291,5.449460327433542e-14,-4.94847218757144e-14,-9.974804554910643e-10,-1.8915043234995184e-09,0.5000000000754519,-0.5999999998567802,5.447725603957565e-14,-4.930084118726086e-14,-9.9748030338934e-10,-1.891505313969643e-09
22.599999999999607,0.5000000000756063,-0.5999999998566291,5.4588278342038166e-14,-4.9384107914107744e-14,-9.974804554910643e-10,-1.8915043234995184e-09,0.5000000000754519,-0.5999999998567802,5.458480889508621e-14,-4.930084118726086e-14,-9.9748030338934e-10,-1.891505313969643e-09
22.619999999999607,0.5000000000756063,-0.5999999998566291,5.443909212310416e-14,-4.942574127753119e-14,-9.974804554910643e-10,-1.8915043234995184e-09,0.5000000000754519,-0.5999999998567802,5.4473786592623696e-14,-4.9633908094648405e-14,-9.9748030338934e-10,-1.891505313969643e-09
22.639999999999606,0.5000000000756063,-0.5999999998566291,5.458133944813426e-14,-4.951594689828198e-14,-9.974804554910643e-10,-1.8915043234995184e-09,0.5000000000754519,-0.5999999998567802,5.453623663775886e-14,-4.9731052609303106e-14,-9.9748030338934e-10,-1.891505313969643e-09
22.659999999999606,0.5000000000756063,-0.5999999998566291,5.448766438043151e-14,-4.9432680171435095e-14,-9.974804554910643e-10,-1.8915043234995184e-09,0.5000000000754519,-0.5999999998567802,5.458133944813426e-14,-4.9509008004378074e-14,-9.9748030338934e-10,-1.891505313969643e-09
22.679999999999605,0.5000000000756063,-0.5999999998566291,5.454664497861472e-14,-4.950206911047417e-14,-9.974804554910643e-10,-1.8915043234995184e-09,0.5000000000754519,-0.5999999998567802,5.455705331947058e-14,-4.952288579218589e-14,-9.9748030338934e-10,-1.891505313969643e-09
22.699999999999605,0.5000000000756063,-0.5999999998566291,5.459521723594207e-14,-4.951247745133003e-14,-9.974804554910643e-10,-1.8915043234995184e-09,0.5000000000754519,-0.5999999998567802,5.458480889508621e-14,-4.934941344458821e-14,-9.9748030338934e-10,-1.891505313969643e-09
22.719999999999605,0.5000000000756063,-0.5999999998566291,5.4529297743854954e-14,-4.940145514886751e-14,-9.974804554910643e-10,-1.8915043234995184e-09,0.5000000000754519,-0.5999999998567802,5.4560522766422537e-14,-4.942921072448314e-14,-9.9748030338934e-10,-1.891505313969643e-09
22.739999999999604,0.5000000000756063,-0.5999999998566291,5.450501161519128e-14,-4.937023012629993e-14,-9.974804554910643e-10,-1.8915043234995184e-09,0.5000000000754519,-0.5999999998567802,5.4491133827383464e-14,-4.9394516254963605e-14,-9.9748030338934e-10,-1.891505313969643e-09
22.759999999999604,0.5000000000756063,-0.5999999998566291,5.4539706084710815e-14,-4.9422271830579234e-14,-9.974804554910643e-10,-1.8915043234995184e-09,0.5000000000754519,-0.5999999998567802,5.4605625576797934e-14,-4.9366760679347976e-14,-9.9748030338934e-10,-1.891505313969643e-09
22.779999999999603,0.5000000000756063,-0.5999999998566291,5.466113672802919e-14,-4.956451915560933e-14,-9.974804554910643e-10,-1.8915043234995184e-09,0.5000000000754519,-0.5999999998567802,5.4605625576797934e-14,-4.9519416345233935e-14,-9.9748030338934e-10,-1.891505313969643e-09
22.799999999999603,0.5000000000756063,-0.5999999998566291,5.4626442258509655e-14,-4.9661663670264033e-14,-9.974804554910643e-10,-1.8915043234995184e-09,0.5000000000754519,-0.5999999998567802,5.451541995604714e-14,-4.956451915560933e-14,-9.9748030338934e-10,-1.891505313969643e-09
22.819999999999602,0.5000000000756063,-0.5999999998566291,5.457440055423035e-14,-4.965819422331208e-14,-9.974804554910643e-10,-1.8915043234995184e-09,0.5000000000754519,-0.5999999998567802,5.466113672802919e-14,-4.947778298181049e-14,-9.9748030338934e-10,-1.891505313969643e-09
22.839999999999602,0.5000000000756063,-0.5999999998566291,5.449460327433542e-14,-4.954023302694566e-14,-9.974804554910643e-10,-1.8915043234995184e-09,0.5000000000754519,-0.5999999998567802,5.4480725486527604e-14,-4.9481252428762446e-14,-9.9748030338934e-10,-1.891505313969643e-09
22.8599999999996,0.5000000000756063,-0.5999999998566291,5.452235884995105e-14,-4.941880238362728e-14,-9.974804554910643e-10,-1.8915043234995184e-09,0.5000000000754519,-0.5999999998567802,5.459521723594207e-14,-4.960962196598473e-14,-9.9748030338934e-10,-1.891505313969643e-09
22.8799999999996,0.5000000000756063,-0.5999999998566291,5.4473786592623696e-14,-4.951594689828198e-14,-9.974804554910643e-10,-1.8915043234995184e-09,0.5000000000754519,-0.5999999998567802,5.4491133827383464e-14,-4.9286963399453043e-14,-9.9748030338934e-10,-1.891505313969643e-09
22.8999999999996,0.5000000000756063,-0.5999999998566291,5.453276719080691e-14,-4.937023012629993e-14,-9.974804554910643e-10,-1.8915043234995184e-09,0.5000000000754519,-0.5999999998567802,5.454664497861472e-14,-4.933900510373235e-14,-9.9748030338934e-10,-1.891505313969643e-09
22.9199999999996,0.5000000000756063,-0.5999999998566291,5.449807272128737e-14,-4.949513021657026e-14,-9.974804554910643e-10,-1.8915043234995184e-09,0.5000000000754519,-0.5999999998567802,5.4539706084710815e-14,-4.9384107914107744e-14,-9.9748030338934e-10,-1.891505313969643e-09
22.9399999999996,0.5000000000756063,-0.5999999998566291,5.455705331947058e-14,-4.937023012629993e-14,-9.974804554910643e-10,-1.8915043234995184e-09,0.5000000000754519,-0.5999999998567802,5.453276719080691e-14,-4.9307780081164765e-14,-9.9748030338934e-10,-1.891505313969643e-09
22.9599999999996,0.5000000000756063,-0.5999999998566291,5.4539706084710815e-14,-4.9567988602561286e-14,-9.974804554910643e-10,-1.8915043234995184e-09,0.5000000000754519,-0.5999999998567802,5.4567461660326444e-14,-4.942574127753119e-14,-9.9748030338934e-10,-1.891505313969643e-09
22.9799999999996,0.5000000000756063,-0.5999999998566291,5.4605625576797934e-14,-4.958880528427301e-14,-9.974804554910643e-10,-1.8915043234995184e-09,0.5000000000754519,-0.5999999998567802,5.4480725486527604e-14,-4.947778298181049e-14,-9.9748030338934e-10,-1.891505313969643e-09
22.9999999999996,0.5000000000756063,-0.5999999998566291,5.449460327433542e-14,-4.9491660769618306e-14,-9.974804554910643e-10,-1.8915043234995184e-09,0.5000000000754519,-0.5999999998567802,5.4567461660326444e-14,-4.956451915560933e-14,-9.9748030338934e-10,-1.891505313969643e-09
23.019999999999598,0.5000000000756063,-0.5999999998566291,5.456399221337449e-14,-4.9536763579993703e-14,-9.974804554910643e-10,-1.8915043234995184e-09,0.5000000000754519,-0.5999999998567802,5.4588278342038166e-14,-4.9443088512290956e-14,-9.9748030338934e-10,-1.891505313969643e-09
23.039999999999598,0.5000000000756063,-0.5999999998566291,5.4442561570056114e-14,-4.9318188422020626e-14,-9.974804554910643e-10,-1.8915043234995184e-09,0.5000000000754519,-0.5999999998567802,5.449460327433542e-14,-4.9366760679347976e-14,-9.9748030338934e-10,-1.891505313969643e-09
23.059999999999597,0.5000000000756063,-0.5999999998566291,5.447725603957565e-14,-4.9422271830579234e-14,-9.974804554910643e-10,-1.8915043234995184e-09,0.5000000000754519,-0.5999999998567802,5.455358387251863e-14,-4.9606152519032776e-14,-9.9748030338934e-10,-1.891505313969643e-09
23.079999999999597,0.5000000000756063,-0.5999999998566291,5.448419493347956e-14,-4.932165786897258e-14,-9.974804554910643e-10,-1.8915043234995184e-09,0.5000000000754519,-0.5999999998567802,5.455705331947058e-14,-4.946737464095463e-14,-9.9748030338934e-10,-1.891505313969643e-09
23.099999999999596,0.5000000000756063,-0.5999999998566291,5.448419493347956e-14,-4.954370247389761e-14,-9.974804554910643e-10,-1.8915043234995184e-09,0.5000000000754519,-0.5999999998567802,5.4473786592623696e-14,-4.9578396943417147e-14,-9.9748030338934e-10,-1.891505313969643e-09
23.119999999999596,0.5000000000756063,-0.5999999998566291,5.441827544139244e-14,-4.9422271830579234e-14,-9.974804554910643e-10,-1.8915043234995184e-09,0.5000000000754519,-0.5999999998567802,5.448766438043151e-14,-4.917594109699053e-14,-9.9748030338934e-10,-1.891505313969643e-09
23.139999999999596,0.5000000000756063,-0.5999999998566291,5.443215322920025e-14,-4.939798570191556e-14,-9.974804554910643e-10,-1.8915043234995184e-09,0.5000000000754519,-0.5999999998567802,5.450501161519128e-14,-4.932165786897258e-14,-9.9748030338934e-10,-1.891505313969643e-09
23.159999999999595,0.5000000000756063,-0.5999999998566291,5.457440055423035e-14,-4.9491660769618306e-14,-9.974804554910643e-10,-1.8915043234995184e-09,0.5000000000754519,-0.5999999998567802,5.459174778899012e-14,-4.947431353485854e-14,-9.9748030338934e-10,-1.891505313969643e-09
23.179999999999595,0.5000000000756063,-0.5999999998566291,5.4491133827383464e-14,-4.951247745133003e-14,-9.974804554910643e-10,-1.8915043234995184e-09,0.5000000000754519,-0.5999999998567802,5.4452969910911975e-14,-4.932512731592453e-14,-9.9748030338934e-10,-1.891505313969643e-09
23.199999999999594,0.5000000000756063,-0.5999999998566291,5.455705331947058e-14,-4.95818663903691e-14,-9.974804554910643e-10,-1.8915043234995184e-09,0.5000000000754519,-0.5999999998567802,5.4529297743854954e-14,-4.940145514886751e-14,-9.9748030338934e-10,-1.891505313969643e-09
23.219999999999594,0.5000000000756063,-0.5999999998566291,5.448419493347956e-14,-4.93875773610597e-14,-9.974804554910643e-10,-1.8915043234995184e-09,0.5000000000754519,-0.5999999998567802,5.457440055423035e-14,-4.953329413304175e-14,-9.9748030338934e-10,-1.891505313969643e-09
23.239999999999593,0.5000000000756063,-0.5999999998566291,5.4501542168239325e-14,-4.9231452248221785e-14,-9.974804554910643e-10,-1.8915043234995184e-09,0.5000000000754519,-0.5999999998567802,5.457440055423035e-14,-4.935288289154016e-14,-9.9748030338934e-10,-1.891505313969643e-09
23.259999999999593,0.5000000000756063,-0.5999999998566291,5.445990880481588e-14,-4.959921362512887e-14,-9.974804554910643e-10,-1.8915043234995184e-09,0.5000000000754519,-0.5999999998567802,5.450501161519128e-14,-4.9498599663522214e-14,-9.9748030338934e-10,-1.891505313969643e-09
23.279999999999593,0.5000000000756063,-0.5999999998566291,5.4425214335296346e-14,-4.926614671774132e-14,-9.974804554910643e-10,-1.8915043234995184e-09,0.5000000000754519,-0.5999999998567802,5.454664497861472e-14,-4.9394516254963605e-14,-9.9748030338934e-10,-1.891505313969643e-09
23.299999999999592,0.5000000000756063,-0.5999999998566291,5.453276719080691e-14,-4.9585335837321054e-14,-9.974804554910643e-10,-1.8915043234995184e-09,0.5000000000754519,-0.5999999998567802,5.450501161519128e-14,-4.9318188422020626e-14,-9.9748030338934e-10,-1.891505313969643e-09
23.31999999999959,0.5000000000756063,-0.5999999998566291,5.459174778899012e-14,-4.947431353485854e-14,-9.974804554910643e-10,-1.8915043234995184e-09,0.5000000000754519,-0.5999999998567802,5.459174778899012e-14,-4.9404924595819466e-14,-9.9748030338934e-10,-1.891505313969643e-09
23.33999999999959,0.5000000000756063,-0.5999999998566291,5.4525828296903e-14,-4.960962196598473e-14,-9.974804554910643e-10,-1.8915043234995184e-09,0.5000000000754519,-0.5999999998567802,5.450501161519128e-14,-4.962003030684059e-14,-9.9748030338934e-10,-1.891505313969643e-09
23.35999999999959,0.5000000000756063,-0.5999999998566291,5.453623663775886e-14,-4.931124952811672e-14,-9.974804554910643e-10,-1.8915043234995184e-09,0.5000000000754519,-0.5999999998567802,5.456399221337449e-14,-4.9460435747050724e-14,-9.9748030338934e-10,-1.891505313969643e-09
23.37999999999959,0.5000000000756063,-0.5999999998566291,5.449807272128737e-14,-4.951594689828198e-14,-9.974804554910643e-10,-1.8915043234995184e-09,0.5000000000754519,-0.5999999998567802,5.443909212310416e-14,-4.9481252428762446e-14,-9.9748030338934e-10,-1.891505313969643e-09
23.39999999999959,0.5000000000756063,-0.5999999998566291,5.4616033917653795e-14,-4.9616560859888637e-14,-9.974804554910643e-10,-1.8915043234995184e-09,0.5000000000754519,-0.5999999998567802,5.447031714567174e-14,-4.955064136780152e-14,-9.9748030338934e-10,-1.891505313969643e-09
23.41999999999959,0.5000000000756063,-0.5999999998566291,5.453623663775886e-14,-4.932165786897258e-14,-9.974804554910643e-10,-1.8915043234995184e-09,0.5000000000754519,-0.5999999998567802,5.457440055423035e-14,-4.954023302694566e-14,-9.9748030338934e-10,-1.891505313969643e-09
23.43999999999959,0.5000000000756063,-0.5999999998566291,5.4480725486527604e-14,-4.942921072448314e-14,-9.974804554910643e-10,-1.8915043234995184e-09,0.5000000000754519,-0.5999999998567802,5.452235884995105e-14,-4.93875773610597e-14,-9.9748030338934e-10,-1.891505313969643e-09
23.45999999999959,0.5000000000756063,-0.5999999998566291,5.449807272128737e-14,-4.947431353485854e-14,-9.974804554910643e-10,-1.8915043234995184e-09,0.5000000000754519,-0.5999999998567802,5.4567461660326444e-14,-4.9529824686089796e-14,-9.9748030338934e-10,-1.891505313969643e-09
23.47999999999959,0.5000000000756063,-0.5999999998566291,5.460909502374989e-14,-4.950206911047417e-14,-9.974804554910643e-10,-1.8915043234995184e-09,0.5000000000754519,-0.5999999998567802,5.4473786592623696e-14,-4.954370247389761e-14,-9.9748030338934e-10,-1.891505313969643e-09
23.499999999999588,0.5000000000756063,-0.5999999998566291,5.448419493347956e-14,-4.9498599663522214e-14,-9.974804554910643e-10,-1.8915043234995184e-09,0.5000000000754519,-0.5999999998567802,5.4567461660326444e-14,-4.970329703368748e-14,-9.9748030338934e-10,-1.891505313969643e-09
23.519999999999587,0.5000000000756063,-0.5999999998566291,5.4529297743854954e-14,-4.939104680801165e-14,-9.974804554910643e-10,-1.8915043234995184e-09,0.5000000000754519,-0.5999999998567802,5.4442561570056114e-14,-4.9453496853146817e-14,-9.9748030338934e-10,-1.891505313969643e-09
23.539999999999587,0.5000000000756063,-0.5999999998566291,5.4550114425566676e-14,-4.9356352338492115e-14,-9.974804554910643e-10,-1.8915043234995184e-09,0.5000000000754519,-0.5999999998567802,5.4501542168239325e-14,-4.9432680171435095e-14,-9.9748030338934e-10,-1.891505313969643e-09
23.559999999999587,0.5000000000756063,-0.5999999998566291,5.450848106214323e-14,-4.95818663903691e-14,-9.974804554910643e-10,-1.8915043234995184e-09,0.5000000000754519,-0.5999999998567802,5.443909212310416e-14,-4.937716902020384e-14,-9.9748030338934e-10,-1.891505313969643e-09
23.579999999999586,0.5000000000756063,-0.5999999998566291,5.458133944813426e-14,-4.942921072448314e-14,-9.974804554910643e-10,-1.8915043234995184e-09,0.5000000000754519,-0.5999999998567802,5.453276719080691e-14,-4.93424745506843e-14,-9.9748030338934e-10,-1.891505313969643e-09
23.599999999999586,0.5000000000756063,-0.5999999998566291,5.456399221337449e-14,-4.938063846715579e-14,-9.974804554910643e-10,-1.8915043234995184e-09,0.5000000000754519,-0.5999999998567802,5.4529297743854954e-14,-4.941880238362728e-14,-9.9748030338934e-10,-1.891505313969643e-09
23.619999999999585,0.5000000000756063,-0.5999999998566291,5.4511950509095186e-14,-4.933900510373235e-14,-9.974804554910643e-10,-1.8915043234995184e-09,0.5000000000754519,-0.5999999998567802,5.4539706084710815e-14,-4.950553855742612e-14,-9.9748030338934e-10,-1.891505313969643e-09
23.639999999999585,0.5000000000756063,-0.5999999998566291,5.447031714567174e-14,-4.961309141293668e-14,-9.974804554910643e-10,-1.8915043234995184e-09,0.5000000000754519,-0.5999999998567802,5.452235884995105e-14,-4.9460435747050724e-14,-9.9748030338934e-10,-1.891505313969643e-09
23.659999999999584,0.5000000000756063,-0.5999999998566291,5.453623663775886e-14,-4.9498599663522214e-14,-9.974804554910643e-10,-1.8915043234995184e-09,0.5000000000754519,-0.5999999998567802,5.444950046396002e-14,-4.9498599663522214e-14,-9.9748030338934e-10,-1.891505313969643e-09
23.679999999999584,0.5000000000756063,-0.5999999998566291,5.454664497861472e-14,-4.9654724776360126e-14,-9.974804554910643e-10,-1.8915043234995184e-09,0.5000000000754519,-0.5999999998567802,5.4529297743854954e-14,-4.949513021657026e-14,-9.9748030338934e-10,-1.891505313969643e-09
23.699999999999584,0.5000000000756063,-0.5999999998566291,5.4491133827383464e-14,-4.94847218757144e-14,-9.974804554910643e-10,-1.8915043234995184e-09,0.5000000000754519,-0.5999999998567802,5.443215322920025e-14,-4.9536763579993703e-14,-9.9748030338934e-10,-1.891505313969643e-09
23.719999999999583,0.5000000000756063,-0.5999999998566291,5.458133944813426e-14,-4.9453496853146817e-14,-9.974804554910643e-10,-1.8915043234995184e-09,0.5000000000754519,-0.5999999998567802,5.458133944813426e-14,-4.945696630009877e-14,-9.9748030338934e-10,-1.891505313969643e-09
23.739999999999583,0.5000000000756063,-0.5999999998566291,5.4511950509095186e-14,-4.939798570191556e-14,-9.974804554910643e-10,-1.8915043234995184e-09,0.5000000000754519,-0.5999999998567802,5.450501161519128e-14,-4.953329413304175e-14,-9.9748030338934e-10,-1.891505313969643e-09
23.759999999999582,0.5000000000756063,-0.5999999998566291,5.4550114425566676e-14,-4.9509008004378074e-14,-9.974804554910643e-10,-1.8915043234995184e-09,0.5000000000754519,-0.5999999998567802,5.4529297743854954e-14,-4.940145514886751e-14,-9.9748030338934e-10,-1.891505313969643e-09
23.779999999999582,0.5000000000756063,-0.5999999998566291,5.4525828296903e-14,-4.9328596762876487e-14,-9.974804554910643e-10,-1.8915043234995184e-09,0.5000000000754519,-0.5999999998567802,5.453276719080691e-14,-4.9547171920849564e-14,-9.9748030338934e-10,-1.891505313969643e-09
23.79999999999958,0.5000000000756063,-0.5999999998566291,5.455705331947058e-14,-4.9595744178176915e-14,-9.974804554910643e-10,-1.8915043234995184e-09,0.5000000000754519,-0.5999999998567802,5.4560522766422537e-14,-4.9470844087906585e-14,-9.9748030338934e-10,-1.891505313969643e-09
23.81999999999958,0.5000000000756063,-0.5999999998566291,5.462991170546161e-14,-4.9633908094648405e-14,-9.974804554910643e-10,-1.8915043234995184e-09,0.5000000000754519,-0.5999999998567802,5.453623663775886e-14,-4.9578396943417147e-14,-9.9748030338934e-10,-1.891505313969643e-09
23.83999999999958,0.5000000000756063,-0.5999999998566291,5.4452969910911975e-14,-4.9519416345233935e-14,-9.974804554910643e-10,-1.8915043234995184e-09,0.5000000000754519,-0.5999999998567802,5.448419493347956e-14,-4.934941344458821e-14,-9.9748030338934e-10,-1.891505313969643e-09
23.85999999999958,0.5000000000756063,-0.5999999998566291,5.456399221337449e-14,-4.951247745133003e-14,-9.974804554910643e-10,-1.8915043234995184e-09,0.5000000000754519,-0.5999999998567802,5.4393989312728763e-14,-4.9509008004378074e-14,-9.9748030338934e-10,-1.891505313969643e-09
23.87999999999958,0.5000000000756063,-0.5999999998566291,5.453623663775886e-14,-4.959227473122496e-14,-9.974804554910643e-10,-1.8915043234995184e-09,0.5000000000754519,-0.5999999998567802,5.4539706084710815e-14,-4.9460435747050724e-14,-9.9748030338934e-10,-1.891505313969643e-09
23.89999999999958,0.5000000000756063,-0.5999999998566291,5.4491133827383464e-14,-4.941533293667533e-14,-9.974804554910643e-10,-1.8915043234995184e-09,0.5000000000754519,-0.5999999998567802,5.451541995604714e-14,-4.9443088512290956e-14,-9.9748030338934e-10,-1.891505313969643e-09
23.91999999999958,0.5000000000756063,-0.5999999998566291,5.453623663775886e-14,-4.943614961838705e-14,-9.974804554910643e-10,-1.8915043234995184e-09,0.5000000000754519,-0.5999999998567802,5.443909212310416e-14,-4.927308561164523e-14,-9.9748030338934e-10,-1.891505313969643e-09
23.93999999999958,0.5000000000756063,-0.5999999998566291,5.447031714567174e-14,-4.9345943997636255e-14,-9.974804554910643e-10,-1.8915043234995184e-09,0.5000000000754519,-0.5999999998567802,5.455705331947058e-14,-4.9404924595819466e-14,-9.9748030338934e-10,-1.891505313969643e-09
23.959999999999578,0.5000000000756063,-0.5999999998566291,5.45709311072784e-14,-4.939798570191556e-14,-9.974804554910643e-10,-1.8915043234995184e-09,0.5000000000754519,-0.5999999998567802,5.4525828296903e-14,-4.9366760679347976e-14,-9.9748030338934e-10,-1.891505313969643e-09
23.979999999999578,0.5000000000756063,-0.5999999998566291,5.447725603957565e-14,-4.9720644268447245e-14,-9.974804554910643e-10,-1.8915043234995184e-09,0.5000000000754519,-0.5999999998567802,5.4518889402999093e-14,-4.9373699573251884e-14,-9.9748030338934e-10,-1.891505313969643e-09
23.999999999999577,0.5000000000756063,-0.5999999998566291,5.447031714567174e-14,-4.954023302694566e-14,-9.974804554910643e-10,-1.8915043234995184e-09,0.5000000000754519,-0.5999999998567802,5.452235884995105e-14,-4.9661663670264033e-14,-9.9748030338934e-10,-1.891505313969643e-09
24.019999999999577,0.5000000000756063,-0.5999999998566291,5.4480725486527604e-14,-4.9248799482981553e-14,-9.974804554910643e-10,-1.8915043234995184e-09,0.5000000000754519,-0.5999999998567802,5.455358387251863e-14,-4.942921072448314e-14,-9.9748030338934e-10,-1.891505313969643e-09
24.039999999999576,0.5000000000756063,-0.5999999998566291,5.448419493347956e-14,-4.957145804951324e-14,-9.974804554910643e-10,-1.8915043234995184e-09,0.5000000000754519,-0.5999999998567802,5.4529297743854954e-14,-4.96269692007445e-14,-9.9748030338934e-10,-1.891505313969643e-09
24.059999999999576,0.5000000000756063,-0.5999999998566291,5.454317553166277e-14,-4.925226892993351e-14,-9.974804554910643e-10,-1.8915043234995184e-09,0.5000000000754519,-0.5999999998567802,5.449807272128737e-14,-4.9373699573251884e-14,-9.9748030338934e-10,-1.891505313969643e-09
24.079999999999576,0.5000000000756063,-0.5999999998566291,5.457440055423035e-14,-4.946390519400268e-14,-9.974804554910643e-10,-1.8915043234995184e-09,0.5000000000754519,-0.5999999998567802,5.4491133827383464e-14,-4.9498599663522214e-14,-9.9748030338934e-10,-1.891505313969643e-09
24.099999999999575,0.5000000000756063,-0.5999999998566291,5.460215612984598e-14,-4.9519416345233935e-14,-9.974804554910643e-10,-1.8915043234995184e-09,0.5000000000754519,-0.5999999998567802,5.455358387251863e-14,-4.9443088512290956e-14,-9.9748030338934e-10,-1.891505313969643e-09
24.119999999999575,0.5000000000756063,-0.5999999998566291,5.4463378251767836e-14,-4.9616560859888637e-14,-9.974804554910643e-10,-1.8915043234995184e-09,0.5000000000754519,-0.5999999998567802,5.453623663775886e-14,-4.953329413304175e-14,-9.9748030338934e-10,-1.891505313969643e-09
24.139999999999574,0.5000000000756063,-0.5999999998566291,5.453623663775886e-14,-4.933206620982844e-14,-9.974804554910643e-10,-1.8915043234995184e-09,0.5000000000754519,-0.5999999998567802,5.453276719080691e-14,-4.9519416345233935e-14,-9.9748030338934e-10,-1.891505313969643e-09
24.159999999999574,0.5000000000756063,-0.5999999998566291,5.4567461660326444e-14,-4.963737754160036e-14,-9.974804554910643e-10,-1.8915043234995184e-09,0.5000000000754519,-0.5999999998567802,5.4511950509095186e-14,-4.9470844087906585e-14,-9.9748030338934e-10,-1.891505313969643e-09
24.179999999999573,0.5000000000756063,-0.5999999998566291,5.4588278342038166e-14,-4.9519416345233935e-14,-9.974804554910643e-10,-1.8915043234995184e-09,0.5000000000754519,-0.5999999998567802,5.454317553166277e-14,-4.9460435747050724e-14,-9.9748030338934e-10,-1.891505313969643e-09
24.199999999999573,0.5000000000756063,-0.5999999998566291,5.451541995604714e-14,-4.956104970865738e-14,-9.974804554910643e-10,-1.8915043234995184e-09,0.5000000000754519,-0.5999999998567802,5.453623663775886e-14,-4.9536763579993703e-14,-9.9748030338934e-10,-1.891505313969643e-09
24.219999999999573,0.5000000000756063,-0.5999999998566291,5.460909502374989e-14,-4.933900510373235e-14,-9.974804554910643e-10,-1.8915043234995184e-09,0.5000000000754519,-0.5999999998567802,5.4560522766422537e-14,-4.955411081475347e-14,-9.9748030338934e-10,-1.891505313969643e-09
24.239999999999572,0.5000000000756063,-0.5999999998566291,5.4560522766422537e-14,-4.950553855742612e-14,-9.974804554910643e-10,-1.8915043234995184e-09,0.5000000000754519,-0.5999999998567802,5.4616033917653795e-14,-4.960268307208082e-14,-9.9748030338934e-10,-1.891505313969643e-09
24.25999999999957,0.5000000000756063,-0.5999999998566291,5.456399221337449e-14,-4.918981888479834e-14,-9.974804554910643e-10,-1.8915043234995184e-09,0.5000000000754519,-0.5999999998567802,5.453623663775886e-14,-4.9453496853146817e-14,-9.9748030338934e-10,-1.891505313969643e-09
24.27999999999957,0.5000000000756063,-0.5999999998566291,5.4598686682894026e-14,-4.966860256416794e-14,-9.974804554910643e-10,-1.8915043234995184e-09,0.5000000000754519,-0.5999999998567802,5.456399221337449e-14,-4.959921362512887e-14,-9.9748030338934e-10,-1.891505313969643e-09
24.29999999999957,0.5000000000756063,-0.5999999998566291,5.456399221337449e-14,-4.942921072448314e-14,-9.974804554910643e-10,-1.8915043234995184e-09,0.5000000000754519,-0.5999999998567802,5.455358387251863e-14,-4.947431353485854e-14,-9.9748030338934e-10,-1.891505313969643e-09
24.31999999999957,0.5000000000756063,-0.5999999998566291,5.453623663775886e-14,-4.937023012629993e-14,-9.974804554910643e-10,-1.8915043234995184e-09,0.5000000000754519,-0.5999999998567802,5.459174778899012e-14,-4.9439619065339e-14,-9.9748030338934e-10,-1.891505313969643e-09
24.33999999999957,0.5000000000756063,-0.5999999998566291,5.454664497861472e-14,-4.953329413304175e-14,-9.974804554910643e-10,-1.8915043234995184e-09,0.5000000000754519,-0.5999999998567802,5.449807272128737e-14,-4.956104970865738e-14,-9.9748030338934e-10,-1.891505313969643e-09
24.35999999999957,0.5000000000756063,-0.5999999998566291,5.4501542168239325e-14,-4.942574127753119e-14,-9.974804554910643e-10,-1.8915043234995184e-09,0.5000000000754519,-0.5999999998567802,5.4588278342038166e-14,-4.9443088512290956e-14,-9.9748030338934e-10,-1.891505313969643e-09
24.37999999999957,0.5000000000756063,-0.5999999998566291,5.4560522766422537e-14,-4.947431353485854e-14,-9.974804554910643e-10,-1.8915043234995184e-09,0.5000000000754519,-0.5999999998567802,5.443215322920025e-14,-4.9318188422020626e-14,-9.9748030338934e-10,-1.891505313969643e-09
24.39999999999957,0.5000000000756063,-0.5999999998566291,5.458133944813426e-14,-4.9404924595819466e-14,-9.974804554910643e-10,-1.8915043234995184e-09,0.5000000000754519,-0.5999999998567802,5.454664497861472e-14,-4.940839404277142e-14,-9.9748030338934e-10,-1.891505313969643e-09
24.41999999999957,0.5000000000756063,-0.5999999998566291,5.447725603957565e-14,-4.9470844087906585e-14,-9.974804554910643e-10,-1.8915043234995184e-09,0.5000000000754519,-0.5999999998567802,5.450848106214323e-14,-4.960268307208082e-14,-9.9748030338934e-10,-1.891505313969643e-09
24.439999999999568,0.5000000000756063,-0.5999999998566291,5.447725603957565e-14,-4.9460435747050724e-14,-9.974804554910643e-10,-1.8915043234995184e-09,0.5000000000754519,-0.5999999998567802,5.46680756219331e-14,-4.936329123239602e-14,-9.9748030338934e-10,-1.891505313969643e-09
24.459999999999567,0.5000000000756063,-0.5999999998566291,5.450848106214323e-14,-4.9557580261705425e-14,-9.974804554910643e-10,-1.8915043234995184e-09,0.5000000000754519,-0.5999999998567802,5.4518889402999093e-14,-4.9699827586735523e-14,-9.9748030338934e-10,-1.891505313969643e-09
24.479999999999567,0.5000000000756063,-0.5999999998566291,5.4518889402999093e-14,-4.955411081475347e-14,-9.974804554910643e-10,-1.8915043234995184e-09,0.5000000000754519,-0.5999999998567802,5.459521723594207e-14,-4.9606152519032776e-14,-9.9748030338934e-10,-1.891505313969643e-09
24.499999999999567,0.5000000000756063,-0.5999999998566291,5.4550114425566676e-14,-4.954023302694566e-14,-9.974804554910643e-10,-1.8915043234995184e-09,0.5000000000754519,-0.5999999998567802,5.4511950509095186e-14,-4.956451915560933e-14,-9.9748030338934e-10,-1.891505313969643e-09
24.519999999999566,0.5000000000756063,-0.5999999998566291,5.4577870001182305e-14,-4.9432680171435095e-14,-9.974804554910643e-10,-1.8915043234995184e-09,0.5000000000754519,-0.5999999998567802,5.4588278342038166e-14,-4.9509008004378074e-14,-9.9748030338934e-10,-1.891505313969643e-09
24.539999999999566,0.5000000000756063,-0.5999999998566291,5.460909502374989e-14,-4.955064136780152e-14,-9.974804554910643e-10,-1.8915043234995184e-09,0.5000000000754519,-0.5999999998567802,5.4480725486527604e-14,-4.950553855742612e-14,-9.9748030338934e-10,-1.891505313969643e-09
24.559999999999565,0.5000000000756063,-0.5999999998566291,5.4588278342038166e-14,-4.944655795924291e-14,-9.974804554910643e-10,-1.8915043234995184e-09,0.5000000000754519,-0.5999999998567802,5.448766438043151e-14,-4.927308561164523e-14,-9.9748030338934e-10,-1.891505313969643e-09
24.579999999999565,0.5000000000756063,-0.5999999998566291,5.454317553166277e-14,-4.954023302694566e-14,-9.974804554910643e-10,-1.8915043234995184e-09,0.5000000000754519,-0.5999999998567802,5.448766438043151e-14,-4.946390519400268e-14,-9.9748030338934e-10,-1.891505313969643e-09
24.599999999999564,0.5000000000756063,-0.5999999998566291,5.447725603957565e-14,-4.942921072448314e-14,-9.974804554910643e-10,-1.8915043234995184e-09,0.5000000000754519,-0.5999999998567802,5.452235884995105e-14,-4.937023012629993e-14,-9.9748030338934e-10,-1.891505313969643e-09
24.619999999999564,0.5000000000756063,-0.5999999998566291,5.448419493347956e-14,-4.9606152519032776e-14,-9.974804554910643e-10,-1.8915043234995184e-09,0.5000000000754519,-0.5999999998567802,5.4598686682894026e-14,-4.9585335837321054e-14,-9.9748030338934e-10,-1.891505313969643e-09
24.639999999999564,0.5000000000756063,-0.5999999998566291,5.448419493347956e-14,-4.960962196598473e-14,-9.974804554910643e-10,-1.8915043234995184e-09,0.5000000000754519,-0.5999999998567802,5.454664497861472e-14,-4.9633908094648405e-14,-9.9748030338934e-10,-1.891505313969643e-09
24.659999999999563,0.5000000000756063,-0.5999999998566291,5.4518889402999093e-14,-4.9509008004378074e-14,-9.974804554910643e-10,-1.8915043234995184e-09,0.5000000000754519,-0.5999999998567802,5.455358387251863e-14,-4.952288579218589e-14,-9.9748030338934e-10,-1.891505313969643e-09
24.679999999999563,0.5000000000756063,-0.5999999998566291,5.4567461660326444e-14,-4.9529824686089796e-14,-9.974804554910643e-10,-1.8915043234995184e-09,0.5000000000754519,-0.5999999998567802,5.459521723594207e-14,-4.956451915560933e-14,-9.9748030338934e-10,-1.891505313969643e-09
24.699999999999562,0.5000000000756063,-0.5999999998566291,5.4616033917653795e-14,-4.9286963399453043e-14,-9.974804554910643e-10,-1.8915043234995184e-09,0.5000000000754519,-0.5999999998567802,5.4491133827383464e-14,-4.930431063421281e-14,-9.9748030338934e-10,-1.891505313969643e-09
24.719999999999562,0.5000000000756063,-0.5999999998566291,5.447031714567174e-14,-4.962003030684059e-14,-9.974804554910643e-10,-1.8915043234995184e-09,0.5000000000754519,-0.5999999998567802,5.449807272128737e-14,-4.950553855742612e-14,-9.9748030338934e-10,-1.891505313969643e-09
24.73999999999956,0.5000000000756063,-0.5999999998566291,5.4435622676152207e-14,-4.945002740619486e-14,-9.974804554910643e-10,-1.8915043234995184e-09,0.5000000000754519,-0.5999999998567802,5.457440055423035e-14,-4.940145514886751e-14,-9.9748030338934e-10,-1.891505313969643e-09
24.75999999999956,0.5000000000756063,-0.5999999998566291,5.4491133827383464e-14,-4.957145804951324e-14,-9.974804554910643e-10,-1.8915043234995184e-09,0.5000000000754519,-0.5999999998567802,5.448766438043151e-14,-4.93424745506843e-14,-9.9748030338934e-10,-1.891505313969643e-09
24.77999999999956,0.5000000000756063,-0.5999999998566291,5.4501542168239325e-14,-4.9557580261705425e-14,-9.974804554910643e-10,-1.8915043234995184e-09,0.5000000000754519,-0.5999999998567802,5.458133944813426e-14,-4.96790109050238e-14,-9.9748030338934e-10,-1.891505313969643e-09
24.79999999999956,0.5000000000756063,-0.5999999998566291,5.4529297743854954e-14,-4.9470844087906585e-14,-9.974804554910643e-10,-1.8915043234995184e-09,0.5000000000754519,-0.5999999998567802,5.455705331947058e-14,-4.9578396943417147e-14,-9.9748030338934e-10,-1.891505313969643e-09
24.81999999999956,0.5000000000756063,-0.5999999998566291,5.4588278342038166e-14,-4.9470844087906585e-14,-9.974804554910643e-10,-1.8915043234995184e-09,0.5000000000754519,-0.5999999998567802,5.4598686682894026e-14,-4.941880238362728e-14,-9.9748030338934e-10,-1.891505313969643e-09
24.83999999999956,0.5000000000756063,-0.5999999998566291,5.452235884995105e-14,-4.93424745506843e-14,-9.974804554910643e-10,-1.8915043234995184e-09,0.5000000000754519,-0.5999999998567802,5.4550114425566676e-14,-4.935982178544407e-14,-9.9748030338934e-10,-1.891505313969643e-09
24.85999999999956,0.5000000000756063,-0.5999999998566291,5.4529297743854954e-14,-4.9394516254963605e-14,-9.974804554910643e-10,-1.8915043234995184e-09,0.5000000000754519,-0.5999999998567802,5.459521723594207e-14,-4.9509008004378074e-14,-9.9748030338934e-10,-1.891505313969643e-09
24.87999999999956,0.5000000000756063,-0.5999999998566291,5.4567461660326444e-14,-4.948819132266635e-14,-9.974804554910643e-10,-1.8915043234995184e-09,0.5000000000754519,-0.5999999998567802,5.454317553166277e-14,-4.937716902020384e-14,-9.9748030338934e-10,-1.891505313969643e-09
24.899999999999558,0.5000000000756063,-0.5999999998566291,5.4550114425566676e-14,-4.9290432846404997e-14,-9.974804554910643e-10,-1.8915043234995184e-09,0.5000000000754519,-0.5999999998567802,5.4567461660326444e-14,-4.9328596762876487e-14,-9.9748030338934e-10,-1.891505313969643e-09
24.919999999999558,0.5000000000756063,-0.5999999998566291,5.4414805994440485e-14,-4.9411863489723373e-14,-9.974804554910643e-10,-1.8915043234995184e-09,0.5000000000754519,-0.5999999998567802,5.459174778899012e-14,-4.950206911047417e-14,-9.9748030338934e-10,-1.891505313969643e-09
24.939999999999557,0.5000000000756063,-0.5999999998566291,5.461950336460575e-14,-4.9557580261705425e-14,-9.974804554910643e-10,-1.8915043234995184e-09,0.5000000000754519,-0.5999999998567802,5.4723586773164357e-14,-4.942574127753119e-14,-9.9748030338934e-10,-1.891505313969643e-09
24.959999999999557,0.5000000000756063,-0.5999999998566291,5.4616033917653795e-14,-4.947431353485854e-14,-9.974804554910643e-10,-1.8915043234995184e-09,0.5000000000754519,-0.5999999998567802,5.454664497861472e-14,-4.9536763579993703e-14,-9.9748030338934e-10,-1.891505313969643e-09
24.979999999999556,0.5000000000756063,-0.5999999998566291,5.456399221337449e-14,-4.9796972101390224e-14,-9.974804554910643e-10,-1.8915043234995184e-09,0.5000000000754519,-0.5999999998567802,5.448419493347956e-14,-4.95818663903691e-14,-9.9748030338934e-10,-1.891505313969643e-09
24.999999999999556,0.5000000000756063,-0.5999999998566291,5.456399221337449e-14,-4.95818663903691e-14,-9.974804554910643e-10,-1.8915043234995184e-09,0.5000000000754519,-0.5999999998567802,5.4491133827383464e-14,-4.944655795924291e-14,-9.9748030338934e-10,-1.891505313969643e-09
